
--Ignoring C44B8A1 platform sensor site/instrument, already in instruments unique list
--Ignoring C44B1B1 platform sensor site/instrument, already in instruments unique list
--Ignoring C44B8D1 platform sensor site/instrument, already in instruments unique list
--Ignoring S401 platform sensor site/instrument, already in instruments unique list

--INSERT INSTRUMENTS--COUNT:111
INSERT INTO instrument(id, deleted, slug, name, formula, geometry, station, station_offset, create_date, update_date, type_id, project_id, creator, updater, usgs_id)
 VALUES 
('5f867805-7ca3-41e7-9ebd-6fe04675345b', False, 'c44', 'C44', null, ST_GeomFromText('POINT(0 0)',4326), null, null, '2021-11-02T14:42:47.543858Z', null, '98a61f29-18a8-430a-9d02-0f53486e0984', '6c56c7b0-2d9f-4a1b-9173-b969942dacb5', '00000000-0000-0000-0000-000000000000', null, null),
('7a00a612-4809-4620-9a09-90ca6d058a6e', False, 'c44d1a', 'C44D1A', null, ST_GeomFromText('POINT(0 0)',4326), null, null, '2021-11-02T14:42:47.543858Z', null, '98a61f29-18a8-430a-9d02-0f53486e0984', '6c56c7b0-2d9f-4a1b-9173-b969942dacb5', '00000000-0000-0000-0000-000000000000', null, null),
('94e728d2-f5ea-405a-8817-70309d6765b6', False, 'c44d1b', 'C44D1B', null, ST_GeomFromText('POINT(0 0)',4326), null, null, '2021-11-02T14:42:47.543858Z', null, '98a61f29-18a8-430a-9d02-0f53486e0984', '6c56c7b0-2d9f-4a1b-9173-b969942dacb5', '00000000-0000-0000-0000-000000000000', null, null),
('22d29aa2-22de-4b68-a5d3-80812dfd2749', False, 'c44e4d', 'C44E4D', null, ST_GeomFromText('POINT(0 0)',4326), null, null, '2021-11-02T14:42:47.543858Z', null, '98a61f29-18a8-430a-9d02-0f53486e0984', '6c56c7b0-2d9f-4a1b-9173-b969942dacb5', '00000000-0000-0000-0000-000000000000', null, null),
('90848a3f-1047-40db-a0ce-b71eb2409971', False, 'c44e4a', 'C44E4A', null, ST_GeomFromText('POINT(0 0)',4326), null, null, '2021-11-02T14:42:47.543858Z', null, '98a61f29-18a8-430a-9d02-0f53486e0984', '6c56c7b0-2d9f-4a1b-9173-b969942dacb5', '00000000-0000-0000-0000-000000000000', null, null),
('5754192f-1f78-445c-9d9d-d60a8a058f4a', False, 'c44e2a', 'C44E2A', null, ST_GeomFromText('POINT(0 0)',4326), null, null, '2021-11-02T14:42:47.543858Z', null, '98a61f29-18a8-430a-9d02-0f53486e0984', '6c56c7b0-2d9f-4a1b-9173-b969942dacb5', '00000000-0000-0000-0000-000000000000', null, null),
('88d47a04-e28d-4921-9d83-05aca42439a8', False, 'c44e1a1', 'C44E1A1', null, ST_GeomFromText('POINT(0 0)',4326), null, null, '2021-11-02T14:42:47.543858Z', null, '98a61f29-18a8-430a-9d02-0f53486e0984', '6c56c7b0-2d9f-4a1b-9173-b969942dacb5', '00000000-0000-0000-0000-000000000000', null, null),
('976b1cc4-fa43-409d-85a9-32fc64b7d408', False, 'c44e1a2', 'C44E1A2', null, ST_GeomFromText('POINT(0 0)',4326), null, null, '2021-11-02T14:42:47.543858Z', null, '98a61f29-18a8-430a-9d02-0f53486e0984', '6c56c7b0-2d9f-4a1b-9173-b969942dacb5', '00000000-0000-0000-0000-000000000000', null, null),
('112d0c02-7f43-4096-b02a-3c2eadfe6fb2', False, 'c44e1a3', 'C44E1A3', null, ST_GeomFromText('POINT(0 0)',4326), null, null, '2021-11-02T14:42:47.543858Z', null, '98a61f29-18a8-430a-9d02-0f53486e0984', '6c56c7b0-2d9f-4a1b-9173-b969942dacb5', '00000000-0000-0000-0000-000000000000', null, null),
('d36b04b3-aa01-4023-970c-e0a89e9657bb', False, 'c44e1a4', 'C44E1A4', null, ST_GeomFromText('POINT(0 0)',4326), null, null, '2021-11-02T14:42:47.543858Z', null, '98a61f29-18a8-430a-9d02-0f53486e0984', '6c56c7b0-2d9f-4a1b-9173-b969942dacb5', '00000000-0000-0000-0000-000000000000', null, null),
('5f1f5a2b-556e-4dec-9076-cd23a293932b', False, 'c44e1a5', 'C44E1A5', null, ST_GeomFromText('POINT(0 0)',4326), null, null, '2021-11-02T14:42:47.543858Z', null, '98a61f29-18a8-430a-9d02-0f53486e0984', '6c56c7b0-2d9f-4a1b-9173-b969942dacb5', '00000000-0000-0000-0000-000000000000', null, null),
('f4c24102-b5c4-4d4f-9d2c-1d0ef32a2a71', False, 'c44e1a6', 'C44E1A6', null, ST_GeomFromText('POINT(0 0)',4326), null, null, '2021-11-02T14:42:47.543858Z', null, '98a61f29-18a8-430a-9d02-0f53486e0984', '6c56c7b0-2d9f-4a1b-9173-b969942dacb5', '00000000-0000-0000-0000-000000000000', null, null),
('1f14fe57-a76f-4013-9580-8e3f4bb0650f', False, 'c44e1a7', 'C44E1A7', null, ST_GeomFromText('POINT(0 0)',4326), null, null, '2021-11-02T14:42:47.543858Z', null, '98a61f29-18a8-430a-9d02-0f53486e0984', '6c56c7b0-2d9f-4a1b-9173-b969942dacb5', '00000000-0000-0000-0000-000000000000', null, null),
('dcd27607-fd82-4fb4-aa60-d84a8a700c2c', False, 'c44e1a8', 'C44E1A8', null, ST_GeomFromText('POINT(0 0)',4326), null, null, '2021-11-02T14:42:47.543858Z', null, '98a61f29-18a8-430a-9d02-0f53486e0984', '6c56c7b0-2d9f-4a1b-9173-b969942dacb5', '00000000-0000-0000-0000-000000000000', null, null),
('f95478c6-4bcb-49c3-830f-0581b6bee5be', False, 'c44e1a9', 'C44E1A9', null, ST_GeomFromText('POINT(0 0)',4326), null, null, '2021-11-02T14:42:47.543858Z', null, '98a61f29-18a8-430a-9d02-0f53486e0984', '6c56c7b0-2d9f-4a1b-9173-b969942dacb5', '00000000-0000-0000-0000-000000000000', null, null),
('3be54407-7fab-43d5-bf5d-48d763036bc9', False, 'c44e1a10', 'C44E1A10', null, ST_GeomFromText('POINT(0 0)',4326), null, null, '2021-11-02T14:42:47.543858Z', null, '98a61f29-18a8-430a-9d02-0f53486e0984', '6c56c7b0-2d9f-4a1b-9173-b969942dacb5', '00000000-0000-0000-0000-000000000000', null, null),
('a8045926-8a93-47a6-96b0-ce3f2706e833', False, 'c44s1b', 'C44S1B', null, ST_GeomFromText('POINT(0 0)',4326), null, null, '2021-11-02T14:42:47.543858Z', null, '98a61f29-18a8-430a-9d02-0f53486e0984', '6c56c7b0-2d9f-4a1b-9173-b969942dacb5', '00000000-0000-0000-0000-000000000000', null, null),
('e40572e9-b80c-42b6-99ac-4d8b01c62c1b', False, 'c44e1b1', 'C44E1B1', null, ST_GeomFromText('POINT(0 0)',4326), null, null, '2021-11-02T14:42:47.543858Z', null, '98a61f29-18a8-430a-9d02-0f53486e0984', '6c56c7b0-2d9f-4a1b-9173-b969942dacb5', '00000000-0000-0000-0000-000000000000', null, null),
('b0dd4794-fca5-48a3-ab54-ddcf0dba5939', False, 'c44e1b2', 'C44E1B2', null, ST_GeomFromText('POINT(0 0)',4326), null, null, '2021-11-02T14:42:47.543858Z', null, '98a61f29-18a8-430a-9d02-0f53486e0984', '6c56c7b0-2d9f-4a1b-9173-b969942dacb5', '00000000-0000-0000-0000-000000000000', null, null),
('4d0671dd-e0c0-4770-b73b-39a67ec0ca2f', False, 'c44e1b3', 'C44E1B3', null, ST_GeomFromText('POINT(0 0)',4326), null, null, '2021-11-02T14:42:47.543858Z', null, '98a61f29-18a8-430a-9d02-0f53486e0984', '6c56c7b0-2d9f-4a1b-9173-b969942dacb5', '00000000-0000-0000-0000-000000000000', null, null),
('feb5a65e-e7af-46f8-b27b-c1930923ffbf', False, 'c44e1b4', 'C44E1B4', null, ST_GeomFromText('POINT(0 0)',4326), null, null, '2021-11-02T14:42:47.543858Z', null, '98a61f29-18a8-430a-9d02-0f53486e0984', '6c56c7b0-2d9f-4a1b-9173-b969942dacb5', '00000000-0000-0000-0000-000000000000', null, null),
('2137c8b5-20a0-425d-b8c8-c47b6686534c', False, 'c44e1b5', 'C44E1B5', null, ST_GeomFromText('POINT(0 0)',4326), null, null, '2021-11-02T14:42:47.543858Z', null, '98a61f29-18a8-430a-9d02-0f53486e0984', '6c56c7b0-2d9f-4a1b-9173-b969942dacb5', '00000000-0000-0000-0000-000000000000', null, null),
('9aee25e4-9e78-4477-9362-bad8bbf98827', False, 'c44e1b6', 'C44E1B6', null, ST_GeomFromText('POINT(0 0)',4326), null, null, '2021-11-02T14:42:47.543858Z', null, '98a61f29-18a8-430a-9d02-0f53486e0984', '6c56c7b0-2d9f-4a1b-9173-b969942dacb5', '00000000-0000-0000-0000-000000000000', null, null),
('859f3370-ae25-4903-874d-0ddb4ca114e4', False, 'c44e1b7', 'C44E1B7', null, ST_GeomFromText('POINT(0 0)',4326), null, null, '2021-11-02T14:42:47.543858Z', null, '98a61f29-18a8-430a-9d02-0f53486e0984', '6c56c7b0-2d9f-4a1b-9173-b969942dacb5', '00000000-0000-0000-0000-000000000000', null, null),
('dac42fea-18f6-4e5c-8353-192753aec755', False, 'c44e1b8', 'C44E1B8', null, ST_GeomFromText('POINT(0 0)',4326), null, null, '2021-11-02T14:42:47.543858Z', null, '98a61f29-18a8-430a-9d02-0f53486e0984', '6c56c7b0-2d9f-4a1b-9173-b969942dacb5', '00000000-0000-0000-0000-000000000000', null, null),
('ad800cb6-cac5-4d0c-9b8f-a02fbb282377', False, 'c44e1b9', 'C44E1B9', null, ST_GeomFromText('POINT(0 0)',4326), null, null, '2021-11-02T14:42:47.543858Z', null, '98a61f29-18a8-430a-9d02-0f53486e0984', '6c56c7b0-2d9f-4a1b-9173-b969942dacb5', '00000000-0000-0000-0000-000000000000', null, null),
('e196d47b-f85a-4972-ab97-e35c99039fa6', False, 'c44e1b10', 'C44E1B10', null, ST_GeomFromText('POINT(0 0)',4326), null, null, '2021-11-02T14:42:47.543858Z', null, '98a61f29-18a8-430a-9d02-0f53486e0984', '6c56c7b0-2d9f-4a1b-9173-b969942dacb5', '00000000-0000-0000-0000-000000000000', null, null),
('bc52772a-892b-4fd6-bb4b-231ab26273f7', False, 'c44e2b1', 'C44E2B1', null, ST_GeomFromText('POINT(0 0)',4326), null, null, '2021-11-02T14:42:47.543858Z', null, '98a61f29-18a8-430a-9d02-0f53486e0984', '6c56c7b0-2d9f-4a1b-9173-b969942dacb5', '00000000-0000-0000-0000-000000000000', null, null),
('a69dbee9-8047-41dd-87db-253bf68e2f8b', False, 'c44e2b2', 'C44E2B2', null, ST_GeomFromText('POINT(0 0)',4326), null, null, '2021-11-02T14:42:47.543858Z', null, '98a61f29-18a8-430a-9d02-0f53486e0984', '6c56c7b0-2d9f-4a1b-9173-b969942dacb5', '00000000-0000-0000-0000-000000000000', null, null),
('87486cf6-0988-47dc-9f28-0ff44a11cf5a', False, 'c44e2b3', 'C44E2B3', null, ST_GeomFromText('POINT(0 0)',4326), null, null, '2021-11-02T14:42:47.543858Z', null, '98a61f29-18a8-430a-9d02-0f53486e0984', '6c56c7b0-2d9f-4a1b-9173-b969942dacb5', '00000000-0000-0000-0000-000000000000', null, null),
('6d4614f1-cdcf-4dca-8dd8-0e7ec71e53d2', False, 'c44e2b4', 'C44E2B4', null, ST_GeomFromText('POINT(0 0)',4326), null, null, '2021-11-02T14:42:47.543858Z', null, '98a61f29-18a8-430a-9d02-0f53486e0984', '6c56c7b0-2d9f-4a1b-9173-b969942dacb5', '00000000-0000-0000-0000-000000000000', null, null),
('15f512ab-dbc2-4c40-a379-70356d621c5f', False, 'c44e2b5', 'C44E2B5', null, ST_GeomFromText('POINT(0 0)',4326), null, null, '2021-11-02T14:42:47.543858Z', null, '98a61f29-18a8-430a-9d02-0f53486e0984', '6c56c7b0-2d9f-4a1b-9173-b969942dacb5', '00000000-0000-0000-0000-000000000000', null, null),
('cd122f59-b2dd-4df4-a13f-44b88edb6b3e', False, 'c44e2b6', 'C44E2B6', null, ST_GeomFromText('POINT(0 0)',4326), null, null, '2021-11-02T14:42:47.543858Z', null, '98a61f29-18a8-430a-9d02-0f53486e0984', '6c56c7b0-2d9f-4a1b-9173-b969942dacb5', '00000000-0000-0000-0000-000000000000', null, null),
('031d203e-940f-4376-9292-fe7170fdaba4', False, 'c44e2b7', 'C44E2B7', null, ST_GeomFromText('POINT(0 0)',4326), null, null, '2021-11-02T14:42:47.543858Z', null, '98a61f29-18a8-430a-9d02-0f53486e0984', '6c56c7b0-2d9f-4a1b-9173-b969942dacb5', '00000000-0000-0000-0000-000000000000', null, null),
('e195daa7-e2d2-4908-a041-6fc1ee59efd2', False, 'c44e2b8', 'C44E2B8', null, ST_GeomFromText('POINT(0 0)',4326), null, null, '2021-11-02T14:42:47.543858Z', null, '98a61f29-18a8-430a-9d02-0f53486e0984', '6c56c7b0-2d9f-4a1b-9173-b969942dacb5', '00000000-0000-0000-0000-000000000000', null, null),
('08fed55f-2eb8-46cf-9c95-a2e9ed703ced', False, 'c44e2b9', 'C44E2B9', null, ST_GeomFromText('POINT(0 0)',4326), null, null, '2021-11-02T14:42:47.543858Z', null, '98a61f29-18a8-430a-9d02-0f53486e0984', '6c56c7b0-2d9f-4a1b-9173-b969942dacb5', '00000000-0000-0000-0000-000000000000', null, null),
('e1f6a243-3bf4-4d8c-a499-ae29099802be', False, 'c44e2b10', 'C44E2B10', null, ST_GeomFromText('POINT(0 0)',4326), null, null, '2021-11-02T14:42:47.543858Z', null, '98a61f29-18a8-430a-9d02-0f53486e0984', '6c56c7b0-2d9f-4a1b-9173-b969942dacb5', '00000000-0000-0000-0000-000000000000', null, null),
('748b6509-d14a-4f90-bda6-273d351d0ae4', False, 'c44s2c', 'C44S2C', null, ST_GeomFromText('POINT(0 0)',4326), null, null, '2021-11-02T14:42:47.543858Z', null, '98a61f29-18a8-430a-9d02-0f53486e0984', '6c56c7b0-2d9f-4a1b-9173-b969942dacb5', '00000000-0000-0000-0000-000000000000', null, null),
('38fc7de1-28e0-4690-a8e9-05c4d2fefacd', False, 'c44e2c5', 'C44E2C5', null, ST_GeomFromText('POINT(0 0)',4326), null, null, '2021-11-02T14:42:47.543858Z', null, '98a61f29-18a8-430a-9d02-0f53486e0984', '6c56c7b0-2d9f-4a1b-9173-b969942dacb5', '00000000-0000-0000-0000-000000000000', null, null),
('b6794cdf-f4a3-457b-bd4b-e92103b6f4f1', False, 'c44e2c6', 'C44E2C6', null, ST_GeomFromText('POINT(0 0)',4326), null, null, '2021-11-02T14:42:47.543858Z', null, '98a61f29-18a8-430a-9d02-0f53486e0984', '6c56c7b0-2d9f-4a1b-9173-b969942dacb5', '00000000-0000-0000-0000-000000000000', null, null),
('f0e18583-a8ec-4104-86c0-ddd15b15b224', False, 'c44e2c7', 'C44E2C7', null, ST_GeomFromText('POINT(0 0)',4326), null, null, '2021-11-02T14:42:47.543858Z', null, '98a61f29-18a8-430a-9d02-0f53486e0984', '6c56c7b0-2d9f-4a1b-9173-b969942dacb5', '00000000-0000-0000-0000-000000000000', null, null),
('086256aa-d223-402a-9c6a-9a39c6288317', False, 'c44e2c8', 'C44E2C8', null, ST_GeomFromText('POINT(0 0)',4326), null, null, '2021-11-02T14:42:47.543858Z', null, '98a61f29-18a8-430a-9d02-0f53486e0984', '6c56c7b0-2d9f-4a1b-9173-b969942dacb5', '00000000-0000-0000-0000-000000000000', null, null),
('75c44d2b-c469-42b4-8b4e-f3be8b9ea456', False, 'c44e2c9', 'C44E2C9', null, ST_GeomFromText('POINT(0 0)',4326), null, null, '2021-11-02T14:42:47.543858Z', null, '98a61f29-18a8-430a-9d02-0f53486e0984', '6c56c7b0-2d9f-4a1b-9173-b969942dacb5', '00000000-0000-0000-0000-000000000000', null, null),
('1f879e49-fef6-4bba-98a6-0c4c0c54046f', False, 'c44e2c10', 'C44E2C10', null, ST_GeomFromText('POINT(0 0)',4326), null, null, '2021-11-02T14:42:47.543858Z', null, '98a61f29-18a8-430a-9d02-0f53486e0984', '6c56c7b0-2d9f-4a1b-9173-b969942dacb5', '00000000-0000-0000-0000-000000000000', null, null),
('b68fa84c-788f-406e-a82e-6596f262a2c4', False, 'c44e3a1', 'C44E3A1', null, ST_GeomFromText('POINT(0 0)',4326), null, null, '2021-11-02T14:42:47.543858Z', null, '98a61f29-18a8-430a-9d02-0f53486e0984', '6c56c7b0-2d9f-4a1b-9173-b969942dacb5', '00000000-0000-0000-0000-000000000000', null, null),
('71e2b29f-e73a-42ce-9cda-06f5219157bd', False, 'c44e3a2', 'C44E3A2', null, ST_GeomFromText('POINT(0 0)',4326), null, null, '2021-11-02T14:42:47.543858Z', null, '98a61f29-18a8-430a-9d02-0f53486e0984', '6c56c7b0-2d9f-4a1b-9173-b969942dacb5', '00000000-0000-0000-0000-000000000000', null, null),
('04b1e67e-4b04-4d3e-9880-f431257fc130', False, 'c44e3a3', 'C44E3A3', null, ST_GeomFromText('POINT(0 0)',4326), null, null, '2021-11-02T14:42:47.543858Z', null, '98a61f29-18a8-430a-9d02-0f53486e0984', '6c56c7b0-2d9f-4a1b-9173-b969942dacb5', '00000000-0000-0000-0000-000000000000', null, null),
('be705ab7-548e-49b3-aacf-7c9beff7934c', False, 'c44e3a4', 'C44E3A4', null, ST_GeomFromText('POINT(0 0)',4326), null, null, '2021-11-02T14:42:47.543858Z', null, '98a61f29-18a8-430a-9d02-0f53486e0984', '6c56c7b0-2d9f-4a1b-9173-b969942dacb5', '00000000-0000-0000-0000-000000000000', null, null),
('6003e2c2-378e-40ca-8e60-c4c670130c5f', False, 'c44e3a5', 'C44E3A5', null, ST_GeomFromText('POINT(0 0)',4326), null, null, '2021-11-02T14:42:47.543858Z', null, '98a61f29-18a8-430a-9d02-0f53486e0984', '6c56c7b0-2d9f-4a1b-9173-b969942dacb5', '00000000-0000-0000-0000-000000000000', null, null),
('da2b9f82-1115-48ce-bac2-602716fa3202', False, 'c44e3a6', 'C44E3A6', null, ST_GeomFromText('POINT(0 0)',4326), null, null, '2021-11-02T14:42:47.543858Z', null, '98a61f29-18a8-430a-9d02-0f53486e0984', '6c56c7b0-2d9f-4a1b-9173-b969942dacb5', '00000000-0000-0000-0000-000000000000', null, null),
('3b609501-dace-4775-8a0a-c2b1a7c3acbb', False, 'c44e3a7', 'C44E3A7', null, ST_GeomFromText('POINT(0 0)',4326), null, null, '2021-11-02T14:42:47.543858Z', null, '98a61f29-18a8-430a-9d02-0f53486e0984', '6c56c7b0-2d9f-4a1b-9173-b969942dacb5', '00000000-0000-0000-0000-000000000000', null, null),
('9be32eac-4767-4b88-9766-17be6004e8a1', False, 'c44e3a8', 'C44E3A8', null, ST_GeomFromText('POINT(0 0)',4326), null, null, '2021-11-02T14:42:47.543858Z', null, '98a61f29-18a8-430a-9d02-0f53486e0984', '6c56c7b0-2d9f-4a1b-9173-b969942dacb5', '00000000-0000-0000-0000-000000000000', null, null),
('1f15ca46-03ff-468e-a3f8-a2350b62faaa', False, 'c44e3a9', 'C44E3A9', null, ST_GeomFromText('POINT(0 0)',4326), null, null, '2021-11-02T14:42:47.543858Z', null, '98a61f29-18a8-430a-9d02-0f53486e0984', '6c56c7b0-2d9f-4a1b-9173-b969942dacb5', '00000000-0000-0000-0000-000000000000', null, null),
('a88585b3-1385-4bcd-a961-4feef60bfffb', False, 'c44e3a10', 'C44E3A10', null, ST_GeomFromText('POINT(0 0)',4326), null, null, '2021-11-02T14:42:47.543858Z', null, '98a61f29-18a8-430a-9d02-0f53486e0984', '6c56c7b0-2d9f-4a1b-9173-b969942dacb5', '00000000-0000-0000-0000-000000000000', null, null),
('874769f1-3cfc-4d1e-b244-ac94322a464b', False, 'c44s4d', 'C44S4D', null, ST_GeomFromText('POINT(0 0)',4326), null, null, '2021-11-02T14:42:47.543858Z', null, '98a61f29-18a8-430a-9d02-0f53486e0984', '6c56c7b0-2d9f-4a1b-9173-b969942dacb5', '00000000-0000-0000-0000-000000000000', null, null),
('c2946d0d-208f-4c06-9dca-0d841c5b6563', False, 'c44e4d1', 'C44E4D1', null, ST_GeomFromText('POINT(0 0)',4326), null, null, '2021-11-02T14:42:47.543858Z', null, '98a61f29-18a8-430a-9d02-0f53486e0984', '6c56c7b0-2d9f-4a1b-9173-b969942dacb5', '00000000-0000-0000-0000-000000000000', null, null),
('20356e67-48e2-4447-9c33-0cb363be4f9c', False, 'c44e4d2', 'C44E4D2', null, ST_GeomFromText('POINT(0 0)',4326), null, null, '2021-11-02T14:42:47.543858Z', null, '98a61f29-18a8-430a-9d02-0f53486e0984', '6c56c7b0-2d9f-4a1b-9173-b969942dacb5', '00000000-0000-0000-0000-000000000000', null, null),
('65861129-9ece-416b-bd64-e5de65f481c2', False, 'c44e4d3', 'C44E4D3', null, ST_GeomFromText('POINT(0 0)',4326), null, null, '2021-11-02T14:42:47.543858Z', null, '98a61f29-18a8-430a-9d02-0f53486e0984', '6c56c7b0-2d9f-4a1b-9173-b969942dacb5', '00000000-0000-0000-0000-000000000000', null, null),
('a4143409-4c20-44f6-be7d-c8b87e44fd80', False, 'c44e4d4', 'C44E4D4', null, ST_GeomFromText('POINT(0 0)',4326), null, null, '2021-11-02T14:42:47.543858Z', null, '98a61f29-18a8-430a-9d02-0f53486e0984', '6c56c7b0-2d9f-4a1b-9173-b969942dacb5', '00000000-0000-0000-0000-000000000000', null, null),
('117a35ff-0ca1-49d1-ad68-c6d97eaaaaa1', False, 'c44e4d5', 'C44E4D5', null, ST_GeomFromText('POINT(0 0)',4326), null, null, '2021-11-02T14:42:47.543858Z', null, '98a61f29-18a8-430a-9d02-0f53486e0984', '6c56c7b0-2d9f-4a1b-9173-b969942dacb5', '00000000-0000-0000-0000-000000000000', null, null),
('5a312059-6f10-4a85-bb41-779da8fd525c', False, 'c44e4d6', 'C44E4D6', null, ST_GeomFromText('POINT(0 0)',4326), null, null, '2021-11-02T14:42:47.543858Z', null, '98a61f29-18a8-430a-9d02-0f53486e0984', '6c56c7b0-2d9f-4a1b-9173-b969942dacb5', '00000000-0000-0000-0000-000000000000', null, null),
('dc834bdf-a586-426e-ac2d-cf81c8d14a3a', False, 'c44e4d7', 'C44E4D7', null, ST_GeomFromText('POINT(0 0)',4326), null, null, '2021-11-02T14:42:47.543858Z', null, '98a61f29-18a8-430a-9d02-0f53486e0984', '6c56c7b0-2d9f-4a1b-9173-b969942dacb5', '00000000-0000-0000-0000-000000000000', null, null),
('96315460-9474-4c57-8518-081ba70c463b', False, 'c44e4d8', 'C44E4D8', null, ST_GeomFromText('POINT(0 0)',4326), null, null, '2021-11-02T14:42:47.543858Z', null, '98a61f29-18a8-430a-9d02-0f53486e0984', '6c56c7b0-2d9f-4a1b-9173-b969942dacb5', '00000000-0000-0000-0000-000000000000', null, null),
('aed0905a-0c82-44e5-8578-e3d0fe97a528', False, 'c44e4d9', 'C44E4D9', null, ST_GeomFromText('POINT(0 0)',4326), null, null, '2021-11-02T14:42:47.543858Z', null, '98a61f29-18a8-430a-9d02-0f53486e0984', '6c56c7b0-2d9f-4a1b-9173-b969942dacb5', '00000000-0000-0000-0000-000000000000', null, null),
('3b82fe36-b581-44ff-8579-767f1ddd5f92', False, 'c44e4d10', 'C44E4D10', null, ST_GeomFromText('POINT(0 0)',4326), null, null, '2021-11-02T14:42:47.543858Z', null, '98a61f29-18a8-430a-9d02-0f53486e0984', '6c56c7b0-2d9f-4a1b-9173-b969942dacb5', '00000000-0000-0000-0000-000000000000', null, null),
('2d6e2673-72f4-4f57-8b78-ab75338ef0d0', False, 'c44e4c1', 'C44E4C1', null, ST_GeomFromText('POINT(0 0)',4326), null, null, '2021-11-02T14:42:47.543858Z', null, '98a61f29-18a8-430a-9d02-0f53486e0984', '6c56c7b0-2d9f-4a1b-9173-b969942dacb5', '00000000-0000-0000-0000-000000000000', null, null),
('c41a8932-c185-461c-9181-163baecb801d', False, 'c44e4c2', 'C44E4C2', null, ST_GeomFromText('POINT(0 0)',4326), null, null, '2021-11-02T14:42:47.543858Z', null, '98a61f29-18a8-430a-9d02-0f53486e0984', '6c56c7b0-2d9f-4a1b-9173-b969942dacb5', '00000000-0000-0000-0000-000000000000', null, null),
('052faf5f-37ef-459d-a4e9-2891308e37b2', False, 'c44e4c3', 'C44E4C3', null, ST_GeomFromText('POINT(0 0)',4326), null, null, '2021-11-02T14:42:47.543858Z', null, '98a61f29-18a8-430a-9d02-0f53486e0984', '6c56c7b0-2d9f-4a1b-9173-b969942dacb5', '00000000-0000-0000-0000-000000000000', null, null),
('db0f296d-028b-40a1-a029-4aca80f3c054', False, 'c44e4c4', 'C44E4C4', null, ST_GeomFromText('POINT(0 0)',4326), null, null, '2021-11-02T14:42:47.543858Z', null, '98a61f29-18a8-430a-9d02-0f53486e0984', '6c56c7b0-2d9f-4a1b-9173-b969942dacb5', '00000000-0000-0000-0000-000000000000', null, null),
('818d6f78-b72d-47a6-b1ce-dd1590882241', False, 'c44e4c5', 'C44E4C5', null, ST_GeomFromText('POINT(0 0)',4326), null, null, '2021-11-02T14:42:47.543858Z', null, '98a61f29-18a8-430a-9d02-0f53486e0984', '6c56c7b0-2d9f-4a1b-9173-b969942dacb5', '00000000-0000-0000-0000-000000000000', null, null),
('c8673e09-ee2f-47be-90df-1cdab99ce39c', False, 'c44e4c6', 'C44E4C6', null, ST_GeomFromText('POINT(0 0)',4326), null, null, '2021-11-02T14:42:47.543858Z', null, '98a61f29-18a8-430a-9d02-0f53486e0984', '6c56c7b0-2d9f-4a1b-9173-b969942dacb5', '00000000-0000-0000-0000-000000000000', null, null),
('ff3912ec-1de3-487f-b1c6-e71867e71997', False, 'c44e4c7', 'C44E4C7', null, ST_GeomFromText('POINT(0 0)',4326), null, null, '2021-11-02T14:42:47.543858Z', null, '98a61f29-18a8-430a-9d02-0f53486e0984', '6c56c7b0-2d9f-4a1b-9173-b969942dacb5', '00000000-0000-0000-0000-000000000000', null, null),
('e5cce003-6b2e-4b4b-96ff-a505a39ec11c', False, 'c44e4c8', 'C44E4C8', null, ST_GeomFromText('POINT(0 0)',4326), null, null, '2021-11-02T14:42:47.543858Z', null, '98a61f29-18a8-430a-9d02-0f53486e0984', '6c56c7b0-2d9f-4a1b-9173-b969942dacb5', '00000000-0000-0000-0000-000000000000', null, null),
('9f2db005-5fd8-41bd-9c12-147a9056684b', False, 'c44e4c9', 'C44E4C9', null, ST_GeomFromText('POINT(0 0)',4326), null, null, '2021-11-02T14:42:47.543858Z', null, '98a61f29-18a8-430a-9d02-0f53486e0984', '6c56c7b0-2d9f-4a1b-9173-b969942dacb5', '00000000-0000-0000-0000-000000000000', null, null),
('4e284bf9-959e-4007-b357-70f49e83709e', False, 'c44e4c10', 'C44E4C10', null, ST_GeomFromText('POINT(0 0)',4326), null, null, '2021-11-02T14:42:47.543858Z', null, '98a61f29-18a8-430a-9d02-0f53486e0984', '6c56c7b0-2d9f-4a1b-9173-b969942dacb5', '00000000-0000-0000-0000-000000000000', null, null),
('39790f1d-3efd-4460-9b8e-2f80082468af', False, 'c44e4b5', 'C44E4B5', null, ST_GeomFromText('POINT(0 0)',4326), null, null, '2021-11-02T14:42:47.543858Z', null, '98a61f29-18a8-430a-9d02-0f53486e0984', '6c56c7b0-2d9f-4a1b-9173-b969942dacb5', '00000000-0000-0000-0000-000000000000', null, null),
('f0cd214e-45f6-4556-8d35-15c3d9056b5f', False, 'c44e4b6', 'C44E4B6', null, ST_GeomFromText('POINT(0 0)',4326), null, null, '2021-11-02T14:42:47.543858Z', null, '98a61f29-18a8-430a-9d02-0f53486e0984', '6c56c7b0-2d9f-4a1b-9173-b969942dacb5', '00000000-0000-0000-0000-000000000000', null, null),
('1d548738-6ca8-4d84-8bab-44c9901d0250', False, 'c44e4b7', 'C44E4B7', null, ST_GeomFromText('POINT(0 0)',4326), null, null, '2021-11-02T14:42:47.543858Z', null, '98a61f29-18a8-430a-9d02-0f53486e0984', '6c56c7b0-2d9f-4a1b-9173-b969942dacb5', '00000000-0000-0000-0000-000000000000', null, null),
('75efe0c0-96d6-4e18-a443-9eaecb857e56', False, 'c44e4b8', 'C44E4B8', null, ST_GeomFromText('POINT(0 0)',4326), null, null, '2021-11-02T14:42:47.543858Z', null, '98a61f29-18a8-430a-9d02-0f53486e0984', '6c56c7b0-2d9f-4a1b-9173-b969942dacb5', '00000000-0000-0000-0000-000000000000', null, null),
('3ff611f4-9e1f-44b3-8925-7b78f8408e84', False, 'c44e4b9', 'C44E4B9', null, ST_GeomFromText('POINT(0 0)',4326), null, null, '2021-11-02T14:42:47.543858Z', null, '98a61f29-18a8-430a-9d02-0f53486e0984', '6c56c7b0-2d9f-4a1b-9173-b969942dacb5', '00000000-0000-0000-0000-000000000000', null, null),
('4daed140-67be-445a-a2b3-f62b39afc6fc', False, 'c44e4b10', 'C44E4B10', null, ST_GeomFromText('POINT(0 0)',4326), null, null, '2021-11-02T14:42:47.543858Z', null, '98a61f29-18a8-430a-9d02-0f53486e0984', '6c56c7b0-2d9f-4a1b-9173-b969942dacb5', '00000000-0000-0000-0000-000000000000', null, null),
('398a8251-f7ba-4e2b-867b-bf247af47976', False, 'c44e4a5', 'C44E4A5', null, ST_GeomFromText('POINT(0 0)',4326), null, null, '2021-11-02T14:42:47.543858Z', null, '98a61f29-18a8-430a-9d02-0f53486e0984', '6c56c7b0-2d9f-4a1b-9173-b969942dacb5', '00000000-0000-0000-0000-000000000000', null, null),
('ca83d888-b8b7-481a-b938-46cca690d70b', False, 'c44e4a6', 'C44E4A6', null, ST_GeomFromText('POINT(0 0)',4326), null, null, '2021-11-02T14:42:47.543858Z', null, '98a61f29-18a8-430a-9d02-0f53486e0984', '6c56c7b0-2d9f-4a1b-9173-b969942dacb5', '00000000-0000-0000-0000-000000000000', null, null),
('fd58864b-145f-4973-aad1-b8f3521da176', False, 'c44e4a7', 'C44E4A7', null, ST_GeomFromText('POINT(0 0)',4326), null, null, '2021-11-02T14:42:47.543858Z', null, '98a61f29-18a8-430a-9d02-0f53486e0984', '6c56c7b0-2d9f-4a1b-9173-b969942dacb5', '00000000-0000-0000-0000-000000000000', null, null),
('504636ab-7864-413d-aa7f-03b4c3926786', False, 'c44e4a8', 'C44E4A8', null, ST_GeomFromText('POINT(0 0)',4326), null, null, '2021-11-02T14:42:47.543858Z', null, '98a61f29-18a8-430a-9d02-0f53486e0984', '6c56c7b0-2d9f-4a1b-9173-b969942dacb5', '00000000-0000-0000-0000-000000000000', null, null),
('bacd8cbd-9f16-4855-a32a-153ad96e0bda', False, 'c44e4a9', 'C44E4A9', null, ST_GeomFromText('POINT(0 0)',4326), null, null, '2021-11-02T14:42:47.543858Z', null, '98a61f29-18a8-430a-9d02-0f53486e0984', '6c56c7b0-2d9f-4a1b-9173-b969942dacb5', '00000000-0000-0000-0000-000000000000', null, null),
('13e8dadc-bbea-4432-85c1-440df92d4a1d', False, 'c44e4a10', 'C44E4A10', null, ST_GeomFromText('POINT(0 0)',4326), null, null, '2021-11-02T14:42:47.543858Z', null, '98a61f29-18a8-430a-9d02-0f53486e0984', '6c56c7b0-2d9f-4a1b-9173-b969942dacb5', '00000000-0000-0000-0000-000000000000', null, null),
('e8fe05e4-07f0-49e7-bbc9-d207f03b7033', False, 'c44e2a5', 'C44E2A5', null, ST_GeomFromText('POINT(0 0)',4326), null, null, '2021-11-02T14:42:47.543858Z', null, '98a61f29-18a8-430a-9d02-0f53486e0984', '6c56c7b0-2d9f-4a1b-9173-b969942dacb5', '00000000-0000-0000-0000-000000000000', null, null),
('fc276159-4dd8-4953-ae2f-be045c8cb525', False, 'c44e2a6', 'C44E2A6', null, ST_GeomFromText('POINT(0 0)',4326), null, null, '2021-11-02T14:42:47.543858Z', null, '98a61f29-18a8-430a-9d02-0f53486e0984', '6c56c7b0-2d9f-4a1b-9173-b969942dacb5', '00000000-0000-0000-0000-000000000000', null, null),
('d46d137d-caf0-452e-b28c-4497132e15ef', False, 'c44e2a7', 'C44E2A7', null, ST_GeomFromText('POINT(0 0)',4326), null, null, '2021-11-02T14:42:47.543858Z', null, '98a61f29-18a8-430a-9d02-0f53486e0984', '6c56c7b0-2d9f-4a1b-9173-b969942dacb5', '00000000-0000-0000-0000-000000000000', null, null),
('af114b4a-551b-48fc-8681-d8c363132544', False, 'c44e2a8', 'C44E2A8', null, ST_GeomFromText('POINT(0 0)',4326), null, null, '2021-11-02T14:42:47.543858Z', null, '98a61f29-18a8-430a-9d02-0f53486e0984', '6c56c7b0-2d9f-4a1b-9173-b969942dacb5', '00000000-0000-0000-0000-000000000000', null, null),
('416a6962-a9a3-4f09-a694-7795f2e9f0e5', False, 'c44e2a9', 'C44E2A9', null, ST_GeomFromText('POINT(0 0)',4326), null, null, '2021-11-02T14:42:47.543858Z', null, '98a61f29-18a8-430a-9d02-0f53486e0984', '6c56c7b0-2d9f-4a1b-9173-b969942dacb5', '00000000-0000-0000-0000-000000000000', null, null),
('0105d469-e391-4a86-b60b-1f4cf8104b18', False, 'c44e2d5', 'C44E2D5', null, ST_GeomFromText('POINT(0 0)',4326), null, null, '2021-11-02T14:42:47.543858Z', null, '98a61f29-18a8-430a-9d02-0f53486e0984', '6c56c7b0-2d9f-4a1b-9173-b969942dacb5', '00000000-0000-0000-0000-000000000000', null, null),
('bb1dbebf-a872-4b7d-8c8d-ae5660eaa241', False, 'c44e2d6', 'C44E2D6', null, ST_GeomFromText('POINT(0 0)',4326), null, null, '2021-11-02T14:42:47.543858Z', null, '98a61f29-18a8-430a-9d02-0f53486e0984', '6c56c7b0-2d9f-4a1b-9173-b969942dacb5', '00000000-0000-0000-0000-000000000000', null, null),
('40390420-6acd-4177-8031-856e11884509', False, 'c44e2d7', 'C44E2D7', null, ST_GeomFromText('POINT(0 0)',4326), null, null, '2021-11-02T14:42:47.543858Z', null, '98a61f29-18a8-430a-9d02-0f53486e0984', '6c56c7b0-2d9f-4a1b-9173-b969942dacb5', '00000000-0000-0000-0000-000000000000', null, null),
('7117c1c9-b588-4ce6-9765-791dd31e1c7e', False, 'c44e2d8', 'C44E2D8', null, ST_GeomFromText('POINT(0 0)',4326), null, null, '2021-11-02T14:42:47.543858Z', null, '98a61f29-18a8-430a-9d02-0f53486e0984', '6c56c7b0-2d9f-4a1b-9173-b969942dacb5', '00000000-0000-0000-0000-000000000000', null, null),
('b3c88c4c-b8d9-4dad-8bfe-a91ec7342090', False, 'c44e2d9', 'C44E2D9', null, ST_GeomFromText('POINT(0 0)',4326), null, null, '2021-11-02T14:42:47.543858Z', null, '98a61f29-18a8-430a-9d02-0f53486e0984', '6c56c7b0-2d9f-4a1b-9173-b969942dacb5', '00000000-0000-0000-0000-000000000000', null, null),
('94a76862-5c97-4908-baf6-eb119611575f', False, 'c44b8a1', 'C44B8A1', null, ST_GeomFromText('POINT(0 0)',4326), null, null, '2021-11-02T14:42:47.543858Z', null, '98a61f29-18a8-430a-9d02-0f53486e0984', '6c56c7b0-2d9f-4a1b-9173-b969942dacb5', '00000000-0000-0000-0000-000000000000', null, null),
('7fbf277c-cfde-49fb-b08e-50a44432c5ef', False, 'c44b8a2', 'C44B8A2', null, ST_GeomFromText('POINT(0 0)',4326), null, null, '2021-11-02T14:42:47.543858Z', null, '98a61f29-18a8-430a-9d02-0f53486e0984', '6c56c7b0-2d9f-4a1b-9173-b969942dacb5', '00000000-0000-0000-0000-000000000000', null, null),
('363d69ac-688e-461a-af14-d2a3b576ad71', False, 'c44b8a3', 'C44B8A3', null, ST_GeomFromText('POINT(0 0)',4326), null, null, '2021-11-02T14:42:47.543858Z', null, '98a61f29-18a8-430a-9d02-0f53486e0984', '6c56c7b0-2d9f-4a1b-9173-b969942dacb5', '00000000-0000-0000-0000-000000000000', null, null),
('280d19e1-ff04-4c6a-88f3-2ec09364f423', False, 'c44b1a1', 'C44B1A1', null, ST_GeomFromText('POINT(0 0)',4326), null, null, '2021-11-02T14:42:47.543858Z', null, '98a61f29-18a8-430a-9d02-0f53486e0984', '6c56c7b0-2d9f-4a1b-9173-b969942dacb5', '00000000-0000-0000-0000-000000000000', null, null),
('e8c0b10c-2ef6-4587-bed9-c86e3731182c', False, 'c44b1b1', 'C44B1B1', null, ST_GeomFromText('POINT(0 0)',4326), null, null, '2021-11-02T14:42:47.543858Z', null, '98a61f29-18a8-430a-9d02-0f53486e0984', '6c56c7b0-2d9f-4a1b-9173-b969942dacb5', '00000000-0000-0000-0000-000000000000', null, null),
('8a2fde42-308e-4389-9169-f9ded04c98e6', False, 'c44b1b2', 'C44B1B2', null, ST_GeomFromText('POINT(0 0)',4326), null, null, '2021-11-02T14:42:47.543858Z', null, '98a61f29-18a8-430a-9d02-0f53486e0984', '6c56c7b0-2d9f-4a1b-9173-b969942dacb5', '00000000-0000-0000-0000-000000000000', null, null),
('fee06c8c-f8a9-44d1-99b9-8b38c6fe507c', False, 'c44b8d1', 'C44B8D1', null, ST_GeomFromText('POINT(0 0)',4326), null, null, '2021-11-02T14:42:47.543858Z', null, '98a61f29-18a8-430a-9d02-0f53486e0984', '6c56c7b0-2d9f-4a1b-9173-b969942dacb5', '00000000-0000-0000-0000-000000000000', null, null),
('bd5b06c7-4650-4888-9889-0d14432b0666', False, 'c44b8d2', 'C44B8D2', null, ST_GeomFromText('POINT(0 0)',4326), null, null, '2021-11-02T14:42:47.543858Z', null, '98a61f29-18a8-430a-9d02-0f53486e0984', '6c56c7b0-2d9f-4a1b-9173-b969942dacb5', '00000000-0000-0000-0000-000000000000', null, null),
('3b05c6ad-32a2-494e-bb29-c6a5ca208606', False, 'c44b8d3', 'C44B8D3', null, ST_GeomFromText('POINT(0 0)',4326), null, null, '2021-11-02T14:42:47.543858Z', null, '98a61f29-18a8-430a-9d02-0f53486e0984', '6c56c7b0-2d9f-4a1b-9173-b969942dacb5', '00000000-0000-0000-0000-000000000000', null, null),
('baecb1f4-41c5-4696-a425-d52e43e7547b', False, 'c44b8c1', 'C44B8C1', null, ST_GeomFromText('POINT(0 0)',4326), null, null, '2021-11-02T14:42:47.543858Z', null, '98a61f29-18a8-430a-9d02-0f53486e0984', '6c56c7b0-2d9f-4a1b-9173-b969942dacb5', '00000000-0000-0000-0000-000000000000', null, null),
('03e0ef49-0c1f-4276-848e-870cab5c3d40', False, 'c44b8c2', 'C44B8C2', null, ST_GeomFromText('POINT(0 0)',4326), null, null, '2021-11-02T14:42:47.543858Z', null, '98a61f29-18a8-430a-9d02-0f53486e0984', '6c56c7b0-2d9f-4a1b-9173-b969942dacb5', '00000000-0000-0000-0000-000000000000', null, null),
('aaaaa5b4-1e4c-43ed-8a9c-b0a0c30dd002', False, 'c44b8b1', 'C44B8B1', null, ST_GeomFromText('POINT(0 0)',4326), null, null, '2021-11-02T14:42:47.543858Z', null, '98a61f29-18a8-430a-9d02-0f53486e0984', '6c56c7b0-2d9f-4a1b-9173-b969942dacb5', '00000000-0000-0000-0000-000000000000', null, null),
('6f353801-1015-4013-94c8-77549383766c', False, 's403', 'S403', null, ST_GeomFromText('POINT(0 0)',4326), null, null, '2021-11-02T14:42:47.543858Z', null, '98a61f29-18a8-430a-9d02-0f53486e0984', '6c56c7b0-2d9f-4a1b-9173-b969942dacb5', '00000000-0000-0000-0000-000000000000', null, null),
('01f181cf-5dc9-4774-a07e-5ce5ca21554f', False, 's401', 'S401', null, ST_GeomFromText('POINT(0 0)',4326), null, null, '2021-11-02T14:42:47.543858Z', null, '98a61f29-18a8-430a-9d02-0f53486e0984', '6c56c7b0-2d9f-4a1b-9173-b969942dacb5', '00000000-0000-0000-0000-000000000000', null, null);

--INSERT INSTRUMENT STATUS--
INSERT INTO instrument_status(id, instrument_id, status_id, "time")
 VALUES 
('372c6550-7eb1-4c1f-8e32-496fea68c76f', '5f867805-7ca3-41e7-9ebd-6fe04675345b', 'e26ba2ef-9b52-4c71-97df-9e4b6cf4174d', '2021-11-02T14:42:47.543858Z'),
('7c4a1bd5-59bd-4a8e-a8e6-89e19a8c45cb', '7a00a612-4809-4620-9a09-90ca6d058a6e', 'e26ba2ef-9b52-4c71-97df-9e4b6cf4174d', '2021-11-02T14:42:47.543858Z'),
('30d424ef-ac52-4ebe-b981-951e92bc8a73', '94e728d2-f5ea-405a-8817-70309d6765b6', 'e26ba2ef-9b52-4c71-97df-9e4b6cf4174d', '2021-11-02T14:42:47.543858Z'),
('873d409d-f00a-4677-91c5-36e611d0995d', '22d29aa2-22de-4b68-a5d3-80812dfd2749', 'e26ba2ef-9b52-4c71-97df-9e4b6cf4174d', '2021-11-02T14:42:47.543858Z'),
('d1063fce-3782-4435-9375-1f9940335f7c', '90848a3f-1047-40db-a0ce-b71eb2409971', 'e26ba2ef-9b52-4c71-97df-9e4b6cf4174d', '2021-11-02T14:42:47.543858Z'),
('82ffe406-9a6d-461d-abae-357b12796624', '5754192f-1f78-445c-9d9d-d60a8a058f4a', 'e26ba2ef-9b52-4c71-97df-9e4b6cf4174d', '2021-11-02T14:42:47.543858Z'),
('92f5cce7-df8e-4983-ac0d-dfe22a3b73cc', '88d47a04-e28d-4921-9d83-05aca42439a8', 'e26ba2ef-9b52-4c71-97df-9e4b6cf4174d', '2021-11-02T14:42:47.543858Z'),
('f8e391c7-4ff0-49fa-81bd-b85488488ce2', '976b1cc4-fa43-409d-85a9-32fc64b7d408', 'e26ba2ef-9b52-4c71-97df-9e4b6cf4174d', '2021-11-02T14:42:47.543858Z'),
('75d8cb27-cc3e-4c53-a4c9-b460899a129c', '112d0c02-7f43-4096-b02a-3c2eadfe6fb2', 'e26ba2ef-9b52-4c71-97df-9e4b6cf4174d', '2021-11-02T14:42:47.543858Z'),
('ee22cc99-2db7-4914-8c86-9fa1d79f1b74', 'd36b04b3-aa01-4023-970c-e0a89e9657bb', 'e26ba2ef-9b52-4c71-97df-9e4b6cf4174d', '2021-11-02T14:42:47.543858Z'),
('8facdc0f-3ae7-4b73-820a-563464105b1c', '5f1f5a2b-556e-4dec-9076-cd23a293932b', 'e26ba2ef-9b52-4c71-97df-9e4b6cf4174d', '2021-11-02T14:42:47.543858Z'),
('e6cd561a-0552-4383-bf31-4fb8a9d13d94', 'f4c24102-b5c4-4d4f-9d2c-1d0ef32a2a71', 'e26ba2ef-9b52-4c71-97df-9e4b6cf4174d', '2021-11-02T14:42:47.543858Z'),
('d3bebb63-7e66-4321-89c5-a6e6fa2dd437', '1f14fe57-a76f-4013-9580-8e3f4bb0650f', 'e26ba2ef-9b52-4c71-97df-9e4b6cf4174d', '2021-11-02T14:42:47.543858Z'),
('3c91a316-8584-4b84-8306-ed72b69d79f9', 'dcd27607-fd82-4fb4-aa60-d84a8a700c2c', 'e26ba2ef-9b52-4c71-97df-9e4b6cf4174d', '2021-11-02T14:42:47.543858Z'),
('826ae288-9f2d-4813-9c8d-3b971e80fc3f', 'f95478c6-4bcb-49c3-830f-0581b6bee5be', 'e26ba2ef-9b52-4c71-97df-9e4b6cf4174d', '2021-11-02T14:42:47.543858Z'),
('c3da6045-5af4-428d-8249-444e144dced5', '3be54407-7fab-43d5-bf5d-48d763036bc9', 'e26ba2ef-9b52-4c71-97df-9e4b6cf4174d', '2021-11-02T14:42:47.543858Z'),
('5d0532a5-c548-460b-b8e8-4e8c3e58ad4f', 'a8045926-8a93-47a6-96b0-ce3f2706e833', 'e26ba2ef-9b52-4c71-97df-9e4b6cf4174d', '2021-11-02T14:42:47.543858Z'),
('aa176085-498f-4397-90b3-3edcbb09f293', 'e40572e9-b80c-42b6-99ac-4d8b01c62c1b', 'e26ba2ef-9b52-4c71-97df-9e4b6cf4174d', '2021-11-02T14:42:47.543858Z'),
('5eff05d9-8700-409e-99e0-a6d2806570db', 'b0dd4794-fca5-48a3-ab54-ddcf0dba5939', 'e26ba2ef-9b52-4c71-97df-9e4b6cf4174d', '2021-11-02T14:42:47.543858Z'),
('b325879e-45a1-4c07-b987-8f7e40e454d2', '4d0671dd-e0c0-4770-b73b-39a67ec0ca2f', 'e26ba2ef-9b52-4c71-97df-9e4b6cf4174d', '2021-11-02T14:42:47.543858Z'),
('3b1dc0a7-adec-4042-872b-7cbf016d90e7', 'feb5a65e-e7af-46f8-b27b-c1930923ffbf', 'e26ba2ef-9b52-4c71-97df-9e4b6cf4174d', '2021-11-02T14:42:47.543858Z'),
('17ee2b3f-17d6-419f-9507-30465b88363b', '2137c8b5-20a0-425d-b8c8-c47b6686534c', 'e26ba2ef-9b52-4c71-97df-9e4b6cf4174d', '2021-11-02T14:42:47.543858Z'),
('71f91e23-160c-4332-b6f0-0dfa16506d08', '9aee25e4-9e78-4477-9362-bad8bbf98827', 'e26ba2ef-9b52-4c71-97df-9e4b6cf4174d', '2021-11-02T14:42:47.543858Z'),
('8e962c80-ad9f-44ef-bcc9-707607a2012e', '859f3370-ae25-4903-874d-0ddb4ca114e4', 'e26ba2ef-9b52-4c71-97df-9e4b6cf4174d', '2021-11-02T14:42:47.543858Z'),
('8bb03086-ee46-471e-8cb3-8a85839fed8d', 'dac42fea-18f6-4e5c-8353-192753aec755', 'e26ba2ef-9b52-4c71-97df-9e4b6cf4174d', '2021-11-02T14:42:47.543858Z'),
('154b0cf2-752e-4286-abb9-38415c25f9e2', 'ad800cb6-cac5-4d0c-9b8f-a02fbb282377', 'e26ba2ef-9b52-4c71-97df-9e4b6cf4174d', '2021-11-02T14:42:47.543858Z'),
('1c4ec195-7dc8-4cee-bad4-6fca34f8685d', 'e196d47b-f85a-4972-ab97-e35c99039fa6', 'e26ba2ef-9b52-4c71-97df-9e4b6cf4174d', '2021-11-02T14:42:47.543858Z'),
('01931bfb-f1a2-4319-a504-3ced6d8c1ea0', 'bc52772a-892b-4fd6-bb4b-231ab26273f7', 'e26ba2ef-9b52-4c71-97df-9e4b6cf4174d', '2021-11-02T14:42:47.543858Z'),
('b461c430-b9af-4538-acc2-aacf7f8fcc2f', 'a69dbee9-8047-41dd-87db-253bf68e2f8b', 'e26ba2ef-9b52-4c71-97df-9e4b6cf4174d', '2021-11-02T14:42:47.543858Z'),
('1f6e98bf-dfc6-4f5f-83b3-593dc27b1fea', '87486cf6-0988-47dc-9f28-0ff44a11cf5a', 'e26ba2ef-9b52-4c71-97df-9e4b6cf4174d', '2021-11-02T14:42:47.543858Z'),
('1f179570-5e57-4282-87ea-fdae1296c260', '6d4614f1-cdcf-4dca-8dd8-0e7ec71e53d2', 'e26ba2ef-9b52-4c71-97df-9e4b6cf4174d', '2021-11-02T14:42:47.543858Z'),
('439eb61d-ebbd-4580-b307-1060d5a2f577', '15f512ab-dbc2-4c40-a379-70356d621c5f', 'e26ba2ef-9b52-4c71-97df-9e4b6cf4174d', '2021-11-02T14:42:47.543858Z'),
('f589c76b-7839-41f9-98d7-a8c6c608a5a4', 'cd122f59-b2dd-4df4-a13f-44b88edb6b3e', 'e26ba2ef-9b52-4c71-97df-9e4b6cf4174d', '2021-11-02T14:42:47.543858Z'),
('6a56d105-2d1a-417f-91c5-bbe06d9422a0', '031d203e-940f-4376-9292-fe7170fdaba4', 'e26ba2ef-9b52-4c71-97df-9e4b6cf4174d', '2021-11-02T14:42:47.543858Z'),
('7111d6e7-0913-4353-bceb-db475196a3e2', 'e195daa7-e2d2-4908-a041-6fc1ee59efd2', 'e26ba2ef-9b52-4c71-97df-9e4b6cf4174d', '2021-11-02T14:42:47.543858Z'),
('b7db3577-b0bb-409a-9b88-6c610eb7152a', '08fed55f-2eb8-46cf-9c95-a2e9ed703ced', 'e26ba2ef-9b52-4c71-97df-9e4b6cf4174d', '2021-11-02T14:42:47.543858Z'),
('214f6ff4-a816-49f1-baca-54d8843a9c29', 'e1f6a243-3bf4-4d8c-a499-ae29099802be', 'e26ba2ef-9b52-4c71-97df-9e4b6cf4174d', '2021-11-02T14:42:47.543858Z'),
('f14fc62e-4b81-4266-9219-b988befee69d', '748b6509-d14a-4f90-bda6-273d351d0ae4', 'e26ba2ef-9b52-4c71-97df-9e4b6cf4174d', '2021-11-02T14:42:47.543858Z'),
('f2f0b9fe-23d2-409f-8701-517e7094a342', '38fc7de1-28e0-4690-a8e9-05c4d2fefacd', 'e26ba2ef-9b52-4c71-97df-9e4b6cf4174d', '2021-11-02T14:42:47.543858Z'),
('0aaf734b-959a-4013-b537-de7a2f8cbc12', 'b6794cdf-f4a3-457b-bd4b-e92103b6f4f1', 'e26ba2ef-9b52-4c71-97df-9e4b6cf4174d', '2021-11-02T14:42:47.543858Z'),
('3192a9e8-0ef0-4f0c-aafc-18aab9c23492', 'f0e18583-a8ec-4104-86c0-ddd15b15b224', 'e26ba2ef-9b52-4c71-97df-9e4b6cf4174d', '2021-11-02T14:42:47.543858Z'),
('ab998a1f-7751-4bec-a6ac-aa91f1f95432', '086256aa-d223-402a-9c6a-9a39c6288317', 'e26ba2ef-9b52-4c71-97df-9e4b6cf4174d', '2021-11-02T14:42:47.543858Z'),
('8b11b980-9529-45d1-8dc1-027fd0878c05', '75c44d2b-c469-42b4-8b4e-f3be8b9ea456', 'e26ba2ef-9b52-4c71-97df-9e4b6cf4174d', '2021-11-02T14:42:47.543858Z'),
('db6385b5-cae7-49f3-b58b-39552fcb5107', '1f879e49-fef6-4bba-98a6-0c4c0c54046f', 'e26ba2ef-9b52-4c71-97df-9e4b6cf4174d', '2021-11-02T14:42:47.543858Z'),
('45b7ef07-8cb7-415d-b9a2-84a0f2a17b47', 'b68fa84c-788f-406e-a82e-6596f262a2c4', 'e26ba2ef-9b52-4c71-97df-9e4b6cf4174d', '2021-11-02T14:42:47.543858Z'),
('661ac05f-cefa-4521-b5af-cab23f3b941d', '71e2b29f-e73a-42ce-9cda-06f5219157bd', 'e26ba2ef-9b52-4c71-97df-9e4b6cf4174d', '2021-11-02T14:42:47.543858Z'),
('51c56fcf-82b1-4e5f-87f3-ef7690f327eb', '04b1e67e-4b04-4d3e-9880-f431257fc130', 'e26ba2ef-9b52-4c71-97df-9e4b6cf4174d', '2021-11-02T14:42:47.543858Z'),
('53fdc429-a40f-44b0-8390-3bd63fa992e0', 'be705ab7-548e-49b3-aacf-7c9beff7934c', 'e26ba2ef-9b52-4c71-97df-9e4b6cf4174d', '2021-11-02T14:42:47.543858Z'),
('a9b0191e-fbe9-4dab-9c22-d095da75460c', '6003e2c2-378e-40ca-8e60-c4c670130c5f', 'e26ba2ef-9b52-4c71-97df-9e4b6cf4174d', '2021-11-02T14:42:47.543858Z'),
('34c9321f-3cd9-46d9-a45a-fd3dd550c63b', 'da2b9f82-1115-48ce-bac2-602716fa3202', 'e26ba2ef-9b52-4c71-97df-9e4b6cf4174d', '2021-11-02T14:42:47.543858Z'),
('9cae7fbb-271f-433c-9bb3-134cdce56bdf', '3b609501-dace-4775-8a0a-c2b1a7c3acbb', 'e26ba2ef-9b52-4c71-97df-9e4b6cf4174d', '2021-11-02T14:42:47.543858Z'),
('47846a52-d5fc-4ace-9d87-f5050a959e1e', '9be32eac-4767-4b88-9766-17be6004e8a1', 'e26ba2ef-9b52-4c71-97df-9e4b6cf4174d', '2021-11-02T14:42:47.543858Z'),
('67663133-4304-4c45-9fd1-b2cbd5bc8cfd', '1f15ca46-03ff-468e-a3f8-a2350b62faaa', 'e26ba2ef-9b52-4c71-97df-9e4b6cf4174d', '2021-11-02T14:42:47.543858Z'),
('61c1a9c9-2902-4f49-bbad-aedb1eefc73f', 'a88585b3-1385-4bcd-a961-4feef60bfffb', 'e26ba2ef-9b52-4c71-97df-9e4b6cf4174d', '2021-11-02T14:42:47.543858Z'),
('da2f075c-b990-43a5-b1fc-6efd2a934485', '874769f1-3cfc-4d1e-b244-ac94322a464b', 'e26ba2ef-9b52-4c71-97df-9e4b6cf4174d', '2021-11-02T14:42:47.543858Z'),
('30acd586-fb2a-4d9e-b61e-3a92f3f4a931', 'c2946d0d-208f-4c06-9dca-0d841c5b6563', 'e26ba2ef-9b52-4c71-97df-9e4b6cf4174d', '2021-11-02T14:42:47.543858Z'),
('87b4dc63-18bb-48c6-a242-3e19992eb3db', '20356e67-48e2-4447-9c33-0cb363be4f9c', 'e26ba2ef-9b52-4c71-97df-9e4b6cf4174d', '2021-11-02T14:42:47.543858Z'),
('ca217892-4167-445f-be50-2eca85cc1efd', '65861129-9ece-416b-bd64-e5de65f481c2', 'e26ba2ef-9b52-4c71-97df-9e4b6cf4174d', '2021-11-02T14:42:47.543858Z'),
('1329ddf5-5a31-4db5-aafd-313a8a3796d7', 'a4143409-4c20-44f6-be7d-c8b87e44fd80', 'e26ba2ef-9b52-4c71-97df-9e4b6cf4174d', '2021-11-02T14:42:47.543858Z'),
('9bf045a4-683c-4340-bbea-bae0858c9e66', '117a35ff-0ca1-49d1-ad68-c6d97eaaaaa1', 'e26ba2ef-9b52-4c71-97df-9e4b6cf4174d', '2021-11-02T14:42:47.543858Z'),
('0dc6dbe1-991a-489e-a936-ee1d6959a90d', '5a312059-6f10-4a85-bb41-779da8fd525c', 'e26ba2ef-9b52-4c71-97df-9e4b6cf4174d', '2021-11-02T14:42:47.543858Z'),
('3af1e361-0a25-40c4-bc25-8627f9b4ac8f', 'dc834bdf-a586-426e-ac2d-cf81c8d14a3a', 'e26ba2ef-9b52-4c71-97df-9e4b6cf4174d', '2021-11-02T14:42:47.543858Z'),
('df8dca02-4ffe-4350-bc81-a45ecb17f01d', '96315460-9474-4c57-8518-081ba70c463b', 'e26ba2ef-9b52-4c71-97df-9e4b6cf4174d', '2021-11-02T14:42:47.543858Z'),
('5cea452a-9862-45be-b93b-5ee22c5ef61e', 'aed0905a-0c82-44e5-8578-e3d0fe97a528', 'e26ba2ef-9b52-4c71-97df-9e4b6cf4174d', '2021-11-02T14:42:47.543858Z'),
('16a815a4-6d58-4797-905b-db79992f81b7', '3b82fe36-b581-44ff-8579-767f1ddd5f92', 'e26ba2ef-9b52-4c71-97df-9e4b6cf4174d', '2021-11-02T14:42:47.543858Z'),
('2e083cfa-a458-4ad9-a885-6106cd0642c0', '2d6e2673-72f4-4f57-8b78-ab75338ef0d0', 'e26ba2ef-9b52-4c71-97df-9e4b6cf4174d', '2021-11-02T14:42:47.543858Z'),
('5bed1b32-9f27-40c1-a128-5f7bcff6de0e', 'c41a8932-c185-461c-9181-163baecb801d', 'e26ba2ef-9b52-4c71-97df-9e4b6cf4174d', '2021-11-02T14:42:47.543858Z'),
('a0c2d562-764d-41d5-9605-2db68cd45202', '052faf5f-37ef-459d-a4e9-2891308e37b2', 'e26ba2ef-9b52-4c71-97df-9e4b6cf4174d', '2021-11-02T14:42:47.543858Z'),
('dec71dce-4cb5-43f0-8892-8a6b44eef5c4', 'db0f296d-028b-40a1-a029-4aca80f3c054', 'e26ba2ef-9b52-4c71-97df-9e4b6cf4174d', '2021-11-02T14:42:47.543858Z'),
('41bec15c-4270-4b1f-94aa-33eda1f9a23e', '818d6f78-b72d-47a6-b1ce-dd1590882241', 'e26ba2ef-9b52-4c71-97df-9e4b6cf4174d', '2021-11-02T14:42:47.543858Z'),
('d908d5a9-f342-4c78-8b5f-65aaf0ad6240', 'c8673e09-ee2f-47be-90df-1cdab99ce39c', 'e26ba2ef-9b52-4c71-97df-9e4b6cf4174d', '2021-11-02T14:42:47.543858Z'),
('03d27b89-3cc1-4232-9d0c-31bc992919e0', 'ff3912ec-1de3-487f-b1c6-e71867e71997', 'e26ba2ef-9b52-4c71-97df-9e4b6cf4174d', '2021-11-02T14:42:47.543858Z'),
('90258f90-676d-4edc-9639-15e02a4c0af9', 'e5cce003-6b2e-4b4b-96ff-a505a39ec11c', 'e26ba2ef-9b52-4c71-97df-9e4b6cf4174d', '2021-11-02T14:42:47.543858Z'),
('e0b0a3b9-06aa-45e4-8a18-c35ce8ee570c', '9f2db005-5fd8-41bd-9c12-147a9056684b', 'e26ba2ef-9b52-4c71-97df-9e4b6cf4174d', '2021-11-02T14:42:47.543858Z'),
('3fab8435-61b0-4d09-8b5e-37ca705e19e9', '4e284bf9-959e-4007-b357-70f49e83709e', 'e26ba2ef-9b52-4c71-97df-9e4b6cf4174d', '2021-11-02T14:42:47.543858Z'),
('b0fb1ef8-2237-4bbc-b748-6c1c3f6026bd', '39790f1d-3efd-4460-9b8e-2f80082468af', 'e26ba2ef-9b52-4c71-97df-9e4b6cf4174d', '2021-11-02T14:42:47.543858Z'),
('14cd6a14-f618-4511-ac10-35e36e5be8b7', 'f0cd214e-45f6-4556-8d35-15c3d9056b5f', 'e26ba2ef-9b52-4c71-97df-9e4b6cf4174d', '2021-11-02T14:42:47.543858Z'),
('ecdbad02-31ff-4ee6-aad5-ccecd5b03a86', '1d548738-6ca8-4d84-8bab-44c9901d0250', 'e26ba2ef-9b52-4c71-97df-9e4b6cf4174d', '2021-11-02T14:42:47.543858Z'),
('f94087df-4654-44ba-b432-6fcb6dacc8cf', '75efe0c0-96d6-4e18-a443-9eaecb857e56', 'e26ba2ef-9b52-4c71-97df-9e4b6cf4174d', '2021-11-02T14:42:47.543858Z'),
('651bbfe8-14c0-431e-b70d-b04e83236166', '3ff611f4-9e1f-44b3-8925-7b78f8408e84', 'e26ba2ef-9b52-4c71-97df-9e4b6cf4174d', '2021-11-02T14:42:47.543858Z'),
('eb17ed68-b584-452b-a512-4d28e26d5c0a', '4daed140-67be-445a-a2b3-f62b39afc6fc', 'e26ba2ef-9b52-4c71-97df-9e4b6cf4174d', '2021-11-02T14:42:47.543858Z'),
('71c07dec-ff7f-48d8-9e57-5542e66b0a0e', '398a8251-f7ba-4e2b-867b-bf247af47976', 'e26ba2ef-9b52-4c71-97df-9e4b6cf4174d', '2021-11-02T14:42:47.543858Z'),
('6c6a1c5c-5901-46c8-86cd-04f6fbd0d6e7', 'ca83d888-b8b7-481a-b938-46cca690d70b', 'e26ba2ef-9b52-4c71-97df-9e4b6cf4174d', '2021-11-02T14:42:47.543858Z'),
('6834d4fd-3535-4902-84b0-d59d5cd113e2', 'fd58864b-145f-4973-aad1-b8f3521da176', 'e26ba2ef-9b52-4c71-97df-9e4b6cf4174d', '2021-11-02T14:42:47.543858Z'),
('6791645b-d4ed-477c-be88-1f98e0ac39c1', '504636ab-7864-413d-aa7f-03b4c3926786', 'e26ba2ef-9b52-4c71-97df-9e4b6cf4174d', '2021-11-02T14:42:47.543858Z'),
('9b4bf73c-2f58-4c24-97eb-f1d326a57765', 'bacd8cbd-9f16-4855-a32a-153ad96e0bda', 'e26ba2ef-9b52-4c71-97df-9e4b6cf4174d', '2021-11-02T14:42:47.543858Z'),
('3f2646c5-8fbf-4142-9125-998afafe33ee', '13e8dadc-bbea-4432-85c1-440df92d4a1d', 'e26ba2ef-9b52-4c71-97df-9e4b6cf4174d', '2021-11-02T14:42:47.543858Z'),
('52ee4888-19c5-4da4-aeee-c04bd0273174', 'e8fe05e4-07f0-49e7-bbc9-d207f03b7033', 'e26ba2ef-9b52-4c71-97df-9e4b6cf4174d', '2021-11-02T14:42:47.543858Z'),
('12915089-c196-41d9-b3b8-1080cf14c0bf', 'fc276159-4dd8-4953-ae2f-be045c8cb525', 'e26ba2ef-9b52-4c71-97df-9e4b6cf4174d', '2021-11-02T14:42:47.543858Z'),
('d98a3522-9c29-401b-b8c6-706ce3822d0a', 'd46d137d-caf0-452e-b28c-4497132e15ef', 'e26ba2ef-9b52-4c71-97df-9e4b6cf4174d', '2021-11-02T14:42:47.543858Z'),
('4ada3444-43b2-4db1-a3c6-cc60fcd765dd', 'af114b4a-551b-48fc-8681-d8c363132544', 'e26ba2ef-9b52-4c71-97df-9e4b6cf4174d', '2021-11-02T14:42:47.543858Z'),
('4f7ca3ba-74c0-4efd-87cb-afe17f266ffe', '416a6962-a9a3-4f09-a694-7795f2e9f0e5', 'e26ba2ef-9b52-4c71-97df-9e4b6cf4174d', '2021-11-02T14:42:47.543858Z'),
('155d43d7-018d-452a-80f0-6cadc16877ba', '0105d469-e391-4a86-b60b-1f4cf8104b18', 'e26ba2ef-9b52-4c71-97df-9e4b6cf4174d', '2021-11-02T14:42:47.543858Z'),
('5a1be159-3bb2-40c0-9605-74a98f2c0cde', 'bb1dbebf-a872-4b7d-8c8d-ae5660eaa241', 'e26ba2ef-9b52-4c71-97df-9e4b6cf4174d', '2021-11-02T14:42:47.543858Z'),
('fed0068a-1e31-4d10-9e25-8ae36ae99bfc', '40390420-6acd-4177-8031-856e11884509', 'e26ba2ef-9b52-4c71-97df-9e4b6cf4174d', '2021-11-02T14:42:47.543858Z'),
('041593e1-267d-4c19-85a1-8ff91e0adc4e', '7117c1c9-b588-4ce6-9765-791dd31e1c7e', 'e26ba2ef-9b52-4c71-97df-9e4b6cf4174d', '2021-11-02T14:42:47.543858Z'),
('0722abf6-6d25-4fa4-9a1d-c8ffae8a2a86', 'b3c88c4c-b8d9-4dad-8bfe-a91ec7342090', 'e26ba2ef-9b52-4c71-97df-9e4b6cf4174d', '2021-11-02T14:42:47.543858Z'),
('158c9fb2-9501-4ce5-bf92-3539cc4ece79', '94a76862-5c97-4908-baf6-eb119611575f', 'e26ba2ef-9b52-4c71-97df-9e4b6cf4174d', '2021-11-02T14:42:47.543858Z'),
('e447455a-d528-480d-b5cf-0f9cb05346d5', '7fbf277c-cfde-49fb-b08e-50a44432c5ef', 'e26ba2ef-9b52-4c71-97df-9e4b6cf4174d', '2021-11-02T14:42:47.543858Z'),
('181ae696-82e9-4662-bb66-69f11679b45c', '363d69ac-688e-461a-af14-d2a3b576ad71', 'e26ba2ef-9b52-4c71-97df-9e4b6cf4174d', '2021-11-02T14:42:47.543858Z'),
('18366323-c24f-46b0-ba76-768e131cc18e', '280d19e1-ff04-4c6a-88f3-2ec09364f423', 'e26ba2ef-9b52-4c71-97df-9e4b6cf4174d', '2021-11-02T14:42:47.543858Z'),
('c3168d26-5944-42bf-9025-348d21c1a8cf', 'e8c0b10c-2ef6-4587-bed9-c86e3731182c', 'e26ba2ef-9b52-4c71-97df-9e4b6cf4174d', '2021-11-02T14:42:47.543858Z'),
('7c768e82-41af-46ff-9b52-4012d81913dd', '8a2fde42-308e-4389-9169-f9ded04c98e6', 'e26ba2ef-9b52-4c71-97df-9e4b6cf4174d', '2021-11-02T14:42:47.543858Z'),
('4ae4b918-18f6-41f4-9ee3-e486c2480682', 'fee06c8c-f8a9-44d1-99b9-8b38c6fe507c', 'e26ba2ef-9b52-4c71-97df-9e4b6cf4174d', '2021-11-02T14:42:47.543858Z'),
('2ff050de-6b25-4cf3-b355-99022cfe67f9', 'bd5b06c7-4650-4888-9889-0d14432b0666', 'e26ba2ef-9b52-4c71-97df-9e4b6cf4174d', '2021-11-02T14:42:47.543858Z'),
('8fc91c12-7de2-458e-8f89-05a703a62782', '3b05c6ad-32a2-494e-bb29-c6a5ca208606', 'e26ba2ef-9b52-4c71-97df-9e4b6cf4174d', '2021-11-02T14:42:47.543858Z'),
('0b966edf-03a0-4862-ab93-07ab8ee99e85', 'baecb1f4-41c5-4696-a425-d52e43e7547b', 'e26ba2ef-9b52-4c71-97df-9e4b6cf4174d', '2021-11-02T14:42:47.543858Z'),
('77022c71-21b2-4f62-afdc-9d054c75d08a', '03e0ef49-0c1f-4276-848e-870cab5c3d40', 'e26ba2ef-9b52-4c71-97df-9e4b6cf4174d', '2021-11-02T14:42:47.543858Z'),
('9e6d40f4-d549-4ff7-afdc-2ebf18467ce9', 'aaaaa5b4-1e4c-43ed-8a9c-b0a0c30dd002', 'e26ba2ef-9b52-4c71-97df-9e4b6cf4174d', '2021-11-02T14:42:47.543858Z'),
('89aa8103-1dc0-4345-a13c-d3abcf837924', '6f353801-1015-4013-94c8-77549383766c', 'e26ba2ef-9b52-4c71-97df-9e4b6cf4174d', '2021-11-02T14:42:47.543858Z'),
('cb86f883-8989-4462-8f56-811ba4263c88', '01f181cf-5dc9-4774-a07e-5ce5ca21554f', 'e26ba2ef-9b52-4c71-97df-9e4b6cf4174d', '2021-11-02T14:42:47.543858Z');

--INSERT TELEMETRY_GOES--COUNT:1
INSERT INTO telemetry_goes (id, nesdis_id) select 'cc687366-1289-40ae-b0b9-5e735f13fcc6', 'CE550F82' where not exists (select 1 from telemetry_goes where nesdis_id = 'CE550F82');

--INSERT INSTRUMENT_TELEMETRY--COUNT:1
INSERT INTO instrument_telemetry (instrument_id, telemetry_type_id, telemetry_id) 
VALUES
('5f867805-7ca3-41e7-9ebd-6fe04675345b', '10a32652-af43-4451-bd52-4980c5690cc9', 'cc687366-1289-40ae-b0b9-5e735f13fcc6');

--INSERT TIMESERIES--COUNT:1
INSERT INTO timeseries(id, slug, name, instrument_id, parameter_id, unit_id) 
VALUES
('8c2abe6f-0860-41ce-80ad-30391da7d6b9','elevation','Elevation','5f867805-7ca3-41e7-9ebd-6fe04675345b', '83b5a1f7-948b-4373-a47c-d73ff622aafd', '3254f483-5e66-405c-acf2-2a8add714bf5'),
('6839103d-7efb-4c1e-a6ac-3dda5b486ae7','stage','Stage','5f867805-7ca3-41e7-9ebd-6fe04675345b', 'b49f214e-f69f-43da-9ce3-ad96042268d0', '3254f483-5e66-405c-acf2-2a8add714bf5'),
('666d10a3-33da-4b46-aba8-580002585f64','precipitation','Precipitation','5f867805-7ca3-41e7-9ebd-6fe04675345b', '0ce77a5a-8283-47cd-9126-c440bcec4ef6', '3254f483-5e66-405c-acf2-2a8add714bf5'),
('005517f8-9160-4421-a46a-b7479764ad3e','unknown-hs','Unknown HS','5f867805-7ca3-41e7-9ebd-6fe04675345b', '2b7f96e1-820f-4f61-ba8f-861640af6232', '4a999277-4cf5-4282-93ce-23b33c65e2c8'),
('ba9e854f-f2d3-4505-9186-fae592e4157d','unknown-hw','Unknown HW','5f867805-7ca3-41e7-9ebd-6fe04675345b', '2b7f96e1-820f-4f61-ba8f-861640af6232', '4a999277-4cf5-4282-93ce-23b33c65e2c8');
