
--Ignoring Barkley-Spillway-Gates site/instrument, already in instruments unique list
--Ignoring MFLK2-MARTINS_FORK site/instrument, already in instruments unique list

--INSERT INSTRUMENTS--COUNT:201
INSERT INTO public.instrument(id, deleted, slug, name, formula, geometry, station, station_offset, create_date, update_date,type_id, project_id, creator, updater)
 VALUES 
('2831ab23-c91a-4338-9cdf-fc96fb844aca', False, '0d112020', '0D112020', null, ST_GeomFromText('POINT(0 0)',4326), null, null, '2021-02-05T09:14:15.592321Z', null, '98a61f29-18a8-430a-9d02-0f53486e0984', '2bd0903c-6e4d-4d83-8558-1eab52079de0', 'null', null),
('fbaae120-0c45-4dd0-8226-8476bfa8ce81', False, 'amok2-clarksr-almoky', 'AMOK2-ClarksR-AlmoKY', null, ST_GeomFromText('POINT(-88.2736 36.6917)',4326), null, null, '2021-02-05T09:14:15.592431Z', null, '98a61f29-18a8-430a-9d02-0f53486e0984', '2bd0903c-6e4d-4d83-8558-1eab52079de0', 'null', null),
('2c735458-03ba-4832-9a0e-6afaf399266a', False, 'csst1-crossvilletn', 'CSST1-CrossvilleTN', null, ST_GeomFromText('POINT(-84.9972 35.9178)',4326), null, null, '2021-02-05T09:14:15.592468Z', null, '98a61f29-18a8-430a-9d02-0f53486e0984', '2bd0903c-6e4d-4d83-8558-1eab52079de0', 'null', null),
('ce4097da-d1e0-432b-a8e7-76f7e9bff1b1', False, 'fcrt1-fortcampbelltn', 'FCRT1-FortCampbellTN', null, ST_GeomFromText('POINT(-87.5369 36.6256)',4326), null, null, '2021-02-05T09:14:15.592492Z', null, '98a61f29-18a8-430a-9d02-0f53486e0984', '2bd0903c-6e4d-4d83-8558-1eab52079de0', 'null', null),
('abe95109-b6b7-4191-a399-d15493e720f1', False, 'albk2-albanyky', 'ALBK2-AlbanyKY', null, ST_GeomFromText('POINT(-85.1217 36.7453)',4326), null, null, '2021-02-05T09:14:15.592510Z', null, '98a61f29-18a8-430a-9d02-0f53486e0984', '2bd0903c-6e4d-4d83-8558-1eab52079de0', 'null', null),
('40705bc0-7a0b-4605-8330-d62a79ca7531', False, 'alpt1-wfkobeyr-alpinetn', 'ALPT1-WFkObeyR-AlpineTN', null, ST_GeomFromText('POINT(-85.1745 36.3973)',4326), null, null, '2021-02-05T09:14:15.592527Z', null, '98a61f29-18a8-430a-9d02-0f53486e0984', '2bd0903c-6e4d-4d83-8558-1eab52079de0', 'null', null),
('695834c0-de82-47a4-bc32-b764f9cd0538', False, 'aplv2-appalachiava', 'APLV2-AppalachiaVA', null, ST_GeomFromText('POINT(-82.7883 36.8983)',4326), null, null, '2021-02-05T09:14:15.592543Z', null, '98a61f29-18a8-430a-9d02-0f53486e0984', '2bd0903c-6e4d-4d83-8558-1eab52079de0', 'null', null),
('e1f07a5f-8d6d-48b9-b953-4c57ec7511e9', False, 'artt1-powellr-arthurtn', 'ARTT1-PowellR-ArthurTN', null, ST_GeomFromText('POINT(-83.6303 36.5419)',4326), null, null, '2021-02-05T09:14:15.592559Z', null, '98a61f29-18a8-430a-9d02-0f53486e0984', '2bd0903c-6e4d-4d83-8558-1eab52079de0', 'null', null),
('3d60ea91-0b79-49a7-8045-a2e00c496386', False, 'bahk2-barkley', 'BAHK2-BARKLEY', null, ST_GeomFromText('POINT(-88.2228 37.0244)',4326), null, null, '2021-02-05T09:14:15.592575Z', null, '98a61f29-18a8-430a-9d02-0f53486e0984', '2bd0903c-6e4d-4d83-8558-1eab52079de0', 'null', null),
('a82e204d-b775-4e37-ad5b-57d10461e1b2', False, 'asht1-cheatham', 'ASHT1-CHEATHAM', null, ST_GeomFromText('POINT(-87.2283 36.3228)',4326), null, null, '2021-02-05T09:14:15.592596Z', null, '98a61f29-18a8-430a-9d02-0f53486e0984', '2bd0903c-6e4d-4d83-8558-1eab52079de0', 'null', null),
('8bbd020d-c496-46c4-85de-ed8dc919a8ca', False, 'coht1-cordell-hull', 'COHT1-CORDELL_HULL', null, ST_GeomFromText('POINT(-85.9389 36.2917)',4326), null, null, '2021-02-05T09:14:15.592612Z', null, '98a61f29-18a8-430a-9d02-0f53486e0984', '2bd0903c-6e4d-4d83-8558-1eab52079de0', 'null', null),
('e7035c37-bab9-40a2-b0ad-b43b8dd0ddb1', False, 'cort1-cordell-hull', 'CORT1-CORDELL_HULL', null, ST_GeomFromText('POINT(-85.9397 36.2853)',4326), null, null, '2021-02-05T09:14:15.592627Z', null, '98a61f29-18a8-430a-9d02-0f53486e0984', '2bd0903c-6e4d-4d83-8558-1eab52079de0', 'null', null),
('4412c873-a8a5-417d-9b94-10c42895fa6c', False, 'dhtt1-dale-hollow', 'DHTT1-DALE_HOLLOW', null, ST_GeomFromText('POINT(-85.4611 63.5472)',4326), null, null, '2021-02-05T09:14:15.592643Z', null, '98a61f29-18a8-430a-9d02-0f53486e0984', '2bd0903c-6e4d-4d83-8558-1eab52079de0', 'null', null),
('08fdc172-6dfa-4b8a-8a28-ac996c5378cc', False, 'dlht1-dale-hollow', 'DLHT1-DALE_HOLLOW', null, ST_GeomFromText('POINT(-85.4564 36.5414)',4326), null, null, '2021-02-05T09:14:15.592663Z', null, '98a61f29-18a8-430a-9d02-0f53486e0984', '2bd0903c-6e4d-4d83-8558-1eab52079de0', 'null', null),
('88fdb36d-00fb-4f79-88f9-832f78e3d2b2', False, 'caft1-calfkillerr-blwspartatn', 'CAFT1-CalfkillerR-blwSpartaTN', null, ST_GeomFromText('POINT(-85.4763 35.9121)',4326), null, null, '2021-02-05T09:14:15.592683Z', null, '98a61f29-18a8-430a-9d02-0f53486e0984', '2bd0903c-6e4d-4d83-8558-1eab52079de0', 'null', null),
('4a3cf67d-aa92-4b25-88b9-c3c376631eb0', False, 'wbnt1-millcr-nrwoodbinetn', 'WBNT1-MillCr-nrWoodbineTN', null, ST_GeomFromText('POINT(-86.719 36.1167)',4326), null, null, '2021-02-05T09:14:15.592704Z', null, '98a61f29-18a8-430a-9d02-0f53486e0984', '2bd0903c-6e4d-4d83-8558-1eab52079de0', 'null', null),
('a9296751-9f0d-4a4b-bd1e-b845e470af26', False, 'wlck2-wolf-creek', 'WLCK2-WOLF_CREEK', null, ST_GeomFromText('POINT(-85.1469 36.8683)',4326), null, null, '2021-02-05T09:14:15.592721Z', null, '98a61f29-18a8-430a-9d02-0f53486e0984', '2bd0903c-6e4d-4d83-8558-1eab52079de0', 'null', null),
('d9af8917-e1da-45c3-9447-32f8fdb85214', False, 'burkesville', 'Burkesville', null, ST_GeomFromText('POINT(-85.3681 36.7953)',4326), null, null, '2021-02-05T09:14:15.592739Z', null, '98a61f29-18a8-430a-9d02-0f53486e0984', '2bd0903c-6e4d-4d83-8558-1eab52079de0', 'null', null),
('b0a86a03-84f5-457c-b988-c4d7fcc730c0', False, 'cfak2-cumberlandr-cumberlandfallsky', 'CFAK2-CumberlandR-CumberlandFallsKY', null, ST_GeomFromText('POINT(-84.3414 36.8358)',4326), null, null, '2021-02-05T09:14:15.592755Z', null, '98a61f29-18a8-430a-9d02-0f53486e0984', '2bd0903c-6e4d-4d83-8558-1eab52079de0', 'null', null),
('904e0751-3f35-4a1b-a40b-0bee65f7afe4', False, 'lbvt1-buffalor-blwlobelvilletn', 'LBVT1-BuffaloR-blwLobelvilleTN', null, ST_GeomFromText('POINT(-87.7803 35.8108)',4326), null, null, '2021-02-05T09:14:15.592771Z', null, '98a61f29-18a8-430a-9d02-0f53486e0984', '2bd0903c-6e4d-4d83-8558-1eab52079de0', 'null', null),
('24824e81-2aab-4c6f-9640-652a82424db2', False, 'ltwt1-sfkcumberlandr-leatherwoodfordtn', 'LTWT1-SFkCumberlandR-LeatherwoodFordTN', null, ST_GeomFromText('POINT(-84.6694 36.4773)',4326), null, null, '2021-02-05T09:14:15.592786Z', null, '98a61f29-18a8-430a-9d02-0f53486e0984', '2bd0903c-6e4d-4d83-8558-1eab52079de0', 'null', null),
('2d7aac87-07e8-4105-8d09-61217ec4acfe', False, 'nast1-cumberlandr-nashvilletn', 'NAST1-CumberlandR-NashvilleTN', null, ST_GeomFromText('POINT(-86.7731 36.1614)',4326), null, null, '2021-02-05T09:14:15.592802Z', null, '98a61f29-18a8-430a-9d02-0f53486e0984', '2bd0903c-6e4d-4d83-8558-1eab52079de0', 'null', null),
('65db2945-fe9b-4f9b-96e6-c6aabe4c91b6', False, 'shet1-duckr-shelbyvilletn', 'SHET1-DuckR-ShelbyvilleTN', null, ST_GeomFromText('POINT(-86.4625 35.4828)',4326), null, null, '2021-02-05T09:14:15.592820Z', null, '98a61f29-18a8-430a-9d02-0f53486e0984', '2bd0903c-6e4d-4d83-8558-1eab52079de0', 'null', null),
('ac4186ae-b6c7-41aa-ab29-db143e74f00f', False, 'smhk2-martinsfk-smithky', 'SMHK2-MartinsFk-SmithKY', null, ST_GeomFromText('POINT(-83.2869 36.7258)',4326), null, null, '2021-02-05T09:14:15.592836Z', null, '98a61f29-18a8-430a-9d02-0f53486e0984', '2bd0903c-6e4d-4d83-8558-1eab52079de0', 'null', null),
('cf12ba0a-8aaa-499a-bbc1-db3f96d66ee4', False, 'ncfk2-martinsfk-harlanky', 'NCFK2-MartinsFk-HarlanKY', null, ST_GeomFromText('POINT(-83.3253 36.8447)',4326), null, null, '2021-02-05T09:14:15.592852Z', null, '98a61f29-18a8-430a-9d02-0f53486e0984', '2bd0903c-6e4d-4d83-8558-1eab52079de0', 'null', null),
('c339ff35-740a-482e-83e8-69dff2a1e50e', False, 'mnlk2-martins-fork', 'MNLK2-MARTINS_FORK', null, ST_GeomFromText('POINT(-83.255 36.7503)',4326), null, null, '2021-02-05T09:14:15.592867Z', null, '98a61f29-18a8-430a-9d02-0f53486e0984', '2bd0903c-6e4d-4d83-8558-1eab52079de0', 'null', null),
('9d8a6654-a994-4d96-9d12-752e4b980ecb', False, 'clat1-cumberlandr-celinatn', 'CLAT1-CumberlandR-CelinaTN', null, ST_GeomFromText('POINT(-85.5156 36.5544)',4326), null, null, '2021-02-05T09:14:15.592882Z', null, '98a61f29-18a8-430a-9d02-0f53486e0984', '2bd0903c-6e4d-4d83-8558-1eab52079de0', 'null', null),
('c20e2c35-6a22-41ba-82eb-8963059d5d6b', False, 'dovt1-cumberlandr-dovertn', 'DOVT1-CumberlandR-DoverTN', null, ST_GeomFromText('POINT(-87.8389 36.4897)',4326), null, null, '2021-02-05T09:14:15.592897Z', null, '98a61f29-18a8-430a-9d02-0f53486e0984', '2bd0903c-6e4d-4d83-8558-1eab52079de0', 'null', null),
('a18f0416-573c-450f-ad35-bd9f174fd1ca', False, 'hntt1-cumberlandr-hunterspointtn', 'HNTT1-CumberlandR-HuntersPointTN', null, ST_GeomFromText('POINT(-86.2642 36.2992)',4326), null, null, '2021-02-05T09:14:15.592914Z', null, '98a61f29-18a8-430a-9d02-0f53486e0984', '2bd0903c-6e4d-4d83-8558-1eab52079de0', 'null', null),
('7e798c02-a4bf-4ce4-a9a8-4057da756baa', False, 'hpkk2-sfklittler-hopkinsvilleky', 'HPKK2-SFkLittleR-HopkinsvilleKY', null, ST_GeomFromText('POINT(-87.4814 36.8394)',4326), null, null, '2021-02-05T09:14:15.592930Z', null, '98a61f29-18a8-430a-9d02-0f53486e0984', '2bd0903c-6e4d-4d83-8558-1eab52079de0', 'null', null),
('ecd58ae6-1048-4bd0-8fb1-6bd2ea74767d', False, 'stwt1-caneyfk-stonewalltn', 'STWT1-CaneyFk-StonewallTN', null, ST_GeomFromText('POINT(-85.9047 36.19)',4326), null, null, '2021-02-05T09:14:15.592945Z', null, '98a61f29-18a8-430a-9d02-0f53486e0984', '2bd0903c-6e4d-4d83-8558-1eab52079de0', 'null', null),
('b9f183b8-3662-4ce3-a09d-3ee22b209c6a', False, 'ckdt1-chickamauga', 'CKDT1-CHICKAMAUGA', null, ST_GeomFromText('POINT(-85.2294 35.1)',4326), null, null, '2021-02-05T09:14:15.592960Z', null, '98a61f29-18a8-430a-9d02-0f53486e0984', '2bd0903c-6e4d-4d83-8558-1eab52079de0', 'null', null),
('acb719c9-c519-43b4-9280-2a0b12ef41b9', False, 'clbt1-columbiatn', 'CLBT1-ColumbiaTN', null, ST_GeomFromText('POINT(-87.0328 35.6636)',4326), null, null, '2021-02-05T09:14:15.592975Z', null, '98a61f29-18a8-430a-9d02-0f53486e0984', '2bd0903c-6e4d-4d83-8558-1eab52079de0', 'null', null),
('a558eba4-3279-45f8-a5d8-17a0db5168df', False, 'clmt1-coalmonttn', 'CLMT1-CoalmontTN', null, ST_GeomFromText('POINT(-85.6964 35.345)',4326), null, null, '2021-02-05T09:14:15.592993Z', null, '98a61f29-18a8-430a-9d02-0f53486e0984', '2bd0903c-6e4d-4d83-8558-1eab52079de0', 'null', null),
('0971c9b6-3ad3-4702-b2df-b2eb0b862be6', False, 'spst1-springfieldtn', 'SPST1-SpringfieldTN', null, ST_GeomFromText('POINT(-86.8417 36.4711)',4326), null, null, '2021-02-05T09:14:15.593008Z', null, '98a61f29-18a8-430a-9d02-0f53486e0984', '2bd0903c-6e4d-4d83-8558-1eab52079de0', 'null', null),
('144191ac-e042-416b-910c-240d3b27bdaf', False, 'dert1-derossettn', 'DERT1-DeRossetTN', null, ST_GeomFromText('POINT(-85.2817 35.9631)',4326), null, null, '2021-02-05T09:14:15.593024Z', null, '98a61f29-18a8-430a-9d02-0f53486e0984', '2bd0903c-6e4d-4d83-8558-1eab52079de0', 'null', null),
('4e790775-62f8-4d6a-ae78-a22df7b66e17', False, 'sstk2-somersetky', 'SSTK2-SomersetKY', null, ST_GeomFromText('POINT(-84.6158 37.1044)',4326), null, null, '2021-02-05T09:14:15.593039Z', null, '98a61f29-18a8-430a-9d02-0f53486e0984', '2bd0903c-6e4d-4d83-8558-1eab52079de0', 'null', null),
('9e05097b-9654-46b1-ba43-68405553d9c8', False, 'sbvt1', 'SBVT1', null, ST_GeomFromText('POINT(86.4622 35.4825)',4326), null, null, '2021-02-05T09:14:15.593057Z', null, '98a61f29-18a8-430a-9d02-0f53486e0984', '2bd0903c-6e4d-4d83-8558-1eab52079de0', 'null', null),
('77220894-f4e4-4629-9eb6-2b9a0d529d59', False, 'isot1-isolinetn', 'ISOT1-IsolineTN', null, ST_GeomFromText('POINT(-85.0611 36.0783)',4326), null, null, '2021-02-05T09:14:15.593073Z', null, '98a61f29-18a8-430a-9d02-0f53486e0984', '2bd0903c-6e4d-4d83-8558-1eab52079de0', 'null', null),
('a13df2e5-f4d0-4925-a4b7-45b0a51344be', False, 'onit1-oneidatn', 'ONIT1-OneidaTN', null, ST_GeomFromText('POINT(-84.5167 36.5)',4326), null, null, '2021-02-05T09:14:15.593088Z', null, '98a61f29-18a8-430a-9d02-0f53486e0984', '2bd0903c-6e4d-4d83-8558-1eab52079de0', 'null', null),
('128d7a35-132e-43f5-8cf7-815493280417', False, 'whla1-wheeler', 'WHLA1-WHEELER', null, ST_GeomFromText('POINT(-87.3836 34.7625)',4326), null, null, '2021-02-05T09:14:15.593103Z', null, '98a61f29-18a8-430a-9d02-0f53486e0984', '2bd0903c-6e4d-4d83-8558-1eab52079de0', 'null', null),
('4933a02b-7365-4c76-b478-c7af8d3a6962', False, 'lftt1-lafayettetn', 'LFTT1-LafayetteTN', null, ST_GeomFromText('POINT(-85.0311 36.5192)',4326), null, null, '2021-02-05T09:14:15.593118Z', null, '98a61f29-18a8-430a-9d02-0f53486e0984', '2bd0903c-6e4d-4d83-8558-1eab52079de0', 'null', null),
('1d099a0e-9bb9-4e3d-8c8c-840324fe3655', False, 'stlt1-statesvilletn', 'STLT1-StatesvilleTN', null, ST_GeomFromText('POINT(-86.1214 36.0183)',4326), null, null, '2021-02-05T09:14:15.593138Z', null, '98a61f29-18a8-430a-9d02-0f53486e0984', '2bd0903c-6e4d-4d83-8558-1eab52079de0', 'null', null),
('e71e8173-d65b-4e7a-a6a4-2a1dd91fdb3a', False, 'pict1-pickwick', 'PICT1-PICKWICK', null, ST_GeomFromText('POINT(-88.2511 3.0681)',4326), null, null, '2021-02-05T09:14:15.593161Z', null, '98a61f29-18a8-430a-9d02-0f53486e0984', '2bd0903c-6e4d-4d83-8558-1eab52079de0', 'null', null),
('924561b1-395e-4222-b4eb-85365e77f9fc', False, 'mant1-manchestertn', 'MANT1-ManchesterTN', null, ST_GeomFromText('POINT(-86.0831 35.4711)',4326), null, null, '2021-02-05T09:14:15.593178Z', null, '98a61f29-18a8-430a-9d02-0f53486e0984', '2bd0903c-6e4d-4d83-8558-1eab52079de0', 'null', null),
('cba2fce6-3760-47da-b3d8-7aeb3ee67ce0', False, 'mnyt1-montereytn', 'MNYT1-MontereyTN', null, ST_GeomFromText('POINT(-85.3 36.1333)',4326), null, null, '2021-02-05T09:14:15.593194Z', null, '98a61f29-18a8-430a-9d02-0f53486e0984', '2bd0903c-6e4d-4d83-8558-1eab52079de0', 'null', null),
('314ac348-1135-417b-8f5c-795cfd058857', False, 'lvlt1', 'LVLT1', null, ST_GeomFromText('POINT(87.7747 35.7828)',4326), null, null, '2021-02-05T09:14:15.593212Z', null, '98a61f29-18a8-430a-9d02-0f53486e0984', '2bd0903c-6e4d-4d83-8558-1eab52079de0', 'null', null),
('f39b5c2f-6ef2-421c-bedf-3c071d490de8', False, 'grtt1-great-falls', 'GRTT1-GREAT_FALLS', null, ST_GeomFromText('POINT(-85.6336 35.8081)',4326), null, null, '2021-02-05T09:14:15.593229Z', null, '98a61f29-18a8-430a-9d02-0f53486e0984', '2bd0903c-6e4d-4d83-8558-1eab52079de0', 'null', null),
('2d1a4206-ca7b-4640-9777-d51caf194171', False, 'ptst1-petrostn', 'PTST1-PetrosTN', null, ST_GeomFromText('POINT(-84.4461 36.0989)',4326), null, null, '2021-02-05T09:14:15.593245Z', null, '98a61f29-18a8-430a-9d02-0f53486e0984', '2bd0903c-6e4d-4d83-8558-1eab52079de0', 'null', null),
('70b84da4-61b4-45f3-8e55-cdd370fe3c19', False, 'newt1-newcombtn', 'NEWT1-NewcombTN', null, ST_GeomFromText('POINT(-84.1731 36.5444)',4326), null, null, '2021-02-05T09:14:15.593264Z', null, '98a61f29-18a8-430a-9d02-0f53486e0984', '2bd0903c-6e4d-4d83-8558-1eab52079de0', 'null', null),
('6dc5dbb1-3ee1-47b3-a039-ec8d1d8ecd03', False, 'gvda1-guntersville', 'GVDA1-GUNTERSVILLE', null, ST_GeomFromText('POINT(-86.3933 34.4211)',4326), null, null, '2021-02-05T09:14:15.593280Z', null, '98a61f29-18a8-430a-9d02-0f53486e0984', '2bd0903c-6e4d-4d83-8558-1eab52079de0', 'null', null),
('0a6f8403-dba0-4d65-a694-4c984581f6d0', False, 'grhk2-mckeeky', 'GRHK2-McKeeKY', null, ST_GeomFromText('POINT(-83.9261 37.3842)',4326), null, null, '2021-02-05T09:14:15.593295Z', null, '98a61f29-18a8-430a-9d02-0f53486e0984', '2bd0903c-6e4d-4d83-8558-1eab52079de0', 'null', null),
('130c3437-3c43-4425-91c5-6b24a859edcd', False, 'snnt1', 'SNNT1', null, ST_GeomFromText('POINT(88.2097 35.1797)',4326), null, null, '2021-02-05T09:14:15.593311Z', null, '98a61f29-18a8-430a-9d02-0f53486e0984', '2bd0903c-6e4d-4d83-8558-1eab52079de0', 'null', null),
('efd9a905-6a03-4c97-9a48-654c3a259bb6', False, 'wsda1-wilson', 'WSDA1-WILSON', null, ST_GeomFromText('POINT(-87.625 34.7925)',4326), null, null, '2021-02-05T09:14:15.593327Z', null, '98a61f29-18a8-430a-9d02-0f53486e0984', '2bd0903c-6e4d-4d83-8558-1eab52079de0', 'null', null),
('0068a62b-04a1-4683-8aa6-0b455a78e889', False, 'bcht1-beechr-nrlexingtontn', 'BCHT1-BeechR-nrLexingtonTN', null, ST_GeomFromText('POINT(-88.4147 35.6342)',4326), null, null, '2021-02-05T09:14:15.593348Z', null, '98a61f29-18a8-430a-9d02-0f53486e0984', '2bd0903c-6e4d-4d83-8558-1eab52079de0', 'null', null),
('e5f3df28-c253-45f2-8bdf-e80912d7db51', False, 'prvt1-tennesseer-perryvilletn', 'PRVT1-TennesseeR-PerryvilleTN', null, ST_GeomFromText('POINT(-88.0389 35.6247)',4326), null, null, '2021-02-05T09:14:15.593371Z', null, '98a61f29-18a8-430a-9d02-0f53486e0984', '2bd0903c-6e4d-4d83-8558-1eab52079de0', 'null', null),
('c98d9f72-5c6f-4ccc-a51b-e6f28ad71f52', False, 'hmlt1-duckr-abvhurricanemillstn', 'HMLT1-DuckR-abvHurricaneMillsTN', null, ST_GeomFromText('POINT(-87.7431 35.9297)',4326), null, null, '2021-02-05T09:14:15.593390Z', null, '98a61f29-18a8-430a-9d02-0f53486e0984', '2bd0903c-6e4d-4d83-8558-1eab52079de0', 'null', null),
('f1f7259e-aa28-458d-a722-a5116e6bcf97', False, 'vert1-pineyr-vernontn', 'VERT1-PineyR-VernonTN', null, ST_GeomFromText('POINT(-87.5014 35.8711)',4326), null, null, '2021-02-05T09:14:15.593406Z', null, '98a61f29-18a8-430a-9d02-0f53486e0984', '2bd0903c-6e4d-4d83-8558-1eab52079de0', 'null', null),
('2bc54c6c-b626-4d77-9e1d-c4afd2688529', False, 'fltt1-buffalor-nrflatwoodstn', 'FLTT1-BuffaloR-nrFlatWoodsTN', null, ST_GeomFromText('POINT(-87.8328 35.4958)',4326), null, null, '2021-02-05T09:14:15.593421Z', null, '98a61f29-18a8-430a-9d02-0f53486e0984', '2bd0903c-6e4d-4d83-8558-1eab52079de0', 'null', null),
('8fb7c9bf-f49e-4f06-8207-b37d25516eff', False, 'blct1-bledsoecr-gallatintn', 'BLCT1-BledsoeCr-GallatinTN', null, ST_GeomFromText('POINT(-86.3494 36.4228)',4326), null, null, '2021-02-05T09:14:15.593437Z', null, '98a61f29-18a8-430a-9d02-0f53486e0984', '2bd0903c-6e4d-4d83-8558-1eab52079de0', 'null', null),
('dc2d5dbe-0eec-4f26-be9a-1bcb4d941306', False, 'jpht1-j-percy-priest', 'JPHT1-J_PERCY_PRIEST', null, ST_GeomFromText('POINT(-86.6194 36.1489)',4326), null, null, '2021-02-05T09:14:15.593455Z', null, '98a61f29-18a8-430a-9d02-0f53486e0984', '2bd0903c-6e4d-4d83-8558-1eab52079de0', 'null', null),
('d35922a1-b79d-4e33-a9ad-529d718e0070', False, 'jppt1-j-percy-priest', 'JPPT1-J_PERCY_PRIEST', null, ST_GeomFromText('POINT(-86.6181 36.1567)',4326), null, null, '2021-02-05T09:14:15.593471Z', null, '98a61f29-18a8-430a-9d02-0f53486e0984', '2bd0903c-6e4d-4d83-8558-1eab52079de0', 'null', null),
('5d469117-c7ab-4d53-a37f-2804e52524c5', False, 'blwk2-rockcastler-billowsky', 'BLWK2-RockcastleR-BillowsKY', null, ST_GeomFromText('POINT(-84.2967 37.1711)',4326), null, null, '2021-02-05T09:14:15.593486Z', null, '98a61f29-18a8-430a-9d02-0f53486e0984', '2bd0903c-6e4d-4d83-8558-1eab52079de0', 'null', null),
('d6b71b90-1259-471e-b3e9-d6c8c997113e', False, 'bygt1-wolfr-byrdstowntn', 'BYGT1-WolfR-ByrdstownTN', null, ST_GeomFromText('POINT(-85.0728 36.8631)',4326), null, null, '2021-02-05T09:14:15.593502Z', null, '98a61f29-18a8-430a-9d02-0f53486e0984', '2bd0903c-6e4d-4d83-8558-1eab52079de0', 'null', null),
('b674d698-0f0c-4019-a31d-8986c7359af7', False, 'cclk2-cranks-creek', 'CCLK2-CRANKS_CREEK', null, ST_GeomFromText('POINT(-83.2383 36.7394)',4326), null, null, '2021-02-05T09:14:15.593517Z', null, '98a61f29-18a8-430a-9d02-0f53486e0984', '2bd0903c-6e4d-4d83-8558-1eab52079de0', 'null', null),
('99a4ff62-6354-4b59-ba20-e3e6f020be03', False, 'cdzk2-littler-cadizky', 'CDZK2-LittleR-CadizKY', null, ST_GeomFromText('POINT(-87.7217 36.7778)',4326), null, null, '2021-02-05T09:14:15.593533Z', null, '98a61f29-18a8-430a-9d02-0f53486e0984', '2bd0903c-6e4d-4d83-8558-1eab52079de0', 'null', null),
('e792d532-6695-4987-953f-70210cdbe785', False, 'last1-efkstonesr-lascassastn', 'LAST1-EFkStonesR-LascassasTN', null, ST_GeomFromText('POINT(-86.3336 35.9183)',4326), null, null, '2021-02-05T09:14:15.593549Z', null, '98a61f29-18a8-430a-9d02-0f53486e0984', '2bd0903c-6e4d-4d83-8558-1eab52079de0', 'null', null),
('c35515ca-d720-432e-b95c-53b52600cccb', False, 'jagt1-efkobeyr-jamestowntn', 'JAGT1-EFkObeyR-JamestownTN', null, ST_GeomFromText('POINT(-85.0261 36.4158)',4326), null, null, '2021-02-05T09:14:15.593564Z', null, '98a61f29-18a8-430a-9d02-0f53486e0984', '2bd0903c-6e4d-4d83-8558-1eab52079de0', 'null', null),
('e12668c2-168d-4d5a-a830-f2adbeae6740', False, 'cfkt1-clearfkr-nrrobinstn', 'CFKT1-ClearFkR-nrRobinsTN', null, ST_GeomFromText('POINT(-84.6302 36.3882)',4326), null, null, '2021-02-05T09:14:15.593579Z', null, '98a61f29-18a8-430a-9d02-0f53486e0984', '2bd0903c-6e4d-4d83-8558-1eab52079de0', 'null', null),
('d317e9c1-df30-4c47-89e4-c6cfbfba81a9', False, 'frat1-harpethr-franklintn', 'FRAT1-HarpethR-FranklinTN', null, ST_GeomFromText('POINT(-86.8656 35.9211)',4326), null, null, '2021-02-05T09:14:15.593595Z', null, '98a61f29-18a8-430a-9d02-0f53486e0984', '2bd0903c-6e4d-4d83-8558-1eab52079de0', 'null', null),
('537cb139-e03c-4196-9996-6b03e623ce43', False, 'lylk2-cumberlandr-loyallky', 'LYLK2-CumberlandR-LoyallKY', null, ST_GeomFromText('POINT(-83.3544 36.8478)',4326), null, null, '2021-02-05T09:14:15.593611Z', null, '98a61f29-18a8-430a-9d02-0f53486e0984', '2bd0903c-6e4d-4d83-8558-1eab52079de0', 'null', null),
('d44e3814-6472-49d4-ab89-a14d62b4eb31', False, 'mugt1-efkstonesr-murfreesborotn', 'MUGT1-EFkStonesR-MurfreesboroTN', null, ST_GeomFromText('POINT(-86.4286 35.9025)',4326), null, null, '2021-02-05T09:14:15.593626Z', null, '98a61f29-18a8-430a-9d02-0f53486e0984', '2bd0903c-6e4d-4d83-8558-1eab52079de0', 'null', null),
('f7a5d66b-6f2a-4b04-90ac-2c46ec3f9813', False, 'port1-redr-portroyaltn', 'PORT1-RedR-PortRoyalTN', null, ST_GeomFromText('POINT(-87.1422 36.5539)',4326), null, null, '2021-02-05T09:14:15.593642Z', null, '98a61f29-18a8-430a-9d02-0f53486e0984', '2bd0903c-6e4d-4d83-8558-1eab52079de0', 'null', null),
('0713fbcf-426c-4a6a-9661-3af7990b2ba7', False, 'strk2-sfkcumberlandr-stearnsky', 'STRK2-SFkCumberlandR-StearnsKY', null, ST_GeomFromText('POINT(-84.5325 36.6292)',4326), null, null, '2021-02-05T09:14:15.593658Z', null, '98a61f29-18a8-430a-9d02-0f53486e0984', '2bd0903c-6e4d-4d83-8558-1eab52079de0', 'null', null),
('b067fb49-80ea-46e7-b7e8-8421ad267d26', False, 'nrvt1-newr-nrrobinstn', 'NRVT1-NewR-nrRobinsTN', null, ST_GeomFromText('POINT(-84.5548 36.3854)',4326), null, null, '2021-02-05T09:14:15.593676Z', null, '98a61f29-18a8-430a-9d02-0f53486e0984', '2bd0903c-6e4d-4d83-8558-1eab52079de0', 'null', null),
('c9560d3c-8774-4914-ad03-b445a0b7da9d', False, 'smlk2-cumberlandr-smithlandky', 'SMLK2-CumberlandR-SmithlandKY', null, ST_GeomFromText('POINT(-88.3997 37.1467)',4326), null, null, '2021-02-05T09:14:15.593692Z', null, '98a61f29-18a8-430a-9d02-0f53486e0984', '2bd0903c-6e4d-4d83-8558-1eab52079de0', 'null', null),
('f76b38fb-4ebd-4342-811f-d6d240f72b63', False, 'mcgt1-collinsr-mcminnvilletn', 'MCGT1-CollinsR-McMinnvilleTN', null, ST_GeomFromText('POINT(-85.7319 35.7083)',4326), null, null, '2021-02-05T09:14:15.593707Z', null, '98a61f29-18a8-430a-9d02-0f53486e0984', '2bd0903c-6e4d-4d83-8558-1eab52079de0', 'null', null),
('1df8f4a4-4fd7-4854-bd6a-9d8223674257', False, 'pvlk2-cumberlandr-pinevilleky', 'PVLK2-CumberlandR-PinevilleKY', null, ST_GeomFromText('POINT(-83.6925 36.7644)',4326), null, null, '2021-02-05T09:14:15.593723Z', null, '98a61f29-18a8-430a-9d02-0f53486e0984', '2bd0903c-6e4d-4d83-8558-1eab52079de0', 'null', null),
('4a909b0e-babf-45a8-86b3-7380de576c8e', False, 'lbst1-springcr-lebanontn', 'LBST1-SpringCr-LebanonTN', null, ST_GeomFromText('POINT(-86.2369 36.2217)',4326), null, null, '2021-02-05T09:14:15.593739Z', null, '98a61f29-18a8-430a-9d02-0f53486e0984', '2bd0903c-6e4d-4d83-8558-1eab52079de0', 'null', null),
('52a2ea78-537d-4bac-84c2-b68c3e369fb8', False, 'pent1-cumberlandr-penitentiarybrtn', 'PENT1-CumberlandR-PenitentiaryBrTN', null, ST_GeomFromText('POINT(-85.5958 36.4394)',4326), null, null, '2021-02-05T09:14:15.593755Z', null, '98a61f29-18a8-430a-9d02-0f53486e0984', '2bd0903c-6e4d-4d83-8558-1eab52079de0', 'null', null),
('8d62c70e-0c4f-4764-a89d-7460a489b264', False, 'mdlk2-yellowcr-middlesboroky', 'MDLK2-YellowCr-MiddlesboroKY', null, ST_GeomFromText('POINT(-83.6881 36.6678)',4326), null, null, '2021-02-05T09:14:15.593772Z', null, '98a61f29-18a8-430a-9d02-0f53486e0984', '2bd0903c-6e4d-4d83-8558-1eab52079de0', 'null', null),
('bdf8606a-cd54-47f5-b300-3dd5f45b6e99', False, 'jnct1-jenningscr-whitleyvilletn', 'JNCT1-JenningsCr-WhitleyvilleTN', null, ST_GeomFromText('POINT(-85.6747 36.4403)',4326), null, null, '2021-02-05T09:14:15.593791Z', null, '98a61f29-18a8-430a-9d02-0f53486e0984', '2bd0903c-6e4d-4d83-8558-1eab52079de0', 'null', null),
('62952458-39ee-4f4a-ada1-8911868d6d68', False, 'gvst1-smithfkcr-temperancehalltn', 'GVST1-SmithFkCr-TemperanceHallTN', null, ST_GeomFromText('POINT(-85.9078 36.0875)',4326), null, null, '2021-02-05T09:14:15.593807Z', null, '98a61f29-18a8-430a-9d02-0f53486e0984', '2bd0903c-6e4d-4d83-8558-1eab52079de0', 'null', null),
('a21f8d4c-41fb-47f7-9a40-7c5f93f85343', False, 'sxtk2-clearfk-saxtonky', 'SXTK2-ClearFk-SaxtonKY', null, ST_GeomFromText('POINT(-84.1144 36.6339)',4326), null, null, '2021-02-05T09:14:15.593822Z', null, '98a61f29-18a8-430a-9d02-0f53486e0984', '2bd0903c-6e4d-4d83-8558-1eab52079de0', 'null', null),
('bd1adf73-944d-4bb1-acf2-ec533f796039', False, 'njnt1-tennesseer-nrnewjohnsonvilletn', 'NJNT1-TennesseeR-nrNewJohnsonvilleTN', null, ST_GeomFromText('POINT(-88.0003 35.0178)',4326), null, null, '2021-02-05T09:14:15.593838Z', null, '98a61f29-18a8-430a-9d02-0f53486e0984', '2bd0903c-6e4d-4d83-8558-1eab52079de0', 'null', null),
('661e34eb-2ace-4d33-9d28-bc62b9fe0f76', False, 'kint1-harpethr-kingstonsprngstn', 'KINT1-HarpethR-KingstonSprngsTN', null, ST_GeomFromText('POINT(-87.0989 36.1222)',4326), null, null, '2021-02-05T09:14:15.593853Z', null, '98a61f29-18a8-430a-9d02-0f53486e0984', '2bd0903c-6e4d-4d83-8558-1eab52079de0', 'null', null),
('6203ad8e-1f17-4320-ba99-5dff4792748a', False, 'hort1-horsecr-nrsavannahtn', 'HORT1-HorseCr-nrSavannahTN', null, ST_GeomFromText('POINT(-88.2094 35.1806)',4326), null, null, '2021-02-05T09:14:15.593869Z', null, '98a61f29-18a8-430a-9d02-0f53486e0984', '2bd0903c-6e4d-4d83-8558-1eab52079de0', 'null', null),
('98b2a65e-22e2-4f55-97b6-477e9f518d96', False, 'emgt1-yellowcr-ellismillstn', 'EMGT1-YellowCr-EllisMillsTN', null, ST_GeomFromText('POINT(-87.5536 36.3108)',4326), null, null, '2021-02-05T09:14:15.593888Z', null, '98a61f29-18a8-430a-9d02-0f53486e0984', '2bd0903c-6e4d-4d83-8558-1eab52079de0', 'null', null),
('0b973d32-1f93-4aa2-a2c8-821552ab2ddd', False, 'mtck2-beavercr-monticelloky', 'MTCK2-BeaverCr-MonticelloKY', null, ST_GeomFromText('POINT(-84.8961 36.7975)',4326), null, null, '2021-02-05T09:14:15.593904Z', null, '98a61f29-18a8-430a-9d02-0f53486e0984', '2bd0903c-6e4d-4d83-8558-1eab52079de0', 'null', null),
('84f90597-a764-4be8-99e2-0ef09212672d', False, 'colt1-duckr-columbiatn', 'COLT1-DuckR-ColumbiaTN', null, ST_GeomFromText('POINT(-87.0325 35.6181)',4326), null, null, '2021-02-05T09:14:15.593921Z', null, '98a61f29-18a8-430a-9d02-0f53486e0984', '2bd0903c-6e4d-4d83-8558-1eab52079de0', 'null', null),
('fb44ae76-02c0-4b91-8756-edac44a51925', False, 'ohit1-old-hickory', 'OHIT1-OLD_HICKORY', null, ST_GeomFromText('POINT(-86.6589 36.2972)',4326), null, null, '2021-02-05T09:14:15.593937Z', null, '98a61f29-18a8-430a-9d02-0f53486e0984', '2bd0903c-6e4d-4d83-8558-1eab52079de0', 'null', null),
('12989fd5-fa1f-46a6-a784-2e784dc18a44', False, 'wlbk2-cumberlandr-williamsburgky', 'WLBK2-CumberlandR-WilliamsburgKY', null, ST_GeomFromText('POINT(-84.1564 36.7436)',4326), null, null, '2021-02-05T09:14:15.593952Z', null, '98a61f29-18a8-430a-9d02-0f53486e0984', '2bd0903c-6e4d-4d83-8558-1eab52079de0', 'null', null),
('328969f6-67b3-4126-92ed-768edc93cefd', False, 'shvt1-duckr-nrshelbyvilletn', 'SHVT1-DuckR-nrShelbyvilleTN', null, ST_GeomFromText('POINT(-86.4992 35.4803)',4326), null, null, '2021-02-05T09:14:15.593968Z', null, '98a61f29-18a8-430a-9d02-0f53486e0984', '2bd0903c-6e4d-4d83-8558-1eab52079de0', 'null', null),
('8dcf5fed-620d-4dc4-be34-1dcf5c95eb0c', False, 'fldt1-fort-loudon', 'FLDT1-FORT_LOUDON', null, ST_GeomFromText('POINT(-84.2456 35.7922)',4326), null, null, '2021-02-05T09:14:15.593983Z', null, '98a61f29-18a8-430a-9d02-0f53486e0984', '2bd0903c-6e4d-4d83-8558-1eab52079de0', 'null', null),
('d1ff93f8-43b0-42ce-a160-eff33a428d47', False, 'lvgt1-livingstontn', 'LVGT1-LivingstonTN', null, ST_GeomFromText('POINT(-85.3167 36.3833)',4326), null, null, '2021-02-05T09:14:15.593999Z', null, '98a61f29-18a8-430a-9d02-0f53486e0984', '2bd0903c-6e4d-4d83-8558-1eab52079de0', 'null', null),
('81998deb-96b1-404f-9aa0-311f5a383938', False, 'jnvt1', 'JNVT1', null, ST_GeomFromText('POINT(87.9758 36.0308)',4326), null, null, '2021-02-05T09:14:15.594017Z', null, '98a61f29-18a8-430a-9d02-0f53486e0984', '2bd0903c-6e4d-4d83-8558-1eab52079de0', 'null', null),
('bed0b812-d4c1-4b54-aab2-b3c58dab76b9', False, 'gbot1-roaringr-gainesborotn', 'GBOT1-RoaringR-GainesboroTN', null, ST_GeomFromText('POINT(-85.5453 36.3514)',4326), null, null, '2021-02-05T09:14:15.594033Z', null, '98a61f29-18a8-430a-9d02-0f53486e0984', '2bd0903c-6e4d-4d83-8558-1eab52079de0', 'null', null),
('579ed4e7-4306-4f5b-99e9-4e469d59fab0', False, 'lebt1-lebanontn', 'LEBT1-LebanonTN', null, ST_GeomFromText('POINT(-86.3178 36.2286)',4326), null, null, '2021-02-05T09:14:15.594049Z', null, '98a61f29-18a8-430a-9d02-0f53486e0984', '2bd0903c-6e4d-4d83-8558-1eab52079de0', 'null', null),
('3778cd69-73cd-4df3-992b-a7fe204e4f3a', False, 'unvt1-unionvilletn', 'UNVT1-UnionvilleTN', null, ST_GeomFromText('POINT(-86.5864 35.6211)',4326), null, null, '2021-02-05T09:14:15.594065Z', null, '98a61f29-18a8-430a-9d02-0f53486e0984', '2bd0903c-6e4d-4d83-8558-1eab52079de0', 'null', null),
('9e468f66-23aa-4397-9268-6d4632d9ee53', False, 'wdbt1-woodburytn', 'WDBT1-WoodburyTN', null, ST_GeomFromText('POINT(-86.0733 35.8292)',4326), null, null, '2021-02-05T09:14:15.594081Z', null, '98a61f29-18a8-430a-9d02-0f53486e0984', '2bd0903c-6e4d-4d83-8558-1eab52079de0', 'null', null),
('a39196f0-fa1e-4312-840b-41d246d92860', False, 'lbyk2-libertyky', 'LBYK2-LibertyKY', null, ST_GeomFromText('POINT(-84.9333 37.3)',4326), null, null, '2021-02-05T09:14:15.594097Z', null, '98a61f29-18a8-430a-9d02-0f53486e0984', '2bd0903c-6e4d-4d83-8558-1eab52079de0', 'null', null),
('ca0c3c9f-03ae-40f6-bb41-5f9f5dff8a15', False, 'nkjt1-nickajack', 'NKJT1-NICKAJACK', null, ST_GeomFromText('POINT(-85.6222 35.0017)',4326), null, null, '2021-02-05T09:14:15.594115Z', null, '98a61f29-18a8-430a-9d02-0f53486e0984', '2bd0903c-6e4d-4d83-8558-1eab52079de0', 'null', null),
('bae5493c-330e-40dd-b248-efb766b0a1e4', False, 'wbot1-watts-bar', 'WBOT1-WATTS_BAR', null, ST_GeomFromText('POINT(-84.7886 35.6086)',4326), null, null, '2021-02-05T09:14:15.594135Z', null, '98a61f29-18a8-430a-9d02-0f53486e0984', '2bd0903c-6e4d-4d83-8558-1eab52079de0', 'null', null),
('7a9fb19b-78bc-45c0-8026-df61c311ac0f', False, 'orlt1-orlindatn', 'ORLT1-OrlindaTN', null, ST_GeomFromText('POINT(-86.7153 36.6025)',4326), null, null, '2021-02-05T09:14:15.594151Z', null, '98a61f29-18a8-430a-9d02-0f53486e0984', '2bd0903c-6e4d-4d83-8558-1eab52079de0', 'null', null),
('8066a682-0c43-43bb-9095-34d8592e6adc', False, 'cntt1', 'CNTT1', null, ST_GeomFromText('POINT(0 0)',4326), null, null, '2021-02-05T09:14:15.594205Z', null, '98a61f29-18a8-430a-9d02-0f53486e0984', '2bd0903c-6e4d-4d83-8558-1eab52079de0', 'null', null),
('10d31320-e970-4b16-b125-424e4c4c448e', False, 'ctnk2-cantonky', 'CTNK2-CantonKY', null, ST_GeomFromText('POINT(-87.9644 36.7942)',4326), null, null, '2021-02-05T09:14:15.594223Z', null, '98a61f29-18a8-430a-9d02-0f53486e0984', '2bd0903c-6e4d-4d83-8558-1eab52079de0', 'null', null),
('af90c532-3648-4b6e-bb86-90979db67729', False, 'coot1-cookevilletn', 'COOT1-CookevilleTN', null, ST_GeomFromText('POINT(-85.5 36.15)',4326), null, null, '2021-02-05T09:14:15.594239Z', null, '98a61f29-18a8-430a-9d02-0f53486e0984', '2bd0903c-6e4d-4d83-8558-1eab52079de0', 'null', null),
('4a61fd9f-216b-4db1-ae85-83e0574d7dfb', False, 'kwtt1-knoxvilletn-wtp', 'KWTT1-KnoxvilleTN-WTP', null, ST_GeomFromText('POINT(-83.9289 5.9456)',4326), null, null, '2021-02-05T09:14:15.594255Z', null, '98a61f29-18a8-430a-9d02-0f53486e0984', '2bd0903c-6e4d-4d83-8558-1eab52079de0', 'null', null),
('72417936-0198-480f-88b1-bc75a2cb11d1', False, 'brak2-bereaky', 'BRAK2-BereaKY', null, ST_GeomFromText('POINT(-84.2525 37.5744)',4326), null, null, '2021-02-05T09:14:15.594271Z', null, '98a61f29-18a8-430a-9d02-0f53486e0984', '2bd0903c-6e4d-4d83-8558-1eab52079de0', 'null', null),
('d9980223-aefb-4dee-a9b8-1fcb6e998773', False, 'cbbk2-cobbky', 'CBBK2-CobbKY', null, ST_GeomFromText('POINT(-87.7781 36.9933)',4326), null, null, '2021-02-05T09:14:15.594288Z', null, '98a61f29-18a8-430a-9d02-0f53486e0984', '2bd0903c-6e4d-4d83-8558-1eab52079de0', 'null', null),
('c3f98550-023a-490e-b7a3-847e8353a061', False, 'ektk2-elktonky', 'EKTK2-ElktonKY', null, ST_GeomFromText('POINT(-87.1022 36.8022)',4326), null, null, '2021-02-05T09:14:15.594304Z', null, '98a61f29-18a8-430a-9d02-0f53486e0984', '2bd0903c-6e4d-4d83-8558-1eab52079de0', 'null', null),
('b090f475-dd3b-449d-9e8a-81ce6bafda39', False, 'hbft1-harpethr-blwfranklin', 'HBFT1-HarpethR-blwFranklin', null, ST_GeomFromText('POINT(-86.8817 35.9481)',4326), null, null, '2021-02-05T09:14:15.594320Z', null, '98a61f29-18a8-430a-9d02-0f53486e0984', '2bd0903c-6e4d-4d83-8558-1eab52079de0', 'null', null),
('0b94b773-4e84-4cad-80ea-492047044870', False, 'bigt1-bigsandyr-brucetontn', 'BIGT1-BigSandyR-BrucetonTN', null, ST_GeomFromText('POINT(-88.2289 36.0369)',4326), null, null, '2021-02-05T09:14:15.594342Z', null, '98a61f29-18a8-430a-9d02-0f53486e0984', '2bd0903c-6e4d-4d83-8558-1eab52079de0', 'null', null),
('3bced85a-304c-470a-9d89-3b0405bfcd63', False, 'mltt1-duckr-avbmilltowntn', 'MLTT1-DuckR-avbMilltownTN', null, ST_GeomFromText('POINT(-86.7789 35.5764)',4326), null, null, '2021-02-05T09:14:15.594358Z', null, '98a61f29-18a8-430a-9d02-0f53486e0984', '2bd0903c-6e4d-4d83-8558-1eab52079de0', 'null', null),
('2bce3be9-1aa2-44d9-b07b-988770bd519b', False, 'chpt1-cheatham', 'CHPT1-CHEATHAM', null, ST_GeomFromText('POINT(-87.2275 36.3144)',4326), null, null, '2021-02-05T09:14:15.594375Z', null, '98a61f29-18a8-430a-9d02-0f53486e0984', '2bd0903c-6e4d-4d83-8558-1eab52079de0', 'null', null),
('0ff0e1e1-7116-43b2-9e67-ec1ec5bf0824', False, 'ceht1-center-hill', 'CEHT1-CENTER_HILL', null, ST_GeomFromText('POINT(-85.8272 36.0939)',4326), null, null, '2021-02-05T09:14:15.594485Z', null, '98a61f29-18a8-430a-9d02-0f53486e0984', '2bd0903c-6e4d-4d83-8558-1eab52079de0', 'null', null),
('bb1af020-f53e-4f4c-9745-138a857d9a96', False, 'lapk2-laurel', 'LAPK2-LAUREL', null, ST_GeomFromText('POINT(-84.2678 36.9625)',4326), null, null, '2021-02-05T09:14:15.594519Z', null, '98a61f29-18a8-430a-9d02-0f53486e0984', '2bd0903c-6e4d-4d83-8558-1eab52079de0', 'null', null),
('13f844b5-f11a-4844-adc4-64cd0c33b8f4', False, 'cmbk2-poorfk-cumberlandky', 'CMBK2-PoorFk-CumberlandKY', null, ST_GeomFromText('POINT(-82.9939 36.9733)',4326), null, null, '2021-02-05T09:14:15.594537Z', null, '98a61f29-18a8-430a-9d02-0f53486e0984', '2bd0903c-6e4d-4d83-8558-1eab52079de0', 'null', null),
('867a2c98-0553-4491-a6de-fb052c1eb9db', False, 'fnht1-fountaincr-nrfountainheightstn', 'FNHT1-FountainCr-nrFountainHeightsTN', null, ST_GeomFromText('POINT(-86.9419 35.5181)',4326), null, null, '2021-02-05T09:14:15.594556Z', null, '98a61f29-18a8-430a-9d02-0f53486e0984', '2bd0903c-6e4d-4d83-8558-1eab52079de0', 'null', null),
('8970d053-bcb5-473f-8d01-269b743378b8', False, 'bpgt1-bethpagetn', 'BPGT1-BethpageTN', null, ST_GeomFromText('POINT(-86.3106 36.4872)',4326), null, null, '2021-02-05T09:14:15.594582Z', null, '98a61f29-18a8-430a-9d02-0f53486e0984', '2bd0903c-6e4d-4d83-8558-1eab52079de0', 'null', null),
('683092b7-8dc9-42fa-938a-9aa2d65ebdd8', False, 'bbvk2-cumberlandr-barbourvilleky', 'BBVK2-CumberlandR-BarbourvilleKY', null, ST_GeomFromText('POINT(-83.8875 36.8631)',4326), null, null, '2021-02-05T09:14:15.594608Z', null, '98a61f29-18a8-430a-9d02-0f53486e0984', '2bd0903c-6e4d-4d83-8558-1eab52079de0', 'null', null),
('ead4b9d0-09c4-45bd-af43-dd123ae95973', False, 'cnvt1-duckr-centervilletn', 'CNVT1-DuckR-CentervilleTN', null, ST_GeomFromText('POINT(-87.46 35.7842)',4326), null, null, '2021-02-05T09:14:15.594633Z', null, '98a61f29-18a8-430a-9d02-0f53486e0984', '2bd0903c-6e4d-4d83-8558-1eab52079de0', 'null', null),
('29e8d3e5-1eb3-40dc-84bf-86c329ebbf57', False, 'dblt1-bigrockcr-nrdoublebridgestn', 'DBLT1-BigRockCr-nrDoubleBridgesTN', null, ST_GeomFromText('POINT(-86.7686 35.5044)',4326), null, null, '2021-02-05T09:14:15.594658Z', null, '98a61f29-18a8-430a-9d02-0f53486e0984', '2bd0903c-6e4d-4d83-8558-1eab52079de0', 'null', null),
('48cc73a8-16bb-4d04-8a6a-899a1980126b', False, 'mcet1-mcewentn', 'MCET1-McEwenTN', null, ST_GeomFromText('POINT(-87.6369 36.1069)',4326), null, null, '2021-02-05T09:14:15.594684Z', null, '98a61f29-18a8-430a-9d02-0f53486e0984', '2bd0903c-6e4d-4d83-8558-1eab52079de0', 'null', null),
('50b60c57-8bb9-4886-a7af-45c931b6b59b', False, 'ohht1-old-hickory', 'OHHT1-OLD_HICKORY', null, ST_GeomFromText('POINT(-86.6589 36.2972)',4326), null, null, '2021-02-05T09:14:15.594737Z', null, '98a61f29-18a8-430a-9d02-0f53486e0984', '2bd0903c-6e4d-4d83-8558-1eab52079de0', 'null', null),
('78ed1c56-2a8a-4f65-9681-7ad3a2c2b817', False, 'ohgt1-old-hickory', 'OHGT1-OLD_HICKORY', null, ST_GeomFromText('POINT(-86.6586 36.2969)',4326), null, null, '2021-02-05T09:14:15.594945Z', null, '98a61f29-18a8-430a-9d02-0f53486e0984', '2bd0903c-6e4d-4d83-8558-1eab52079de0', 'null', null),
('bc257152-d5b8-4cfa-b805-272e559a717e', False, 'barkley-spillway-gates', 'Barkley-Spillway-Gates', null, ST_GeomFromText('POINT(-88.2235 37.0207)',4326), null, null, '2021-02-05T09:14:15.594990Z', null, '98a61f29-18a8-430a-9d02-0f53486e0984', '2bd0903c-6e4d-4d83-8558-1eab52079de0', 'null', null),
('31de340d-4115-4adf-b43b-f3532935a1f4', False, 'cordell-hull-spillway-gates', 'Cordell-Hull-Spillway-Gates', null, ST_GeomFromText('POINT(-85.9432 36.2901)',4326), null, null, '2021-02-05T09:14:15.595026Z', null, '98a61f29-18a8-430a-9d02-0f53486e0984', '2bd0903c-6e4d-4d83-8558-1eab52079de0', 'null', null),
('93c1c2cc-c23e-4a32-b717-a2709103b6c0', False, 'cheatham-spillway-gates', 'Cheatham-Spillway-Gates', null, ST_GeomFromText('POINT(-87.2226 36.3196)',4326), null, null, '2021-02-05T09:14:15.595079Z', null, '98a61f29-18a8-430a-9d02-0f53486e0984', '2bd0903c-6e4d-4d83-8558-1eab52079de0', 'null', null),
('089b25dd-813c-4209-9aa4-90317dfda7ae', False, 'bort1', 'BORT1', null, ST_GeomFromText('POINT(-86.8203 36.2175)',4326), null, null, '2021-02-05T09:14:15.595117Z', null, '98a61f29-18a8-430a-9d02-0f53486e0984', '2bd0903c-6e4d-4d83-8558-1eab52079de0', 'null', null),
('8a456b58-67cb-4d55-8f5e-ff492ab7f27a', False, 'nrct1', 'NRCT1', null, ST_GeomFromText('POINT(-86.8542 36.1511)',4326), null, null, '2021-02-05T09:14:15.595138Z', null, '98a61f29-18a8-430a-9d02-0f53486e0984', '2bd0903c-6e4d-4d83-8558-1eab52079de0', 'null', null),
('dbc17081-a9af-404c-a276-064c0f49f770', False, 'nbct1', 'NBCT1', null, ST_GeomFromText('POINT(-86.7611 36.13)',4326), null, null, '2021-02-05T09:14:15.595156Z', null, '98a61f29-18a8-430a-9d02-0f53486e0984', '2bd0903c-6e4d-4d83-8558-1eab52079de0', 'null', null),
('6487b608-0117-4395-855c-00357c83bc8c', False, 'cumberlandnashville', 'CumberlandNashville', null, ST_GeomFromText('POINT(-86.7764 36.1672)',4326), null, null, '2021-02-05T09:14:15.595174Z', null, '98a61f29-18a8-430a-9d02-0f53486e0984', '2bd0903c-6e4d-4d83-8558-1eab52079de0', 'null', null),
('f4419db2-b033-475c-9b7c-77f875c235d8', False, 'paducah', 'Paducah', null, ST_GeomFromText('POINT(-88.5944 37.0894)',4326), null, null, '2021-02-05T09:14:15.595191Z', null, '98a61f29-18a8-430a-9d02-0f53486e0984', '2bd0903c-6e4d-4d83-8558-1eab52079de0', 'null', null),
('688396ac-99b4-4633-a982-377fbdff5e02', False, 'mflk2-martins-fork', 'MFLK2-MARTINS_FORK', null, ST_GeomFromText('POINT(-83.2597 36.7506)',4326), null, null, '2021-02-05T09:14:15.595208Z', null, '98a61f29-18a8-430a-9d02-0f53486e0984', '2bd0903c-6e4d-4d83-8558-1eab52079de0', 'null', null),
('4e8a3037-d547-467b-870e-ee4d9232274a', False, 'akln6', 'AKLN6', null, ST_GeomFromText('POINT(-77.7167 42.3958)',4326), null, null, '2021-02-05T09:14:15.595607Z', null, '98a61f29-18a8-430a-9d02-0f53486e0984', '2bd0903c-6e4d-4d83-8558-1eab52079de0', 'null', null),
('1fb3a89d-aefa-4b7d-ad05-f312cc938667', False, 'rochesterny-blbn6', 'RochesterNY-BLBN6', null, ST_GeomFromText('POINT(-77.6806 43.0922)',4326), null, null, '2021-02-05T09:14:15.595657Z', null, '98a61f29-18a8-430a-9d02-0f53486e0984', '2bd0903c-6e4d-4d83-8558-1eab52079de0', 'null', null),
('9ccc71c2-55e5-456d-bd38-ecd928413ba7', False, 'churchvilleny-chcn6', 'ChurchvilleNY-CHCN6', null, ST_GeomFromText('POINT(-77.8825 43.1006)',4326), null, null, '2021-02-05T09:14:15.595697Z', null, '98a61f29-18a8-430a-9d02-0f53486e0984', '2bd0903c-6e4d-4d83-8558-1eab52079de0', 'null', null),
('6e888269-61fc-483f-8f8d-10e42e229bfe', False, 'dansvilleny-dsvn6', 'DansvilleNY-DSVN6', null, ST_GeomFromText('POINT(-77.7044 42.5356)',4326), null, null, '2021-02-05T09:14:15.595732Z', null, '98a61f29-18a8-430a-9d02-0f53486e0984', '2bd0903c-6e4d-4d83-8558-1eab52079de0', 'null', null),
('f8e40159-6484-494c-8407-787fccb28b47', False, 'honeoyecreekny-hnyn6', 'HoneoyeCreekNY-HNYN6', null, ST_GeomFromText('POINT(-77.5889 42.9569)',4326), null, null, '2021-02-05T09:14:15.595764Z', null, '98a61f29-18a8-430a-9d02-0f53486e0984', '2bd0903c-6e4d-4d83-8558-1eab52079de0', 'null', null),
('2df711dd-2056-4cb2-934f-f80022d410eb', False, 'jonesbridgeny-jonn6', 'JonesBridgeNY-JONN6', null, ST_GeomFromText('POINT(-77.8392 42.7667)',4326), null, null, '2021-02-05T09:14:15.595795Z', null, '98a61f29-18a8-430a-9d02-0f53486e0984', '2bd0903c-6e4d-4d83-8558-1eab52079de0', 'null', null),
('253202a2-0a8b-4e5a-bddd-a13b2f80c3ff', False, 'wellsvilleny-weln6', 'WellsvilleNY-WELN6', null, ST_GeomFromText('POINT(-77.9575 42.1222)',4326), null, null, '2021-02-05T09:14:15.595824Z', null, '98a61f29-18a8-430a-9d02-0f53486e0984', '2bd0903c-6e4d-4d83-8558-1eab52079de0', 'null', null),
('a2d41306-ee43-4ef1-a3b2-84592b4121e7', False, 'warsawny-wrsn6', 'WarsawNY-WRSN6', null, ST_GeomFromText('POINT(-78.1378 42.7442)',4326), null, null, '2021-02-05T09:14:15.595845Z', null, '98a61f29-18a8-430a-9d02-0f53486e0984', '2bd0903c-6e4d-4d83-8558-1eab52079de0', 'null', null),
('72803fb7-9e3d-4366-86d0-d4e2b3528096', False, 'elkp1', 'ELKP1', null, ST_GeomFromText('POINT(-77.3025 41.9875)',4326), null, null, '2021-02-05T09:14:15.595873Z', null, '98a61f29-18a8-430a-9d02-0f53486e0984', '2bd0903c-6e4d-4d83-8558-1eab52079de0', 'null', null),
('904f3d4b-8e2e-4531-ac2b-de21793a9016', False, 'hrln6', 'HRLN6', null, ST_GeomFromText('POINT(-77.7044 42.3489)',4326), null, null, '2021-02-05T09:14:15.595891Z', null, '98a61f29-18a8-430a-9d02-0f53486e0984', '2bd0903c-6e4d-4d83-8558-1eab52079de0', 'null', null),
('40a6124c-77ca-48de-a5c0-0e9f152b052b', False, 'mbyp1', 'MBYP1', null, ST_GeomFromText('POINT(-77.2767 41.8425)',4326), null, null, '2021-02-05T09:14:15.595909Z', null, '98a61f29-18a8-430a-9d02-0f53486e0984', '2bd0903c-6e4d-4d83-8558-1eab52079de0', 'null', null),
('fa1a6921-eefe-4c99-85c2-00fc597c38e3', False, 'frkn6', 'FRKN6', null, ST_GeomFromText('POINT(-78.4636 42.3294)',4326), null, null, '2021-02-05T09:14:15.595926Z', null, '98a61f29-18a8-430a-9d02-0f53486e0984', '2bd0903c-6e4d-4d83-8558-1eab52079de0', 'null', null),
('c1a5219e-a579-4771-92f4-1f097d3c2766', False, 'olnn6', 'OLNN6', null, ST_GeomFromText('POINT(-78.4511 42.0731)',4326), null, null, '2021-02-05T09:14:15.595952Z', null, '98a61f29-18a8-430a-9d02-0f53486e0984', '2bd0903c-6e4d-4d83-8558-1eab52079de0', 'null', null),
('30542291-5420-4eb3-b5ed-eccc4641873b', False, 'knvn6', 'KNVN6', null, ST_GeomFromText('POINT(-78.3103 43.3011)',4326), null, null, '2021-02-05T09:14:15.595985Z', null, '98a61f29-18a8-430a-9d02-0f53486e0984', '2bd0903c-6e4d-4d83-8558-1eab52079de0', 'null', null),
('c418df64-1989-4b86-a8f3-ca50ef255c50', False, 'shnp1', 'SHNP1', null, ST_GeomFromText('POINT(-78.1983 41.9617)',4326), null, null, '2021-02-05T09:14:15.596015Z', null, '98a61f29-18a8-430a-9d02-0f53486e0984', '2bd0903c-6e4d-4d83-8558-1eab52079de0', 'null', null),
('89d1a9ed-3342-4ebc-9aed-b3e29464ada8', False, 'avon', 'Avon', null, ST_GeomFromText('POINT(-77.7575 42.9178)',4326), null, null, '2021-02-05T09:14:15.596044Z', null, '98a61f29-18a8-430a-9d02-0f53486e0984', '2bd0903c-6e4d-4d83-8558-1eab52079de0', 'null', null),
('cb864d00-4ae7-446a-a975-7cf3d6ba1f02', False, 'oatkacreekgarbutt', 'OatkaCreekGarbutt', null, ST_GeomFromText('POINT(-77.7917 43.01)',4326), null, null, '2021-02-05T09:14:15.596074Z', null, '98a61f29-18a8-430a-9d02-0f53486e0984', '2bd0903c-6e4d-4d83-8558-1eab52079de0', 'null', null),
('4aa66a38-b454-44e0-808a-884b1f7969dd', False, 'mtmorris-lake', 'MtMorris-Lake', null, ST_GeomFromText('POINT(-77.9075 42.7331)',4326), null, null, '2021-02-05T09:14:15.596103Z', null, '98a61f29-18a8-430a-9d02-0f53486e0984', '2bd0903c-6e4d-4d83-8558-1eab52079de0', 'null', null),
('29c05639-1315-4958-808d-003e46c18769', False, 'portageville', 'Portageville', null, ST_GeomFromText('POINT(-78.0425 42.5703)',4326), null, null, '2021-02-05T09:14:15.596134Z', null, '98a61f29-18a8-430a-9d02-0f53486e0984', '2bd0903c-6e4d-4d83-8558-1eab52079de0', 'null', null),
('e7569ec3-0387-47fa-818c-9a9bfad0578b', False, 'ckvt1-cumberlandr-clarksvilletn', 'CKVT1-CumberlandR-ClarksvilleTN', null, ST_GeomFromText('POINT(-87.3678 36.5414)',4326), null, null, '2021-02-05T09:14:15.596205Z', null, '98a61f29-18a8-430a-9d02-0f53486e0984', '2bd0903c-6e4d-4d83-8558-1eab52079de0', 'null', null),
('36a97ba3-fbfc-4e2a-b32e-3843b221d2b9', False, 'ford-street-at-rochester', 'Ford_Street_at_Rochester', null, ST_GeomFromText('POINT(-77.6164 43.1417)',4326), null, null, '2021-02-05T09:14:15.596248Z', null, '98a61f29-18a8-430a-9d02-0f53486e0984', '2bd0903c-6e4d-4d83-8558-1eab52079de0', 'null', null),
('dea3b440-5650-43e0-b8ed-f4dd7a0f9952', False, 'normandy-rain-near-normandy', 'Normandy_Rain_Near_Normandy', null, ST_GeomFromText('POINT(-86.2453 35.4575)',4326), null, null, '2021-02-05T09:14:15.596281Z', null, '98a61f29-18a8-430a-9d02-0f53486e0984', '2bd0903c-6e4d-4d83-8558-1eab52079de0', 'null', null),
('684993ee-a0d0-4a45-8a36-62558a473559', False, 'normandy-tailwater', 'NORMANDY_TAILWATER', null, ST_GeomFromText('POINT(-86.2467 35.4628)',4326), null, null, '2021-02-05T09:14:15.596313Z', null, '98a61f29-18a8-430a-9d02-0f53486e0984', '2bd0903c-6e4d-4d83-8558-1eab52079de0', 'null', null),
('0d68dccf-8a26-40cf-ae46-a299074d0737', False, 'normandy-headwater', 'Normandy_Headwater', null, ST_GeomFromText('POINT(-86.2472 35.4653)',4326), null, null, '2021-02-05T09:14:15.596351Z', null, '98a61f29-18a8-430a-9d02-0f53486e0984', '2bd0903c-6e4d-4d83-8558-1eab52079de0', 'null', null),
('0e81e807-81dc-4547-9d7d-9819bda849f9', False, 'rwnk2-wolf-creek', 'RWNK2-WOLF_CREEK', null, ST_GeomFromText('POINT(-85.1394 36.8836)',4326), null, null, '2021-02-05T09:14:15.596379Z', null, '98a61f29-18a8-430a-9d02-0f53486e0984', '2bd0903c-6e4d-4d83-8558-1eab52079de0', 'null', null),
('ffbb13b3-71e1-4872-9bef-5ddd4d78634d', False, 'smithland-ld', 'Smithland LD', null, ST_GeomFromText('POINT(-88.4261 37.1583)',4326), null, null, '2021-02-05T09:14:15.596408Z', null, '98a61f29-18a8-430a-9d02-0f53486e0984', '2bd0903c-6e4d-4d83-8558-1eab52079de0', 'null', null),
('13b8b34a-3b2b-45ad-833e-c189ffbc3e51', False, 'falt1-fallsstateparktn', 'FALT1-FallsStateParkTN', null, ST_GeomFromText('POINT(-85.3086 35.6825)',4326), null, null, '2021-02-05T09:14:15.596437Z', null, '98a61f29-18a8-430a-9d02-0f53486e0984', '2bd0903c-6e4d-4d83-8558-1eab52079de0', 'null', null),
('05218a85-8dad-49ca-896a-8e1cc79c73da', False, 'fallingwaterr', 'FallingWaterR', null, ST_GeomFromText('POINT(-85.5214 36.0772)',4326), null, null, '2021-02-05T09:14:15.596570Z', null, '98a61f29-18a8-430a-9d02-0f53486e0984', '2bd0903c-6e4d-4d83-8558-1eab52079de0', 'null', null),
('4750d6ee-7b98-4645-8246-678de0373523', False, 'cett1-center-hill', 'CETT1-CENTER_HILL', null, ST_GeomFromText('POINT(-85.8333 36.0917)',4326), null, null, '2021-02-05T09:14:15.596623Z', null, '98a61f29-18a8-430a-9d02-0f53486e0984', '2bd0903c-6e4d-4d83-8558-1eab52079de0', 'null', null),
('1b37b7d5-bb92-491f-b57f-32f5a12d3cc5', False, 'south-chick-cr-near-chattanooga', 'South_Chick_Cr_near_Chattanooga', null, ST_GeomFromText('POINT(-85.2106 35.0136)',4326), null, null, '2021-02-05T09:14:15.596659Z', null, '98a61f29-18a8-430a-9d02-0f53486e0984', '2bd0903c-6e4d-4d83-8558-1eab52079de0', 'null', null),
('f97af627-f44c-4f72-883c-7e2a2df10e44', False, 'tenn-river-at-s-pittsburg', 'Tenn_River_at_S_Pittsburg', null, ST_GeomFromText('POINT(-85.6975 35.0114)',4326), null, null, '2021-02-05T09:14:15.596692Z', null, '98a61f29-18a8-430a-9d02-0f53486e0984', '2bd0903c-6e4d-4d83-8558-1eab52079de0', 'null', null),
('bffef26a-787e-49c0-aa62-c62cfe473c85', False, 'anderson-rain', 'Anderson_Rain', null, ST_GeomFromText('POINT(-85.8972 35.0028)',4326), null, null, '2021-02-05T09:14:15.596725Z', null, '98a61f29-18a8-430a-9d02-0f53486e0984', '2bd0903c-6e4d-4d83-8558-1eab52079de0', 'null', null),
('59807d85-54a5-4db2-b776-f2c8788e9232', False, 'n-chick-cr-at-mile-straight', 'N_Chick_Cr_at_Mile_Straight', null, ST_GeomFromText('POINT(-85.2153 35.2111)',4326), null, null, '2021-02-05T09:14:15.596757Z', null, '98a61f29-18a8-430a-9d02-0f53486e0984', '2bd0903c-6e4d-4d83-8558-1eab52079de0', 'null', null),
('951580aa-0a5f-43f9-9011-74fb1a56281b', False, 'mcdonald', 'McDonald', null, ST_GeomFromText('POINT(-84.9897 35.0967)',4326), null, null, '2021-02-05T09:14:15.596790Z', null, '98a61f29-18a8-430a-9d02-0f53486e0984', '2bd0903c-6e4d-4d83-8558-1eab52079de0', 'null', null),
('cfe75d8d-30a1-45ce-ac43-adeb005a492b', False, 'cleveland', 'Cleveland', null, ST_GeomFromText('POINT(-84.8214 35.1836)',4326), null, null, '2021-02-05T09:14:15.596822Z', null, '98a61f29-18a8-430a-9d02-0f53486e0984', '2bd0903c-6e4d-4d83-8558-1eab52079de0', 'null', null),
('dcbe6e98-96ec-4e02-878d-e37f48d1c8b4', False, 'georgetown', 'Georgetown', null, ST_GeomFromText('POINT(-84.9656 35.3217)',4326), null, null, '2021-02-05T09:14:15.596855Z', null, '98a61f29-18a8-430a-9d02-0f53486e0984', '2bd0903c-6e4d-4d83-8558-1eab52079de0', 'null', null),
('6e7219a2-1866-40aa-98fb-d013c477d9ce', False, 'sequatchie-river-near-whitwell', 'Sequatchie_River_near_Whitwell', null, ST_GeomFromText('POINT(-85.4972 35.2064)',4326), null, null, '2021-02-05T09:14:15.596894Z', null, '98a61f29-18a8-430a-9d02-0f53486e0984', '2bd0903c-6e4d-4d83-8558-1eab52079de0', 'null', null),
('ace9c7b2-ddc5-4c2c-a645-78bc6ca1799e', False, 'whitwell', 'Whitwell', null, ST_GeomFromText('POINT(-85.5194 35.2097)',4326), null, null, '2021-02-05T09:14:15.596942Z', null, '98a61f29-18a8-430a-9d02-0f53486e0984', '2bd0903c-6e4d-4d83-8558-1eab52079de0', 'null', null),
('74c2acc0-ad4f-4b2c-bc87-8358fbce9293', False, 'raccoon-mountain-near-whitwell', 'Raccoon_Mountain_near_Whitwell', null, ST_GeomFromText('POINT(-85.3875 35.0567)',4326), null, null, '2021-02-05T09:14:15.597006Z', null, '98a61f29-18a8-430a-9d02-0f53486e0984', '2bd0903c-6e4d-4d83-8558-1eab52079de0', 'null', null),
('aa10f365-1ac0-4c18-9586-30620560759a', False, 'wckg1-westchickamaugacr-lakeviewga', 'WCKG1-WestChickamaugaCr-LakeviewGA', null, ST_GeomFromText('POINT(-85.2056 34.9572)',4326), null, null, '2021-02-05T09:14:15.597042Z', null, '98a61f29-18a8-430a-9d02-0f53486e0984', '2bd0903c-6e4d-4d83-8558-1eab52079de0', 'null', null),
('1307cf24-fa17-4c05-bef0-dac4390fb051', False, 'ccfg1-chattanoogacr-flintstonega', 'CCFG1-ChattanoogaCr-FlintstoneGA', null, ST_GeomFromText('POINT(-85.3344 34.9572)',4326), null, null, '2021-02-05T09:14:15.597079Z', null, '98a61f29-18a8-430a-9d02-0f53486e0984', '2bd0903c-6e4d-4d83-8558-1eab52079de0', 'null', null),
('a3986bff-1794-4f20-9580-e26f63bf03d1', False, 'sckg1-southchickamaugacr-ringoldga', 'SCKG1-SouthChickamaugaCr-RingoldGA', null, ST_GeomFromText('POINT(-85.1256 34.9189)',4326), null, null, '2021-02-05T09:14:15.597114Z', null, '98a61f29-18a8-430a-9d02-0f53486e0984', '2bd0903c-6e4d-4d83-8558-1eab52079de0', 'null', null),
('d849e0c6-0014-4125-8d57-dab8653314cc', False, 'kydk2-kentucky', 'KYDK2-KENTUCKY', null, ST_GeomFromText('POINT(-88.2678 37.0144)',4326), null, null, '2021-02-05T09:14:15.597150Z', null, '98a61f29-18a8-430a-9d02-0f53486e0984', '2bd0903c-6e4d-4d83-8558-1eab52079de0', 'null', null),
('8d001b01-30b4-4be2-a059-6cf919847121', False, 'ctht1-cumberlandr-carthagetn', 'CTHT1-CumberlandR-CarthageTN', null, ST_GeomFromText('POINT(-85.9564 36.2475)',4326), null, null, '2021-02-05T09:14:15.597183Z', null, '98a61f29-18a8-430a-9d02-0f53486e0984', '2bd0903c-6e4d-4d83-8558-1eab52079de0', 'null', null),
('a772ddf2-c2f5-483c-b52b-7130a2e23a7c', False, 'antt1-millcr-antiochtn', 'ANTT1-MillCr-AntiochTN', null, ST_GeomFromText('POINT(-86.6808 36.0817)',4326), null, null, '2021-02-05T09:14:15.597217Z', null, '98a61f29-18a8-430a-9d02-0f53486e0984', '2bd0903c-6e4d-4d83-8558-1eab52079de0', 'null', null),
('290a6af1-222f-4154-907f-f8e7ed6b6712', False, 'yamacraw', 'Yamacraw', null, ST_GeomFromText('POINT(-84.5631 36.7028)',4326), null, null, '2021-02-05T09:14:15.597251Z', null, '98a61f29-18a8-430a-9d02-0f53486e0984', '2bd0903c-6e4d-4d83-8558-1eab52079de0', 'null', null),
('0dac7069-29da-4491-ba6c-dfb5ecddc54e', False, 'cumbr-ashlandcity', 'CumbR_AshlandCity', null, ST_GeomFromText('POINT(-87.0761 36.2706)',4326), null, null, '2021-02-05T09:14:15.597299Z', null, '98a61f29-18a8-430a-9d02-0f53486e0984', '2bd0903c-6e4d-4d83-8558-1eab52079de0', 'null', null),
('3cef1bec-9713-4f13-89eb-012d84aee9f6', False, 'bledsoe-cr-nr-bethpage', 'Bledsoe_Cr_nr_Bethpage', null, ST_GeomFromText('POINT(0 0)',4326), null, null, '2021-02-05T09:14:15.597326Z', null, '98a61f29-18a8-430a-9d02-0f53486e0984', '2bd0903c-6e4d-4d83-8558-1eab52079de0', 'null', null),
('ba98f546-0e3f-4a99-acc6-84bf5e1feb63', False, 'duckr-blw-manchester', 'DuckR_blw_Manchester', null, ST_GeomFromText('POINT(0 0)',4326), null, null, '2021-02-05T09:14:15.597352Z', null, '98a61f29-18a8-430a-9d02-0f53486e0984', '2bd0903c-6e4d-4d83-8558-1eab52079de0', 'null', null),
('a1ecda79-af10-4bea-8962-746541f085c6', False, 'duckr-nr-pottsville', 'DuckR_nr_Pottsville', null, ST_GeomFromText('POINT(0 0)',4326), null, null, '2021-02-05T09:14:15.597377Z', null, '98a61f29-18a8-430a-9d02-0f53486e0984', '2bd0903c-6e4d-4d83-8558-1eab52079de0', 'null', null),
('2cf143e6-cb7c-4219-8624-f0d3e6e4b122', False, 'duckr-nr-shadygrove', 'DuckR_nr_ShadyGrove', null, ST_GeomFromText('POINT(0 0)',4326), null, null, '2021-02-05T09:14:15.597402Z', null, '98a61f29-18a8-430a-9d02-0f53486e0984', '2bd0903c-6e4d-4d83-8558-1eab52079de0', 'null', null),
('5772cf35-3df6-4043-b1eb-ff6d889b6627', False, 'redr-at-dot', 'RedR_at_Dot', null, ST_GeomFromText('POINT(0 0)',4326), null, null, '2021-02-05T09:14:15.597427Z', null, '98a61f29-18a8-430a-9d02-0f53486e0984', '2bd0903c-6e4d-4d83-8558-1eab52079de0', 'null', null),
('cc88e930-24e5-43af-ae09-2824580b3667', False, 'roaringr-nr-hilham', 'RoaringR_nr_Hilham', null, ST_GeomFromText('POINT(0 0)',4326), null, null, '2021-02-05T09:14:15.597451Z', null, '98a61f29-18a8-430a-9d02-0f53486e0984', '2bd0903c-6e4d-4d83-8558-1eab52079de0', 'null', null),
('dd0af1cc-ad57-4d24-9cd7-f64fff40531e', False, 'wartracecr-at-wartrace', 'WartraceCr_at_Wartrace', null, ST_GeomFromText('POINT(0 0)',4326), null, null, '2021-02-05T09:14:15.597477Z', null, '98a61f29-18a8-430a-9d02-0f53486e0984', '2bd0903c-6e4d-4d83-8558-1eab52079de0', 'null', null),
('98ffc2ca-a196-43cf-bf3c-433553ac5082', False, 'buckcr-shopville', 'BuckCr_Shopville', null, ST_GeomFromText('POINT(-84.4644 37.2106)',4326), null, null, '2021-02-05T09:14:15.597507Z', null, '98a61f29-18a8-430a-9d02-0f53486e0984', '2bd0903c-6e4d-4d83-8558-1eab52079de0', 'null', null),
('d8367707-78d8-4e98-a82b-762ebfe33761', False, 'millcr-nolensvll', 'MillCr_Nolensvll', null, ST_GeomFromText('POINT(0 0)',4326), null, null, '2021-02-05T09:14:15.597534Z', null, '98a61f29-18a8-430a-9d02-0f53486e0984', '2bd0903c-6e4d-4d83-8558-1eab52079de0', 'null', null),
('25328875-4206-4766-a0c1-bdec8e7d039e', False, 'drycr-edenwold', 'DryCr_Edenwold', null, ST_GeomFromText('POINT(-86.7063 36.2845)',4326), null, null, '2021-02-05T09:14:15.597570Z', null, '98a61f29-18a8-430a-9d02-0f53486e0984', '2bd0903c-6e4d-4d83-8558-1eab52079de0', 'null', null),
('08a16d78-a9be-4f14-8e7a-7dde8e03d625', False, 'sflittler-hopkin', 'SFLittleR Hopkin', null, ST_GeomFromText('POINT(-87.4289 36.8494)',4326), null, null, '2021-02-05T09:14:15.597602Z', null, '98a61f29-18a8-430a-9d02-0f53486e0984', '2bd0903c-6e4d-4d83-8558-1eab52079de0', 'null', null),
('1dfa54b9-baff-4767-9ed2-d685e6b2ade8', False, 'acst1-sycamorecr-ashlandcitytn', 'ACST1-SycamoreCr-AshlandCityTN', null, ST_GeomFromText('POINT(-87.0539 36.3231)',4326), null, null, '2021-02-05T09:14:15.597633Z', null, '98a61f29-18a8-430a-9d02-0f53486e0984', '2bd0903c-6e4d-4d83-8558-1eab52079de0', 'null', null),
('19f3ac23-24f3-4e7a-adea-81ccc78bc2a7', False, 'cork2-lynncampcr-corbinky', 'CORK2-LynnCampCr-CorbinKY', null, ST_GeomFromText('POINT(-84.0875 36.945)',4326), null, null, '2021-02-05T09:14:15.597664Z', null, '98a61f29-18a8-430a-9d02-0f53486e0984', '2bd0903c-6e4d-4d83-8558-1eab52079de0', 'null', null),
('8deed16a-4f78-4b4e-9a84-8ea7c0813bc3', False, 'cbnk2-laurelr-corbinky', 'CBNK2-LaurelR-CorbinKY', null, ST_GeomFromText('POINT(-84.1194 36.9706)',4326), null, null, '2021-02-05T09:14:15.597699Z', null, '98a61f29-18a8-430a-9d02-0f53486e0984', '2bd0903c-6e4d-4d83-8558-1eab52079de0', 'null', null),
('806e0339-a84e-4e45-98ed-690abcde19d3', False, 'duckr-abv-williamsport', 'DuckR_abv_Williamsport', null, ST_GeomFromText('POINT(0 0)',4326), null, null, '2021-02-05T09:14:15.597728Z', null, '98a61f29-18a8-430a-9d02-0f53486e0984', '2bd0903c-6e4d-4d83-8558-1eab52079de0', 'null', null),
('6673114a-d1bf-4b3c-b085-51bac92fccaf', False, 'belt1-harpethr-bellevuetn', 'BELT1-HarpethR-BellevueTN', null, ST_GeomFromText('POINT(-86.9286 35.0547)',4326), null, null, '2021-02-05T09:14:15.597757Z', null, '98a61f29-18a8-430a-9d02-0f53486e0984', '2bd0903c-6e4d-4d83-8558-1eab52079de0', 'null', null),
('d1d68ab1-98ac-472f-96a8-680220aaa7bd', False, 'cmtt1-cypresscr-camdentn', 'CMTT1-CypressCr-CamdenTN', null, ST_GeomFromText('POINT(-88.0758 36.0469)',4326), null, null, '2021-02-05T09:14:15.597789Z', null, '98a61f29-18a8-430a-9d02-0f53486e0984', '2bd0903c-6e4d-4d83-8558-1eab52079de0', 'null', null),
('4ef4247f-6829-43c2-9bc4-cb0f3996cbb6', False, 'crocus-cr', 'Crocus Cr', null, ST_GeomFromText('POINT(-85.3107 36.8967)',4326), null, null, '2021-02-05T09:14:15.597820Z', null, '98a61f29-18a8-430a-9d02-0f53486e0984', '2bd0903c-6e4d-4d83-8558-1eab52079de0', 'null', null),
('46749244-f2df-43c1-8f71-74438c87e47c', False, 'stonesr-donelson', 'StonesR_Donelson', null, ST_GeomFromText('POINT(-86.6334 36.1862)',4326), null, null, '2021-02-05T09:14:15.597851Z', null, '98a61f29-18a8-430a-9d02-0f53486e0984', '2bd0903c-6e4d-4d83-8558-1eab52079de0', 'null', null);

--INSERT INSTRUMENT STATUS--
INSERT INTO public.instrument_status(id, instrument_id, status_id, "time")
VALUES 
('10781f0e-5370-4dcc-b9a7-f6e10e737d48', '2831ab23-c91a-4338-9cdf-fc96fb844aca', 'e26ba2ef-9b52-4c71-97df-9e4b6cf4174d', '2021-02-05T09:14:15.592321Z'),
('7611b890-a609-4bc0-a1a6-cbdb744b8657', 'fbaae120-0c45-4dd0-8226-8476bfa8ce81', 'e26ba2ef-9b52-4c71-97df-9e4b6cf4174d', '2021-02-05T09:14:15.592431Z'),
('f972fd05-4a9c-4331-b44d-70c0f7c6fb35', '2c735458-03ba-4832-9a0e-6afaf399266a', 'e26ba2ef-9b52-4c71-97df-9e4b6cf4174d', '2021-02-05T09:14:15.592468Z'),
('45ec39cb-70cc-4a07-bc28-5f410cea8022', 'ce4097da-d1e0-432b-a8e7-76f7e9bff1b1', 'e26ba2ef-9b52-4c71-97df-9e4b6cf4174d', '2021-02-05T09:14:15.592492Z'),
('866d5e76-ab61-409b-95e5-a099eb9bd8a5', 'abe95109-b6b7-4191-a399-d15493e720f1', 'e26ba2ef-9b52-4c71-97df-9e4b6cf4174d', '2021-02-05T09:14:15.592510Z'),
('9a73cd82-c2c5-41d2-b215-e34dfdc81aca', '40705bc0-7a0b-4605-8330-d62a79ca7531', 'e26ba2ef-9b52-4c71-97df-9e4b6cf4174d', '2021-02-05T09:14:15.592527Z'),
('8ded2467-8d1c-4498-bd08-59221606fdfa', '695834c0-de82-47a4-bc32-b764f9cd0538', 'e26ba2ef-9b52-4c71-97df-9e4b6cf4174d', '2021-02-05T09:14:15.592543Z'),
('7f6f6816-d79f-4a28-9589-bcf8778318e2', 'e1f07a5f-8d6d-48b9-b953-4c57ec7511e9', 'e26ba2ef-9b52-4c71-97df-9e4b6cf4174d', '2021-02-05T09:14:15.592559Z'),
('d56cfc23-076f-48d6-908b-d9ca984ddf4a', '3d60ea91-0b79-49a7-8045-a2e00c496386', 'e26ba2ef-9b52-4c71-97df-9e4b6cf4174d', '2021-02-05T09:14:15.592575Z'),
('6af20636-c89e-47b0-9ef9-9e2bcda7e02d', 'a82e204d-b775-4e37-ad5b-57d10461e1b2', 'e26ba2ef-9b52-4c71-97df-9e4b6cf4174d', '2021-02-05T09:14:15.592596Z'),
('72f7bacf-3bbe-4f6d-bbe4-3a77ce1dd99e', '8bbd020d-c496-46c4-85de-ed8dc919a8ca', 'e26ba2ef-9b52-4c71-97df-9e4b6cf4174d', '2021-02-05T09:14:15.592612Z'),
('755f9a2d-fd7b-4509-9e91-8551ab9e16c9', 'e7035c37-bab9-40a2-b0ad-b43b8dd0ddb1', 'e26ba2ef-9b52-4c71-97df-9e4b6cf4174d', '2021-02-05T09:14:15.592627Z'),
('ccfdb38f-fc0e-4d1e-a639-04a59144c145', '4412c873-a8a5-417d-9b94-10c42895fa6c', 'e26ba2ef-9b52-4c71-97df-9e4b6cf4174d', '2021-02-05T09:14:15.592643Z'),
('54d281dd-5146-4dd6-8045-f32d33b8336a', '08fdc172-6dfa-4b8a-8a28-ac996c5378cc', 'e26ba2ef-9b52-4c71-97df-9e4b6cf4174d', '2021-02-05T09:14:15.592663Z'),
('0743e7f9-c923-480d-8e4f-4eface6b71e5', '88fdb36d-00fb-4f79-88f9-832f78e3d2b2', 'e26ba2ef-9b52-4c71-97df-9e4b6cf4174d', '2021-02-05T09:14:15.592683Z'),
('7c6e1c89-1390-48b4-b08e-9aaa7d4ae124', '4a3cf67d-aa92-4b25-88b9-c3c376631eb0', 'e26ba2ef-9b52-4c71-97df-9e4b6cf4174d', '2021-02-05T09:14:15.592704Z'),
('008dac2d-7277-45f7-b120-ced3ce457326', 'a9296751-9f0d-4a4b-bd1e-b845e470af26', 'e26ba2ef-9b52-4c71-97df-9e4b6cf4174d', '2021-02-05T09:14:15.592721Z'),
('426f0286-3fd6-422c-b231-ce538be820f6', 'd9af8917-e1da-45c3-9447-32f8fdb85214', 'e26ba2ef-9b52-4c71-97df-9e4b6cf4174d', '2021-02-05T09:14:15.592739Z'),
('0a30d013-b568-4490-8d9f-9b9d10af2657', 'b0a86a03-84f5-457c-b988-c4d7fcc730c0', 'e26ba2ef-9b52-4c71-97df-9e4b6cf4174d', '2021-02-05T09:14:15.592755Z'),
('4d40adcb-a5b5-4e06-923f-51a8c7e4d0e4', '904e0751-3f35-4a1b-a40b-0bee65f7afe4', 'e26ba2ef-9b52-4c71-97df-9e4b6cf4174d', '2021-02-05T09:14:15.592771Z'),
('43cc2e6e-57c1-4b7f-95f4-4d6807ce28b4', '24824e81-2aab-4c6f-9640-652a82424db2', 'e26ba2ef-9b52-4c71-97df-9e4b6cf4174d', '2021-02-05T09:14:15.592786Z'),
('6724e27c-2748-49de-9016-74381b8b2f2b', '2d7aac87-07e8-4105-8d09-61217ec4acfe', 'e26ba2ef-9b52-4c71-97df-9e4b6cf4174d', '2021-02-05T09:14:15.592802Z'),
('b9ac3361-c054-4aa7-aaed-588a3b1e380f', '65db2945-fe9b-4f9b-96e6-c6aabe4c91b6', 'e26ba2ef-9b52-4c71-97df-9e4b6cf4174d', '2021-02-05T09:14:15.592820Z'),
('1f119e60-4a5e-408b-8de6-5ff453b4be0f', 'ac4186ae-b6c7-41aa-ab29-db143e74f00f', 'e26ba2ef-9b52-4c71-97df-9e4b6cf4174d', '2021-02-05T09:14:15.592836Z'),
('ff4fbe5a-fa5e-4de2-a965-65b3b68b5111', 'cf12ba0a-8aaa-499a-bbc1-db3f96d66ee4', 'e26ba2ef-9b52-4c71-97df-9e4b6cf4174d', '2021-02-05T09:14:15.592852Z'),
('ee2a083f-56af-4127-b969-6dac2f55135f', 'c339ff35-740a-482e-83e8-69dff2a1e50e', 'e26ba2ef-9b52-4c71-97df-9e4b6cf4174d', '2021-02-05T09:14:15.592867Z'),
('939356b7-eb0e-468f-8f56-64397e95497f', '9d8a6654-a994-4d96-9d12-752e4b980ecb', 'e26ba2ef-9b52-4c71-97df-9e4b6cf4174d', '2021-02-05T09:14:15.592882Z'),
('e1954a04-a36e-4279-a596-59b50f0e7452', 'c20e2c35-6a22-41ba-82eb-8963059d5d6b', 'e26ba2ef-9b52-4c71-97df-9e4b6cf4174d', '2021-02-05T09:14:15.592897Z'),
('d42a31b9-bd23-4c14-ba24-4c8457a3c551', 'a18f0416-573c-450f-ad35-bd9f174fd1ca', 'e26ba2ef-9b52-4c71-97df-9e4b6cf4174d', '2021-02-05T09:14:15.592914Z'),
('d1e1e288-13b0-4bec-91fa-bd88e2907a14', '7e798c02-a4bf-4ce4-a9a8-4057da756baa', 'e26ba2ef-9b52-4c71-97df-9e4b6cf4174d', '2021-02-05T09:14:15.592930Z'),
('5809367e-6acb-46df-bf42-b095f08562aa', 'ecd58ae6-1048-4bd0-8fb1-6bd2ea74767d', 'e26ba2ef-9b52-4c71-97df-9e4b6cf4174d', '2021-02-05T09:14:15.592945Z'),
('a9140278-ecf1-4c61-810f-4480013b842e', 'b9f183b8-3662-4ce3-a09d-3ee22b209c6a', 'e26ba2ef-9b52-4c71-97df-9e4b6cf4174d', '2021-02-05T09:14:15.592960Z'),
('b2452490-e5dd-4f50-b7e2-c20d8a4aef67', 'acb719c9-c519-43b4-9280-2a0b12ef41b9', 'e26ba2ef-9b52-4c71-97df-9e4b6cf4174d', '2021-02-05T09:14:15.592975Z'),
('a3653e00-57bd-411f-9748-15185595e728', 'a558eba4-3279-45f8-a5d8-17a0db5168df', 'e26ba2ef-9b52-4c71-97df-9e4b6cf4174d', '2021-02-05T09:14:15.592993Z'),
('aed7d95d-9407-4ce8-85ab-afa58b8060ad', '0971c9b6-3ad3-4702-b2df-b2eb0b862be6', 'e26ba2ef-9b52-4c71-97df-9e4b6cf4174d', '2021-02-05T09:14:15.593008Z'),
('15070def-8fe6-4214-b3dc-4b30ab9b321c', '144191ac-e042-416b-910c-240d3b27bdaf', 'e26ba2ef-9b52-4c71-97df-9e4b6cf4174d', '2021-02-05T09:14:15.593024Z'),
('aab6498e-b7b2-4d1a-a6bd-957c054c6b53', '4e790775-62f8-4d6a-ae78-a22df7b66e17', 'e26ba2ef-9b52-4c71-97df-9e4b6cf4174d', '2021-02-05T09:14:15.593039Z'),
('68aaceec-1ef9-4136-924c-2dc27e098c1b', '9e05097b-9654-46b1-ba43-68405553d9c8', 'e26ba2ef-9b52-4c71-97df-9e4b6cf4174d', '2021-02-05T09:14:15.593057Z'),
('5e9e2647-9bcf-4f7c-85c4-0fc6a41efc2a', '77220894-f4e4-4629-9eb6-2b9a0d529d59', 'e26ba2ef-9b52-4c71-97df-9e4b6cf4174d', '2021-02-05T09:14:15.593073Z'),
('d6a1ac78-e6bc-49f2-949e-5980f8951996', 'a13df2e5-f4d0-4925-a4b7-45b0a51344be', 'e26ba2ef-9b52-4c71-97df-9e4b6cf4174d', '2021-02-05T09:14:15.593088Z'),
('75048e10-e7ff-4801-8d0e-debc0cb1df3f', '128d7a35-132e-43f5-8cf7-815493280417', 'e26ba2ef-9b52-4c71-97df-9e4b6cf4174d', '2021-02-05T09:14:15.593103Z'),
('de654b41-81a3-491c-b88a-8226226d45a3', '4933a02b-7365-4c76-b478-c7af8d3a6962', 'e26ba2ef-9b52-4c71-97df-9e4b6cf4174d', '2021-02-05T09:14:15.593118Z'),
('23611f55-e64b-47a2-9e2f-b215925e1760', '1d099a0e-9bb9-4e3d-8c8c-840324fe3655', 'e26ba2ef-9b52-4c71-97df-9e4b6cf4174d', '2021-02-05T09:14:15.593138Z'),
('98f5404d-bbeb-41fc-9e36-374d9d115eea', 'e71e8173-d65b-4e7a-a6a4-2a1dd91fdb3a', 'e26ba2ef-9b52-4c71-97df-9e4b6cf4174d', '2021-02-05T09:14:15.593161Z'),
('ac9faeb9-6c5e-4b2b-98ce-9785f6d2ab3c', '924561b1-395e-4222-b4eb-85365e77f9fc', 'e26ba2ef-9b52-4c71-97df-9e4b6cf4174d', '2021-02-05T09:14:15.593178Z'),
('46a58ab2-382a-4cb2-9c26-871d1ea113fb', 'cba2fce6-3760-47da-b3d8-7aeb3ee67ce0', 'e26ba2ef-9b52-4c71-97df-9e4b6cf4174d', '2021-02-05T09:14:15.593194Z'),
('6f3c9487-114a-493a-a010-3070295d91b2', '314ac348-1135-417b-8f5c-795cfd058857', 'e26ba2ef-9b52-4c71-97df-9e4b6cf4174d', '2021-02-05T09:14:15.593212Z'),
('53d20d6e-11fd-46af-8330-2ffc72272b28', 'f39b5c2f-6ef2-421c-bedf-3c071d490de8', 'e26ba2ef-9b52-4c71-97df-9e4b6cf4174d', '2021-02-05T09:14:15.593229Z'),
('a9ab073a-514b-4f4e-8568-ad8a5a55942a', '2d1a4206-ca7b-4640-9777-d51caf194171', 'e26ba2ef-9b52-4c71-97df-9e4b6cf4174d', '2021-02-05T09:14:15.593245Z'),
('126c1e40-f2da-4257-ba23-d99b60d3aa06', '70b84da4-61b4-45f3-8e55-cdd370fe3c19', 'e26ba2ef-9b52-4c71-97df-9e4b6cf4174d', '2021-02-05T09:14:15.593264Z'),
('42ce7d69-cf8b-484b-baf8-70280d0313d7', '6dc5dbb1-3ee1-47b3-a039-ec8d1d8ecd03', 'e26ba2ef-9b52-4c71-97df-9e4b6cf4174d', '2021-02-05T09:14:15.593280Z'),
('831f3364-e483-429f-a372-0b863241e561', '0a6f8403-dba0-4d65-a694-4c984581f6d0', 'e26ba2ef-9b52-4c71-97df-9e4b6cf4174d', '2021-02-05T09:14:15.593295Z'),
('0dcc96c2-4b56-4952-912d-5f14851a832b', '130c3437-3c43-4425-91c5-6b24a859edcd', 'e26ba2ef-9b52-4c71-97df-9e4b6cf4174d', '2021-02-05T09:14:15.593311Z'),
('06aa4982-51fc-46de-a2f0-d6e7525e51eb', 'efd9a905-6a03-4c97-9a48-654c3a259bb6', 'e26ba2ef-9b52-4c71-97df-9e4b6cf4174d', '2021-02-05T09:14:15.593327Z'),
('fceae4d9-29e0-40fe-84ba-539c7a66cc60', '0068a62b-04a1-4683-8aa6-0b455a78e889', 'e26ba2ef-9b52-4c71-97df-9e4b6cf4174d', '2021-02-05T09:14:15.593348Z'),
('dd9e0487-68fe-4d7c-9f9b-4dc74df42a4e', 'e5f3df28-c253-45f2-8bdf-e80912d7db51', 'e26ba2ef-9b52-4c71-97df-9e4b6cf4174d', '2021-02-05T09:14:15.593371Z'),
('5a334d03-c0a8-4699-826e-b846c6a52ad1', 'c98d9f72-5c6f-4ccc-a51b-e6f28ad71f52', 'e26ba2ef-9b52-4c71-97df-9e4b6cf4174d', '2021-02-05T09:14:15.593390Z'),
('7891f8f6-c2f9-4c70-a1ab-3ee4b8fceffc', 'f1f7259e-aa28-458d-a722-a5116e6bcf97', 'e26ba2ef-9b52-4c71-97df-9e4b6cf4174d', '2021-02-05T09:14:15.593406Z'),
('0a08cc4b-a10d-4239-8677-d2cd69953d4d', '2bc54c6c-b626-4d77-9e1d-c4afd2688529', 'e26ba2ef-9b52-4c71-97df-9e4b6cf4174d', '2021-02-05T09:14:15.593421Z'),
('20210d7a-7e49-41c7-910b-c40b0950d064', '8fb7c9bf-f49e-4f06-8207-b37d25516eff', 'e26ba2ef-9b52-4c71-97df-9e4b6cf4174d', '2021-02-05T09:14:15.593437Z'),
('3182c7cc-3de9-4876-a92d-96eca1255bb7', 'dc2d5dbe-0eec-4f26-be9a-1bcb4d941306', 'e26ba2ef-9b52-4c71-97df-9e4b6cf4174d', '2021-02-05T09:14:15.593455Z'),
('22201c94-5051-4547-9ada-06f6e83a2dab', 'd35922a1-b79d-4e33-a9ad-529d718e0070', 'e26ba2ef-9b52-4c71-97df-9e4b6cf4174d', '2021-02-05T09:14:15.593471Z'),
('81af3ae8-ca8e-4c88-bfe0-b2b5ca719ca9', '5d469117-c7ab-4d53-a37f-2804e52524c5', 'e26ba2ef-9b52-4c71-97df-9e4b6cf4174d', '2021-02-05T09:14:15.593486Z'),
('4620cb5b-7ae4-49a8-a703-2e9173746d55', 'd6b71b90-1259-471e-b3e9-d6c8c997113e', 'e26ba2ef-9b52-4c71-97df-9e4b6cf4174d', '2021-02-05T09:14:15.593502Z'),
('0bc08757-ae16-4672-af7f-42d8ac9274b7', 'b674d698-0f0c-4019-a31d-8986c7359af7', 'e26ba2ef-9b52-4c71-97df-9e4b6cf4174d', '2021-02-05T09:14:15.593517Z'),
('c8eb811f-1370-4f55-81d1-e0594275efe7', '99a4ff62-6354-4b59-ba20-e3e6f020be03', 'e26ba2ef-9b52-4c71-97df-9e4b6cf4174d', '2021-02-05T09:14:15.593533Z'),
('8b9aaa04-b647-431e-baa4-9a32b4c75d4f', 'e792d532-6695-4987-953f-70210cdbe785', 'e26ba2ef-9b52-4c71-97df-9e4b6cf4174d', '2021-02-05T09:14:15.593549Z'),
('f5786834-3f29-4bc5-a49e-db60bee62741', 'c35515ca-d720-432e-b95c-53b52600cccb', 'e26ba2ef-9b52-4c71-97df-9e4b6cf4174d', '2021-02-05T09:14:15.593564Z'),
('0b8a0660-ce7c-4151-81ba-d3dd3011676d', 'e12668c2-168d-4d5a-a830-f2adbeae6740', 'e26ba2ef-9b52-4c71-97df-9e4b6cf4174d', '2021-02-05T09:14:15.593579Z'),
('df8cfae1-ed1c-4a0b-b49b-1d2a4689b09c', 'd317e9c1-df30-4c47-89e4-c6cfbfba81a9', 'e26ba2ef-9b52-4c71-97df-9e4b6cf4174d', '2021-02-05T09:14:15.593595Z'),
('3797b605-2723-436a-8913-9e65ae764c27', '537cb139-e03c-4196-9996-6b03e623ce43', 'e26ba2ef-9b52-4c71-97df-9e4b6cf4174d', '2021-02-05T09:14:15.593611Z'),
('c91df9e7-ec57-4b19-b340-da0c80c51bba', 'd44e3814-6472-49d4-ab89-a14d62b4eb31', 'e26ba2ef-9b52-4c71-97df-9e4b6cf4174d', '2021-02-05T09:14:15.593626Z'),
('dd6e95ee-3446-447d-8dc2-7d2d85614ede', 'f7a5d66b-6f2a-4b04-90ac-2c46ec3f9813', 'e26ba2ef-9b52-4c71-97df-9e4b6cf4174d', '2021-02-05T09:14:15.593642Z'),
('3c1d3e7a-b776-4a77-b3f6-1f738cc1a33b', '0713fbcf-426c-4a6a-9661-3af7990b2ba7', 'e26ba2ef-9b52-4c71-97df-9e4b6cf4174d', '2021-02-05T09:14:15.593658Z'),
('f312233e-fc6e-4851-9b21-2ed4dae24e90', 'b067fb49-80ea-46e7-b7e8-8421ad267d26', 'e26ba2ef-9b52-4c71-97df-9e4b6cf4174d', '2021-02-05T09:14:15.593676Z'),
('58d5cbee-0c82-468f-be19-3ce4c2af5c80', 'c9560d3c-8774-4914-ad03-b445a0b7da9d', 'e26ba2ef-9b52-4c71-97df-9e4b6cf4174d', '2021-02-05T09:14:15.593692Z'),
('445ffc98-3936-4791-b10e-a01787a83fed', 'f76b38fb-4ebd-4342-811f-d6d240f72b63', 'e26ba2ef-9b52-4c71-97df-9e4b6cf4174d', '2021-02-05T09:14:15.593707Z'),
('50b5853d-5acd-4e61-bae6-62047078d985', '1df8f4a4-4fd7-4854-bd6a-9d8223674257', 'e26ba2ef-9b52-4c71-97df-9e4b6cf4174d', '2021-02-05T09:14:15.593723Z'),
('66ad4aeb-898d-490d-883e-ff7d55b9ecfd', '4a909b0e-babf-45a8-86b3-7380de576c8e', 'e26ba2ef-9b52-4c71-97df-9e4b6cf4174d', '2021-02-05T09:14:15.593739Z'),
('0e068c99-5179-4b9e-ad9c-26d09a8b2ffc', '52a2ea78-537d-4bac-84c2-b68c3e369fb8', 'e26ba2ef-9b52-4c71-97df-9e4b6cf4174d', '2021-02-05T09:14:15.593755Z'),
('5c07c0c4-847b-44e7-a2b6-2645b855a74a', '8d62c70e-0c4f-4764-a89d-7460a489b264', 'e26ba2ef-9b52-4c71-97df-9e4b6cf4174d', '2021-02-05T09:14:15.593772Z'),
('0ef65866-e5b3-4f88-9410-e524dc7beeae', 'bdf8606a-cd54-47f5-b300-3dd5f45b6e99', 'e26ba2ef-9b52-4c71-97df-9e4b6cf4174d', '2021-02-05T09:14:15.593791Z'),
('2e28141f-e822-4528-9d41-7e76cd5584ea', '62952458-39ee-4f4a-ada1-8911868d6d68', 'e26ba2ef-9b52-4c71-97df-9e4b6cf4174d', '2021-02-05T09:14:15.593807Z'),
('7057993d-b4ab-4f27-9740-dc836ab22bb8', 'a21f8d4c-41fb-47f7-9a40-7c5f93f85343', 'e26ba2ef-9b52-4c71-97df-9e4b6cf4174d', '2021-02-05T09:14:15.593822Z'),
('74bcda7d-2f99-41cb-929a-fe458b38b884', 'bd1adf73-944d-4bb1-acf2-ec533f796039', 'e26ba2ef-9b52-4c71-97df-9e4b6cf4174d', '2021-02-05T09:14:15.593838Z'),
('1d452fda-be9f-4d74-9d9c-91efefafe032', '661e34eb-2ace-4d33-9d28-bc62b9fe0f76', 'e26ba2ef-9b52-4c71-97df-9e4b6cf4174d', '2021-02-05T09:14:15.593853Z'),
('c9ee2253-d6a5-4302-a99c-34da08771371', '6203ad8e-1f17-4320-ba99-5dff4792748a', 'e26ba2ef-9b52-4c71-97df-9e4b6cf4174d', '2021-02-05T09:14:15.593869Z'),
('464f2de7-103f-420b-9a65-c7c6e619e090', '98b2a65e-22e2-4f55-97b6-477e9f518d96', 'e26ba2ef-9b52-4c71-97df-9e4b6cf4174d', '2021-02-05T09:14:15.593888Z'),
('b61b90da-f5b1-410f-b143-ef5896f20915', '0b973d32-1f93-4aa2-a2c8-821552ab2ddd', 'e26ba2ef-9b52-4c71-97df-9e4b6cf4174d', '2021-02-05T09:14:15.593904Z'),
('14fed949-b664-4f39-86c7-42273a69ab2a', '84f90597-a764-4be8-99e2-0ef09212672d', 'e26ba2ef-9b52-4c71-97df-9e4b6cf4174d', '2021-02-05T09:14:15.593921Z'),
('4d6f96ec-78b1-4d86-aba8-a6e628ef5987', 'fb44ae76-02c0-4b91-8756-edac44a51925', 'e26ba2ef-9b52-4c71-97df-9e4b6cf4174d', '2021-02-05T09:14:15.593937Z'),
('b8d3b496-1adb-4e49-9d57-af1382f91634', '12989fd5-fa1f-46a6-a784-2e784dc18a44', 'e26ba2ef-9b52-4c71-97df-9e4b6cf4174d', '2021-02-05T09:14:15.593952Z'),
('fca7e2dc-0865-4112-9f66-6b2df43082a1', '328969f6-67b3-4126-92ed-768edc93cefd', 'e26ba2ef-9b52-4c71-97df-9e4b6cf4174d', '2021-02-05T09:14:15.593968Z'),
('309b9f8e-1cfa-4a65-801e-6a16ab9487e7', '8dcf5fed-620d-4dc4-be34-1dcf5c95eb0c', 'e26ba2ef-9b52-4c71-97df-9e4b6cf4174d', '2021-02-05T09:14:15.593983Z'),
('76562146-2b0c-4f66-b34a-589ee6c72474', 'd1ff93f8-43b0-42ce-a160-eff33a428d47', 'e26ba2ef-9b52-4c71-97df-9e4b6cf4174d', '2021-02-05T09:14:15.593999Z'),
('7113a315-d018-47e7-99ee-f6ab47edda6a', '81998deb-96b1-404f-9aa0-311f5a383938', 'e26ba2ef-9b52-4c71-97df-9e4b6cf4174d', '2021-02-05T09:14:15.594017Z'),
('0b79337d-351e-4baa-a168-80158445b721', 'bed0b812-d4c1-4b54-aab2-b3c58dab76b9', 'e26ba2ef-9b52-4c71-97df-9e4b6cf4174d', '2021-02-05T09:14:15.594033Z'),
('327785e1-b8f9-4ee6-b3ee-122e26402439', '579ed4e7-4306-4f5b-99e9-4e469d59fab0', 'e26ba2ef-9b52-4c71-97df-9e4b6cf4174d', '2021-02-05T09:14:15.594049Z'),
('2207f1cc-5eb2-4a58-8868-c83f5237f251', '3778cd69-73cd-4df3-992b-a7fe204e4f3a', 'e26ba2ef-9b52-4c71-97df-9e4b6cf4174d', '2021-02-05T09:14:15.594065Z'),
('e1078cf6-6a9d-4c8e-8d55-eaebda1bf412', '9e468f66-23aa-4397-9268-6d4632d9ee53', 'e26ba2ef-9b52-4c71-97df-9e4b6cf4174d', '2021-02-05T09:14:15.594081Z'),
('8ae304c0-428a-466b-8755-b0c3c94982fe', 'a39196f0-fa1e-4312-840b-41d246d92860', 'e26ba2ef-9b52-4c71-97df-9e4b6cf4174d', '2021-02-05T09:14:15.594097Z'),
('0950c15d-e9bf-4fca-85ac-193d07177a56', 'ca0c3c9f-03ae-40f6-bb41-5f9f5dff8a15', 'e26ba2ef-9b52-4c71-97df-9e4b6cf4174d', '2021-02-05T09:14:15.594115Z'),
('29ce21b1-6af6-417d-af41-4e5c035c331a', 'bae5493c-330e-40dd-b248-efb766b0a1e4', 'e26ba2ef-9b52-4c71-97df-9e4b6cf4174d', '2021-02-05T09:14:15.594135Z'),
('811563ba-71bb-4700-b40a-299d268f407b', '7a9fb19b-78bc-45c0-8026-df61c311ac0f', 'e26ba2ef-9b52-4c71-97df-9e4b6cf4174d', '2021-02-05T09:14:15.594151Z'),
('3c0f0572-bcad-456d-a1d3-1d5305243ee5', '8066a682-0c43-43bb-9095-34d8592e6adc', 'e26ba2ef-9b52-4c71-97df-9e4b6cf4174d', '2021-02-05T09:14:15.594205Z'),
('9f93fd41-a817-4412-a4db-5e1a7e97c6c1', '10d31320-e970-4b16-b125-424e4c4c448e', 'e26ba2ef-9b52-4c71-97df-9e4b6cf4174d', '2021-02-05T09:14:15.594223Z'),
('2d207f51-2abf-4d99-9495-69f7248103fd', 'af90c532-3648-4b6e-bb86-90979db67729', 'e26ba2ef-9b52-4c71-97df-9e4b6cf4174d', '2021-02-05T09:14:15.594239Z'),
('9d8b3141-166c-4baf-adb3-5897f12ae280', '4a61fd9f-216b-4db1-ae85-83e0574d7dfb', 'e26ba2ef-9b52-4c71-97df-9e4b6cf4174d', '2021-02-05T09:14:15.594255Z'),
('0f0d7193-b8e2-4c5d-8cfe-e8ac218347d2', '72417936-0198-480f-88b1-bc75a2cb11d1', 'e26ba2ef-9b52-4c71-97df-9e4b6cf4174d', '2021-02-05T09:14:15.594271Z'),
('2e33bd5f-cfcc-4f34-b83d-16c6f34c889c', 'd9980223-aefb-4dee-a9b8-1fcb6e998773', 'e26ba2ef-9b52-4c71-97df-9e4b6cf4174d', '2021-02-05T09:14:15.594288Z'),
('4f3c6b2a-67a6-4ea4-8d99-a1e072945c5d', 'c3f98550-023a-490e-b7a3-847e8353a061', 'e26ba2ef-9b52-4c71-97df-9e4b6cf4174d', '2021-02-05T09:14:15.594304Z'),
('7a4761bb-7581-48f5-9867-b432767cb5dc', 'b090f475-dd3b-449d-9e8a-81ce6bafda39', 'e26ba2ef-9b52-4c71-97df-9e4b6cf4174d', '2021-02-05T09:14:15.594320Z'),
('a462febf-4e8d-47b4-944c-d920fec981a0', '0b94b773-4e84-4cad-80ea-492047044870', 'e26ba2ef-9b52-4c71-97df-9e4b6cf4174d', '2021-02-05T09:14:15.594342Z'),
('d3b8e29a-6634-46d6-97db-fe52993676e7', '3bced85a-304c-470a-9d89-3b0405bfcd63', 'e26ba2ef-9b52-4c71-97df-9e4b6cf4174d', '2021-02-05T09:14:15.594358Z'),
('b05546e0-e8d1-4087-b6e7-a0ca4b891acd', '2bce3be9-1aa2-44d9-b07b-988770bd519b', 'e26ba2ef-9b52-4c71-97df-9e4b6cf4174d', '2021-02-05T09:14:15.594375Z'),
('5fb91bfa-bb93-4da3-b7a6-14b697b39a41', '0ff0e1e1-7116-43b2-9e67-ec1ec5bf0824', 'e26ba2ef-9b52-4c71-97df-9e4b6cf4174d', '2021-02-05T09:14:15.594485Z'),
('829a4d0b-1de7-4fe9-9735-a7f21e679e66', 'bb1af020-f53e-4f4c-9745-138a857d9a96', 'e26ba2ef-9b52-4c71-97df-9e4b6cf4174d', '2021-02-05T09:14:15.594519Z'),
('8ddde831-d85b-4eee-b862-2a6207e0639c', '13f844b5-f11a-4844-adc4-64cd0c33b8f4', 'e26ba2ef-9b52-4c71-97df-9e4b6cf4174d', '2021-02-05T09:14:15.594537Z'),
('a0423875-d8f8-4210-86d9-9b0067af1695', '867a2c98-0553-4491-a6de-fb052c1eb9db', 'e26ba2ef-9b52-4c71-97df-9e4b6cf4174d', '2021-02-05T09:14:15.594556Z'),
('2bde1148-b9bb-44c4-adac-37977469a0ea', '8970d053-bcb5-473f-8d01-269b743378b8', 'e26ba2ef-9b52-4c71-97df-9e4b6cf4174d', '2021-02-05T09:14:15.594582Z'),
('b38be41f-2d80-4224-9bc2-4d3f630dcb9b', '683092b7-8dc9-42fa-938a-9aa2d65ebdd8', 'e26ba2ef-9b52-4c71-97df-9e4b6cf4174d', '2021-02-05T09:14:15.594608Z'),
('1dfb4071-0621-4804-96e3-65455c03dc80', 'ead4b9d0-09c4-45bd-af43-dd123ae95973', 'e26ba2ef-9b52-4c71-97df-9e4b6cf4174d', '2021-02-05T09:14:15.594633Z'),
('6daa702c-acff-4100-ac85-c8ab48dc2af9', '29e8d3e5-1eb3-40dc-84bf-86c329ebbf57', 'e26ba2ef-9b52-4c71-97df-9e4b6cf4174d', '2021-02-05T09:14:15.594658Z'),
('8e1a3b99-6b2d-4fc2-823c-bc63e1359611', '48cc73a8-16bb-4d04-8a6a-899a1980126b', 'e26ba2ef-9b52-4c71-97df-9e4b6cf4174d', '2021-02-05T09:14:15.594684Z'),
('d9fd436b-32ef-4c3b-9ce9-d9ee2e19aaf5', '50b60c57-8bb9-4886-a7af-45c931b6b59b', 'e26ba2ef-9b52-4c71-97df-9e4b6cf4174d', '2021-02-05T09:14:15.594737Z'),
('30c56264-914b-4079-bcbb-77831287e47a', '78ed1c56-2a8a-4f65-9681-7ad3a2c2b817', 'e26ba2ef-9b52-4c71-97df-9e4b6cf4174d', '2021-02-05T09:14:15.594945Z'),
('9b4d75b2-ca98-4ea9-bf66-ab9b71c98245', 'bc257152-d5b8-4cfa-b805-272e559a717e', 'e26ba2ef-9b52-4c71-97df-9e4b6cf4174d', '2021-02-05T09:14:15.594990Z'),
('06e7550b-9476-4e91-bb45-c7601ceddfd4', '31de340d-4115-4adf-b43b-f3532935a1f4', 'e26ba2ef-9b52-4c71-97df-9e4b6cf4174d', '2021-02-05T09:14:15.595026Z'),
('cc375f1f-b608-4669-a873-4fbb28da9c9e', '93c1c2cc-c23e-4a32-b717-a2709103b6c0', 'e26ba2ef-9b52-4c71-97df-9e4b6cf4174d', '2021-02-05T09:14:15.595079Z'),
('4128d1cd-ca41-4730-90f3-5732151efda0', '089b25dd-813c-4209-9aa4-90317dfda7ae', 'e26ba2ef-9b52-4c71-97df-9e4b6cf4174d', '2021-02-05T09:14:15.595117Z'),
('0b5e43cb-22d2-4e13-aa5b-c2e41d351006', '8a456b58-67cb-4d55-8f5e-ff492ab7f27a', 'e26ba2ef-9b52-4c71-97df-9e4b6cf4174d', '2021-02-05T09:14:15.595138Z'),
('53106739-5b3b-4497-bcb9-c5015ae3d308', 'dbc17081-a9af-404c-a276-064c0f49f770', 'e26ba2ef-9b52-4c71-97df-9e4b6cf4174d', '2021-02-05T09:14:15.595156Z'),
('e3c54e32-c4c8-4113-a718-45cd501e344c', '6487b608-0117-4395-855c-00357c83bc8c', 'e26ba2ef-9b52-4c71-97df-9e4b6cf4174d', '2021-02-05T09:14:15.595174Z'),
('20951eb4-9a37-447b-87bb-cccc5e1ef967', 'f4419db2-b033-475c-9b7c-77f875c235d8', 'e26ba2ef-9b52-4c71-97df-9e4b6cf4174d', '2021-02-05T09:14:15.595191Z'),
('e616e4a6-e22a-416d-ad47-9f75127322cd', '688396ac-99b4-4633-a982-377fbdff5e02', 'e26ba2ef-9b52-4c71-97df-9e4b6cf4174d', '2021-02-05T09:14:15.595208Z'),
('3a865c59-460e-4cf6-be76-926b880dc1fd', '4e8a3037-d547-467b-870e-ee4d9232274a', 'e26ba2ef-9b52-4c71-97df-9e4b6cf4174d', '2021-02-05T09:14:15.595607Z'),
('e677ac4b-63b3-481d-90f2-286b13eb7e0d', '1fb3a89d-aefa-4b7d-ad05-f312cc938667', 'e26ba2ef-9b52-4c71-97df-9e4b6cf4174d', '2021-02-05T09:14:15.595657Z'),
('d4b908d7-d36f-445e-b4d6-9984168dedca', '9ccc71c2-55e5-456d-bd38-ecd928413ba7', 'e26ba2ef-9b52-4c71-97df-9e4b6cf4174d', '2021-02-05T09:14:15.595697Z'),
('8f0de53a-6eaf-4d3b-9e85-d64e3d12ee4f', '6e888269-61fc-483f-8f8d-10e42e229bfe', 'e26ba2ef-9b52-4c71-97df-9e4b6cf4174d', '2021-02-05T09:14:15.595732Z'),
('2cd8db1f-decc-4660-b0bd-d263f4826988', 'f8e40159-6484-494c-8407-787fccb28b47', 'e26ba2ef-9b52-4c71-97df-9e4b6cf4174d', '2021-02-05T09:14:15.595764Z'),
('aae4d2ac-6225-4895-b7f2-2a792b771459', '2df711dd-2056-4cb2-934f-f80022d410eb', 'e26ba2ef-9b52-4c71-97df-9e4b6cf4174d', '2021-02-05T09:14:15.595795Z'),
('1172e1fd-6d61-435d-9e1a-92dbfa0145cc', '253202a2-0a8b-4e5a-bddd-a13b2f80c3ff', 'e26ba2ef-9b52-4c71-97df-9e4b6cf4174d', '2021-02-05T09:14:15.595824Z'),
('bbd452d5-89bc-4076-bd9c-67bda3000544', 'a2d41306-ee43-4ef1-a3b2-84592b4121e7', 'e26ba2ef-9b52-4c71-97df-9e4b6cf4174d', '2021-02-05T09:14:15.595845Z'),
('86a60f23-1cfc-48d9-8e9e-d288bbd74294', '72803fb7-9e3d-4366-86d0-d4e2b3528096', 'e26ba2ef-9b52-4c71-97df-9e4b6cf4174d', '2021-02-05T09:14:15.595873Z'),
('2e906e2a-15f3-4328-bc9c-0d9c295245f6', '904f3d4b-8e2e-4531-ac2b-de21793a9016', 'e26ba2ef-9b52-4c71-97df-9e4b6cf4174d', '2021-02-05T09:14:15.595891Z'),
('b904a139-739f-464c-8a92-b8fbd911059c', '40a6124c-77ca-48de-a5c0-0e9f152b052b', 'e26ba2ef-9b52-4c71-97df-9e4b6cf4174d', '2021-02-05T09:14:15.595909Z'),
('76f4adb3-e0f8-460b-8f52-46b9327a2519', 'fa1a6921-eefe-4c99-85c2-00fc597c38e3', 'e26ba2ef-9b52-4c71-97df-9e4b6cf4174d', '2021-02-05T09:14:15.595926Z'),
('7e83ab5f-9346-481a-9f22-39cdd03ce75f', 'c1a5219e-a579-4771-92f4-1f097d3c2766', 'e26ba2ef-9b52-4c71-97df-9e4b6cf4174d', '2021-02-05T09:14:15.595952Z'),
('0689caee-53a1-45cb-bde6-59f7a843b1c1', '30542291-5420-4eb3-b5ed-eccc4641873b', 'e26ba2ef-9b52-4c71-97df-9e4b6cf4174d', '2021-02-05T09:14:15.595985Z'),
('93269974-e30f-4a76-a875-e510154cef89', 'c418df64-1989-4b86-a8f3-ca50ef255c50', 'e26ba2ef-9b52-4c71-97df-9e4b6cf4174d', '2021-02-05T09:14:15.596015Z'),
('2f58b9e5-2f30-4a7f-856e-b84ae7cacede', '89d1a9ed-3342-4ebc-9aed-b3e29464ada8', 'e26ba2ef-9b52-4c71-97df-9e4b6cf4174d', '2021-02-05T09:14:15.596044Z'),
('8770f573-c992-45d6-a12b-f012036c95f2', 'cb864d00-4ae7-446a-a975-7cf3d6ba1f02', 'e26ba2ef-9b52-4c71-97df-9e4b6cf4174d', '2021-02-05T09:14:15.596074Z'),
('9e4ddf83-442f-45b1-a5c1-3313a7540448', '4aa66a38-b454-44e0-808a-884b1f7969dd', 'e26ba2ef-9b52-4c71-97df-9e4b6cf4174d', '2021-02-05T09:14:15.596103Z'),
('be14238f-7e94-40cc-9fd9-8023bc7ae7f9', '29c05639-1315-4958-808d-003e46c18769', 'e26ba2ef-9b52-4c71-97df-9e4b6cf4174d', '2021-02-05T09:14:15.596134Z'),
('d345a68e-19af-465d-9146-2e26756f6c14', 'e7569ec3-0387-47fa-818c-9a9bfad0578b', 'e26ba2ef-9b52-4c71-97df-9e4b6cf4174d', '2021-02-05T09:14:15.596205Z'),
('21c35604-0df5-4f0d-9fdf-c2bdb03cbbcf', '36a97ba3-fbfc-4e2a-b32e-3843b221d2b9', 'e26ba2ef-9b52-4c71-97df-9e4b6cf4174d', '2021-02-05T09:14:15.596248Z'),
('06e93d33-914b-4b10-b53f-ba673c525727', 'dea3b440-5650-43e0-b8ed-f4dd7a0f9952', 'e26ba2ef-9b52-4c71-97df-9e4b6cf4174d', '2021-02-05T09:14:15.596281Z'),
('f4f2f915-8872-44d6-b147-da1c9dc27cb5', '684993ee-a0d0-4a45-8a36-62558a473559', 'e26ba2ef-9b52-4c71-97df-9e4b6cf4174d', '2021-02-05T09:14:15.596313Z'),
('a329c8b7-d715-42df-84ad-58832fc5669b', '0d68dccf-8a26-40cf-ae46-a299074d0737', 'e26ba2ef-9b52-4c71-97df-9e4b6cf4174d', '2021-02-05T09:14:15.596351Z'),
('cb7eb859-87b5-4d05-84ac-d3f1125c150f', '0e81e807-81dc-4547-9d7d-9819bda849f9', 'e26ba2ef-9b52-4c71-97df-9e4b6cf4174d', '2021-02-05T09:14:15.596379Z'),
('1b3f4d9a-a0a2-47fd-97d3-5a591770dd2b', 'ffbb13b3-71e1-4872-9bef-5ddd4d78634d', 'e26ba2ef-9b52-4c71-97df-9e4b6cf4174d', '2021-02-05T09:14:15.596408Z'),
('e53ae85b-cc00-4e3a-8d18-80542748491f', '13b8b34a-3b2b-45ad-833e-c189ffbc3e51', 'e26ba2ef-9b52-4c71-97df-9e4b6cf4174d', '2021-02-05T09:14:15.596437Z'),
('da5cdd6e-bd79-47c3-94f7-e88b76c1ffb7', '05218a85-8dad-49ca-896a-8e1cc79c73da', 'e26ba2ef-9b52-4c71-97df-9e4b6cf4174d', '2021-02-05T09:14:15.596570Z'),
('10590acc-6c86-468b-a018-b0cd5e34c5ed', '4750d6ee-7b98-4645-8246-678de0373523', 'e26ba2ef-9b52-4c71-97df-9e4b6cf4174d', '2021-02-05T09:14:15.596623Z'),
('648b2685-de00-47db-95b8-d72049d6d30c', '1b37b7d5-bb92-491f-b57f-32f5a12d3cc5', 'e26ba2ef-9b52-4c71-97df-9e4b6cf4174d', '2021-02-05T09:14:15.596659Z'),
('c7c2f685-f74c-451d-a5bc-265c576b61ca', 'f97af627-f44c-4f72-883c-7e2a2df10e44', 'e26ba2ef-9b52-4c71-97df-9e4b6cf4174d', '2021-02-05T09:14:15.596692Z'),
('e10a19a3-e3eb-438e-8504-ed1c9302bff3', 'bffef26a-787e-49c0-aa62-c62cfe473c85', 'e26ba2ef-9b52-4c71-97df-9e4b6cf4174d', '2021-02-05T09:14:15.596725Z'),
('acc5df8c-d894-4d86-b5ae-0223fc6751f9', '59807d85-54a5-4db2-b776-f2c8788e9232', 'e26ba2ef-9b52-4c71-97df-9e4b6cf4174d', '2021-02-05T09:14:15.596757Z'),
('1176f2d4-6215-40b6-a16b-52123b29ef42', '951580aa-0a5f-43f9-9011-74fb1a56281b', 'e26ba2ef-9b52-4c71-97df-9e4b6cf4174d', '2021-02-05T09:14:15.596790Z'),
('09163b7e-4374-483e-ac21-27465d5366a1', 'cfe75d8d-30a1-45ce-ac43-adeb005a492b', 'e26ba2ef-9b52-4c71-97df-9e4b6cf4174d', '2021-02-05T09:14:15.596822Z'),
('0549cfd8-f6ab-4601-a583-123e4cadbd8e', 'dcbe6e98-96ec-4e02-878d-e37f48d1c8b4', 'e26ba2ef-9b52-4c71-97df-9e4b6cf4174d', '2021-02-05T09:14:15.596855Z'),
('e23563a2-6d2f-4518-9752-89a475092b07', '6e7219a2-1866-40aa-98fb-d013c477d9ce', 'e26ba2ef-9b52-4c71-97df-9e4b6cf4174d', '2021-02-05T09:14:15.596894Z'),
('a27906d7-1208-4d99-ac57-3c4e992571d0', 'ace9c7b2-ddc5-4c2c-a645-78bc6ca1799e', 'e26ba2ef-9b52-4c71-97df-9e4b6cf4174d', '2021-02-05T09:14:15.596942Z'),
('36c6288c-2b69-4c50-8b6f-9af91e9d8487', '74c2acc0-ad4f-4b2c-bc87-8358fbce9293', 'e26ba2ef-9b52-4c71-97df-9e4b6cf4174d', '2021-02-05T09:14:15.597006Z'),
('1352a715-8b88-469b-b3cb-9f35f05f2736', 'aa10f365-1ac0-4c18-9586-30620560759a', 'e26ba2ef-9b52-4c71-97df-9e4b6cf4174d', '2021-02-05T09:14:15.597042Z'),
('51e92483-446e-4267-98e7-5c88f73df679', '1307cf24-fa17-4c05-bef0-dac4390fb051', 'e26ba2ef-9b52-4c71-97df-9e4b6cf4174d', '2021-02-05T09:14:15.597079Z'),
('ca5a3f02-1348-4cc1-a086-410392936e0c', 'a3986bff-1794-4f20-9580-e26f63bf03d1', 'e26ba2ef-9b52-4c71-97df-9e4b6cf4174d', '2021-02-05T09:14:15.597114Z'),
('35bb355f-14b4-417e-b0dd-1329e64a5447', 'd849e0c6-0014-4125-8d57-dab8653314cc', 'e26ba2ef-9b52-4c71-97df-9e4b6cf4174d', '2021-02-05T09:14:15.597150Z'),
('acc3a808-a726-4b32-b9b0-c120ba13eb30', '8d001b01-30b4-4be2-a059-6cf919847121', 'e26ba2ef-9b52-4c71-97df-9e4b6cf4174d', '2021-02-05T09:14:15.597183Z'),
('6b1a3c15-afeb-4a00-8bdb-1c1eb9f082d2', 'a772ddf2-c2f5-483c-b52b-7130a2e23a7c', 'e26ba2ef-9b52-4c71-97df-9e4b6cf4174d', '2021-02-05T09:14:15.597217Z'),
('349cb1cd-e6cd-437a-961e-f7e323082021', '290a6af1-222f-4154-907f-f8e7ed6b6712', 'e26ba2ef-9b52-4c71-97df-9e4b6cf4174d', '2021-02-05T09:14:15.597251Z'),
('fd393552-c632-443f-9594-041a61619084', '0dac7069-29da-4491-ba6c-dfb5ecddc54e', 'e26ba2ef-9b52-4c71-97df-9e4b6cf4174d', '2021-02-05T09:14:15.597299Z'),
('6f921a33-c221-4d52-8302-0dd212b91ba7', '3cef1bec-9713-4f13-89eb-012d84aee9f6', 'e26ba2ef-9b52-4c71-97df-9e4b6cf4174d', '2021-02-05T09:14:15.597326Z'),
('f614ea5d-50a7-4886-ba85-ced50c1c4408', 'ba98f546-0e3f-4a99-acc6-84bf5e1feb63', 'e26ba2ef-9b52-4c71-97df-9e4b6cf4174d', '2021-02-05T09:14:15.597352Z'),
('ba575391-f5b7-45db-9745-395fb40898a9', 'a1ecda79-af10-4bea-8962-746541f085c6', 'e26ba2ef-9b52-4c71-97df-9e4b6cf4174d', '2021-02-05T09:14:15.597377Z'),
('cd3c2e2e-647a-402b-98d4-34ec1d9ebd01', '2cf143e6-cb7c-4219-8624-f0d3e6e4b122', 'e26ba2ef-9b52-4c71-97df-9e4b6cf4174d', '2021-02-05T09:14:15.597402Z'),
('9d137ab3-9614-44c4-88fb-a03362cdef14', '5772cf35-3df6-4043-b1eb-ff6d889b6627', 'e26ba2ef-9b52-4c71-97df-9e4b6cf4174d', '2021-02-05T09:14:15.597427Z'),
('948b5bdc-0856-4941-9d48-33084b980e1c', 'cc88e930-24e5-43af-ae09-2824580b3667', 'e26ba2ef-9b52-4c71-97df-9e4b6cf4174d', '2021-02-05T09:14:15.597451Z'),
('a4f60427-3cf4-4ebb-9644-87390b61ce1f', 'dd0af1cc-ad57-4d24-9cd7-f64fff40531e', 'e26ba2ef-9b52-4c71-97df-9e4b6cf4174d', '2021-02-05T09:14:15.597477Z'),
('c27172e2-4307-4c1c-ba34-7a2eee687dc7', '98ffc2ca-a196-43cf-bf3c-433553ac5082', 'e26ba2ef-9b52-4c71-97df-9e4b6cf4174d', '2021-02-05T09:14:15.597507Z'),
('460e40b3-2f66-4993-8b33-d28d300e3db8', 'd8367707-78d8-4e98-a82b-762ebfe33761', 'e26ba2ef-9b52-4c71-97df-9e4b6cf4174d', '2021-02-05T09:14:15.597534Z'),
('2cb04464-ee21-4226-b04e-e035d8b246ef', '25328875-4206-4766-a0c1-bdec8e7d039e', 'e26ba2ef-9b52-4c71-97df-9e4b6cf4174d', '2021-02-05T09:14:15.597570Z'),
('8ea1844b-0248-48a2-8690-3c4301266258', '08a16d78-a9be-4f14-8e7a-7dde8e03d625', 'e26ba2ef-9b52-4c71-97df-9e4b6cf4174d', '2021-02-05T09:14:15.597602Z'),
('a2622c14-dad7-4f87-881e-e227eee770bf', '1dfa54b9-baff-4767-9ed2-d685e6b2ade8', 'e26ba2ef-9b52-4c71-97df-9e4b6cf4174d', '2021-02-05T09:14:15.597633Z'),
('7cb496ae-e25c-4206-8922-835a145c3c2a', '19f3ac23-24f3-4e7a-adea-81ccc78bc2a7', 'e26ba2ef-9b52-4c71-97df-9e4b6cf4174d', '2021-02-05T09:14:15.597664Z'),
('d367b899-ff47-4699-af72-9a19530c253b', '8deed16a-4f78-4b4e-9a84-8ea7c0813bc3', 'e26ba2ef-9b52-4c71-97df-9e4b6cf4174d', '2021-02-05T09:14:15.597699Z'),
('f1b153d5-49a0-430c-a7b4-27edafd80174', '806e0339-a84e-4e45-98ed-690abcde19d3', 'e26ba2ef-9b52-4c71-97df-9e4b6cf4174d', '2021-02-05T09:14:15.597728Z'),
('856e12f5-2260-4eb7-af68-808062568394', '6673114a-d1bf-4b3c-b085-51bac92fccaf', 'e26ba2ef-9b52-4c71-97df-9e4b6cf4174d', '2021-02-05T09:14:15.597757Z'),
('df7e525b-11b9-4a12-bd91-e03cbe600ff5', 'd1d68ab1-98ac-472f-96a8-680220aaa7bd', 'e26ba2ef-9b52-4c71-97df-9e4b6cf4174d', '2021-02-05T09:14:15.597789Z'),
('0d480afe-317a-4736-a5ec-b900fdd17160', '4ef4247f-6829-43c2-9bc4-cb0f3996cbb6', 'e26ba2ef-9b52-4c71-97df-9e4b6cf4174d', '2021-02-05T09:14:15.597820Z'),
('97612eca-7d59-46bb-b0e8-2bbef9279544', '46749244-f2df-43c1-8f71-74438c87e47c', 'e26ba2ef-9b52-4c71-97df-9e4b6cf4174d', '2021-02-05T09:14:15.597851Z');

--INSERT TELEMETRY_GOES--COUNT:199
INSERT INTO public.telemetry_goes (id, nesdis_id) 
VALUES
('cdb5017e-a394-4a3f-93b0-4eb1cb0e42e1', '1769321E'),
('a9ee5a02-77f9-44e5-b46d-a9de5b88bbb5', '02608762'),
('e1766753-e390-4db7-a604-f0fac5568b63', 'C50003F6'),
('a279dd88-a663-4453-89fd-f17b96af11ed', 'CE664DF6'),
('e84abcb1-0312-4feb-9e78-07a8175fb1bd', '1762F4A8'),
('5e863657-6b14-4174-9b44-b0b9cf240867', '24406168'),
('308fc8e3-548b-4c56-9f81-57616f204ce8', 'D11ED764'),
('d2d2ac60-81ac-4b52-99ec-a63bc8500bbf', 'CE8597C8'),
('7a1ba361-f507-46e4-86a2-bb372c69251f', 'CE66D646'),
('f4638823-8f4a-42d0-be09-4fa2c2e16089', 'CE24450C'),
('7e957e60-08d4-4783-9316-2a3b5f1c4f77', 'CE564554'),
('d020bd4b-13c3-42a3-a84b-8167d8f42433', 'CE04928A'),
('40749bac-066f-4da4-9de7-bec9a30e7145', 'CE562E60'),
('6bf698c9-0000-4fcb-82e0-5b1a7e7413c4', 'DDB04572'),
('eee12cca-3c82-49d2-a8db-a4a336c64cb6', 'DD8557B4'),
('dde01591-61a1-4831-8368-28653d896bb7', 'CE56CD92'),
('7a7b4d01-804b-4e97-af8f-fe7aa60ee71b', 'CE665052'),
('c1705bfe-e575-4948-a642-647d6d653720', 'CE1801EA'),
('3f3048df-8053-4c49-93de-15d3243d03f6', '244A734C'),
('82ff5483-9218-4451-9590-237451f311a3', 'DD532210'),
('e0929b49-1caa-4fe7-b9a3-63f3aa03233f', 'CE56E5AC'),
('61bbcf7c-61bd-4141-9d5c-21b3d6c63b8f', '244A2330'),
('4f315471-9092-4bfa-95ee-a469594eaf38', 'CE18640C'),
('9200824b-92d5-472a-821d-6733e4571b7d', 'CE4BC7B8'),
('bb198471-91c3-44aa-811d-1a25e8cf7339', 'CE4C7602'),
('f806f0fd-5b01-4039-88af-4a8d29d02960', 'CE56A874'),
('6a2f51dc-a4b6-4c9d-b349-d9f1b7af1b71', 'CE56DEE4'),
('868d4fc1-8cca-453d-8b3d-165dfcba034b', 'CE55F1D4'),
('a0bff168-6267-4ad8-8086-82745cbafecf', 'CE561BFA'),
('a0fc287b-575c-40d4-833e-59d25c0fc542', 'CE56C340'),
('7d58ec85-0459-4b96-95b2-5c4c9722e2f8', '2447F63E'),
('633868d1-547f-4cb8-b972-25fae938ec96', '2446D228'),
('c366e6aa-c294-445e-8908-759f51533573', '2445A3B6'),
('b0bb0c2d-75bb-46f2-bdb3-462542c1ea23', 'CE66CBE2'),
('144844bd-7a1a-43e6-a8e8-4a7346a21cc6', '2440A476'),
('32f882e9-0fca-4819-b04b-28b2f624656e', 'CE66E3DC'),
('275c83e1-0183-480e-b9bc-40edcf0fe661', '2448135E'),
('dea67605-9dce-43ab-9564-2733ff39fe5b', '244B575A'),
('f4b95375-e64d-4763-8740-dbb2745f2159', 'CE66954C'),
('3307d92a-f3f4-4e4b-a15e-a4b60ca78e5c', '2446C15E'),
('d3c3a6f1-8edc-4c02-92ac-788cdf5e6b27', 'CE666B1A'),
('421fd302-6550-450c-9fb5-f33d40a44be2', 'CE66786C'),
('ccac35c6-9789-4ca9-8ed2-a6a154bc5855', '244FD474'),
('401e8ab0-2a92-48b5-b514-81258939b628', '244CA5EA'),
('927c550d-01e2-4b38-946f-39f57910077b', 'CE66863A'),
('bb4e3d88-aed0-4b47-baee-6d7c6f6deeb2', '244715CC'),
('ade2c982-0442-454f-8af4-9de4cfec4492', 'CE24339C'),
('7fa850aa-ee2b-4600-b633-ac7e74ed048e', '2443C69E'),
('64861497-293a-4cce-89a9-4672e9a137ad', 'CE66D894'),
('cf56f360-1f8c-4ace-a618-9ec103fe41f1', '2442120C'),
('c3b4b3c3-377a-43e9-a16a-14bc761780ce', 'CE66AE04'),
('2451ddcd-8a91-4336-bb24-9e471591f3fb', '2445E0BC'),
('9b4d6849-31c7-4bd9-bfba-62585da12c5c', '244C23FE'),
('d751945e-8527-4093-a9a7-d6aba5c50341', '17EB55B4'),
('75091c26-0095-45b1-91f2-52f11fb44ab2', '2450401A'),
('77eace6a-e01e-4c3f-bc8b-8a0be66645d5', '244D620E'),
('71ac8278-b449-4575-a33f-66310b8fdbe7', '1762A4D4'),
('9971ec15-d252-4b13-a121-58be305be6fa', 'DD85622E'),
('918496fb-dc9c-4e8a-9b18-f4e06eb940b8', 'CE17F7FC'),
('cabf81ac-0ae4-4acc-b737-ba79dedcdf49', 'CE8584BE'),
('c7c565a4-a0bc-4882-ac95-017afe69328f', 'CE563D16'),
('09421e6c-8a8c-43de-8c0d-1b4554d66e68', 'CE56933C'),
('b849b16e-d029-437b-b7c5-ea66d12bf90a', 'CE56B5D0'),
('79a6b42d-f277-4ffe-8f7e-ff2b17b67dcb', 'CE4BD4CE'),
('877584c7-b411-4a61-8388-188209f13a97', 'CE55E2A2'),
('c1811ed5-ec98-49e0-84b6-672e60b88b07', 'CE55EC70'),
('2f889c9a-c9f1-422a-83fe-29dc8ad7b2b3', 'CE56EB7E'),
('824c7f77-d9c8-46bb-a52f-658e5e109bc5', '17C0D1E6'),
('fd1828d5-35ed-4fae-99ed-466ac5765914', 'CE152460'),
('b79fcce3-b898-4061-b9c9-765f953f1d7c', 'CE6B2B76'),
('142e822f-466d-435f-a6c3-373f99708c2e', 'CE55FF06'),
('a6244e67-7f66-41cf-b629-b75a9723c6ba', 'CE56F808'),
('0cb85d94-feb9-443d-8ef9-b4e10e2db768', 'CE56804A'),
('ee11c060-203c-40c4-aa4a-b75ef8d3c1c7', 'DD149076'),
('81288d1f-c47d-4e21-8ccd-62aa9edf3a65', 'CE55D9EA'),
('f7a174ac-e63c-422b-87b0-ad11401979a4', 'CE56065E'),
('716aac87-b4b6-4d1a-a3b0-a8b62f264f53', 'CE77E86A'),
('3f4908ba-3f6a-42ff-aee7-35e5c90599ee', 'CE1D803E'),
('e87cd79b-37e6-46c7-bf56-cf15f1b7dfe9', 'CE56BB02'),
('7e381d9c-3a0a-4124-983d-71cb839e52b4', 'CE569DEE'),
('f628ac9e-3847-4d1a-9de1-c445b5f212be', 'CE1D9348'),
('c25e70cc-c86b-4009-865b-88ec865467eb', 'CE1DB5A4'),
('6274931b-0567-4298-ad89-ce518bc75ac9', 'CE5663B8'),
('04a29252-3185-4517-b721-84cd5f8bd552', '244FA2E4'),
('4f478284-70a4-4da1-8de8-fbf046939ca9', 'CE6B36D2'),
('60545863-7f32-4114-a0a4-324ad5f544f9', '2450536C'),
('100739bf-7c68-40e7-9553-70610f13ea41', 'CE561528'),
('f1740cd5-ab8e-4c1d-b7a4-bc44b93bb89e', 'CE66ED0E'),
('54a3fd4e-3454-4c05-85b9-df5df015ccf6', '2440048E'),
('fecc4c8e-2158-45f6-adc4-ff53899f4059', 'CE564B86'),
('d8132142-6532-40bb-aae4-2168a5dbcae9', 'CE568E98'),
('cbfb0edf-2fd3-4611-aa66-2d51b0e40b77', '244E00E6'),
('b83acd10-cd86-4691-ae68-ca9c2147cd99', '244EE314'),
('5ac3f6ba-599e-495e-9bf7-b3b3e9c8d26d', 'CE66A0D6'),
('454467e7-7b77-40ab-9d6e-bdf3e8d18120', '2447702A'),
('eec6f82c-ee8a-414a-ae2c-daa3e41e4c02', 'CE56F6DA'),
('bc262c66-4d68-47d8-94e0-eb9c67712b59', 'CE6676BE'),
('00364a12-9b9d-4517-9c95-214952e1e543', '244A90BE'),
('98ec2638-9e67-43d4-bf39-95bdf511b730', 'CE665E80'),
('7d6e307c-a196-414d-ba43-bef9b20f8609', 'CE66F0AA'),
('3c2c5891-4aa5-46ac-bd9d-cc9a9445c565', '24419316'),
('6fceafa7-8ba3-48bd-bf56-2153b436897b', '244EF062'),
('e01c70d3-4944-427b-a116-e9294f5f3530', 'CE5620B2'),
('00bba5f3-1a14-48de-98f9-ebcb45c8a9f4', '2446B7CE'),
('1bb1b604-0120-400c-aa80-9c996500cfb9', 'CE66BD72'),
('8f8d495b-0a1a-4ee6-8e6f-824e047e8363', 'CE5633C4'),
('58d4359a-3e16-4ca7-94c4-477c256d5d2e', '2449F256'),
('8584826f-d905-48a6-8448-ffe7560137b0', 'CE66FE78'),
('dce0a112-884f-45dc-a9eb-6f3fc64f2949', 'CE663B66'),
('9a004de9-1e6d-4458-a513-12c7628c5a93', 'CE66C530'),
('5f7b82e9-c647-4a10-9685-1e93cef42fcf', 'DDB1A47A'),
('791414da-531d-40ee-b4e2-999efeb1e6bc', 'DDB17212'),
('77de3580-1435-46dc-a418-acf1492b2194', 'DD4654DE'),
('2c7f6dfc-3c0f-4dd2-bf54-ae28f4ed7774', 'CE30C1BC'),
('ddb03070-b46c-4981-9e91-df4da7365404', 'CE56088C'),
('1be2aa27-08cf-47dc-939d-11e4cb49d27a', 'CE30A45A'),
('1e3a0efe-6d77-4201-95da-6e7fb5083465', 'CE56A6A6'),
('939be374-839f-46e5-97b2-4289196dcf01', '17E7B7DA'),
('e432ed9a-1ffd-4c39-9737-82c99a9232dc', 'CE6688E8'),
('f21d4208-dd1c-4aa0-bad7-11c40726ad82', 'CE566D6A'),
('a4ee3252-7f6b-4afb-a1ad-2316e4056d40', 'DDB1E770'),
('6a6abc76-f1b6-4eb0-a8b1-365d32294931', 'DD4C05F0'),
('14dd37e5-c9f6-4b0d-b3f6-8d8b0b232868', '244396E2'),
('a7726810-db40-49be-9764-3c300594be8f', 'CE2025D0'),
('31eebe30-84cb-4fcc-bc9b-9b236614613a', 'CE30B72C'),
('20df3741-7540-404a-97bf-35a036274a3c', 'CE0AD5E8'),
('986ec2cf-2b1d-488b-bd97-2af5669671e8', 'CE05F596'),
('e6005876-2e47-4b40-b93e-ab4f2d2fdb6a', 'CE0954F2'),
('6f1f3efa-2afe-4cf1-8212-4dee30e6b4c6', '17EB46C2'),
('3459b5a8-f1bb-4f0d-b784-3fa57b03c0d4', 'DD6C728E'),
('712b1b3c-b146-4e5a-962a-193e290fd530', 'DDB070E8'),
('6d479bee-8c8f-4029-87a7-de6566811359', '166AF1AC'),
('d00ab421-88b5-4d13-8284-f31939660905', 'CE55D738'),
('f29fbe35-09b3-4e62-83af-bf37af066313', 'CE77B816'),
('45bce54d-a155-4cbb-82e2-c8b1c91b5794', 'CE437E42'),
('8068939e-54fd-476a-ab2d-d692b298037e', 'CE7EBE4A'),
('70b07c39-5bb7-4af7-bf56-40b726bad819', 'CE7EC608'),
('b806667b-a49d-4912-bdf9-80990dc480f4', 'CE7EC8DA'),
('ba24f09b-f7a2-40ea-a1e1-db5cfd562e30', 'CE7EDBAC'),
('068e7314-3941-4c1c-a1be-1377d461d225', 'CE7EE0E4'),
('e849808b-a799-4179-b9a3-be4e1281c047', 'CE7EFD40'),
('e8dae175-d472-47fa-bbf8-4b139bbe5bd1', 'CE7EF392'),
('20ead189-fb26-4cf7-94a1-09f1f491e3bb', 'CE5D231A'),
('ffed8c17-3687-4824-b704-e13994885609', 'CE59652A'),
('3ffe0ac3-e7d4-4315-9ecd-42bb42bb3660', 'CE5D2DC8'),
('c855ccd3-aa78-4bac-8340-c3e07e8180d3', 'CE19401A'),
('b071cf71-ef1e-4fa4-a598-3a6de62878a8', 'CE6B8B8E'),
('b4562403-6fbe-4f57-b239-0441c4ac1ad6', '172024E8'),
('dca0fc41-f55e-4d55-8c3b-e8755aed92c9', 'CE216420'),
('bf05e12f-9a41-4f65-9150-c5e736906198', 'CE7EB098'),
('2390f921-d00a-44bb-82a5-3b7920df88e0', 'CE7ED57E'),
('aefbc656-55fc-40a3-8349-76012f669e83', 'CE1FF35A'),
('a704add1-bda8-4d5b-9c09-edd7d74b34cf', 'CE7EEE36'),
('2fcb8983-4209-40c4-a57c-70d677afa240', 'CE56D036'),
('3631169a-4f8d-4cce-8913-58074bfa5c57', 'DDA2D27A'),
('c947f348-fa55-4b8e-a9c3-f681f93258d6', '24461736'),
('fbb50c14-d279-4c25-844a-e9972a748213', '244F748C'),
('87d42e59-26a3-4a0e-b379-5ee575079f57', '2440F40A'),
('127a1805-9db6-473b-8dcc-fbc0f51f2cff', 'CE183470'),
('a95ae66e-8c04-40d3-9ab4-5ccbff2696c4', 'CE6CB2F2'),
('1a9c85e2-c8cf-41ed-9292-21fe4d21090b', '244661A6'),
('4846db03-1f79-475a-9517-9921d35ecf9a', '1782343C'),
('13d4f00a-f4e8-4e22-9fca-7d9395a6d8a6', 'CE05D37A'),
('2dbaeacc-4216-4860-9dea-29ed9871996f', '244EA01E'),
('8c42bc2d-15fd-4db4-ae98-7fd9fbe0139c', '244E260A'),
('bf1c83c2-fe65-494e-af62-b72dcc02cf57', '244234E0'),
('9ff908c3-dddc-4d11-ab54-40e079d20db4', '1676A7D2'),
('ce234db8-dd1c-42be-a28f-029bcffcba83', '2442C464'),
('c82bf52e-d393-47ab-9668-70b28c86a190', '2445D526'),
('0ae8223d-2d96-441a-8490-94d5eb131679', '244536D4'),
('8740f526-1d85-4cc3-8d19-dcd6e05482f5', '244575DE'),
('e00fabf9-513a-4b54-9358-660806c67af6', '244C1664'),
('2a727373-928a-498f-82aa-ae199c74d454', '2446F4C4'),
('3e7af5c8-9fd3-45ac-9e33-a35852d0ade4', 'DF00316E'),
('b324ac8f-6730-4595-8a15-bd30c3855388', '17A8C404'),
('4af2375e-b83f-4d60-a81f-1151f9c0c7c4', '17A8B294'),
('86248b4e-c09d-47e6-9002-12a550c3cd2e', '244A3046'),
('f1602e41-c688-4fed-9234-23c8313693f4', 'CE77F5CE'),
('0648d30d-b89d-4828-9615-6b397b2ec126', '176E235C'),
('2bda3099-8998-4cb3-be63-c7a1dfd7b8e3', '1676813E'),
('5c396318-0b5f-45d5-b9eb-6e25fa443bc0', 'CE17F7FC'),
('f2799dfc-f66a-40d2-bc6b-83a7ca4359d5', '244D7178'),
('0d436e19-b3bd-4870-8322-db4beb5e08d6', '1676B4A4'),
('f031ead3-ff9e-4804-88d1-de2c3250e8e5', '17871510'),
('9742fe1c-7828-4d9e-aa08-9e4fee24ff32', '16DE05DA'),
('9181efdd-d011-4059-9bcf-592de4372a7a', 'CE56F6DA'),
('705b593c-6e78-442e-887b-bc76779f0799', 'DDB05604'),
('0f148b71-6bbe-4da5-9470-80c79bfea699', '172590A6'),
('a9cb18d0-41c1-43be-b662-03c49ead5daa', 'DE2793EE'),
('80f53843-f07b-4043-8fa5-a312a0f282e3', 'DDB1B70C'),
('30720d4e-0389-4698-b1e3-4b4bb361acd8', 'DE13305C'),
('e77bfc4c-4659-4113-82af-a20ce6cff0ee', 'CE2B350E'),
('53a6bf9b-e101-4807-a9db-8790f286bf5f', 'CE567E1C'),
('1a1d75e9-4dd4-494c-a53e-9f36916f3291', 'CE5670CE'),
('4f898fc4-6304-4945-8af9-3ea73c1aab85', '1704E522'),
('f9ff7dcc-affa-4bb7-b76a-4dc656fab688', 'CE77FB1C'),
('addb251d-02fb-4203-9da5-d4a7f76c2117', '17F1369E'),
('9fdb4c1a-6a31-4355-b42f-9537f5e5d3a0', 'CE0D2758'),
('d1a9a027-8892-4a55-849e-81bbd9ee8c58', '16769248');

--INSERT INSTRUMENT_TELEMETRY--COUNT:199
INSERT INTO public.instrument_telemetry (instrument_id, telemetry_type_id, telemetry_id) 
VALUES
('fbaae120-0c45-4dd0-8226-8476bfa8ce81', '10a32652-af43-4451-bd52-4980c5690cc9', 'cdb5017e-a394-4a3f-93b0-4eb1cb0e42e1'),
('2c735458-03ba-4832-9a0e-6afaf399266a', '10a32652-af43-4451-bd52-4980c5690cc9', 'a9ee5a02-77f9-44e5-b46d-a9de5b88bbb5'),
('ce4097da-d1e0-432b-a8e7-76f7e9bff1b1', '10a32652-af43-4451-bd52-4980c5690cc9', 'e1766753-e390-4db7-a604-f0fac5568b63'),
('abe95109-b6b7-4191-a399-d15493e720f1', '10a32652-af43-4451-bd52-4980c5690cc9', 'a279dd88-a663-4453-89fd-f17b96af11ed'),
('40705bc0-7a0b-4605-8330-d62a79ca7531', '10a32652-af43-4451-bd52-4980c5690cc9', 'e84abcb1-0312-4feb-9e78-07a8175fb1bd'),
('695834c0-de82-47a4-bc32-b764f9cd0538', '10a32652-af43-4451-bd52-4980c5690cc9', '5e863657-6b14-4174-9b44-b0b9cf240867'),
('e1f07a5f-8d6d-48b9-b953-4c57ec7511e9', '10a32652-af43-4451-bd52-4980c5690cc9', '308fc8e3-548b-4c56-9f81-57616f204ce8'),
('3d60ea91-0b79-49a7-8045-a2e00c496386', '10a32652-af43-4451-bd52-4980c5690cc9', 'd2d2ac60-81ac-4b52-99ec-a63bc8500bbf'),
('a82e204d-b775-4e37-ad5b-57d10461e1b2', '10a32652-af43-4451-bd52-4980c5690cc9', '7a1ba361-f507-46e4-86a2-bb372c69251f'),
('8bbd020d-c496-46c4-85de-ed8dc919a8ca', '10a32652-af43-4451-bd52-4980c5690cc9', 'f4638823-8f4a-42d0-be09-4fa2c2e16089'),
('e7035c37-bab9-40a2-b0ad-b43b8dd0ddb1', '10a32652-af43-4451-bd52-4980c5690cc9', '7e957e60-08d4-4783-9316-2a3b5f1c4f77'),
('4412c873-a8a5-417d-9b94-10c42895fa6c', '10a32652-af43-4451-bd52-4980c5690cc9', 'd020bd4b-13c3-42a3-a84b-8167d8f42433'),
('08fdc172-6dfa-4b8a-8a28-ac996c5378cc', '10a32652-af43-4451-bd52-4980c5690cc9', '40749bac-066f-4da4-9de7-bec9a30e7145'),
('88fdb36d-00fb-4f79-88f9-832f78e3d2b2', '10a32652-af43-4451-bd52-4980c5690cc9', '6bf698c9-0000-4fcb-82e0-5b1a7e7413c4'),
('4a3cf67d-aa92-4b25-88b9-c3c376631eb0', '10a32652-af43-4451-bd52-4980c5690cc9', 'eee12cca-3c82-49d2-a8db-a4a336c64cb6'),
('a9296751-9f0d-4a4b-bd1e-b845e470af26', '10a32652-af43-4451-bd52-4980c5690cc9', 'dde01591-61a1-4831-8368-28653d896bb7'),
('d9af8917-e1da-45c3-9447-32f8fdb85214', '10a32652-af43-4451-bd52-4980c5690cc9', '7a7b4d01-804b-4e97-af8f-fe7aa60ee71b'),
('b0a86a03-84f5-457c-b988-c4d7fcc730c0', '10a32652-af43-4451-bd52-4980c5690cc9', 'c1705bfe-e575-4948-a642-647d6d653720'),
('904e0751-3f35-4a1b-a40b-0bee65f7afe4', '10a32652-af43-4451-bd52-4980c5690cc9', '3f3048df-8053-4c49-93de-15d3243d03f6'),
('24824e81-2aab-4c6f-9640-652a82424db2', '10a32652-af43-4451-bd52-4980c5690cc9', '82ff5483-9218-4451-9590-237451f311a3'),
('2d7aac87-07e8-4105-8d09-61217ec4acfe', '10a32652-af43-4451-bd52-4980c5690cc9', 'e0929b49-1caa-4fe7-b9a3-63f3aa03233f'),
('65db2945-fe9b-4f9b-96e6-c6aabe4c91b6', '10a32652-af43-4451-bd52-4980c5690cc9', '61bbcf7c-61bd-4141-9d5c-21b3d6c63b8f'),
('ac4186ae-b6c7-41aa-ab29-db143e74f00f', '10a32652-af43-4451-bd52-4980c5690cc9', '4f315471-9092-4bfa-95ee-a469594eaf38'),
('cf12ba0a-8aaa-499a-bbc1-db3f96d66ee4', '10a32652-af43-4451-bd52-4980c5690cc9', '9200824b-92d5-472a-821d-6733e4571b7d'),
('c339ff35-740a-482e-83e8-69dff2a1e50e', '10a32652-af43-4451-bd52-4980c5690cc9', 'bb198471-91c3-44aa-811d-1a25e8cf7339'),
('9d8a6654-a994-4d96-9d12-752e4b980ecb', '10a32652-af43-4451-bd52-4980c5690cc9', 'f806f0fd-5b01-4039-88af-4a8d29d02960'),
('c20e2c35-6a22-41ba-82eb-8963059d5d6b', '10a32652-af43-4451-bd52-4980c5690cc9', '6a2f51dc-a4b6-4c9d-b349-d9f1b7af1b71'),
('a18f0416-573c-450f-ad35-bd9f174fd1ca', '10a32652-af43-4451-bd52-4980c5690cc9', '868d4fc1-8cca-453d-8b3d-165dfcba034b'),
('7e798c02-a4bf-4ce4-a9a8-4057da756baa', '10a32652-af43-4451-bd52-4980c5690cc9', 'a0bff168-6267-4ad8-8086-82745cbafecf'),
('ecd58ae6-1048-4bd0-8fb1-6bd2ea74767d', '10a32652-af43-4451-bd52-4980c5690cc9', 'a0fc287b-575c-40d4-833e-59d25c0fc542'),
('b9f183b8-3662-4ce3-a09d-3ee22b209c6a', '10a32652-af43-4451-bd52-4980c5690cc9', '7d58ec85-0459-4b96-95b2-5c4c9722e2f8'),
('acb719c9-c519-43b4-9280-2a0b12ef41b9', '10a32652-af43-4451-bd52-4980c5690cc9', '633868d1-547f-4cb8-b972-25fae938ec96'),
('a558eba4-3279-45f8-a5d8-17a0db5168df', '10a32652-af43-4451-bd52-4980c5690cc9', 'c366e6aa-c294-445e-8908-759f51533573'),
('0971c9b6-3ad3-4702-b2df-b2eb0b862be6', '10a32652-af43-4451-bd52-4980c5690cc9', 'b0bb0c2d-75bb-46f2-bdb3-462542c1ea23'),
('144191ac-e042-416b-910c-240d3b27bdaf', '10a32652-af43-4451-bd52-4980c5690cc9', '144844bd-7a1a-43e6-a8e8-4a7346a21cc6'),
('4e790775-62f8-4d6a-ae78-a22df7b66e17', '10a32652-af43-4451-bd52-4980c5690cc9', '32f882e9-0fca-4819-b04b-28b2f624656e'),
('9e05097b-9654-46b1-ba43-68405553d9c8', '10a32652-af43-4451-bd52-4980c5690cc9', '275c83e1-0183-480e-b9bc-40edcf0fe661'),
('77220894-f4e4-4629-9eb6-2b9a0d529d59', '10a32652-af43-4451-bd52-4980c5690cc9', 'dea67605-9dce-43ab-9564-2733ff39fe5b'),
('a13df2e5-f4d0-4925-a4b7-45b0a51344be', '10a32652-af43-4451-bd52-4980c5690cc9', 'f4b95375-e64d-4763-8740-dbb2745f2159'),
('128d7a35-132e-43f5-8cf7-815493280417', '10a32652-af43-4451-bd52-4980c5690cc9', '3307d92a-f3f4-4e4b-a15e-a4b60ca78e5c'),
('4933a02b-7365-4c76-b478-c7af8d3a6962', '10a32652-af43-4451-bd52-4980c5690cc9', 'd3c3a6f1-8edc-4c02-92ac-788cdf5e6b27'),
('1d099a0e-9bb9-4e3d-8c8c-840324fe3655', '10a32652-af43-4451-bd52-4980c5690cc9', '421fd302-6550-450c-9fb5-f33d40a44be2'),
('e71e8173-d65b-4e7a-a6a4-2a1dd91fdb3a', '10a32652-af43-4451-bd52-4980c5690cc9', 'ccac35c6-9789-4ca9-8ed2-a6a154bc5855'),
('924561b1-395e-4222-b4eb-85365e77f9fc', '10a32652-af43-4451-bd52-4980c5690cc9', '401e8ab0-2a92-48b5-b514-81258939b628'),
('cba2fce6-3760-47da-b3d8-7aeb3ee67ce0', '10a32652-af43-4451-bd52-4980c5690cc9', '927c550d-01e2-4b38-946f-39f57910077b'),
('314ac348-1135-417b-8f5c-795cfd058857', '10a32652-af43-4451-bd52-4980c5690cc9', 'bb4e3d88-aed0-4b47-baee-6d7c6f6deeb2'),
('f39b5c2f-6ef2-421c-bedf-3c071d490de8', '10a32652-af43-4451-bd52-4980c5690cc9', 'ade2c982-0442-454f-8af4-9de4cfec4492'),
('2d1a4206-ca7b-4640-9777-d51caf194171', '10a32652-af43-4451-bd52-4980c5690cc9', '7fa850aa-ee2b-4600-b633-ac7e74ed048e'),
('70b84da4-61b4-45f3-8e55-cdd370fe3c19', '10a32652-af43-4451-bd52-4980c5690cc9', '64861497-293a-4cce-89a9-4672e9a137ad'),
('6dc5dbb1-3ee1-47b3-a039-ec8d1d8ecd03', '10a32652-af43-4451-bd52-4980c5690cc9', 'cf56f360-1f8c-4ace-a618-9ec103fe41f1'),
('0a6f8403-dba0-4d65-a694-4c984581f6d0', '10a32652-af43-4451-bd52-4980c5690cc9', 'c3b4b3c3-377a-43e9-a16a-14bc761780ce'),
('130c3437-3c43-4425-91c5-6b24a859edcd', '10a32652-af43-4451-bd52-4980c5690cc9', '2451ddcd-8a91-4336-bb24-9e471591f3fb'),
('efd9a905-6a03-4c97-9a48-654c3a259bb6', '10a32652-af43-4451-bd52-4980c5690cc9', '9b4d6849-31c7-4bd9-bfba-62585da12c5c'),
('0068a62b-04a1-4683-8aa6-0b455a78e889', '10a32652-af43-4451-bd52-4980c5690cc9', 'd751945e-8527-4093-a9a7-d6aba5c50341'),
('e5f3df28-c253-45f2-8bdf-e80912d7db51', '10a32652-af43-4451-bd52-4980c5690cc9', '75091c26-0095-45b1-91f2-52f11fb44ab2'),
('c98d9f72-5c6f-4ccc-a51b-e6f28ad71f52', '10a32652-af43-4451-bd52-4980c5690cc9', '77eace6a-e01e-4c3f-bc8b-8a0be66645d5'),
('f1f7259e-aa28-458d-a722-a5116e6bcf97', '10a32652-af43-4451-bd52-4980c5690cc9', '71ac8278-b449-4575-a33f-66310b8fdbe7'),
('2bc54c6c-b626-4d77-9e1d-c4afd2688529', '10a32652-af43-4451-bd52-4980c5690cc9', '9971ec15-d252-4b13-a121-58be305be6fa'),
('8fb7c9bf-f49e-4f06-8207-b37d25516eff', '10a32652-af43-4451-bd52-4980c5690cc9', '918496fb-dc9c-4e8a-9b18-f4e06eb940b8'),
('dc2d5dbe-0eec-4f26-be9a-1bcb4d941306', '10a32652-af43-4451-bd52-4980c5690cc9', 'cabf81ac-0ae4-4acc-b737-ba79dedcdf49'),
('d35922a1-b79d-4e33-a9ad-529d718e0070', '10a32652-af43-4451-bd52-4980c5690cc9', 'c7c565a4-a0bc-4882-ac95-017afe69328f'),
('5d469117-c7ab-4d53-a37f-2804e52524c5', '10a32652-af43-4451-bd52-4980c5690cc9', '09421e6c-8a8c-43de-8c0d-1b4554d66e68'),
('d6b71b90-1259-471e-b3e9-d6c8c997113e', '10a32652-af43-4451-bd52-4980c5690cc9', 'b849b16e-d029-437b-b7c5-ea66d12bf90a'),
('b674d698-0f0c-4019-a31d-8986c7359af7', '10a32652-af43-4451-bd52-4980c5690cc9', '79a6b42d-f277-4ffe-8f7e-ff2b17b67dcb'),
('99a4ff62-6354-4b59-ba20-e3e6f020be03', '10a32652-af43-4451-bd52-4980c5690cc9', '877584c7-b411-4a61-8388-188209f13a97'),
('e792d532-6695-4987-953f-70210cdbe785', '10a32652-af43-4451-bd52-4980c5690cc9', 'c1811ed5-ec98-49e0-84b6-672e60b88b07'),
('c35515ca-d720-432e-b95c-53b52600cccb', '10a32652-af43-4451-bd52-4980c5690cc9', '2f889c9a-c9f1-422a-83fe-29dc8ad7b2b3'),
('e12668c2-168d-4d5a-a830-f2adbeae6740', '10a32652-af43-4451-bd52-4980c5690cc9', '824c7f77-d9c8-46bb-a52f-658e5e109bc5'),
('d317e9c1-df30-4c47-89e4-c6cfbfba81a9', '10a32652-af43-4451-bd52-4980c5690cc9', 'fd1828d5-35ed-4fae-99ed-466ac5765914'),
('537cb139-e03c-4196-9996-6b03e623ce43', '10a32652-af43-4451-bd52-4980c5690cc9', 'b79fcce3-b898-4061-b9c9-765f953f1d7c'),
('d44e3814-6472-49d4-ab89-a14d62b4eb31', '10a32652-af43-4451-bd52-4980c5690cc9', '142e822f-466d-435f-a6c3-373f99708c2e'),
('f7a5d66b-6f2a-4b04-90ac-2c46ec3f9813', '10a32652-af43-4451-bd52-4980c5690cc9', 'a6244e67-7f66-41cf-b629-b75a9723c6ba'),
('0713fbcf-426c-4a6a-9661-3af7990b2ba7', '10a32652-af43-4451-bd52-4980c5690cc9', '0cb85d94-feb9-443d-8ef9-b4e10e2db768'),
('b067fb49-80ea-46e7-b7e8-8421ad267d26', '10a32652-af43-4451-bd52-4980c5690cc9', 'ee11c060-203c-40c4-aa4a-b75ef8d3c1c7'),
('c9560d3c-8774-4914-ad03-b445a0b7da9d', '10a32652-af43-4451-bd52-4980c5690cc9', '81288d1f-c47d-4e21-8ccd-62aa9edf3a65'),
('f76b38fb-4ebd-4342-811f-d6d240f72b63', '10a32652-af43-4451-bd52-4980c5690cc9', 'f7a174ac-e63c-422b-87b0-ad11401979a4'),
('1df8f4a4-4fd7-4854-bd6a-9d8223674257', '10a32652-af43-4451-bd52-4980c5690cc9', '716aac87-b4b6-4d1a-a3b0-a8b62f264f53'),
('4a909b0e-babf-45a8-86b3-7380de576c8e', '10a32652-af43-4451-bd52-4980c5690cc9', '3f4908ba-3f6a-42ff-aee7-35e5c90599ee'),
('52a2ea78-537d-4bac-84c2-b68c3e369fb8', '10a32652-af43-4451-bd52-4980c5690cc9', 'e87cd79b-37e6-46c7-bf56-cf15f1b7dfe9'),
('8d62c70e-0c4f-4764-a89d-7460a489b264', '10a32652-af43-4451-bd52-4980c5690cc9', '7e381d9c-3a0a-4124-983d-71cb839e52b4'),
('bdf8606a-cd54-47f5-b300-3dd5f45b6e99', '10a32652-af43-4451-bd52-4980c5690cc9', 'f628ac9e-3847-4d1a-9de1-c445b5f212be'),
('62952458-39ee-4f4a-ada1-8911868d6d68', '10a32652-af43-4451-bd52-4980c5690cc9', 'c25e70cc-c86b-4009-865b-88ec865467eb'),
('a21f8d4c-41fb-47f7-9a40-7c5f93f85343', '10a32652-af43-4451-bd52-4980c5690cc9', '6274931b-0567-4298-ad89-ce518bc75ac9'),
('bd1adf73-944d-4bb1-acf2-ec533f796039', '10a32652-af43-4451-bd52-4980c5690cc9', '04a29252-3185-4517-b721-84cd5f8bd552'),
('661e34eb-2ace-4d33-9d28-bc62b9fe0f76', '10a32652-af43-4451-bd52-4980c5690cc9', '4f478284-70a4-4da1-8de8-fbf046939ca9'),
('6203ad8e-1f17-4320-ba99-5dff4792748a', '10a32652-af43-4451-bd52-4980c5690cc9', '60545863-7f32-4114-a0a4-324ad5f544f9'),
('98b2a65e-22e2-4f55-97b6-477e9f518d96', '10a32652-af43-4451-bd52-4980c5690cc9', '100739bf-7c68-40e7-9553-70610f13ea41'),
('0b973d32-1f93-4aa2-a2c8-821552ab2ddd', '10a32652-af43-4451-bd52-4980c5690cc9', 'f1740cd5-ab8e-4c1d-b7a4-bc44b93bb89e'),
('84f90597-a764-4be8-99e2-0ef09212672d', '10a32652-af43-4451-bd52-4980c5690cc9', '54a3fd4e-3454-4c05-85b9-df5df015ccf6'),
('fb44ae76-02c0-4b91-8756-edac44a51925', '10a32652-af43-4451-bd52-4980c5690cc9', 'fecc4c8e-2158-45f6-adc4-ff53899f4059'),
('12989fd5-fa1f-46a6-a784-2e784dc18a44', '10a32652-af43-4451-bd52-4980c5690cc9', 'd8132142-6532-40bb-aae4-2168a5dbcae9'),
('328969f6-67b3-4126-92ed-768edc93cefd', '10a32652-af43-4451-bd52-4980c5690cc9', 'cbfb0edf-2fd3-4611-aa66-2d51b0e40b77'),
('8dcf5fed-620d-4dc4-be34-1dcf5c95eb0c', '10a32652-af43-4451-bd52-4980c5690cc9', 'b83acd10-cd86-4691-ae68-ca9c2147cd99'),
('d1ff93f8-43b0-42ce-a160-eff33a428d47', '10a32652-af43-4451-bd52-4980c5690cc9', '5ac3f6ba-599e-495e-9bf7-b3b3e9c8d26d'),
('81998deb-96b1-404f-9aa0-311f5a383938', '10a32652-af43-4451-bd52-4980c5690cc9', '454467e7-7b77-40ab-9d6e-bdf3e8d18120'),
('bed0b812-d4c1-4b54-aab2-b3c58dab76b9', '10a32652-af43-4451-bd52-4980c5690cc9', 'eec6f82c-ee8a-414a-ae2c-daa3e41e4c02'),
('579ed4e7-4306-4f5b-99e9-4e469d59fab0', '10a32652-af43-4451-bd52-4980c5690cc9', 'bc262c66-4d68-47d8-94e0-eb9c67712b59'),
('3778cd69-73cd-4df3-992b-a7fe204e4f3a', '10a32652-af43-4451-bd52-4980c5690cc9', '00364a12-9b9d-4517-9c95-214952e1e543'),
('9e468f66-23aa-4397-9268-6d4632d9ee53', '10a32652-af43-4451-bd52-4980c5690cc9', '98ec2638-9e67-43d4-bf39-95bdf511b730'),
('a39196f0-fa1e-4312-840b-41d246d92860', '10a32652-af43-4451-bd52-4980c5690cc9', '7d6e307c-a196-414d-ba43-bef9b20f8609'),
('ca0c3c9f-03ae-40f6-bb41-5f9f5dff8a15', '10a32652-af43-4451-bd52-4980c5690cc9', '3c2c5891-4aa5-46ac-bd9d-cc9a9445c565'),
('bae5493c-330e-40dd-b248-efb766b0a1e4', '10a32652-af43-4451-bd52-4980c5690cc9', '6fceafa7-8ba3-48bd-bf56-2153b436897b'),
('7a9fb19b-78bc-45c0-8026-df61c311ac0f', '10a32652-af43-4451-bd52-4980c5690cc9', 'e01c70d3-4944-427b-a116-e9294f5f3530'),
('8066a682-0c43-43bb-9095-34d8592e6adc', '10a32652-af43-4451-bd52-4980c5690cc9', '00bba5f3-1a14-48de-98f9-ebcb45c8a9f4'),
('10d31320-e970-4b16-b125-424e4c4c448e', '10a32652-af43-4451-bd52-4980c5690cc9', '1bb1b604-0120-400c-aa80-9c996500cfb9'),
('af90c532-3648-4b6e-bb86-90979db67729', '10a32652-af43-4451-bd52-4980c5690cc9', '8f8d495b-0a1a-4ee6-8e6f-824e047e8363'),
('4a61fd9f-216b-4db1-ae85-83e0574d7dfb', '10a32652-af43-4451-bd52-4980c5690cc9', '58d4359a-3e16-4ca7-94c4-477c256d5d2e'),
('72417936-0198-480f-88b1-bc75a2cb11d1', '10a32652-af43-4451-bd52-4980c5690cc9', '8584826f-d905-48a6-8448-ffe7560137b0'),
('d9980223-aefb-4dee-a9b8-1fcb6e998773', '10a32652-af43-4451-bd52-4980c5690cc9', 'dce0a112-884f-45dc-a9eb-6f3fc64f2949'),
('c3f98550-023a-490e-b7a3-847e8353a061', '10a32652-af43-4451-bd52-4980c5690cc9', '9a004de9-1e6d-4458-a513-12c7628c5a93'),
('b090f475-dd3b-449d-9e8a-81ce6bafda39', '10a32652-af43-4451-bd52-4980c5690cc9', '5f7b82e9-c647-4a10-9685-1e93cef42fcf'),
('0b94b773-4e84-4cad-80ea-492047044870', '10a32652-af43-4451-bd52-4980c5690cc9', '791414da-531d-40ee-b4e2-999efeb1e6bc'),
('3bced85a-304c-470a-9d89-3b0405bfcd63', '10a32652-af43-4451-bd52-4980c5690cc9', '77de3580-1435-46dc-a418-acf1492b2194'),
('2bce3be9-1aa2-44d9-b07b-988770bd519b', '10a32652-af43-4451-bd52-4980c5690cc9', '2c7f6dfc-3c0f-4dd2-bf54-ae28f4ed7774'),
('0ff0e1e1-7116-43b2-9e67-ec1ec5bf0824', '10a32652-af43-4451-bd52-4980c5690cc9', 'ddb03070-b46c-4981-9e91-df4da7365404'),
('bb1af020-f53e-4f4c-9745-138a857d9a96', '10a32652-af43-4451-bd52-4980c5690cc9', '1be2aa27-08cf-47dc-939d-11e4cb49d27a'),
('13f844b5-f11a-4844-adc4-64cd0c33b8f4', '10a32652-af43-4451-bd52-4980c5690cc9', '1e3a0efe-6d77-4201-95da-6e7fb5083465'),
('867a2c98-0553-4491-a6de-fb052c1eb9db', '10a32652-af43-4451-bd52-4980c5690cc9', '939be374-839f-46e5-97b2-4289196dcf01'),
('8970d053-bcb5-473f-8d01-269b743378b8', '10a32652-af43-4451-bd52-4980c5690cc9', 'e432ed9a-1ffd-4c39-9737-82c99a9232dc'),
('683092b7-8dc9-42fa-938a-9aa2d65ebdd8', '10a32652-af43-4451-bd52-4980c5690cc9', 'f21d4208-dd1c-4aa0-bad7-11c40726ad82'),
('ead4b9d0-09c4-45bd-af43-dd123ae95973', '10a32652-af43-4451-bd52-4980c5690cc9', 'a4ee3252-7f6b-4afb-a1ad-2316e4056d40'),
('29e8d3e5-1eb3-40dc-84bf-86c329ebbf57', '10a32652-af43-4451-bd52-4980c5690cc9', '6a6abc76-f1b6-4eb0-a8b1-365d32294931'),
('48cc73a8-16bb-4d04-8a6a-899a1980126b', '10a32652-af43-4451-bd52-4980c5690cc9', '14dd37e5-c9f6-4b0d-b3f6-8d8b0b232868'),
('50b60c57-8bb9-4886-a7af-45c931b6b59b', '10a32652-af43-4451-bd52-4980c5690cc9', 'a7726810-db40-49be-9764-3c300594be8f'),
('78ed1c56-2a8a-4f65-9681-7ad3a2c2b817', '10a32652-af43-4451-bd52-4980c5690cc9', '31eebe30-84cb-4fcc-bc9b-9b236614613a'),
('bc257152-d5b8-4cfa-b805-272e559a717e', '10a32652-af43-4451-bd52-4980c5690cc9', '20df3741-7540-404a-97bf-35a036274a3c'),
('31de340d-4115-4adf-b43b-f3532935a1f4', '10a32652-af43-4451-bd52-4980c5690cc9', '986ec2cf-2b1d-488b-bd97-2af5669671e8'),
('93c1c2cc-c23e-4a32-b717-a2709103b6c0', '10a32652-af43-4451-bd52-4980c5690cc9', 'e6005876-2e47-4b40-b93e-ab4f2d2fdb6a'),
('089b25dd-813c-4209-9aa4-90317dfda7ae', '10a32652-af43-4451-bd52-4980c5690cc9', '6f1f3efa-2afe-4cf1-8212-4dee30e6b4c6'),
('8a456b58-67cb-4d55-8f5e-ff492ab7f27a', '10a32652-af43-4451-bd52-4980c5690cc9', '3459b5a8-f1bb-4f0d-b784-3fa57b03c0d4'),
('dbc17081-a9af-404c-a276-064c0f49f770', '10a32652-af43-4451-bd52-4980c5690cc9', '712b1b3c-b146-4e5a-962a-193e290fd530'),
('6487b608-0117-4395-855c-00357c83bc8c', '10a32652-af43-4451-bd52-4980c5690cc9', '6d479bee-8c8f-4029-87a7-de6566811359'),
('f4419db2-b033-475c-9b7c-77f875c235d8', '10a32652-af43-4451-bd52-4980c5690cc9', 'd00ab421-88b5-4d13-8284-f31939660905'),
('688396ac-99b4-4633-a982-377fbdff5e02', '10a32652-af43-4451-bd52-4980c5690cc9', 'f29fbe35-09b3-4e62-83af-bf37af066313'),
('4e8a3037-d547-467b-870e-ee4d9232274a', '10a32652-af43-4451-bd52-4980c5690cc9', '45bce54d-a155-4cbb-82e2-c8b1c91b5794'),
('1fb3a89d-aefa-4b7d-ad05-f312cc938667', '10a32652-af43-4451-bd52-4980c5690cc9', '8068939e-54fd-476a-ab2d-d692b298037e'),
('9ccc71c2-55e5-456d-bd38-ecd928413ba7', '10a32652-af43-4451-bd52-4980c5690cc9', '70b07c39-5bb7-4af7-bf56-40b726bad819'),
('6e888269-61fc-483f-8f8d-10e42e229bfe', '10a32652-af43-4451-bd52-4980c5690cc9', 'b806667b-a49d-4912-bdf9-80990dc480f4'),
('f8e40159-6484-494c-8407-787fccb28b47', '10a32652-af43-4451-bd52-4980c5690cc9', 'ba24f09b-f7a2-40ea-a1e1-db5cfd562e30'),
('2df711dd-2056-4cb2-934f-f80022d410eb', '10a32652-af43-4451-bd52-4980c5690cc9', '068e7314-3941-4c1c-a1be-1377d461d225'),
('253202a2-0a8b-4e5a-bddd-a13b2f80c3ff', '10a32652-af43-4451-bd52-4980c5690cc9', 'e849808b-a799-4179-b9a3-be4e1281c047'),
('a2d41306-ee43-4ef1-a3b2-84592b4121e7', '10a32652-af43-4451-bd52-4980c5690cc9', 'e8dae175-d472-47fa-bbf8-4b139bbe5bd1'),
('72803fb7-9e3d-4366-86d0-d4e2b3528096', '10a32652-af43-4451-bd52-4980c5690cc9', '20ead189-fb26-4cf7-94a1-09f1f491e3bb'),
('904f3d4b-8e2e-4531-ac2b-de21793a9016', '10a32652-af43-4451-bd52-4980c5690cc9', 'ffed8c17-3687-4824-b704-e13994885609'),
('40a6124c-77ca-48de-a5c0-0e9f152b052b', '10a32652-af43-4451-bd52-4980c5690cc9', '3ffe0ac3-e7d4-4315-9ecd-42bb42bb3660'),
('fa1a6921-eefe-4c99-85c2-00fc597c38e3', '10a32652-af43-4451-bd52-4980c5690cc9', 'c855ccd3-aa78-4bac-8340-c3e07e8180d3'),
('c1a5219e-a579-4771-92f4-1f097d3c2766', '10a32652-af43-4451-bd52-4980c5690cc9', 'b071cf71-ef1e-4fa4-a598-3a6de62878a8'),
('30542291-5420-4eb3-b5ed-eccc4641873b', '10a32652-af43-4451-bd52-4980c5690cc9', 'b4562403-6fbe-4f57-b239-0441c4ac1ad6'),
('c418df64-1989-4b86-a8f3-ca50ef255c50', '10a32652-af43-4451-bd52-4980c5690cc9', 'dca0fc41-f55e-4d55-8c3b-e8755aed92c9'),
('89d1a9ed-3342-4ebc-9aed-b3e29464ada8', '10a32652-af43-4451-bd52-4980c5690cc9', 'bf05e12f-9a41-4f65-9150-c5e736906198'),
('cb864d00-4ae7-446a-a975-7cf3d6ba1f02', '10a32652-af43-4451-bd52-4980c5690cc9', '2390f921-d00a-44bb-82a5-3b7920df88e0'),
('4aa66a38-b454-44e0-808a-884b1f7969dd', '10a32652-af43-4451-bd52-4980c5690cc9', 'aefbc656-55fc-40a3-8349-76012f669e83'),
('29c05639-1315-4958-808d-003e46c18769', '10a32652-af43-4451-bd52-4980c5690cc9', 'a704add1-bda8-4d5b-9c09-edd7d74b34cf'),
('e7569ec3-0387-47fa-818c-9a9bfad0578b', '10a32652-af43-4451-bd52-4980c5690cc9', '2fcb8983-4209-40c4-a57c-70d677afa240'),
('36a97ba3-fbfc-4e2a-b32e-3843b221d2b9', '10a32652-af43-4451-bd52-4980c5690cc9', '3631169a-4f8d-4cce-8913-58074bfa5c57'),
('dea3b440-5650-43e0-b8ed-f4dd7a0f9952', '10a32652-af43-4451-bd52-4980c5690cc9', 'c947f348-fa55-4b8e-a9c3-f681f93258d6'),
('684993ee-a0d0-4a45-8a36-62558a473559', '10a32652-af43-4451-bd52-4980c5690cc9', 'fbb50c14-d279-4c25-844a-e9972a748213'),
('0d68dccf-8a26-40cf-ae46-a299074d0737', '10a32652-af43-4451-bd52-4980c5690cc9', '87d42e59-26a3-4a0e-b379-5ee575079f57'),
('0e81e807-81dc-4547-9d7d-9819bda849f9', '10a32652-af43-4451-bd52-4980c5690cc9', '127a1805-9db6-473b-8dcc-fbc0f51f2cff'),
('ffbb13b3-71e1-4872-9bef-5ddd4d78634d', '10a32652-af43-4451-bd52-4980c5690cc9', 'a95ae66e-8c04-40d3-9ab4-5ccbff2696c4'),
('13b8b34a-3b2b-45ad-833e-c189ffbc3e51', '10a32652-af43-4451-bd52-4980c5690cc9', '1a9c85e2-c8cf-41ed-9292-21fe4d21090b'),
('05218a85-8dad-49ca-896a-8e1cc79c73da', '10a32652-af43-4451-bd52-4980c5690cc9', '4846db03-1f79-475a-9517-9921d35ecf9a'),
('4750d6ee-7b98-4645-8246-678de0373523', '10a32652-af43-4451-bd52-4980c5690cc9', '13d4f00a-f4e8-4e22-9fca-7d9395a6d8a6'),
('1b37b7d5-bb92-491f-b57f-32f5a12d3cc5', '10a32652-af43-4451-bd52-4980c5690cc9', '2dbaeacc-4216-4860-9dea-29ed9871996f'),
('f97af627-f44c-4f72-883c-7e2a2df10e44', '10a32652-af43-4451-bd52-4980c5690cc9', '8c42bc2d-15fd-4db4-ae98-7fd9fbe0139c'),
('bffef26a-787e-49c0-aa62-c62cfe473c85', '10a32652-af43-4451-bd52-4980c5690cc9', 'bf1c83c2-fe65-494e-af62-b72dcc02cf57'),
('59807d85-54a5-4db2-b776-f2c8788e9232', '10a32652-af43-4451-bd52-4980c5690cc9', '9ff908c3-dddc-4d11-ab54-40e079d20db4'),
('951580aa-0a5f-43f9-9011-74fb1a56281b', '10a32652-af43-4451-bd52-4980c5690cc9', 'ce234db8-dd1c-42be-a28f-029bcffcba83'),
('cfe75d8d-30a1-45ce-ac43-adeb005a492b', '10a32652-af43-4451-bd52-4980c5690cc9', 'c82bf52e-d393-47ab-9668-70b28c86a190'),
('dcbe6e98-96ec-4e02-878d-e37f48d1c8b4', '10a32652-af43-4451-bd52-4980c5690cc9', '0ae8223d-2d96-441a-8490-94d5eb131679'),
('6e7219a2-1866-40aa-98fb-d013c477d9ce', '10a32652-af43-4451-bd52-4980c5690cc9', '8740f526-1d85-4cc3-8d19-dcd6e05482f5'),
('ace9c7b2-ddc5-4c2c-a645-78bc6ca1799e', '10a32652-af43-4451-bd52-4980c5690cc9', 'e00fabf9-513a-4b54-9358-660806c67af6'),
('74c2acc0-ad4f-4b2c-bc87-8358fbce9293', '10a32652-af43-4451-bd52-4980c5690cc9', '2a727373-928a-498f-82aa-ae199c74d454'),
('aa10f365-1ac0-4c18-9586-30620560759a', '10a32652-af43-4451-bd52-4980c5690cc9', '3e7af5c8-9fd3-45ac-9e33-a35852d0ade4'),
('1307cf24-fa17-4c05-bef0-dac4390fb051', '10a32652-af43-4451-bd52-4980c5690cc9', 'b324ac8f-6730-4595-8a15-bd30c3855388'),
('a3986bff-1794-4f20-9580-e26f63bf03d1', '10a32652-af43-4451-bd52-4980c5690cc9', '4af2375e-b83f-4d60-a81f-1151f9c0c7c4'),
('d849e0c6-0014-4125-8d57-dab8653314cc', '10a32652-af43-4451-bd52-4980c5690cc9', '86248b4e-c09d-47e6-9002-12a550c3cd2e'),
('8d001b01-30b4-4be2-a059-6cf919847121', '10a32652-af43-4451-bd52-4980c5690cc9', 'f1602e41-c688-4fed-9234-23c8313693f4'),
('290a6af1-222f-4154-907f-f8e7ed6b6712', '10a32652-af43-4451-bd52-4980c5690cc9', '0648d30d-b89d-4828-9615-6b397b2ec126'),
('0dac7069-29da-4491-ba6c-dfb5ecddc54e', '10a32652-af43-4451-bd52-4980c5690cc9', '2bda3099-8998-4cb3-be63-c7a1dfd7b8e3'),
('3cef1bec-9713-4f13-89eb-012d84aee9f6', '10a32652-af43-4451-bd52-4980c5690cc9', '5c396318-0b5f-45d5-b9eb-6e25fa443bc0'),
('ba98f546-0e3f-4a99-acc6-84bf5e1feb63', '10a32652-af43-4451-bd52-4980c5690cc9', 'f2799dfc-f66a-40d2-bc6b-83a7ca4359d5'),
('a1ecda79-af10-4bea-8962-746541f085c6', '10a32652-af43-4451-bd52-4980c5690cc9', '0d436e19-b3bd-4870-8322-db4beb5e08d6'),
('2cf143e6-cb7c-4219-8624-f0d3e6e4b122', '10a32652-af43-4451-bd52-4980c5690cc9', 'f031ead3-ff9e-4804-88d1-de2c3250e8e5'),
('5772cf35-3df6-4043-b1eb-ff6d889b6627', '10a32652-af43-4451-bd52-4980c5690cc9', '9742fe1c-7828-4d9e-aa08-9e4fee24ff32'),
('cc88e930-24e5-43af-ae09-2824580b3667', '10a32652-af43-4451-bd52-4980c5690cc9', '9181efdd-d011-4059-9bcf-592de4372a7a'),
('dd0af1cc-ad57-4d24-9cd7-f64fff40531e', '10a32652-af43-4451-bd52-4980c5690cc9', '705b593c-6e78-442e-887b-bc76779f0799'),
('98ffc2ca-a196-43cf-bf3c-433553ac5082', '10a32652-af43-4451-bd52-4980c5690cc9', '0f148b71-6bbe-4da5-9470-80c79bfea699'),
('d8367707-78d8-4e98-a82b-762ebfe33761', '10a32652-af43-4451-bd52-4980c5690cc9', 'a9cb18d0-41c1-43be-b662-03c49ead5daa'),
('25328875-4206-4766-a0c1-bdec8e7d039e', '10a32652-af43-4451-bd52-4980c5690cc9', '80f53843-f07b-4043-8fa5-a312a0f282e3'),
('08a16d78-a9be-4f14-8e7a-7dde8e03d625', '10a32652-af43-4451-bd52-4980c5690cc9', '30720d4e-0389-4698-b1e3-4b4bb361acd8'),
('1dfa54b9-baff-4767-9ed2-d685e6b2ade8', '10a32652-af43-4451-bd52-4980c5690cc9', 'e77bfc4c-4659-4113-82af-a20ce6cff0ee'),
('19f3ac23-24f3-4e7a-adea-81ccc78bc2a7', '10a32652-af43-4451-bd52-4980c5690cc9', '53a6bf9b-e101-4807-a9db-8790f286bf5f'),
('8deed16a-4f78-4b4e-9a84-8ea7c0813bc3', '10a32652-af43-4451-bd52-4980c5690cc9', '1a1d75e9-4dd4-494c-a53e-9f36916f3291'),
('806e0339-a84e-4e45-98ed-690abcde19d3', '10a32652-af43-4451-bd52-4980c5690cc9', '4f898fc4-6304-4945-8af9-3ea73c1aab85'),
('6673114a-d1bf-4b3c-b085-51bac92fccaf', '10a32652-af43-4451-bd52-4980c5690cc9', 'f9ff7dcc-affa-4bb7-b76a-4dc656fab688'),
('d1d68ab1-98ac-472f-96a8-680220aaa7bd', '10a32652-af43-4451-bd52-4980c5690cc9', 'addb251d-02fb-4203-9da5-d4a7f76c2117'),
('4ef4247f-6829-43c2-9bc4-cb0f3996cbb6', '10a32652-af43-4451-bd52-4980c5690cc9', '9fdb4c1a-6a31-4355-b42f-9537f5e5d3a0'),
('46749244-f2df-43c1-8f71-74438c87e47c', '10a32652-af43-4451-bd52-4980c5690cc9', 'd1a9a027-8892-4a55-849e-81bbd9ee8c58');
