

--INSERT INSTRUMENTS--COUNT:161
INSERT INTO public.instrument(id, deleted, slug, name, formula, geometry, station, station_offset, create_date, update_date,type_id, project_id, creator, updater)
 VALUES 
('6e2f0ba8-d350-4f3f-8aa8-95baf97f945c', False, 'big-bend-np', 'Big Bend NP', null, ST_GeomFromText('POINT(-102.975 29.1833)',4326), null, null, '2021-02-11T18:37:48.656482Z', null, '98a61f29-18a8-430a-9d02-0f53486e0984', 'f124c61e-f5c2-441f-adb1-9acb1484f8c0', '00000000-0000-0000-0000-000000000000', null),
('0744a290-40d5-4b33-94b6-44e3f07ba399', False, 'aadn5', 'AADN5', null, ST_GeomFromText('POINT(-106.5731 35.1511)',4326), null, null, '2021-02-11T18:37:48.656677Z', null, '98a61f29-18a8-430a-9d02-0f53486e0984', 'f124c61e-f5c2-441f-adb1-9acb1484f8c0', '00000000-0000-0000-0000-000000000000', null),
('6d2fdaf7-cd7e-4b72-92e7-f611a408c7e0', False, 'redford', 'Redford', null, ST_GeomFromText('POINT(-104.2161 29.4856)',4326), null, null, '2021-02-11T18:37:48.656796Z', null, '98a61f29-18a8-430a-9d02-0f53486e0984', 'f124c61e-f5c2-441f-adb1-9acb1484f8c0', '00000000-0000-0000-0000-000000000000', null),
('b0740390-77d8-41ea-b47c-c3d6f5bdcec3', False, 'rawsacon5', 'RawsACON5', null, ST_GeomFromText('POINT(-107.8483 34.7197)',4326), null, null, '2021-02-11T18:37:48.656839Z', null, '98a61f29-18a8-430a-9d02-0f53486e0984', 'f124c61e-f5c2-441f-adb1-9acb1484f8c0', '00000000-0000-0000-0000-000000000000', null),
('94aab589-c2bf-431f-852b-fec818d2da57', False, 'rawsbatn5', 'RawsBATN5', null, ST_GeomFromText('POINT(-104.4406 32.1786)',4326), null, null, '2021-02-11T18:37:48.656862Z', null, '98a61f29-18a8-430a-9d02-0f53486e0984', 'f124c61e-f5c2-441f-adb1-9acb1484f8c0', '00000000-0000-0000-0000-000000000000', null),
('6e352cd6-20d8-40db-9177-d5e11805dc2a', False, 'rawsbbrc2', 'RawsBBRC2', null, ST_GeomFromText('POINT(-107.7294 37.4961)',4326), null, null, '2021-02-11T18:37:48.656882Z', null, '98a61f29-18a8-430a-9d02-0f53486e0984', 'f124c61e-f5c2-441f-adb1-9acb1484f8c0', '00000000-0000-0000-0000-000000000000', null),
('50538af3-56cd-474c-95d6-e3d3b9ca57a2', False, 'rawsbchn5', 'RawsBCHN5', null, ST_GeomFromText('POINT(-106.0986 33.7731)',4326), null, null, '2021-02-11T18:37:48.656902Z', null, '98a61f29-18a8-430a-9d02-0f53486e0984', 'f124c61e-f5c2-441f-adb1-9acb1484f8c0', '00000000-0000-0000-0000-000000000000', null),
('b00eeef9-05c7-49de-8899-9634576c08d5', False, 'rawsbdan5', 'RawsBDAN5', null, ST_GeomFromText('POINT(-106.8819 33.8211)',4326), null, null, '2021-02-11T18:37:48.656921Z', null, '98a61f29-18a8-430a-9d02-0f53486e0984', 'f124c61e-f5c2-441f-adb1-9acb1484f8c0', '00000000-0000-0000-0000-000000000000', null),
('266f20f5-f990-4b29-a2bc-439070f45c86', False, 'rawsbhrc2', 'RawsBHRC2', null, ST_GeomFromText('POINT(-106.2011 37.0208)',4326), null, null, '2021-02-11T18:37:48.656940Z', null, '98a61f29-18a8-430a-9d02-0f53486e0984', 'f124c61e-f5c2-441f-adb1-9acb1484f8c0', '00000000-0000-0000-0000-000000000000', null),
('b7069c3e-5c87-4012-9a37-d34b90b37727', False, 'rawsblpc2', 'RawsBLPC2', null, ST_GeomFromText('POINT(-106.7786 37.7931)',4326), null, null, '2021-02-11T18:37:48.656958Z', null, '98a61f29-18a8-430a-9d02-0f53486e0984', 'f124c61e-f5c2-441f-adb1-9acb1484f8c0', '00000000-0000-0000-0000-000000000000', null),
('e93eca96-7269-4d33-94c4-39e88b3eab35', False, 'rawsblwn5', 'RawsBLWN5', null, ST_GeomFromText('POINT(-108.1631 35.1942)',4326), null, null, '2021-02-11T18:37:48.656976Z', null, '98a61f29-18a8-430a-9d02-0f53486e0984', 'f124c61e-f5c2-441f-adb1-9acb1484f8c0', '00000000-0000-0000-0000-000000000000', null),
('faebbf9a-fab9-4df4-b50e-62c06e0abc55', False, 'rawsbmoc2', 'RawsBMOC2', null, ST_GeomFromText('POINT(-105.2842 37.8614)',4326), null, null, '2021-02-11T18:37:48.656995Z', null, '98a61f29-18a8-430a-9d02-0f53486e0984', 'f124c61e-f5c2-441f-adb1-9acb1484f8c0', '00000000-0000-0000-0000-000000000000', null),
('213ecd05-d39c-4c84-8537-364d524c1145', False, 'rawsbnht2', 'RawsBNHT2', null, ST_GeomFromText('POINT(-101.1578 30.9856)',4326), null, null, '2021-02-11T18:37:48.657013Z', null, '98a61f29-18a8-430a-9d02-0f53486e0984', 'f124c61e-f5c2-441f-adb1-9acb1484f8c0', '00000000-0000-0000-0000-000000000000', null),
('08e67606-999a-43f8-a96c-a2241ef3adc0', False, 'rawsbvrn5', 'RawsBVRN5', null, ST_GeomFromText('POINT(-108.11 33.4236)',4326), null, null, '2021-02-11T18:37:48.657035Z', null, '98a61f29-18a8-430a-9d02-0f53486e0984', 'f124c61e-f5c2-441f-adb1-9acb1484f8c0', '00000000-0000-0000-0000-000000000000', null),
('6910ce1e-edaa-418d-b34e-4d7a5d370a25', False, 'rawscbbn5', 'RawsCBBN5', null, ST_GeomFromText('POINT(-107.0772 35.9419)',4326), null, null, '2021-02-11T18:37:48.657058Z', null, '98a61f29-18a8-430a-9d02-0f53486e0984', 'f124c61e-f5c2-441f-adb1-9acb1484f8c0', '00000000-0000-0000-0000-000000000000', null),
('864cafb6-efa5-4134-85f4-a3d0bfa452cd', False, 'rawsccec2', 'RawsCCEC2', null, ST_GeomFromText('POINT(-104.0319 37.5425)',4326), null, null, '2021-02-11T18:37:48.657079Z', null, '98a61f29-18a8-430a-9d02-0f53486e0984', 'f124c61e-f5c2-441f-adb1-9acb1484f8c0', '00000000-0000-0000-0000-000000000000', null),
('fab8d02d-8d60-4a35-ba73-7ef67e3714c9', False, 'rawsccyc2', 'RawsCCYC2', null, ST_GeomFromText('POINT(-104.8692 37.9478)',4326), null, null, '2021-02-11T18:37:48.657099Z', null, '98a61f29-18a8-430a-9d02-0f53486e0984', 'f124c61e-f5c2-441f-adb1-9acb1484f8c0', '00000000-0000-0000-0000-000000000000', null),
('00c3584f-e75a-4326-a830-2f93809bbe46', False, 'rawscglk1', 'RawsCGLK1', null, ST_GeomFromText('POINT(-101.9014 37.1408)',4326), null, null, '2021-02-11T18:37:48.657118Z', null, '98a61f29-18a8-430a-9d02-0f53486e0984', 'f124c61e-f5c2-441f-adb1-9acb1484f8c0', '00000000-0000-0000-0000-000000000000', null),
('3bdcea87-dafc-4772-b7a4-f92e84950abd', False, 'rawscgrc2', 'RawsCGRC2', null, ST_GeomFromText('POINT(-105.4519 38.3456)',4326), null, null, '2021-02-11T18:37:48.657146Z', null, '98a61f29-18a8-430a-9d02-0f53486e0984', 'f124c61e-f5c2-441f-adb1-9acb1484f8c0', '00000000-0000-0000-0000-000000000000', null),
('8d63d41e-5123-4b2b-8a62-24806f8505f6', False, 'rawschac2', 'RawsCHAC2', null, ST_GeomFromText('POINT(-108.4892 37.1994)',4326), null, null, '2021-02-11T18:37:48.657179Z', null, '98a61f29-18a8-430a-9d02-0f53486e0984', 'f124c61e-f5c2-441f-adb1-9acb1484f8c0', '00000000-0000-0000-0000-000000000000', null),
('d14a0588-a335-41f3-ad22-0266a82d778e', False, 'rawscimn5', 'RawsCIMN5', null, ST_GeomFromText('POINT(-105.1203 36.6061)',4326), null, null, '2021-02-11T18:37:48.657204Z', null, '98a61f29-18a8-430a-9d02-0f53486e0984', 'f124c61e-f5c2-441f-adb1-9acb1484f8c0', '00000000-0000-0000-0000-000000000000', null),
('7562dbf4-43c3-46d5-979c-8e6928e3e392', False, 'rawscopn5', 'RawsCOPN5', null, ST_GeomFromText('POINT(-105.6861 33.3503)',4326), null, null, '2021-02-11T18:37:48.657224Z', null, '98a61f29-18a8-430a-9d02-0f53486e0984', 'f124c61e-f5c2-441f-adb1-9acb1484f8c0', '00000000-0000-0000-0000-000000000000', null),
('3e2f2b7f-bb3a-4802-831d-65ea7b26616b', False, 'rawscoyn5', 'RawsCOYN5', null, ST_GeomFromText('POINT(-106.6572 36.0731)',4326), null, null, '2021-02-11T18:37:48.657244Z', null, '98a61f29-18a8-430a-9d02-0f53486e0984', 'f124c61e-f5c2-441f-adb1-9acb1484f8c0', '00000000-0000-0000-0000-000000000000', null),
('e99fe54f-ed50-41a6-b25c-66d626bac6e4', False, 'rawscppc2', 'RawsCPPC2', null, ST_GeomFromText('POINT(-105.2675 38.7422)',4326), null, null, '2021-02-11T18:37:48.657264Z', null, '98a61f29-18a8-430a-9d02-0f53486e0984', 'f124c61e-f5c2-441f-adb1-9acb1484f8c0', '00000000-0000-0000-0000-000000000000', null),
('33718576-9ac0-4455-96a9-bff5069deef2', False, 'rawscppn5', 'RawsCPPN5', null, ST_GeomFromText('POINT(-103.8567 32.9278)',4326), null, null, '2021-02-11T18:37:48.657287Z', null, '98a61f29-18a8-430a-9d02-0f53486e0984', 'f124c61e-f5c2-441f-adb1-9acb1484f8c0', '00000000-0000-0000-0000-000000000000', null),
('f0f4ca7a-a986-426e-9531-6ed7599d621f', False, 'rawscsmn5', 'RawsCSMN5', null, ST_GeomFromText('POINT(-105.82 32.7792)',4326), null, null, '2021-02-11T18:37:48.657307Z', null, '98a61f29-18a8-430a-9d02-0f53486e0984', 'f124c61e-f5c2-441f-adb1-9acb1484f8c0', '00000000-0000-0000-0000-000000000000', null),
('89067b0d-2f9d-4b32-8d18-05e147ab43f0', False, 'rawscuhc2', 'RawsCUHC2', null, ST_GeomFromText('POINT(-104.9194 37.0919)',4326), null, null, '2021-02-11T18:37:48.657327Z', null, '98a61f29-18a8-430a-9d02-0f53486e0984', 'f124c61e-f5c2-441f-adb1-9acb1484f8c0', '00000000-0000-0000-0000-000000000000', null),
('02c27fc3-275c-4193-a889-8c1886c63d20', False, 'rawscwrn5', 'RawsCWRN5', null, ST_GeomFromText('POINT(-107.6289 36.9767)',4326), null, null, '2021-02-11T18:37:48.657345Z', null, '98a61f29-18a8-430a-9d02-0f53486e0984', 'f124c61e-f5c2-441f-adb1-9acb1484f8c0', '00000000-0000-0000-0000-000000000000', null),
('8ecc2765-fd6c-41b1-8cb6-b494cecbdc99', False, 'rawscync2', 'RawsCYNC2', null, ST_GeomFromText('POINT(-105.1181 38.0167)',4326), null, null, '2021-02-11T18:37:48.657364Z', null, '98a61f29-18a8-430a-9d02-0f53486e0984', 'f124c61e-f5c2-441f-adb1-9acb1484f8c0', '00000000-0000-0000-0000-000000000000', null),
('172dedf7-9947-4c42-b683-fa73ea976213', False, 'rawsdgct2', 'RawsDGCT2', null, ST_GeomFromText('POINT(-104.8339 31.9961)',4326), null, null, '2021-02-11T18:37:48.657384Z', null, '98a61f29-18a8-430a-9d02-0f53486e0984', 'f124c61e-f5c2-441f-adb1-9acb1484f8c0', '00000000-0000-0000-0000-000000000000', null),
('2bce7c80-c74c-48ff-8ce0-7c12d0576951', False, 'rawsdlcn5', 'RawsDLCN5', null, ST_GeomFromText('POINT(-107.0 36.9353)',4326), null, null, '2021-02-11T18:37:48.657404Z', null, '98a61f29-18a8-430a-9d02-0f53486e0984', 'f124c61e-f5c2-441f-adb1-9acb1484f8c0', '00000000-0000-0000-0000-000000000000', null),
('dde0ca45-6296-4559-99a0-4bad805582b5', False, 'rawsdpkn5', 'RawsDPKN5', null, ST_GeomFromText('POINT(-106.7719 36.4228)',4326), null, null, '2021-02-11T18:37:48.657423Z', null, '98a61f29-18a8-430a-9d02-0f53486e0984', 'f124c61e-f5c2-441f-adb1-9acb1484f8c0', '00000000-0000-0000-0000-000000000000', null),
('e7122918-9405-40ed-8b34-2f6c0550ac6a', False, 'rawsdprn5', 'RawsDPRN5', null, ST_GeomFromText('POINT(-108.0617 33.6939)',4326), null, null, '2021-02-11T18:37:48.657441Z', null, '98a61f29-18a8-430a-9d02-0f53486e0984', 'f124c61e-f5c2-441f-adb1-9acb1484f8c0', '00000000-0000-0000-0000-000000000000', null),
('94b3b793-15c4-4fab-a3b3-0ba51f3ac7fe', False, 'rawsdtln5', 'RawsDTLN5', null, ST_GeomFromText('POINT(-107.7681 34.2925)',4326), null, null, '2021-02-11T18:37:48.657460Z', null, '98a61f29-18a8-430a-9d02-0f53486e0984', 'f124c61e-f5c2-441f-adb1-9acb1484f8c0', '00000000-0000-0000-0000-000000000000', null),
('8ae3aaca-f9d9-49d4-952e-1a345bce927c', False, 'rawsdufc2', 'RawsDUFC2', null, ST_GeomFromText('POINT(-108.3267 37.4942)',4326), null, null, '2021-02-11T18:37:48.657478Z', null, '98a61f29-18a8-430a-9d02-0f53486e0984', 'f124c61e-f5c2-441f-adb1-9acb1484f8c0', '00000000-0000-0000-0000-000000000000', null),
('4f169974-d970-4b8b-a1eb-a10df15b3020', False, 'rawsdunn5', 'RawsDUNN5', null, ST_GeomFromText('POINT(-105.1825 32.8247)',4326), null, null, '2021-02-11T18:37:48.657496Z', null, '98a61f29-18a8-430a-9d02-0f53486e0984', 'f124c61e-f5c2-441f-adb1-9acb1484f8c0', '00000000-0000-0000-0000-000000000000', null),
('37843d6d-e059-4c4f-b171-73fd8384322f', False, 'rawsdykc2', 'RawsDYKC2', null, ST_GeomFromText('POINT(-107.3053 37.2269)',4326), null, null, '2021-02-11T18:37:48.657518Z', null, '98a61f29-18a8-430a-9d02-0f53486e0984', 'f124c61e-f5c2-441f-adb1-9acb1484f8c0', '00000000-0000-0000-0000-000000000000', null),
('39b75e50-c280-45bd-b0a8-5425e39bf7bf', False, 'rawsfcrc2', 'RawsFCRC2', null, ST_GeomFromText('POINT(-104.8539 38.6589)',4326), null, null, '2021-02-11T18:37:48.657538Z', null, '98a61f29-18a8-430a-9d02-0f53486e0984', 'f124c61e-f5c2-441f-adb1-9acb1484f8c0', '00000000-0000-0000-0000-000000000000', null),
('26733ed6-9aaa-45af-8fd4-c16a255c3df7', False, 'rawsfdst2', 'RawsFDST2', null, ST_GeomFromText('POINT(-103.8867 30.6006)',4326), null, null, '2021-02-11T18:37:48.657557Z', null, '98a61f29-18a8-430a-9d02-0f53486e0984', 'f124c61e-f5c2-441f-adb1-9acb1484f8c0', '00000000-0000-0000-0000-000000000000', null),
('ae5d6b77-9f75-4cdb-bdb1-889c737f841f', False, 'rawsgdbt2', 'RawsGDBT2', null, ST_GeomFromText('POINT(-104.8253 31.925)',4326), null, null, '2021-02-11T18:37:48.657576Z', null, '98a61f29-18a8-430a-9d02-0f53486e0984', 'f124c61e-f5c2-441f-adb1-9acb1484f8c0', '00000000-0000-0000-0000-000000000000', null),
('c23a5233-8154-4e7c-ab52-c1a7b8e9a907', False, 'rawsgmln5', 'RawsGMLN5', null, ST_GeomFromText('POINT(-108.1744 34.8519)',4326), null, null, '2021-02-11T18:37:48.657594Z', null, '98a61f29-18a8-430a-9d02-0f53486e0984', 'f124c61e-f5c2-441f-adb1-9acb1484f8c0', '00000000-0000-0000-0000-000000000000', null),
('bc3625f5-8876-4dfb-8abd-beef9590ffab', False, 'rawsgnmn5', 'RawsGNMN5', null, ST_GeomFromText('POINT(-108.2403 33.2236)',4326), null, null, '2021-02-11T18:37:48.657613Z', null, '98a61f29-18a8-430a-9d02-0f53486e0984', 'f124c61e-f5c2-441f-adb1-9acb1484f8c0', '00000000-0000-0000-0000-000000000000', null),
('7b4a2033-cd35-47fd-bea2-240f099c24ab', False, 'rawsgrsn5', 'RawsGRSN5', null, ST_GeomFromText('POINT(-107.6653 35.2428)',4326), null, null, '2021-02-11T18:37:48.657632Z', null, '98a61f29-18a8-430a-9d02-0f53486e0984', 'f124c61e-f5c2-441f-adb1-9acb1484f8c0', '00000000-0000-0000-0000-000000000000', null),
('c81b9d1a-3fb2-44a7-a1b9-2f226701a4c1', False, 'rawsgscn5', 'RawsGSCN5', null, ST_GeomFromText('POINT(-105.4619 35.8939)',4326), null, null, '2021-02-11T18:37:48.657651Z', null, '98a61f29-18a8-430a-9d02-0f53486e0984', 'f124c61e-f5c2-441f-adb1-9acb1484f8c0', '00000000-0000-0000-0000-000000000000', null),
('1316646e-c67a-4ed5-a77a-c8c79a563291', False, 'rawshhrn5', 'RawsHHRN5', null, ST_GeomFromText('POINT(-108.3417 31.7019)',4326), null, null, '2021-02-11T18:37:48.657670Z', null, '98a61f29-18a8-430a-9d02-0f53486e0984', 'f124c61e-f5c2-441f-adb1-9acb1484f8c0', '00000000-0000-0000-0000-000000000000', null),
('518de509-0fff-4b40-91a3-de77875cd7cb', False, 'rawsjarn5', 'RawsJARN5', null, ST_GeomFromText('POINT(-106.1031 36.5558)',4326), null, null, '2021-02-11T18:37:48.657690Z', null, '98a61f29-18a8-430a-9d02-0f53486e0984', 'f124c61e-f5c2-441f-adb1-9acb1484f8c0', '00000000-0000-0000-0000-000000000000', null),
('2bb4da28-5d3e-4c74-8d97-6e61f9e174cd', False, 'rawsjesn5', 'RawsJESN5', null, ST_GeomFromText('POINT(-106.6197 35.8406)',4326), null, null, '2021-02-11T18:37:48.657711Z', null, '98a61f29-18a8-430a-9d02-0f53486e0984', 'f124c61e-f5c2-441f-adb1-9acb1484f8c0', '00000000-0000-0000-0000-000000000000', null),
('487ce3c0-d548-49a0-a71e-ab6271b4019b', False, 'rawslomn5', 'RawsLOMN5', null, ST_GeomFromText('POINT(-106.5867 32.3222)',4326), null, null, '2021-02-11T18:37:48.657733Z', null, '98a61f29-18a8-430a-9d02-0f53486e0984', 'f124c61e-f5c2-441f-adb1-9acb1484f8c0', '00000000-0000-0000-0000-000000000000', null),
('2b084120-3b93-4ddb-a35c-a6cb50bab98a', False, 'rawslpfc2', 'RawsLPFC2', null, ST_GeomFromText('POINT(-106.3497 39.1536)',4326), null, null, '2021-02-11T18:37:48.657753Z', null, '98a61f29-18a8-430a-9d02-0f53486e0984', 'f124c61e-f5c2-441f-adb1-9acb1484f8c0', '00000000-0000-0000-0000-000000000000', null),
('1361466c-7320-43fb-be69-89dcbd4c2556', False, 'rawslujc2', 'RawsLUJC2', null, ST_GeomFromText('POINT(-106.5678 38.2547)',4326), null, null, '2021-02-11T18:37:48.657772Z', null, '98a61f29-18a8-430a-9d02-0f53486e0984', 'f124c61e-f5c2-441f-adb1-9acb1484f8c0', '00000000-0000-0000-0000-000000000000', null),
('c9777e8c-c534-4da9-869f-018901289509', False, 'rawslvpn5', 'RawsLVPN5', null, ST_GeomFromText('POINT(-105.4942 35.5458)',4326), null, null, '2021-02-11T18:37:48.657791Z', null, '98a61f29-18a8-430a-9d02-0f53486e0984', 'f124c61e-f5c2-441f-adb1-9acb1484f8c0', '00000000-0000-0000-0000-000000000000', null),
('1a550994-21ae-4ab0-96b7-9905e3d8b5fe', False, 'rawsmayn5', 'RawsMAYN5', null, ST_GeomFromText('POINT(-105.4697 32.9097)',4326), null, null, '2021-02-11T18:37:48.657810Z', null, '98a61f29-18a8-430a-9d02-0f53486e0984', 'f124c61e-f5c2-441f-adb1-9acb1484f8c0', '00000000-0000-0000-0000-000000000000', null),
('aae3efe1-c81f-4fee-b096-4585ee316ed1', False, 'rawsmcrn5', 'RawsMCRN5', null, ST_GeomFromText('POINT(-105.6217 32.4314)',4326), null, null, '2021-02-11T18:37:48.657829Z', null, '98a61f29-18a8-430a-9d02-0f53486e0984', 'f124c61e-f5c2-441f-adb1-9acb1484f8c0', '00000000-0000-0000-0000-000000000000', null),
('7df813c2-9c4f-4796-8bb6-649abcecba43', False, 'rawsmgln5', 'RawsMGLN5', null, ST_GeomFromText('POINT(-107.5392 33.8511)',4326), null, null, '2021-02-11T18:37:48.657851Z', null, '98a61f29-18a8-430a-9d02-0f53486e0984', 'f124c61e-f5c2-441f-adb1-9acb1484f8c0', '00000000-0000-0000-0000-000000000000', null),
('5dc11c13-17c9-4bd9-a98a-45361a6f4fb1', False, 'rawsmgnn5', 'RawsMGNN5', null, ST_GeomFromText('POINT(-108.8067 33.3906)',4326), null, null, '2021-02-11T18:37:48.657874Z', null, '98a61f29-18a8-430a-9d02-0f53486e0984', 'f124c61e-f5c2-441f-adb1-9acb1484f8c0', '00000000-0000-0000-0000-000000000000', null),
('49014947-1157-4a5c-9542-c2f1230b23f8', False, 'rawsmlcn5', 'RawsMLCN5', null, ST_GeomFromText('POINT(-104.3244 36.055)',4326), null, null, '2021-02-11T18:37:48.657894Z', null, '98a61f29-18a8-430a-9d02-0f53486e0984', 'f124c61e-f5c2-441f-adb1-9acb1484f8c0', '00000000-0000-0000-0000-000000000000', null),
('e00d753d-537f-403e-8eaa-e8ff850d9412', False, 'rawsmmrc2', 'RawsMMRC2', null, ST_GeomFromText('POINT(-107.7086 37.0564)',4326), null, null, '2021-02-11T18:37:48.657914Z', null, '98a61f29-18a8-430a-9d02-0f53486e0984', 'f124c61e-f5c2-441f-adb1-9acb1484f8c0', '00000000-0000-0000-0000-000000000000', null),
('a2121ad7-804f-4b81-96ed-50afe02c4370', False, 'rawsmndt2', 'RawsMNDT2', null, ST_GeomFromText('POINT(-102.1897 31.9431)',4326), null, null, '2021-02-11T18:37:48.657933Z', null, '98a61f29-18a8-430a-9d02-0f53486e0984', 'f124c61e-f5c2-441f-adb1-9acb1484f8c0', '00000000-0000-0000-0000-000000000000', null),
('4630d04f-3161-42eb-a393-695a5c359de9', False, 'rawsmpan5', 'RawsMPAN5', null, ST_GeomFromText('POINT(-103.7217 32.1797)',4326), null, null, '2021-02-11T18:37:48.657952Z', null, '98a61f29-18a8-430a-9d02-0f53486e0984', 'f124c61e-f5c2-441f-adb1-9acb1484f8c0', '00000000-0000-0000-0000-000000000000', null),
('da99d64a-e3fb-4729-bb6b-15435baef35a', False, 'rawsmrfc2', 'RawsMRFC2', null, ST_GeomFromText('POINT(-108.4128 37.2972)',4326), null, null, '2021-02-11T18:37:48.657971Z', null, '98a61f29-18a8-430a-9d02-0f53486e0984', 'f124c61e-f5c2-441f-adb1-9acb1484f8c0', '00000000-0000-0000-0000-000000000000', null),
('7ccf975d-9a9b-4779-a7a7-40195aede49e', False, 'rawsmrrn5', 'RawsMRRN5', null, ST_GeomFromText('POINT(-103.8 34.3)',4326), null, null, '2021-02-11T18:37:48.657990Z', null, '98a61f29-18a8-430a-9d02-0f53486e0984', 'f124c61e-f5c2-441f-adb1-9acb1484f8c0', '00000000-0000-0000-0000-000000000000', null),
('dcf7d56c-5abe-496b-b84d-ae150e3a3378', False, 'rawsmscn5', 'RawsMSCN5', null, ST_GeomFromText('POINT(-105.7689 33.1581)',4326), null, null, '2021-02-11T18:37:48.658008Z', null, '98a61f29-18a8-430a-9d02-0f53486e0984', 'f124c61e-f5c2-441f-adb1-9acb1484f8c0', '00000000-0000-0000-0000-000000000000', null),
('477a2bfb-f4a2-4042-a550-75f3a7d547db', False, 'rawsmtnn5', 'RawsMTNN5', null, ST_GeomFromText('POINT(-106.2617 34.5206)',4326), null, null, '2021-02-11T18:37:48.658028Z', null, '98a61f29-18a8-430a-9d02-0f53486e0984', 'f124c61e-f5c2-441f-adb1-9acb1484f8c0', '00000000-0000-0000-0000-000000000000', null),
('5cc7b916-e6dd-4958-b13e-242a0edd9695', False, 'rawspsgt2', 'RawsPSGT2', null, ST_GeomFromText('POINT(-104.7978 31.8944)',4326), null, null, '2021-02-11T18:37:48.658047Z', null, '98a61f29-18a8-430a-9d02-0f53486e0984', 'f124c61e-f5c2-441f-adb1-9acb1484f8c0', '00000000-0000-0000-0000-000000000000', null),
('6192c668-019a-4b2d-9ee9-9e170b54ba39', False, 'rawspxwt2', 'RawsPXWT2', null, ST_GeomFromText('POINT(-104.9478 31.9722)',4326), null, null, '2021-02-11T18:37:48.658065Z', null, '98a61f29-18a8-430a-9d02-0f53486e0984', 'f124c61e-f5c2-441f-adb1-9acb1484f8c0', '00000000-0000-0000-0000-000000000000', null),
('87c85314-130c-4971-a001-3eaaa91bdc40', False, 'rawsqenn5', 'RawsQENN5', null, ST_GeomFromText('POINT(-104.6903 32.2036)',4326), null, null, '2021-02-11T18:37:48.658084Z', null, '98a61f29-18a8-430a-9d02-0f53486e0984', 'f124c61e-f5c2-441f-adb1-9acb1484f8c0', '00000000-0000-0000-0000-000000000000', null),
('7a0d1182-dc68-4631-a316-3c0f5198b653', False, 'rawsrddc2', 'RawsRDDC2', null, ST_GeomFromText('POINT(-104.9978 38.2072)',4326), null, null, '2021-02-11T18:37:48.658103Z', null, '98a61f29-18a8-430a-9d02-0f53486e0984', 'f124c61e-f5c2-441f-adb1-9acb1484f8c0', '00000000-0000-0000-0000-000000000000', null),
('207e31ec-08f1-4c8f-bc66-5efcefb2be64', False, 'rawsrdkc2', 'RawsRDKC2', null, ST_GeomFromText('POINT(-106.2117 38.8272)',4326), null, null, '2021-02-11T18:37:48.658122Z', null, '98a61f29-18a8-430a-9d02-0f53486e0984', 'f124c61e-f5c2-441f-adb1-9acb1484f8c0', '00000000-0000-0000-0000-000000000000', null),
('075a95f3-27b4-42b4-93be-3985139df816', False, 'rawsremn5', 'RawsREMN5', null, ST_GeomFromText('POINT(-104.3211 33.6506)',4326), null, null, '2021-02-11T18:37:48.658141Z', null, '98a61f29-18a8-430a-9d02-0f53486e0984', 'f124c61e-f5c2-441f-adb1-9acb1484f8c0', '00000000-0000-0000-0000-000000000000', null),
('be83e190-dc9a-4cad-af38-f4e0a3844d1a', False, 'rawsrgmn5', 'RawsRGMN5', null, ST_GeomFromText('POINT(-106.6808 35.1458)',4326), null, null, '2021-02-11T18:37:48.658221Z', null, '98a61f29-18a8-430a-9d02-0f53486e0984', 'f124c61e-f5c2-441f-adb1-9acb1484f8c0', '00000000-0000-0000-0000-000000000000', null),
('34278b96-207e-4d38-971d-211d0ffe601c', False, 'rawsrrac2', 'RawsRRAC2', null, ST_GeomFromText('POINT(-104.9528 38.9586)',4326), null, null, '2021-02-11T18:37:48.658265Z', null, '98a61f29-18a8-430a-9d02-0f53486e0984', 'f124c61e-f5c2-441f-adb1-9acb1484f8c0', '00000000-0000-0000-0000-000000000000', null),
('b4ea5b28-5243-4777-90a5-b90a2203d4b1', False, 'rawssdnc2', 'RawsSDNC2', null, ST_GeomFromText('POINT(-105.5108 37.7267)',4326), null, null, '2021-02-11T18:37:48.658286Z', null, '98a61f29-18a8-430a-9d02-0f53486e0984', 'f124c61e-f5c2-441f-adb1-9acb1484f8c0', '00000000-0000-0000-0000-000000000000', null),
('01aca710-a11e-4a4d-bbde-0626dbea3dca', False, 'rawssdvc2', 'RawsSDVC2', null, ST_GeomFromText('POINT(-107.3028 37.0994)',4326), null, null, '2021-02-11T18:37:48.658304Z', null, '98a61f29-18a8-430a-9d02-0f53486e0984', 'f124c61e-f5c2-441f-adb1-9acb1484f8c0', '00000000-0000-0000-0000-000000000000', null),
('fbc5353f-e32a-4d90-8cbd-385307e5526b', False, 'rawssevn5', 'RawsSEVN5', null, ST_GeomFromText('POINT(-106.7981 34.3769)',4326), null, null, '2021-02-11T18:37:48.658324Z', null, '98a61f29-18a8-430a-9d02-0f53486e0984', 'f124c61e-f5c2-441f-adb1-9acb1484f8c0', '00000000-0000-0000-0000-000000000000', null),
('53a4e4b5-446b-4074-a42f-10865abec526', False, 'rawssfwn5', 'RawsSFWN5', null, ST_GeomFromText('POINT(-105.8603 35.6869)',4326), null, null, '2021-02-11T18:37:48.658342Z', null, '98a61f29-18a8-430a-9d02-0f53486e0984', 'f124c61e-f5c2-441f-adb1-9acb1484f8c0', '00000000-0000-0000-0000-000000000000', null),
('e8b0398b-2dc9-499f-9599-d07e6775f77a', False, 'rawssidc2', 'RawsSIDC2', null, ST_GeomFromText('POINT(-106.17 38.5933)',4326), null, null, '2021-02-11T18:37:48.658361Z', null, '98a61f29-18a8-430a-9d02-0f53486e0984', 'f124c61e-f5c2-441f-adb1-9acb1484f8c0', '00000000-0000-0000-0000-000000000000', null),
('22793d6e-3e67-45d2-8ada-6296cc813685', False, 'rawsslmn5', 'RawsSLMN5', null, ST_GeomFromText('POINT(-108.4447 34.0606)',4326), null, null, '2021-02-11T18:37:48.658381Z', null, '98a61f29-18a8-430a-9d02-0f53486e0984', 'f124c61e-f5c2-441f-adb1-9acb1484f8c0', '00000000-0000-0000-0000-000000000000', null),
('06b8e158-55f5-44e3-98ca-9bf0bb8040a0', False, 'rawssndn5', 'RawsSNDN5', null, ST_GeomFromText('POINT(-106.525 32.58)',4326), null, null, '2021-02-11T18:37:48.658399Z', null, '98a61f29-18a8-430a-9d02-0f53486e0984', 'f124c61e-f5c2-441f-adb1-9acb1484f8c0', '00000000-0000-0000-0000-000000000000', null),
('287cb419-44e3-401a-8921-7f867ee0249d', False, 'rawssnln5', 'RawsSNLN5', null, ST_GeomFromText('POINT(-106.5906 35.2297)',4326), null, null, '2021-02-11T18:37:48.658418Z', null, '98a61f29-18a8-430a-9d02-0f53486e0984', 'f124c61e-f5c2-441f-adb1-9acb1484f8c0', '00000000-0000-0000-0000-000000000000', null),
('7e6b275b-3afc-498b-b423-f2899ab32500', False, 'rawsstln5', 'RawsSTLN5', null, ST_GeomFromText('POINT(-106.8658 36.7317)',4326), null, null, '2021-02-11T18:37:48.658436Z', null, '98a61f29-18a8-430a-9d02-0f53486e0984', 'f124c61e-f5c2-441f-adb1-9acb1484f8c0', '00000000-0000-0000-0000-000000000000', null),
('31fddd43-58fc-49a3-96b2-d02104ed2cb9', False, 'rawstjrn5', 'RawsTJRN5', null, ST_GeomFromText('POINT(-106.3158 35.0061)',4326), null, null, '2021-02-11T18:37:48.658455Z', null, '98a61f29-18a8-430a-9d02-0f53486e0984', 'f124c61e-f5c2-441f-adb1-9acb1484f8c0', '00000000-0000-0000-0000-000000000000', null),
('dfebc267-3f2f-425e-ac0b-937c4e9cf348', False, 'rawstrun5', 'RawsTRUN5', null, ST_GeomFromText('POINT(-105.7694 36.0589)',4326), null, null, '2021-02-11T18:37:48.658473Z', null, '98a61f29-18a8-430a-9d02-0f53486e0984', 'f124c61e-f5c2-441f-adb1-9acb1484f8c0', '00000000-0000-0000-0000-000000000000', null),
('3c55a0dc-8b5d-42e8-afcf-c4622bb24ea3', False, 'rawstwrn5', 'RawsTWRN5', null, ST_GeomFromText('POINT(-106.2661 35.7789)',4326), null, null, '2021-02-11T18:37:48.658491Z', null, '98a61f29-18a8-430a-9d02-0f53486e0984', 'f124c61e-f5c2-441f-adb1-9acb1484f8c0', '00000000-0000-0000-0000-000000000000', null),
('e50c5e7c-42b8-440a-a6f6-84e94f665997', False, 'rawsucnc2', 'RawsUCNC2', null, ST_GeomFromText('POINT(-102.6303 37.0608)',4326), null, null, '2021-02-11T18:37:48.658510Z', null, '98a61f29-18a8-430a-9d02-0f53486e0984', 'f124c61e-f5c2-441f-adb1-9acb1484f8c0', '00000000-0000-0000-0000-000000000000', null),
('ddedd222-90b3-48c6-b8b8-3a4c5803614b', False, 'rawswlcc2', 'RawsWLCC2', null, ST_GeomFromText('POINT(-105.0561 38.0028)',4326), null, null, '2021-02-11T18:37:48.658535Z', null, '98a61f29-18a8-430a-9d02-0f53486e0984', 'f124c61e-f5c2-441f-adb1-9acb1484f8c0', '00000000-0000-0000-0000-000000000000', null),
('8abfe135-1d0e-4304-b35e-7ec40b6d42d4', False, 'rawswpsn5', 'RawsWPSN5', null, ST_GeomFromText('POINT(-108.8608 36.0767)',4326), null, null, '2021-02-11T18:37:48.658555Z', null, '98a61f29-18a8-430a-9d02-0f53486e0984', 'f124c61e-f5c2-441f-adb1-9acb1484f8c0', '00000000-0000-0000-0000-000000000000', null),
('3e8071b7-3bec-47fb-a83b-9e1ef85bfbe0', False, 'rawsznrn5', 'RawsZNRN5', null, ST_GeomFromText('POINT(-108.9414 35.1392)',4326), null, null, '2021-02-11T18:37:48.658577Z', null, '98a61f29-18a8-430a-9d02-0f53486e0984', 'f124c61e-f5c2-441f-adb1-9acb1484f8c0', '00000000-0000-0000-0000-000000000000', null),
('32e59f24-12cd-4811-872c-87a198fa960d', False, 'wightman-fork', 'Wightman Fork', null, ST_GeomFromText('POINT(-106.5217 37.4039)',4326), null, null, '2021-02-11T18:37:48.658597Z', null, '98a61f29-18a8-430a-9d02-0f53486e0984', 'f124c61e-f5c2-441f-adb1-9acb1484f8c0', '00000000-0000-0000-0000-000000000000', null),
('f732b237-5054-4436-bf4a-b5c441f15d56', False, 'ft-garland-s-d-c', 'FT Garland S D C', null, ST_GeomFromText('POINT(-105.415 37.425)',4326), null, null, '2021-02-11T18:37:48.658617Z', null, '98a61f29-18a8-430a-9d02-0f53486e0984', 'f124c61e-f5c2-441f-adb1-9acb1484f8c0', '00000000-0000-0000-0000-000000000000', null),
('4802c586-4a94-4e73-9827-faab0fbf8033', False, 'costilla-us', 'Costilla US', null, ST_GeomFromText('POINT(-105.2547 36.8984)',4326), null, null, '2021-02-11T18:37:48.658636Z', null, '98a61f29-18a8-430a-9d02-0f53486e0984', 'f124c61e-f5c2-441f-adb1-9acb1484f8c0', '00000000-0000-0000-0000-000000000000', null),
('5349cf07-9490-4126-a4d3-c7318b538742', False, 'costilla-santvan', 'Costilla Santvan', null, ST_GeomFromText('POINT(-105.2811 36.8842)',4326), null, null, '2021-02-11T18:37:48.658655Z', null, '98a61f29-18a8-430a-9d02-0f53486e0984', 'f124c61e-f5c2-441f-adb1-9acb1484f8c0', '00000000-0000-0000-0000-000000000000', null),
('f147f931-90b4-4d34-85e8-ecddb171a2b4', False, 'cundiyo', 'Cundiyo', null, ST_GeomFromText('POINT(-105.9047 35.9647)',4326), null, null, '2021-02-11T18:37:48.658675Z', null, '98a61f29-18a8-430a-9d02-0f53486e0984', 'f124c61e-f5c2-441f-adb1-9acb1484f8c0', '00000000-0000-0000-0000-000000000000', null),
('5822cedb-ec5d-48cd-86c9-47d9ca833966', False, 'narrows', 'Narrows', null, ST_GeomFromText('POINT(-107.1625 33.3861)',4326), null, null, '2021-02-11T18:37:48.658693Z', null, '98a61f29-18a8-430a-9d02-0f53486e0984', 'f124c61e-f5c2-441f-adb1-9acb1484f8c0', '00000000-0000-0000-0000-000000000000', null),
('31610502-0d0f-4fef-ae42-bd53ec28d40a', False, 'santa-fe', 'Santa Fe', null, ST_GeomFromText('POINT(-105.8436 35.6864)',4326), null, null, '2021-02-11T18:37:48.658713Z', null, '98a61f29-18a8-430a-9d02-0f53486e0984', 'f124c61e-f5c2-441f-adb1-9acb1484f8c0', '00000000-0000-0000-0000-000000000000', null),
('9a5c2a98-eb61-4840-bc99-3f16ccdb3b24', False, 'nichols', 'Nichols', null, ST_GeomFromText('POINT(-105.88 35.6894)',4326), null, null, '2021-02-11T18:37:48.658732Z', null, '98a61f29-18a8-430a-9d02-0f53486e0984', 'f124c61e-f5c2-441f-adb1-9acb1484f8c0', '00000000-0000-0000-0000-000000000000', null),
('a9385408-e794-472b-9ba3-e6c99dd27b7a', False, 'prairie-dtch', 'Prairie Dtch', null, ST_GeomFromText('POINT(-106.2315 37.6455)',4326), null, null, '2021-02-11T18:37:48.658754Z', null, '98a61f29-18a8-430a-9d02-0f53486e0984', 'f124c61e-f5c2-441f-adb1-9acb1484f8c0', '00000000-0000-0000-0000-000000000000', null),
('4b4b81db-84c0-43e0-81b4-18064db18821', False, 'dryden', 'Dryden', null, ST_GeomFromText('POINT(-102.1667 29.8236)',4326), null, null, '2021-02-11T18:37:48.658778Z', null, '98a61f29-18a8-430a-9d02-0f53486e0984', 'f124c61e-f5c2-441f-adb1-9acb1484f8c0', '00000000-0000-0000-0000-000000000000', null),
('c01cc2a6-2b33-4136-957e-61d161f272fe', False, 'foster-ranch', 'Foster Ranch', null, ST_GeomFromText('POINT(-101.7556 29.7806)',4326), null, null, '2021-02-11T18:37:48.658797Z', null, '98a61f29-18a8-430a-9d02-0f53486e0984', 'f124c61e-f5c2-441f-adb1-9acb1484f8c0', '00000000-0000-0000-0000-000000000000', null),
('7b41db66-cf6b-48d1-b62e-cd3598b83dc5', False, 'summitville', 'Summitville', null, ST_GeomFromText('POINT(-106.5842 37.4292)',4326), null, null, '2021-02-11T18:37:48.658817Z', null, '98a61f29-18a8-430a-9d02-0f53486e0984', 'f124c61e-f5c2-441f-adb1-9acb1484f8c0', '00000000-0000-0000-0000-000000000000', null),
('4b9b3ecb-1c45-4afd-a496-9728ece898a0', False, 'terlingua', 'Terlingua', null, ST_GeomFromText('POINT(-103.6194 29.2028)',4326), null, null, '2021-02-11T18:37:48.658839Z', null, '98a61f29-18a8-430a-9d02-0f53486e0984', 'f124c61e-f5c2-441f-adb1-9acb1484f8c0', '00000000-0000-0000-0000-000000000000', null),
('1c395ec2-d17a-473b-b8a2-ba23f0557ae4', False, 'ft-garland-ute', 'Ft Garland Ute', null, ST_GeomFromText('POINT(-105.4258 37.4471)',4326), null, null, '2021-02-11T18:37:48.658859Z', null, '98a61f29-18a8-430a-9d02-0f53486e0984', 'f124c61e-f5c2-441f-adb1-9acb1484f8c0', '00000000-0000-0000-0000-000000000000', null),
('6530417e-8ce3-4463-a034-edf1956f730f', False, 'el-paso', 'El Paso', null, ST_GeomFromText('POINT(-106.5403 31.8028)',4326), null, null, '2021-02-11T18:37:48.658878Z', null, '98a61f29-18a8-430a-9d02-0f53486e0984', 'f124c61e-f5c2-441f-adb1-9acb1484f8c0', '00000000-0000-0000-0000-000000000000', null),
('af95a24e-e89e-4ca8-8aa6-bff067e3d62d', False, 'castolon', 'Castolon', null, ST_GeomFromText('POINT(-103.5244 29.1378)',4326), null, null, '2021-02-11T18:37:48.658896Z', null, '98a61f29-18a8-430a-9d02-0f53486e0984', 'f124c61e-f5c2-441f-adb1-9acb1484f8c0', '00000000-0000-0000-0000-000000000000', null),
('45181bae-4bbc-4a90-a265-e37777c726fe', False, 'talpa', 'Talpa', null, ST_GeomFromText('POINT(-105.5811 36.3031)',4326), null, null, '2021-02-11T18:37:48.658915Z', null, '98a61f29-18a8-430a-9d02-0f53486e0984', 'f124c61e-f5c2-441f-adb1-9acb1484f8c0', '00000000-0000-0000-0000-000000000000', null),
('16ba5115-dd06-4d5d-8e69-661751865514', False, 'cochiti-santa-fe', 'Cochiti Santa Fe', null, ST_GeomFromText('POINT(-106.2289 35.5472)',4326), null, null, '2021-02-11T18:37:48.658934Z', null, '98a61f29-18a8-430a-9d02-0f53486e0984', 'f124c61e-f5c2-441f-adb1-9acb1484f8c0', '00000000-0000-0000-0000-000000000000', null),
('55481fd4-9657-4f7b-8f74-be4acba36a98', False, 'fishtail-rd', 'Fishtail rd', null, ST_GeomFromText('POINT(-106.4708 36.7381)',4326), null, null, '2021-02-11T18:37:48.658953Z', null, '98a61f29-18a8-430a-9d02-0f53486e0984', 'f124c61e-f5c2-441f-adb1-9acb1484f8c0', '00000000-0000-0000-0000-000000000000', null),
('9d063929-1af0-4c01-a5a0-4084dd6ba1a0', False, 'romero-dtch', 'Romero Dtch', null, ST_GeomFromText('POINT(-106.0384 37.0869)',4326), null, null, '2021-02-11T18:37:48.658972Z', null, '98a61f29-18a8-430a-9d02-0f53486e0984', 'f124c61e-f5c2-441f-adb1-9acb1484f8c0', '00000000-0000-0000-0000-000000000000', null),
('6869f868-a5e0-4a0d-aff0-7a251d3c2054', False, 'manassa-dtch', 'Manassa Dtch', null, ST_GeomFromText('POINT(-106.0054 37.1054)',4326), null, null, '2021-02-11T18:37:48.659032Z', null, '98a61f29-18a8-430a-9d02-0f53486e0984', 'f124c61e-f5c2-441f-adb1-9acb1484f8c0', '00000000-0000-0000-0000-000000000000', null),
('3168afd9-51ed-4c10-8f82-bdc2f4b08811', False, 'san-luis-val-cn', 'San Luis Val Cn', null, ST_GeomFromText('POINT(-106.0513 37.5767)',4326), null, null, '2021-02-11T18:37:48.659064Z', null, '98a61f29-18a8-430a-9d02-0f53486e0984', 'f124c61e-f5c2-441f-adb1-9acb1484f8c0', '00000000-0000-0000-0000-000000000000', null),
('30289bb5-04cb-4a29-bf52-d6c0e8150e8c', False, 'prwp-dtch', 'PRWP Dtch', null, ST_GeomFromText('POINT(-107.3214 37.6669)',4326), null, null, '2021-02-11T18:37:48.659083Z', null, '98a61f29-18a8-430a-9d02-0f53486e0984', 'f124c61e-f5c2-441f-adb1-9acb1484f8c0', '00000000-0000-0000-0000-000000000000', null),
('2a822bb7-d5fe-4726-bd40-38dc536fd6b8', False, 'south-fork-bear', 'South Fork Bear', null, ST_GeomFromText('POINT(-106.6082 37.6798)',4326), null, null, '2021-02-11T18:37:48.659103Z', null, '98a61f29-18a8-430a-9d02-0f53486e0984', 'f124c61e-f5c2-441f-adb1-9acb1484f8c0', '00000000-0000-0000-0000-000000000000', null),
('cb448fa5-8475-4b80-a2a8-da8b04958921', False, 'bluewater', 'Bluewater', null, ST_GeomFromText('POINT(-108.1114 35.2925)',4326), null, null, '2021-02-11T18:37:48.659123Z', null, '98a61f29-18a8-430a-9d02-0f53486e0984', 'f124c61e-f5c2-441f-adb1-9acb1484f8c0', '00000000-0000-0000-0000-000000000000', null),
('60218561-f043-48ea-bccd-a8e76b4c4e98', False, 'conejos', 'Conejos', null, ST_GeomFromText('POINT(-106.0069 37.1015)',4326), null, null, '2021-02-11T18:37:48.659142Z', null, '98a61f29-18a8-430a-9d02-0f53486e0984', 'f124c61e-f5c2-441f-adb1-9acb1484f8c0', '00000000-0000-0000-0000-000000000000', null),
('afdd5da1-bce3-4580-8235-da61d8d32524', False, 'monte-vista-cn', 'Monte Vista Cn', null, ST_GeomFromText('POINT(-106.222 37.616)',4326), null, null, '2021-02-11T18:37:48.659161Z', null, '98a61f29-18a8-430a-9d02-0f53486e0984', 'f124c61e-f5c2-441f-adb1-9acb1484f8c0', '00000000-0000-0000-0000-000000000000', null),
('bcbdb4fa-71c6-4c3c-be7a-f1558003f036', False, 'mountain-home', 'Mountain Home', null, ST_GeomFromText('POINT(-105.3936 37.3931)',4326), null, null, '2021-02-11T18:37:48.659180Z', null, '98a61f29-18a8-430a-9d02-0f53486e0984', 'f124c61e-f5c2-441f-adb1-9acb1484f8c0', '00000000-0000-0000-0000-000000000000', null),
('1c1779b0-c546-4b85-8698-5e3524707d99', False, 'mountain-home-ds', 'Mountain Home DS', null, ST_GeomFromText('POINT(-105.395 37.394)',4326), null, null, '2021-02-11T18:37:48.659180Z', null, '98a61f29-18a8-430a-9d02-0f53486e0984', 'f124c61e-f5c2-441f-adb1-9acb1484f8c0', '00000000-0000-0000-0000-000000000000', null),
('dde632e7-a9b5-4cc8-8525-eeda24bf5a58', False, 'jasper-ds', 'Jasper DS', null, ST_GeomFromText('POINT(-106.3773 37.3889)',4326), null, null, '2021-02-11T18:37:48.659219Z', null, '98a61f29-18a8-430a-9d02-0f53486e0984', 'f124c61e-f5c2-441f-adb1-9acb1484f8c0', '00000000-0000-0000-0000-000000000000', null),
('d6a7c9de-fb1c-4aac-9f0d-3b185f461e16', False, 'jasper-us', 'Jasper US', null, ST_GeomFromText('POINT(-106.522 37.4025)',4326), null, null, '2021-02-11T18:37:48.659240Z', null, '98a61f29-18a8-430a-9d02-0f53486e0984', 'f124c61e-f5c2-441f-adb1-9acb1484f8c0', '00000000-0000-0000-0000-000000000000', null),
('cbf5160c-b48f-43d0-a9a6-36c4c9008e2d', False, 'marshall-park-cg', 'Marshall Park CG', null, ST_GeomFromText('POINT(-106.9819 37.7932)',4326), null, null, '2021-02-11T18:37:48.659261Z', null, '98a61f29-18a8-430a-9d02-0f53486e0984', 'f124c61e-f5c2-441f-adb1-9acb1484f8c0', '00000000-0000-0000-0000-000000000000', null),
('d4282cff-5ceb-4906-80a5-3a6b7db1e96b', False, 'humphreys-us', 'Humphreys US', null, ST_GeomFromText('POINT(-106.8593 37.6764)',4326), null, null, '2021-02-11T18:37:48.659280Z', null, '98a61f29-18a8-430a-9d02-0f53486e0984', 'f124c61e-f5c2-441f-adb1-9acb1484f8c0', '00000000-0000-0000-0000-000000000000', null),
('bd52b58d-edb0-4800-b8fa-e87b0e77dbc6', False, 'terrace', 'Terrace', null, ST_GeomFromText('POINT(-106.285 37.3572)',4326), null, null, '2021-02-11T18:37:48.659309Z', null, '98a61f29-18a8-430a-9d02-0f53486e0984', 'f124c61e-f5c2-441f-adb1-9acb1484f8c0', '00000000-0000-0000-0000-000000000000', null),
('551bffc8-70fb-4717-973c-d49f4c4c56e4', False, 'conejos-n-b', 'Conejos N B', null, ST_GeomFromText('POINT(-106.0091 37.1018)',4326), null, null, '2021-02-11T18:37:48.659339Z', null, '98a61f29-18a8-430a-9d02-0f53486e0984', 'f124c61e-f5c2-441f-adb1-9acb1484f8c0', '00000000-0000-0000-0000-000000000000', null),
('f0d3207e-f49f-4d2d-a33f-584cd3db9e1e', False, 'tabor-dtch', 'Tabor Dtch', null, ST_GeomFromText('POINT(-107.1587 37.8728)',4326), null, null, '2021-02-11T18:37:48.659360Z', null, '98a61f29-18a8-430a-9d02-0f53486e0984', 'f124c61e-f5c2-441f-adb1-9acb1484f8c0', '00000000-0000-0000-0000-000000000000', null),
('83de2ae7-b48c-4691-a6e6-baf52057899d', False, 'beaver-creek-ds', 'Beaver Creek DS', null, ST_GeomFromText('POINT(-106.6675 37.5989)',4326), null, null, '2021-02-11T18:37:48.659383Z', null, '98a61f29-18a8-430a-9d02-0f53486e0984', 'f124c61e-f5c2-441f-adb1-9acb1484f8c0', '00000000-0000-0000-0000-000000000000', null),
('486b34d9-19cc-475a-9a7b-54ba43d13eb2', False, 'wagon-wg-goose', 'Wagon WG Goose', null, ST_GeomFromText('POINT(-106.83 37.7519)',4326), null, null, '2021-02-11T18:37:48.659403Z', null, '98a61f29-18a8-430a-9d02-0f53486e0984', 'f124c61e-f5c2-441f-adb1-9acb1484f8c0', '00000000-0000-0000-0000-000000000000', null),
('6e45193f-8188-4767-b482-a13d56f2405a', False, 'del-norte-san-fr', 'Del Norte San Fr', null, ST_GeomFromText('POINT(-106.3702 37.5793)',4326), null, null, '2021-02-11T18:37:48.659422Z', null, '98a61f29-18a8-430a-9d02-0f53486e0984', 'f124c61e-f5c2-441f-adb1-9acb1484f8c0', '00000000-0000-0000-0000-000000000000', null),
('6f2860f9-d33c-4e2c-ba5e-68d1f51a1d01', False, 'hayner-bridge', 'Hayner Bridge', null, ST_GeomFromText('POINT(-107.0194 32.6133)',4326), null, null, '2021-02-11T18:37:48.659442Z', null, '98a61f29-18a8-430a-9d02-0f53486e0984', 'f124c61e-f5c2-441f-adb1-9acb1484f8c0', '00000000-0000-0000-0000-000000000000', null),
('bbc6683d-3f72-450c-9320-02bc350cde2a', False, 'anthony', 'Anthony', null, ST_GeomFromText('POINT(-106.6014 31.915)',4326), null, null, '2021-02-11T18:37:48.659462Z', null, '98a61f29-18a8-430a-9d02-0f53486e0984', 'f124c61e-f5c2-441f-adb1-9acb1484f8c0', '00000000-0000-0000-0000-000000000000', null),
('d7ee5ba8-ef90-4141-a0c1-ba9f4bd2ab35', False, 'american-cn', 'American Cn', null, ST_GeomFromText('POINT(-106.5264 31.7778)',4326), null, null, '2021-02-11T18:37:48.659481Z', null, '98a61f29-18a8-430a-9d02-0f53486e0984', 'f124c61e-f5c2-441f-adb1-9acb1484f8c0', '00000000-0000-0000-0000-000000000000', null),
('f83a4c6a-14ac-46b8-9671-d74e68c135be', False, 'ft-quitman', 'Ft Quitman', null, ST_GeomFromText('POINT(-105.6083 31.0861)',4326), null, null, '2021-02-11T18:37:48.659500Z', null, '98a61f29-18a8-430a-9d02-0f53486e0984', 'f124c61e-f5c2-441f-adb1-9acb1484f8c0', '00000000-0000-0000-0000-000000000000', null),
('081ffc0d-58a8-4b07-8ffe-43b17b3d72cf', False, 'candelaria', 'Candelaria', null, ST_GeomFromText('POINT(-104.6861 30.175)',4326), null, null, '2021-02-11T18:37:48.659522Z', null, '98a61f29-18a8-430a-9d02-0f53486e0984', 'f124c61e-f5c2-441f-adb1-9acb1484f8c0', '00000000-0000-0000-0000-000000000000', null),
('025cd9af-856e-4757-815e-c242f44f3e0b', False, 'presidio-us', 'Presidio US', null, ST_GeomFromText('POINT(-104.4514 29.6042)',4326), null, null, '2021-02-11T18:37:48.659543Z', null, '98a61f29-18a8-430a-9d02-0f53486e0984', 'f124c61e-f5c2-441f-adb1-9acb1484f8c0', '00000000-0000-0000-0000-000000000000', null),
('3f2c8523-0eae-4e0b-b08f-1fdcb55d1fd7', False, 'presidio', 'Presidio', null, ST_GeomFromText('POINT(-104.3936 29.5578)',4326), null, null, '2021-02-11T18:37:48.659563Z', null, '98a61f29-18a8-430a-9d02-0f53486e0984', 'f124c61e-f5c2-441f-adb1-9acb1484f8c0', '00000000-0000-0000-0000-000000000000', null),
('01937816-60be-46f2-a4ad-74608d737212', False, 'american-ds', 'American DS', null, ST_GeomFromText('POINT(-106.5222 31.7761)',4326), null, null, '2021-02-11T18:37:48.659583Z', null, '98a61f29-18a8-430a-9d02-0f53486e0984', 'f124c61e-f5c2-441f-adb1-9acb1484f8c0', '00000000-0000-0000-0000-000000000000', null),
('3e624d3c-6af6-492e-a72c-eac80aa7d1d3', False, 'mesilla-ds', 'Mesilla DS', null, ST_GeomFromText('POINT(-106.7717 32.2103)',4326), null, null, '2021-02-11T18:37:48.659602Z', null, '98a61f29-18a8-430a-9d02-0f53486e0984', 'f124c61e-f5c2-441f-adb1-9acb1484f8c0', '00000000-0000-0000-0000-000000000000', null),
('c05d3a59-c5c1-44af-bd64-3b42a9465980', False, 'rio-conchos', 'Rio Conchos', null, ST_GeomFromText('POINT(-104.43 29.5833)',4326), null, null, '2021-02-11T18:37:48.659622Z', null, '98a61f29-18a8-430a-9d02-0f53486e0984', 'f124c61e-f5c2-441f-adb1-9acb1484f8c0', '00000000-0000-0000-0000-000000000000', null),
('df463dae-03be-4ae3-acca-4e4a5ae8aa42', False, 'leasburg-ds', 'Leasburg DS', null, ST_GeomFromText('POINT(-106.9194 32.4764)',4326), null, null, '2021-02-11T18:37:48.659641Z', null, '98a61f29-18a8-430a-9d02-0f53486e0984', 'f124c61e-f5c2-441f-adb1-9acb1484f8c0', '00000000-0000-0000-0000-000000000000', null),
('06d7606b-c25d-4222-bc07-7f6eaf5c1a41', False, 'presidio-alamito', 'Presidio Alamito', null, ST_GeomFromText('POINT(-104.2875 29.5236)',4326), null, null, '2021-02-11T18:37:48.659660Z', null, '98a61f29-18a8-430a-9d02-0f53486e0984', 'f124c61e-f5c2-441f-adb1-9acb1484f8c0', '00000000-0000-0000-0000-000000000000', null),
('f2e9c065-b014-4f58-b41d-dc54b11170d9', False, 'sanchez-res', 'Sanchez Res', null, ST_GeomFromText('POINT(-105.4125 37.1136)',4326), null, null, '2021-02-11T18:37:48.659679Z', null, '98a61f29-18a8-430a-9d02-0f53486e0984', 'f124c61e-f5c2-441f-adb1-9acb1484f8c0', '00000000-0000-0000-0000-000000000000', null),
('0b3fe0ad-1c4c-4871-abe4-fa8af4962a5a', False, 'sanchez-res-ds', 'Sanchez Res DS', null, ST_GeomFromText('POINT(-105.4092 37.1143)',4326), null, null, '2021-02-11T18:37:48.659679Z', null, '98a61f29-18a8-430a-9d02-0f53486e0984', 'f124c61e-f5c2-441f-adb1-9acb1484f8c0', '00000000-0000-0000-0000-000000000000', null),
('f31b174d-2f2c-411d-b8ef-6fe62c6e764c', False, 'rio-grande-res', 'Rio Grande Res', null, ST_GeomFromText('POINT(-107.2676 37.7219)',4326), null, null, '2021-02-11T18:37:48.659713Z', null, '98a61f29-18a8-430a-9d02-0f53486e0984', 'f124c61e-f5c2-441f-adb1-9acb1484f8c0', '00000000-0000-0000-0000-000000000000', null),
('3d2fc9b2-fb67-4ddd-90b8-92681cd64677', False, 'johnson-ranch', 'Johnson Ranch', null, ST_GeomFromText('POINT(-103.3903 29.0347)',4326), null, null, '2021-02-11T18:37:48.659733Z', null, '98a61f29-18a8-430a-9d02-0f53486e0984', 'f124c61e-f5c2-441f-adb1-9acb1484f8c0', '00000000-0000-0000-0000-000000000000', null),
('72921715-6125-4a50-b2c6-5958b318f7e6', False, 'presidio-ds', 'Presidio DS', null, ST_GeomFromText('POINT(-104.2864 29.5192)',4326), null, null, '2021-02-11T18:37:48.659752Z', null, '98a61f29-18a8-430a-9d02-0f53486e0984', 'f124c61e-f5c2-441f-adb1-9acb1484f8c0', '00000000-0000-0000-0000-000000000000', null),
('ad7c605f-292d-4d6f-8ddd-f79906e2a818', False, 'mcclure-us', 'McClure US', null, ST_GeomFromText('POINT(-105.8228 35.6889)',4326), null, null, '2021-02-11T18:37:48.659771Z', null, '98a61f29-18a8-430a-9d02-0f53486e0984', 'f124c61e-f5c2-441f-adb1-9acb1484f8c0', '00000000-0000-0000-0000-000000000000', null),
('5de77a94-be88-426c-afda-11bbf89030b3', False, 'tijeras-arroyo', 'Tijeras Arroyo', null, ST_GeomFromText('POINT(-106.6575 35.0019)',4326), null, null, '2021-02-11T18:37:48.659790Z', null, '98a61f29-18a8-430a-9d02-0f53486e0984', 'f124c61e-f5c2-441f-adb1-9acb1484f8c0', '00000000-0000-0000-0000-000000000000', null),
('72176523-c0f0-4fc1-a863-939ca6c103e1', False, 'santa-fe-tesq', 'Santa Fe Tesq', null, ST_GeomFromText('POINT(-105.905 35.7394)',4326), null, null, '2021-02-11T18:37:48.659810Z', null, '98a61f29-18a8-430a-9d02-0f53486e0984', 'f124c61e-f5c2-441f-adb1-9acb1484f8c0', '00000000-0000-0000-0000-000000000000', null),
('75287f17-a159-4854-a6e3-22a40e9e5401', False, 'costilla-ds', 'Costilla DS', null, ST_GeomFromText('POINT(-105.2837 36.8728)',4326), null, null, '2021-02-11T18:37:48.659829Z', null, '98a61f29-18a8-430a-9d02-0f53486e0984', 'f124c61e-f5c2-441f-adb1-9acb1484f8c0', '00000000-0000-0000-0000-000000000000', null),
('434acf2d-e949-4e64-b1c9-cbe52b37a3c0', False, 'south-fork-us', 'South Fork US', null, ST_GeomFromText('POINT(-106.7534 37.5744)',4326), null, null, '2021-02-11T18:37:48.659852Z', null, '98a61f29-18a8-430a-9d02-0f53486e0984', 'f124c61e-f5c2-441f-adb1-9acb1484f8c0', '00000000-0000-0000-0000-000000000000', null),
('e40383b6-02b9-4d3a-9df2-d79b5e0169a5', False, 'box-canyon', 'Box Canyon', null, ST_GeomFromText('POINT(-107.1413 37.7746)',4326), null, null, '2021-02-11T18:37:48.659872Z', null, '98a61f29-18a8-430a-9d02-0f53486e0984', 'f124c61e-f5c2-441f-adb1-9acb1484f8c0', '00000000-0000-0000-0000-000000000000', null),
('23729e3c-5321-44d3-9905-bd3b395bd671', False, 'farmers-union-cn', 'Farmers Union Cn', null, ST_GeomFromText('POINT(-106.2639 37.6659)',4326), null, null, '2021-02-11T18:37:48.659896Z', null, '98a61f29-18a8-430a-9d02-0f53486e0984', 'f124c61e-f5c2-441f-adb1-9acb1484f8c0', '00000000-0000-0000-0000-000000000000', null),
('0b4ade32-e12b-46bf-8911-48211b88d6de', False, 'empire-cn', 'Empire Cn', null, ST_GeomFromText('POINT(-106.1055 37.5808)',4326), null, null, '2021-02-11T18:37:48.659917Z', null, '98a61f29-18a8-430a-9d02-0f53486e0984', 'f124c61e-f5c2-441f-adb1-9acb1484f8c0', '00000000-0000-0000-0000-000000000000', null),
('91a6b769-df69-4c1f-bbdb-a51aa238224c', False, 'garcia', 'Garcia', null, ST_GeomFromText('POINT(-105.5325 36.989)',4326), null, null, '2021-02-11T18:37:48.659938Z', null, '98a61f29-18a8-430a-9d02-0f53486e0984', 'f124c61e-f5c2-441f-adb1-9acb1484f8c0', '00000000-0000-0000-0000-000000000000', null),
('1cdef8d7-077b-4796-adee-a13d7268ddb7', False, 'chama', 'Chama', null, ST_GeomFromText('POINT(-106.5547 36.935)',4326), null, null, '2021-02-11T18:37:48.659959Z', null, '98a61f29-18a8-430a-9d02-0f53486e0984', 'f124c61e-f5c2-441f-adb1-9acb1484f8c0', '00000000-0000-0000-0000-000000000000', null),
('cf68c64d-81f2-4cda-8142-35b29731ecbf', False, 'norton-drain', 'Norton Drain', null, ST_GeomFromText('POINT(-105.7715 37.3346)',4326), null, null, '2021-02-11T18:37:48.659979Z', null, '98a61f29-18a8-430a-9d02-0f53486e0984', 'f124c61e-f5c2-441f-adb1-9acb1484f8c0', '00000000-0000-0000-0000-000000000000', null),
('cd97eef2-8516-4baf-825e-dc69a388ce82', False, 'norton-drain-s', 'Norton Drain S', null, ST_GeomFromText('POINT(-105.8547 37.2986)',4326), null, null, '2021-02-11T18:37:48.659998Z', null, '98a61f29-18a8-430a-9d02-0f53486e0984', 'f124c61e-f5c2-441f-adb1-9acb1484f8c0', '00000000-0000-0000-0000-000000000000', null),
('23f08784-c0f0-4a8d-b9b3-ec5e0fc74fb5', False, 'mountain-home-us', 'Mountain Home US', null, ST_GeomFromText('POINT(-105.3689 37.3947)',4326), null, null, '2021-02-11T18:37:48.660058Z', null, '98a61f29-18a8-430a-9d02-0f53486e0984', 'f124c61e-f5c2-441f-adb1-9acb1484f8c0', '00000000-0000-0000-0000-000000000000', null),
('9298f662-578f-4ce4-807e-c535122efb1a', False, 'costilla-dtch-al', 'Costilla Dtch Al', null, ST_GeomFromText('POINT(-105.9488 37.5527)',4326), null, null, '2021-02-11T18:37:48.660091Z', null, '98a61f29-18a8-430a-9d02-0f53486e0984', 'f124c61e-f5c2-441f-adb1-9acb1484f8c0', '00000000-0000-0000-0000-000000000000', null),
('62d69e73-32c9-4e25-a9b8-0f2e420aaefd', False, 'centennial-cn', 'Centennial Cn', null, ST_GeomFromText('POINT(-106.0704 37.5719)',4326), null, null, '2021-02-11T18:37:48.660112Z', null, '98a61f29-18a8-430a-9d02-0f53486e0984', 'f124c61e-f5c2-441f-adb1-9acb1484f8c0', '00000000-0000-0000-0000-000000000000', null),
('e85cdf36-fb28-4480-886f-b3f667859cee', False, 'rawsrget2', 'RawsRGET2', null, ST_GeomFromText('POINT(-102.9631 29.1858)',4326), null, null, '2021-02-11T18:37:48.660132Z', null, '98a61f29-18a8-430a-9d02-0f53486e0984', 'f124c61e-f5c2-441f-adb1-9acb1484f8c0', '00000000-0000-0000-0000-000000000000', null),
('e17b0b6d-d1bb-4c61-b63c-d2d6f7576666', False, 'langtry', 'Langtry', null, ST_GeomFromText('POINT(-101.4458 29.8028)',4326), null, null, '2021-02-11T18:37:48.660170Z', null, '98a61f29-18a8-430a-9d02-0f53486e0984', 'f124c61e-f5c2-441f-adb1-9acb1484f8c0', '00000000-0000-0000-0000-000000000000', null),
('df191fbb-205c-4435-9966-7d530a6a770d', False, 'rawswdrn5', 'RawsWDRN5', null, ST_GeomFromText('POINT(-105.6689 36.695)',4326), null, null, '2021-02-11T18:37:48.660192Z', null, '98a61f29-18a8-430a-9d02-0f53486e0984', 'f124c61e-f5c2-441f-adb1-9acb1484f8c0', '00000000-0000-0000-0000-000000000000', null);

--INSERT INSTRUMENT STATUS--
INSERT INTO public.instrument_status(id, instrument_id, status_id, "time")
VALUES 
('3709d6d9-0258-46fa-8e96-fdc0fcecee25', '6e2f0ba8-d350-4f3f-8aa8-95baf97f945c', 'e26ba2ef-9b52-4c71-97df-9e4b6cf4174d', '2021-02-11T18:37:48.656482Z'),
('3d9e8aab-945d-4a3a-be8e-cfda3ca955f7', '0744a290-40d5-4b33-94b6-44e3f07ba399', 'e26ba2ef-9b52-4c71-97df-9e4b6cf4174d', '2021-02-11T18:37:48.656677Z'),
('069dcaf6-2db3-480f-9ec5-c7cdad14ee4d', '6d2fdaf7-cd7e-4b72-92e7-f611a408c7e0', 'e26ba2ef-9b52-4c71-97df-9e4b6cf4174d', '2021-02-11T18:37:48.656796Z'),
('3e5a2ea2-d6eb-49be-9157-5ee902b70d73', 'b0740390-77d8-41ea-b47c-c3d6f5bdcec3', 'e26ba2ef-9b52-4c71-97df-9e4b6cf4174d', '2021-02-11T18:37:48.656839Z'),
('611215e3-6b2a-4bbc-858f-b485ab34e37d', '94aab589-c2bf-431f-852b-fec818d2da57', 'e26ba2ef-9b52-4c71-97df-9e4b6cf4174d', '2021-02-11T18:37:48.656862Z'),
('2dde24c0-59ab-4a3f-a8bb-85cf2c0d946b', '6e352cd6-20d8-40db-9177-d5e11805dc2a', 'e26ba2ef-9b52-4c71-97df-9e4b6cf4174d', '2021-02-11T18:37:48.656882Z'),
('775734da-8ce4-4516-8a83-7a9a30549d5b', '50538af3-56cd-474c-95d6-e3d3b9ca57a2', 'e26ba2ef-9b52-4c71-97df-9e4b6cf4174d', '2021-02-11T18:37:48.656902Z'),
('9c2605e1-cc52-46cb-9667-58cfc23a939e', 'b00eeef9-05c7-49de-8899-9634576c08d5', 'e26ba2ef-9b52-4c71-97df-9e4b6cf4174d', '2021-02-11T18:37:48.656921Z'),
('bae6b19f-09fe-45be-a429-dbdfd8bb00d8', '266f20f5-f990-4b29-a2bc-439070f45c86', 'e26ba2ef-9b52-4c71-97df-9e4b6cf4174d', '2021-02-11T18:37:48.656940Z'),
('9058bbde-7152-4cf0-a20d-b0dc3598b29f', 'b7069c3e-5c87-4012-9a37-d34b90b37727', 'e26ba2ef-9b52-4c71-97df-9e4b6cf4174d', '2021-02-11T18:37:48.656958Z'),
('8ef946ee-cb26-447f-9731-ea09a4074cb0', 'e93eca96-7269-4d33-94c4-39e88b3eab35', 'e26ba2ef-9b52-4c71-97df-9e4b6cf4174d', '2021-02-11T18:37:48.656976Z'),
('d1e722cb-7f6a-496c-940c-fa56eb50d891', 'faebbf9a-fab9-4df4-b50e-62c06e0abc55', 'e26ba2ef-9b52-4c71-97df-9e4b6cf4174d', '2021-02-11T18:37:48.656995Z'),
('1b156def-bf63-439e-b07c-3fa95457f2eb', '213ecd05-d39c-4c84-8537-364d524c1145', 'e26ba2ef-9b52-4c71-97df-9e4b6cf4174d', '2021-02-11T18:37:48.657013Z'),
('733a339d-b46b-454c-83df-770f622c5bd6', '08e67606-999a-43f8-a96c-a2241ef3adc0', 'e26ba2ef-9b52-4c71-97df-9e4b6cf4174d', '2021-02-11T18:37:48.657035Z'),
('52bdad1e-e7e6-47ea-beb4-8be190c199b2', '6910ce1e-edaa-418d-b34e-4d7a5d370a25', 'e26ba2ef-9b52-4c71-97df-9e4b6cf4174d', '2021-02-11T18:37:48.657058Z'),
('074772c7-99b3-472b-8079-7fbe42118400', '864cafb6-efa5-4134-85f4-a3d0bfa452cd', 'e26ba2ef-9b52-4c71-97df-9e4b6cf4174d', '2021-02-11T18:37:48.657079Z'),
('6fc2663f-9ead-419e-bb15-b09e123dfdd2', 'fab8d02d-8d60-4a35-ba73-7ef67e3714c9', 'e26ba2ef-9b52-4c71-97df-9e4b6cf4174d', '2021-02-11T18:37:48.657099Z'),
('2f4fb75f-49c1-493f-b8bd-536b0ccdb392', '00c3584f-e75a-4326-a830-2f93809bbe46', 'e26ba2ef-9b52-4c71-97df-9e4b6cf4174d', '2021-02-11T18:37:48.657118Z'),
('8469b2ce-53b6-4ef6-9496-c7897d49efd1', '3bdcea87-dafc-4772-b7a4-f92e84950abd', 'e26ba2ef-9b52-4c71-97df-9e4b6cf4174d', '2021-02-11T18:37:48.657146Z'),
('45e70a59-078d-4188-8f3b-b1c3aa0e19df', '8d63d41e-5123-4b2b-8a62-24806f8505f6', 'e26ba2ef-9b52-4c71-97df-9e4b6cf4174d', '2021-02-11T18:37:48.657179Z'),
('634d6168-c48a-4dbe-b854-c33337d459d7', 'd14a0588-a335-41f3-ad22-0266a82d778e', 'e26ba2ef-9b52-4c71-97df-9e4b6cf4174d', '2021-02-11T18:37:48.657204Z'),
('28ab4c97-a75c-415b-95be-dac4ed227027', '7562dbf4-43c3-46d5-979c-8e6928e3e392', 'e26ba2ef-9b52-4c71-97df-9e4b6cf4174d', '2021-02-11T18:37:48.657224Z'),
('68184c14-dcf0-4fd3-baea-6421b58bc2f1', '3e2f2b7f-bb3a-4802-831d-65ea7b26616b', 'e26ba2ef-9b52-4c71-97df-9e4b6cf4174d', '2021-02-11T18:37:48.657244Z'),
('5b0160c8-4aa7-4cc0-acad-79e8cf69866a', 'e99fe54f-ed50-41a6-b25c-66d626bac6e4', 'e26ba2ef-9b52-4c71-97df-9e4b6cf4174d', '2021-02-11T18:37:48.657264Z'),
('e797e3ae-1b6f-42a8-afa9-ec77be5f598c', '33718576-9ac0-4455-96a9-bff5069deef2', 'e26ba2ef-9b52-4c71-97df-9e4b6cf4174d', '2021-02-11T18:37:48.657287Z'),
('5eb68d48-ad40-41e1-bf00-0c0a01667b97', 'f0f4ca7a-a986-426e-9531-6ed7599d621f', 'e26ba2ef-9b52-4c71-97df-9e4b6cf4174d', '2021-02-11T18:37:48.657307Z'),
('362366ad-463f-47f3-a311-7ed7f2bb9825', '89067b0d-2f9d-4b32-8d18-05e147ab43f0', 'e26ba2ef-9b52-4c71-97df-9e4b6cf4174d', '2021-02-11T18:37:48.657327Z'),
('073c0b2a-ff46-42cc-a935-35e3115fadcd', '02c27fc3-275c-4193-a889-8c1886c63d20', 'e26ba2ef-9b52-4c71-97df-9e4b6cf4174d', '2021-02-11T18:37:48.657345Z'),
('2d295425-8439-407a-85e3-71bb33edb68e', '8ecc2765-fd6c-41b1-8cb6-b494cecbdc99', 'e26ba2ef-9b52-4c71-97df-9e4b6cf4174d', '2021-02-11T18:37:48.657364Z'),
('3aa12ec3-cfeb-405b-9e45-8975ed5fec6d', '172dedf7-9947-4c42-b683-fa73ea976213', 'e26ba2ef-9b52-4c71-97df-9e4b6cf4174d', '2021-02-11T18:37:48.657384Z'),
('e481718a-ac7c-480d-a593-1627a2f5f4b0', '2bce7c80-c74c-48ff-8ce0-7c12d0576951', 'e26ba2ef-9b52-4c71-97df-9e4b6cf4174d', '2021-02-11T18:37:48.657404Z'),
('f8796d8b-ee0d-4d20-88a2-cc79f053ab07', 'dde0ca45-6296-4559-99a0-4bad805582b5', 'e26ba2ef-9b52-4c71-97df-9e4b6cf4174d', '2021-02-11T18:37:48.657423Z'),
('519ad954-a384-4a87-ae68-74eb816bd9e3', 'e7122918-9405-40ed-8b34-2f6c0550ac6a', 'e26ba2ef-9b52-4c71-97df-9e4b6cf4174d', '2021-02-11T18:37:48.657441Z'),
('c95650f4-b0b9-4524-9db9-0ecc35859ecf', '94b3b793-15c4-4fab-a3b3-0ba51f3ac7fe', 'e26ba2ef-9b52-4c71-97df-9e4b6cf4174d', '2021-02-11T18:37:48.657460Z'),
('1231a333-96c0-4244-a868-0304ec699a64', '8ae3aaca-f9d9-49d4-952e-1a345bce927c', 'e26ba2ef-9b52-4c71-97df-9e4b6cf4174d', '2021-02-11T18:37:48.657478Z'),
('b716da80-5a38-4aec-ab98-4c5bc6ea709f', '4f169974-d970-4b8b-a1eb-a10df15b3020', 'e26ba2ef-9b52-4c71-97df-9e4b6cf4174d', '2021-02-11T18:37:48.657496Z'),
('d004b03d-107e-4d08-bcd4-1481ec3f8eb6', '37843d6d-e059-4c4f-b171-73fd8384322f', 'e26ba2ef-9b52-4c71-97df-9e4b6cf4174d', '2021-02-11T18:37:48.657518Z'),
('0aac9715-c8e1-45f7-b418-87f772dc837a', '39b75e50-c280-45bd-b0a8-5425e39bf7bf', 'e26ba2ef-9b52-4c71-97df-9e4b6cf4174d', '2021-02-11T18:37:48.657538Z'),
('556d6694-4a85-495c-9fc0-8489f0057aae', '26733ed6-9aaa-45af-8fd4-c16a255c3df7', 'e26ba2ef-9b52-4c71-97df-9e4b6cf4174d', '2021-02-11T18:37:48.657557Z'),
('d022a861-82ee-4ce2-9f16-2970cea8395f', 'ae5d6b77-9f75-4cdb-bdb1-889c737f841f', 'e26ba2ef-9b52-4c71-97df-9e4b6cf4174d', '2021-02-11T18:37:48.657576Z'),
('cc849aeb-160a-4045-82c7-e01381bd88a4', 'c23a5233-8154-4e7c-ab52-c1a7b8e9a907', 'e26ba2ef-9b52-4c71-97df-9e4b6cf4174d', '2021-02-11T18:37:48.657594Z'),
('867e49d3-c4a0-495b-9323-5b746b415c8e', 'bc3625f5-8876-4dfb-8abd-beef9590ffab', 'e26ba2ef-9b52-4c71-97df-9e4b6cf4174d', '2021-02-11T18:37:48.657613Z'),
('1b533406-1e9c-4ae1-8d50-cbed8f64c482', '7b4a2033-cd35-47fd-bea2-240f099c24ab', 'e26ba2ef-9b52-4c71-97df-9e4b6cf4174d', '2021-02-11T18:37:48.657632Z'),
('7dd8b148-e729-4b5c-8f04-c3f504f05190', 'c81b9d1a-3fb2-44a7-a1b9-2f226701a4c1', 'e26ba2ef-9b52-4c71-97df-9e4b6cf4174d', '2021-02-11T18:37:48.657651Z'),
('0d0253c1-c3ed-44b6-9247-1187163511b9', '1316646e-c67a-4ed5-a77a-c8c79a563291', 'e26ba2ef-9b52-4c71-97df-9e4b6cf4174d', '2021-02-11T18:37:48.657670Z'),
('80c53641-cb06-4c8f-b44a-04829fb5c7f4', '518de509-0fff-4b40-91a3-de77875cd7cb', 'e26ba2ef-9b52-4c71-97df-9e4b6cf4174d', '2021-02-11T18:37:48.657690Z'),
('50bd1c1e-faed-4076-ab41-c0bcc8d1447b', '2bb4da28-5d3e-4c74-8d97-6e61f9e174cd', 'e26ba2ef-9b52-4c71-97df-9e4b6cf4174d', '2021-02-11T18:37:48.657711Z'),
('0f04f5c3-062a-4313-ab4d-f07d3a28d682', '487ce3c0-d548-49a0-a71e-ab6271b4019b', 'e26ba2ef-9b52-4c71-97df-9e4b6cf4174d', '2021-02-11T18:37:48.657733Z'),
('57e839c4-ee7b-4830-8ee3-562195663c82', '2b084120-3b93-4ddb-a35c-a6cb50bab98a', 'e26ba2ef-9b52-4c71-97df-9e4b6cf4174d', '2021-02-11T18:37:48.657753Z'),
('3eab5d15-a2d9-40d1-9f01-e188600a9141', '1361466c-7320-43fb-be69-89dcbd4c2556', 'e26ba2ef-9b52-4c71-97df-9e4b6cf4174d', '2021-02-11T18:37:48.657772Z'),
('e3e614f7-6e0f-4822-9858-be2abb768a6f', 'c9777e8c-c534-4da9-869f-018901289509', 'e26ba2ef-9b52-4c71-97df-9e4b6cf4174d', '2021-02-11T18:37:48.657791Z'),
('63cf3250-81c3-420a-bb66-d6c127413896', '1a550994-21ae-4ab0-96b7-9905e3d8b5fe', 'e26ba2ef-9b52-4c71-97df-9e4b6cf4174d', '2021-02-11T18:37:48.657810Z'),
('5a9a2541-118d-4920-b83c-e7f1268a61cf', 'aae3efe1-c81f-4fee-b096-4585ee316ed1', 'e26ba2ef-9b52-4c71-97df-9e4b6cf4174d', '2021-02-11T18:37:48.657829Z'),
('2cbe02bd-6c4d-438b-a3c7-0b74a7cc3985', '7df813c2-9c4f-4796-8bb6-649abcecba43', 'e26ba2ef-9b52-4c71-97df-9e4b6cf4174d', '2021-02-11T18:37:48.657851Z'),
('b74013e6-34bc-463d-b98f-6fe857305a77', '5dc11c13-17c9-4bd9-a98a-45361a6f4fb1', 'e26ba2ef-9b52-4c71-97df-9e4b6cf4174d', '2021-02-11T18:37:48.657874Z'),
('8c7e1ee0-966f-48d9-a470-1dfa65b39d3c', '49014947-1157-4a5c-9542-c2f1230b23f8', 'e26ba2ef-9b52-4c71-97df-9e4b6cf4174d', '2021-02-11T18:37:48.657894Z'),
('1e6bb96f-fcba-490a-b4d9-ca7c7f6fa60f', 'e00d753d-537f-403e-8eaa-e8ff850d9412', 'e26ba2ef-9b52-4c71-97df-9e4b6cf4174d', '2021-02-11T18:37:48.657914Z'),
('31209698-cc42-451f-af74-dd7b918348a7', 'a2121ad7-804f-4b81-96ed-50afe02c4370', 'e26ba2ef-9b52-4c71-97df-9e4b6cf4174d', '2021-02-11T18:37:48.657933Z'),
('e56abde9-f523-4d2a-b3b9-24d7e12d01d9', '4630d04f-3161-42eb-a393-695a5c359de9', 'e26ba2ef-9b52-4c71-97df-9e4b6cf4174d', '2021-02-11T18:37:48.657952Z'),
('ebc3b0a4-0402-421e-8630-6b3b0d766a47', 'da99d64a-e3fb-4729-bb6b-15435baef35a', 'e26ba2ef-9b52-4c71-97df-9e4b6cf4174d', '2021-02-11T18:37:48.657971Z'),
('c1cdd630-9d12-421a-b27e-88d0f561b62a', '7ccf975d-9a9b-4779-a7a7-40195aede49e', 'e26ba2ef-9b52-4c71-97df-9e4b6cf4174d', '2021-02-11T18:37:48.657990Z'),
('043436a0-727d-4c76-b522-1c39793e8753', 'dcf7d56c-5abe-496b-b84d-ae150e3a3378', 'e26ba2ef-9b52-4c71-97df-9e4b6cf4174d', '2021-02-11T18:37:48.658008Z'),
('49bb9bb7-e475-48c9-ac55-90e086a8266d', '477a2bfb-f4a2-4042-a550-75f3a7d547db', 'e26ba2ef-9b52-4c71-97df-9e4b6cf4174d', '2021-02-11T18:37:48.658028Z'),
('a9dde6e5-a8f0-45f1-8af5-02c424b496f8', '5cc7b916-e6dd-4958-b13e-242a0edd9695', 'e26ba2ef-9b52-4c71-97df-9e4b6cf4174d', '2021-02-11T18:37:48.658047Z'),
('356f41d1-14bd-4039-b3fa-466ee788310d', '6192c668-019a-4b2d-9ee9-9e170b54ba39', 'e26ba2ef-9b52-4c71-97df-9e4b6cf4174d', '2021-02-11T18:37:48.658065Z'),
('fb5853c8-4be8-4ef8-af00-10be55780884', '87c85314-130c-4971-a001-3eaaa91bdc40', 'e26ba2ef-9b52-4c71-97df-9e4b6cf4174d', '2021-02-11T18:37:48.658084Z'),
('e424c645-b32f-46c4-94e5-93a187f2fc99', '7a0d1182-dc68-4631-a316-3c0f5198b653', 'e26ba2ef-9b52-4c71-97df-9e4b6cf4174d', '2021-02-11T18:37:48.658103Z'),
('421e2d6d-a190-4663-958d-abce4727d460', '207e31ec-08f1-4c8f-bc66-5efcefb2be64', 'e26ba2ef-9b52-4c71-97df-9e4b6cf4174d', '2021-02-11T18:37:48.658122Z'),
('ea500570-be62-454a-9804-00415aaebd4a', '075a95f3-27b4-42b4-93be-3985139df816', 'e26ba2ef-9b52-4c71-97df-9e4b6cf4174d', '2021-02-11T18:37:48.658141Z'),
('d65dc04d-4afd-48b6-9949-6fb002fb303c', 'be83e190-dc9a-4cad-af38-f4e0a3844d1a', 'e26ba2ef-9b52-4c71-97df-9e4b6cf4174d', '2021-02-11T18:37:48.658221Z'),
('2028ec82-a5e3-4b06-9f25-0ac5db126046', '34278b96-207e-4d38-971d-211d0ffe601c', 'e26ba2ef-9b52-4c71-97df-9e4b6cf4174d', '2021-02-11T18:37:48.658265Z'),
('9ca687d8-b702-46c3-934b-a68efb8f27b4', 'b4ea5b28-5243-4777-90a5-b90a2203d4b1', 'e26ba2ef-9b52-4c71-97df-9e4b6cf4174d', '2021-02-11T18:37:48.658286Z'),
('df3dddf2-69ff-4a83-8025-83e81278ce8b', '01aca710-a11e-4a4d-bbde-0626dbea3dca', 'e26ba2ef-9b52-4c71-97df-9e4b6cf4174d', '2021-02-11T18:37:48.658304Z'),
('f8b135b3-14c7-4b66-9897-2953cce69e74', 'fbc5353f-e32a-4d90-8cbd-385307e5526b', 'e26ba2ef-9b52-4c71-97df-9e4b6cf4174d', '2021-02-11T18:37:48.658324Z'),
('3327cb55-d864-4b3f-9138-cfce2102caec', '53a4e4b5-446b-4074-a42f-10865abec526', 'e26ba2ef-9b52-4c71-97df-9e4b6cf4174d', '2021-02-11T18:37:48.658342Z'),
('062db6ff-4cb7-4b5f-8bfe-4020cf9a3eca', 'e8b0398b-2dc9-499f-9599-d07e6775f77a', 'e26ba2ef-9b52-4c71-97df-9e4b6cf4174d', '2021-02-11T18:37:48.658361Z'),
('725a7324-ced8-407e-bb97-8f1ea34d2518', '22793d6e-3e67-45d2-8ada-6296cc813685', 'e26ba2ef-9b52-4c71-97df-9e4b6cf4174d', '2021-02-11T18:37:48.658381Z'),
('11c89678-ccf3-485e-9585-c58b6e9f8d3b', '06b8e158-55f5-44e3-98ca-9bf0bb8040a0', 'e26ba2ef-9b52-4c71-97df-9e4b6cf4174d', '2021-02-11T18:37:48.658399Z'),
('cea99198-e7fe-4127-8cc2-8b0fd811ee8f', '287cb419-44e3-401a-8921-7f867ee0249d', 'e26ba2ef-9b52-4c71-97df-9e4b6cf4174d', '2021-02-11T18:37:48.658418Z'),
('982cd759-b0c0-44bc-83fd-16eba7c3bef8', '7e6b275b-3afc-498b-b423-f2899ab32500', 'e26ba2ef-9b52-4c71-97df-9e4b6cf4174d', '2021-02-11T18:37:48.658436Z'),
('971008b0-5e6e-495f-a815-b778fcafa907', '31fddd43-58fc-49a3-96b2-d02104ed2cb9', 'e26ba2ef-9b52-4c71-97df-9e4b6cf4174d', '2021-02-11T18:37:48.658455Z'),
('3d1da545-86c0-474c-b7bc-1c75d63b8bd5', 'dfebc267-3f2f-425e-ac0b-937c4e9cf348', 'e26ba2ef-9b52-4c71-97df-9e4b6cf4174d', '2021-02-11T18:37:48.658473Z'),
('97fb0e2b-aa1f-41e9-9f32-06c3ebab110e', '3c55a0dc-8b5d-42e8-afcf-c4622bb24ea3', 'e26ba2ef-9b52-4c71-97df-9e4b6cf4174d', '2021-02-11T18:37:48.658491Z'),
('99aa8b12-4262-472d-980b-a0aea4abd095', 'e50c5e7c-42b8-440a-a6f6-84e94f665997', 'e26ba2ef-9b52-4c71-97df-9e4b6cf4174d', '2021-02-11T18:37:48.658510Z'),
('790cce7c-d10c-404e-9b37-9edafcabbd74', 'ddedd222-90b3-48c6-b8b8-3a4c5803614b', 'e26ba2ef-9b52-4c71-97df-9e4b6cf4174d', '2021-02-11T18:37:48.658535Z'),
('55161418-69eb-4580-9ab1-dc55145e408e', '8abfe135-1d0e-4304-b35e-7ec40b6d42d4', 'e26ba2ef-9b52-4c71-97df-9e4b6cf4174d', '2021-02-11T18:37:48.658555Z'),
('33a40668-dd5d-48aa-8b65-5392efdbb689', '3e8071b7-3bec-47fb-a83b-9e1ef85bfbe0', 'e26ba2ef-9b52-4c71-97df-9e4b6cf4174d', '2021-02-11T18:37:48.658577Z'),
('307f9bac-4713-4e8d-81b1-9a73efe9a5b9', '32e59f24-12cd-4811-872c-87a198fa960d', 'e26ba2ef-9b52-4c71-97df-9e4b6cf4174d', '2021-02-11T18:37:48.658597Z'),
('9aa7326a-11e2-4df9-82f7-20d55211ffa0', 'f732b237-5054-4436-bf4a-b5c441f15d56', 'e26ba2ef-9b52-4c71-97df-9e4b6cf4174d', '2021-02-11T18:37:48.658617Z'),
('0dd6c22f-90f6-400f-a9e5-242189606dd6', '4802c586-4a94-4e73-9827-faab0fbf8033', 'e26ba2ef-9b52-4c71-97df-9e4b6cf4174d', '2021-02-11T18:37:48.658636Z'),
('31862669-76e7-440e-9007-14ca2cc39c43', '5349cf07-9490-4126-a4d3-c7318b538742', 'e26ba2ef-9b52-4c71-97df-9e4b6cf4174d', '2021-02-11T18:37:48.658655Z'),
('8599fc36-1fb8-40d0-9792-0972785b9d72', 'f147f931-90b4-4d34-85e8-ecddb171a2b4', 'e26ba2ef-9b52-4c71-97df-9e4b6cf4174d', '2021-02-11T18:37:48.658675Z'),
('abd4bc88-f8af-41a3-a23b-25e1e6adf968', '5822cedb-ec5d-48cd-86c9-47d9ca833966', 'e26ba2ef-9b52-4c71-97df-9e4b6cf4174d', '2021-02-11T18:37:48.658693Z'),
('0a5f681d-5eb5-4b5a-8695-21b2443becdb', '31610502-0d0f-4fef-ae42-bd53ec28d40a', 'e26ba2ef-9b52-4c71-97df-9e4b6cf4174d', '2021-02-11T18:37:48.658713Z'),
('62b26d3a-2c45-40b5-b58b-e7588cd275e7', '9a5c2a98-eb61-4840-bc99-3f16ccdb3b24', 'e26ba2ef-9b52-4c71-97df-9e4b6cf4174d', '2021-02-11T18:37:48.658732Z'),
('d55ea4df-0fd7-42a5-ba61-52bf8f4da01e', 'a9385408-e794-472b-9ba3-e6c99dd27b7a', 'e26ba2ef-9b52-4c71-97df-9e4b6cf4174d', '2021-02-11T18:37:48.658754Z'),
('1f47cbf5-c706-4e37-aa1f-fc1723f16170', '4b4b81db-84c0-43e0-81b4-18064db18821', 'e26ba2ef-9b52-4c71-97df-9e4b6cf4174d', '2021-02-11T18:37:48.658778Z'),
('f841b518-4c90-4732-bf39-38c9d00f41e1', 'c01cc2a6-2b33-4136-957e-61d161f272fe', 'e26ba2ef-9b52-4c71-97df-9e4b6cf4174d', '2021-02-11T18:37:48.658797Z'),
('755521a2-5101-48c4-b73b-2d9a8c0b7b02', '7b41db66-cf6b-48d1-b62e-cd3598b83dc5', 'e26ba2ef-9b52-4c71-97df-9e4b6cf4174d', '2021-02-11T18:37:48.658817Z'),
('d06a6c3d-0425-4a98-b735-05192a4492ec', '4b9b3ecb-1c45-4afd-a496-9728ece898a0', 'e26ba2ef-9b52-4c71-97df-9e4b6cf4174d', '2021-02-11T18:37:48.658839Z'),
('ddeec1ac-34d6-496e-9aa0-f33f70bd69f8', '1c395ec2-d17a-473b-b8a2-ba23f0557ae4', 'e26ba2ef-9b52-4c71-97df-9e4b6cf4174d', '2021-02-11T18:37:48.658859Z'),
('4a7496a4-3cd2-4e38-b5d2-9e5f2a1221c1', '6530417e-8ce3-4463-a034-edf1956f730f', 'e26ba2ef-9b52-4c71-97df-9e4b6cf4174d', '2021-02-11T18:37:48.658878Z'),
('1b1bcbff-2c88-4c1e-aad1-2844afaf0706', 'af95a24e-e89e-4ca8-8aa6-bff067e3d62d', 'e26ba2ef-9b52-4c71-97df-9e4b6cf4174d', '2021-02-11T18:37:48.658896Z'),
('aacca6a7-b9f4-4fa8-b633-ee8d64675c5e', '45181bae-4bbc-4a90-a265-e37777c726fe', 'e26ba2ef-9b52-4c71-97df-9e4b6cf4174d', '2021-02-11T18:37:48.658915Z'),
('8512bc7a-cc6f-4af4-9af1-513b49dbec07', '16ba5115-dd06-4d5d-8e69-661751865514', 'e26ba2ef-9b52-4c71-97df-9e4b6cf4174d', '2021-02-11T18:37:48.658934Z'),
('7f575d8b-d147-4bda-8210-a89c74078d68', '55481fd4-9657-4f7b-8f74-be4acba36a98', 'e26ba2ef-9b52-4c71-97df-9e4b6cf4174d', '2021-02-11T18:37:48.658953Z'),
('7bc960be-8b96-4b16-a032-e8cf3213f208', '9d063929-1af0-4c01-a5a0-4084dd6ba1a0', 'e26ba2ef-9b52-4c71-97df-9e4b6cf4174d', '2021-02-11T18:37:48.658972Z'),
('6ef88a61-6608-441c-ab85-77a216e680aa', '6869f868-a5e0-4a0d-aff0-7a251d3c2054', 'e26ba2ef-9b52-4c71-97df-9e4b6cf4174d', '2021-02-11T18:37:48.659032Z'),
('f526c597-cbaf-4f48-a33d-1cb574d441fb', '3168afd9-51ed-4c10-8f82-bdc2f4b08811', 'e26ba2ef-9b52-4c71-97df-9e4b6cf4174d', '2021-02-11T18:37:48.659064Z'),
('1b66d058-d4ae-4aac-9225-757fcba40730', '30289bb5-04cb-4a29-bf52-d6c0e8150e8c', 'e26ba2ef-9b52-4c71-97df-9e4b6cf4174d', '2021-02-11T18:37:48.659083Z'),
('09be7c58-fc1b-485d-a026-0e60d1ca183f', '2a822bb7-d5fe-4726-bd40-38dc536fd6b8', 'e26ba2ef-9b52-4c71-97df-9e4b6cf4174d', '2021-02-11T18:37:48.659103Z'),
('cb5a05f4-0f94-4e5c-9133-66b780cbbbc8', 'cb448fa5-8475-4b80-a2a8-da8b04958921', 'e26ba2ef-9b52-4c71-97df-9e4b6cf4174d', '2021-02-11T18:37:48.659123Z'),
('76bdabff-b4d5-4de2-bb5c-dce9542939df', '60218561-f043-48ea-bccd-a8e76b4c4e98', 'e26ba2ef-9b52-4c71-97df-9e4b6cf4174d', '2021-02-11T18:37:48.659142Z'),
('8831df94-a066-41ee-9f02-6dc1069c0594', 'afdd5da1-bce3-4580-8235-da61d8d32524', 'e26ba2ef-9b52-4c71-97df-9e4b6cf4174d', '2021-02-11T18:37:48.659161Z'),
('ebd11efe-06ce-4c12-becd-b218ef7b994e', 'bcbdb4fa-71c6-4c3c-be7a-f1558003f036', 'e26ba2ef-9b52-4c71-97df-9e4b6cf4174d', '2021-02-11T18:37:48.659180Z'),
('1de5905d-2a11-419b-be8e-f119357f3238', '1c1779b0-c546-4b85-8698-5e3524707d99', 'e26ba2ef-9b52-4c71-97df-9e4b6cf4174d', '2021-02-11T18:37:48.659180Z'),
('a5f9af50-deac-4197-bbf0-12bcae38598c', 'dde632e7-a9b5-4cc8-8525-eeda24bf5a58', 'e26ba2ef-9b52-4c71-97df-9e4b6cf4174d', '2021-02-11T18:37:48.659219Z'),
('c1e14875-4a37-4e4d-b9c3-ac2c3b8ddb66', 'd6a7c9de-fb1c-4aac-9f0d-3b185f461e16', 'e26ba2ef-9b52-4c71-97df-9e4b6cf4174d', '2021-02-11T18:37:48.659240Z'),
('2ce9ef4f-740a-4254-ba97-a54255b8e756', 'cbf5160c-b48f-43d0-a9a6-36c4c9008e2d', 'e26ba2ef-9b52-4c71-97df-9e4b6cf4174d', '2021-02-11T18:37:48.659261Z'),
('6931e54e-58bf-470a-a24f-e3278386d996', 'd4282cff-5ceb-4906-80a5-3a6b7db1e96b', 'e26ba2ef-9b52-4c71-97df-9e4b6cf4174d', '2021-02-11T18:37:48.659280Z'),
('2e35384d-a9fc-4db2-99ce-5a6638bdb40d', 'bd52b58d-edb0-4800-b8fa-e87b0e77dbc6', 'e26ba2ef-9b52-4c71-97df-9e4b6cf4174d', '2021-02-11T18:37:48.659309Z'),
('bf8e59a7-8cd7-4726-b9d7-5c341a818b00', '551bffc8-70fb-4717-973c-d49f4c4c56e4', 'e26ba2ef-9b52-4c71-97df-9e4b6cf4174d', '2021-02-11T18:37:48.659339Z'),
('aeedf832-084d-40d9-a9e6-7d94fd65edc0', 'f0d3207e-f49f-4d2d-a33f-584cd3db9e1e', 'e26ba2ef-9b52-4c71-97df-9e4b6cf4174d', '2021-02-11T18:37:48.659360Z'),
('d9f0d11a-7e08-421e-b3a4-3c9114f22f7b', '83de2ae7-b48c-4691-a6e6-baf52057899d', 'e26ba2ef-9b52-4c71-97df-9e4b6cf4174d', '2021-02-11T18:37:48.659383Z'),
('b01ffd2d-1e66-449c-9fb1-341d824d5087', '486b34d9-19cc-475a-9a7b-54ba43d13eb2', 'e26ba2ef-9b52-4c71-97df-9e4b6cf4174d', '2021-02-11T18:37:48.659403Z'),
('894dde51-a6bd-48d0-8f7b-9214d19ab291', '6e45193f-8188-4767-b482-a13d56f2405a', 'e26ba2ef-9b52-4c71-97df-9e4b6cf4174d', '2021-02-11T18:37:48.659422Z'),
('203871ac-6941-4007-900b-40aa5e6daa98', '6f2860f9-d33c-4e2c-ba5e-68d1f51a1d01', 'e26ba2ef-9b52-4c71-97df-9e4b6cf4174d', '2021-02-11T18:37:48.659442Z'),
('7d1cdea7-9d50-44fa-a1ad-93dcb32acab4', 'bbc6683d-3f72-450c-9320-02bc350cde2a', 'e26ba2ef-9b52-4c71-97df-9e4b6cf4174d', '2021-02-11T18:37:48.659462Z'),
('3277961a-933e-47c1-bbd6-2d70a5952a16', 'd7ee5ba8-ef90-4141-a0c1-ba9f4bd2ab35', 'e26ba2ef-9b52-4c71-97df-9e4b6cf4174d', '2021-02-11T18:37:48.659481Z'),
('879aa01d-5a6c-45ea-9d67-a6a7aba28630', 'f83a4c6a-14ac-46b8-9671-d74e68c135be', 'e26ba2ef-9b52-4c71-97df-9e4b6cf4174d', '2021-02-11T18:37:48.659500Z'),
('f3536a79-f6bb-4dd5-af43-cd559abb6cb3', '081ffc0d-58a8-4b07-8ffe-43b17b3d72cf', 'e26ba2ef-9b52-4c71-97df-9e4b6cf4174d', '2021-02-11T18:37:48.659522Z'),
('1afad39e-5c4b-42ae-80f6-19f05576cf7f', '025cd9af-856e-4757-815e-c242f44f3e0b', 'e26ba2ef-9b52-4c71-97df-9e4b6cf4174d', '2021-02-11T18:37:48.659543Z'),
('af9958d6-58fe-4fe3-96f6-3d9cbe99219b', '3f2c8523-0eae-4e0b-b08f-1fdcb55d1fd7', 'e26ba2ef-9b52-4c71-97df-9e4b6cf4174d', '2021-02-11T18:37:48.659563Z'),
('439d91ec-019c-453a-b5ed-064dd6371005', '01937816-60be-46f2-a4ad-74608d737212', 'e26ba2ef-9b52-4c71-97df-9e4b6cf4174d', '2021-02-11T18:37:48.659583Z'),
('2885a54b-f183-4b33-a6ba-d8b3617c1382', '3e624d3c-6af6-492e-a72c-eac80aa7d1d3', 'e26ba2ef-9b52-4c71-97df-9e4b6cf4174d', '2021-02-11T18:37:48.659602Z'),
('e4b57003-8541-4016-b280-71bc672a2c2d', 'c05d3a59-c5c1-44af-bd64-3b42a9465980', 'e26ba2ef-9b52-4c71-97df-9e4b6cf4174d', '2021-02-11T18:37:48.659622Z'),
('6d0747e4-da8a-4b52-93cf-ef91bcd22a7b', 'df463dae-03be-4ae3-acca-4e4a5ae8aa42', 'e26ba2ef-9b52-4c71-97df-9e4b6cf4174d', '2021-02-11T18:37:48.659641Z'),
('4b7eecb5-73e4-4982-b271-1d9a5e456e71', '06d7606b-c25d-4222-bc07-7f6eaf5c1a41', 'e26ba2ef-9b52-4c71-97df-9e4b6cf4174d', '2021-02-11T18:37:48.659660Z'),
('2e0ed166-3a60-46ad-9a6a-ba7544027cc8', 'f2e9c065-b014-4f58-b41d-dc54b11170d9', 'e26ba2ef-9b52-4c71-97df-9e4b6cf4174d', '2021-02-11T18:37:48.659679Z'),
('d237696b-0c0c-48d7-8af0-623384172e7d', '0b3fe0ad-1c4c-4871-abe4-fa8af4962a5a', 'e26ba2ef-9b52-4c71-97df-9e4b6cf4174d', '2021-02-11T18:37:48.659679Z'),
('6ec72b3d-c510-4023-8350-d74c7d50a01e', 'f31b174d-2f2c-411d-b8ef-6fe62c6e764c', 'e26ba2ef-9b52-4c71-97df-9e4b6cf4174d', '2021-02-11T18:37:48.659713Z'),
('a056459a-da68-4ae3-8a55-23fca2e062d1', '3d2fc9b2-fb67-4ddd-90b8-92681cd64677', 'e26ba2ef-9b52-4c71-97df-9e4b6cf4174d', '2021-02-11T18:37:48.659733Z'),
('226ef84f-b672-4e6b-8cff-1952a60b97e0', '72921715-6125-4a50-b2c6-5958b318f7e6', 'e26ba2ef-9b52-4c71-97df-9e4b6cf4174d', '2021-02-11T18:37:48.659752Z'),
('ae00da46-6376-421f-b627-a50117571764', 'ad7c605f-292d-4d6f-8ddd-f79906e2a818', 'e26ba2ef-9b52-4c71-97df-9e4b6cf4174d', '2021-02-11T18:37:48.659771Z'),
('8d082ab2-434b-411b-bdcf-f14d92d95387', '5de77a94-be88-426c-afda-11bbf89030b3', 'e26ba2ef-9b52-4c71-97df-9e4b6cf4174d', '2021-02-11T18:37:48.659790Z'),
('7ce5a884-707a-4217-ba1f-3f3eb1a3edb3', '72176523-c0f0-4fc1-a863-939ca6c103e1', 'e26ba2ef-9b52-4c71-97df-9e4b6cf4174d', '2021-02-11T18:37:48.659810Z'),
('60241c1c-8350-4c14-8628-83908b70e801', '75287f17-a159-4854-a6e3-22a40e9e5401', 'e26ba2ef-9b52-4c71-97df-9e4b6cf4174d', '2021-02-11T18:37:48.659829Z'),
('a821a689-44af-4384-9b01-ea56eaafe9c0', '434acf2d-e949-4e64-b1c9-cbe52b37a3c0', 'e26ba2ef-9b52-4c71-97df-9e4b6cf4174d', '2021-02-11T18:37:48.659852Z'),
('4faaeab8-bd5b-45b6-85d9-eaf2632b2399', 'e40383b6-02b9-4d3a-9df2-d79b5e0169a5', 'e26ba2ef-9b52-4c71-97df-9e4b6cf4174d', '2021-02-11T18:37:48.659872Z'),
('428c4a6c-90f1-4aa4-b27b-8ac21520cbad', '23729e3c-5321-44d3-9905-bd3b395bd671', 'e26ba2ef-9b52-4c71-97df-9e4b6cf4174d', '2021-02-11T18:37:48.659896Z'),
('3d0dc040-21aa-482a-8905-e7fec7219cfc', '0b4ade32-e12b-46bf-8911-48211b88d6de', 'e26ba2ef-9b52-4c71-97df-9e4b6cf4174d', '2021-02-11T18:37:48.659917Z'),
('020e4f4a-525e-4089-8a75-4828ecac7455', '91a6b769-df69-4c1f-bbdb-a51aa238224c', 'e26ba2ef-9b52-4c71-97df-9e4b6cf4174d', '2021-02-11T18:37:48.659938Z'),
('a5d27875-575b-4543-9cb1-fb784b5fab5c', '1cdef8d7-077b-4796-adee-a13d7268ddb7', 'e26ba2ef-9b52-4c71-97df-9e4b6cf4174d', '2021-02-11T18:37:48.659959Z'),
('17a2d43a-95fa-41b1-a1cf-5c99af327b9a', 'cf68c64d-81f2-4cda-8142-35b29731ecbf', 'e26ba2ef-9b52-4c71-97df-9e4b6cf4174d', '2021-02-11T18:37:48.659979Z'),
('b55188c0-9711-4025-815e-08d22895edb8', 'cd97eef2-8516-4baf-825e-dc69a388ce82', 'e26ba2ef-9b52-4c71-97df-9e4b6cf4174d', '2021-02-11T18:37:48.659998Z'),
('158d58d1-8621-476f-967a-24725ed0c42b', '23f08784-c0f0-4a8d-b9b3-ec5e0fc74fb5', 'e26ba2ef-9b52-4c71-97df-9e4b6cf4174d', '2021-02-11T18:37:48.660058Z'),
('b8fd6361-2d49-4bb4-ab09-cb105331d4e4', '9298f662-578f-4ce4-807e-c535122efb1a', 'e26ba2ef-9b52-4c71-97df-9e4b6cf4174d', '2021-02-11T18:37:48.660091Z'),
('b56c598b-e6d6-4e8d-a553-88ffe735af32', '62d69e73-32c9-4e25-a9b8-0f2e420aaefd', 'e26ba2ef-9b52-4c71-97df-9e4b6cf4174d', '2021-02-11T18:37:48.660112Z'),
('2978ea69-5da0-48c4-b2b5-8833e5e481da', 'e85cdf36-fb28-4480-886f-b3f667859cee', 'e26ba2ef-9b52-4c71-97df-9e4b6cf4174d', '2021-02-11T18:37:48.660132Z'),
('463da3a0-0c3c-4901-b147-ca0339c581e1', 'e17b0b6d-d1bb-4c61-b63c-d2d6f7576666', 'e26ba2ef-9b52-4c71-97df-9e4b6cf4174d', '2021-02-11T18:37:48.660170Z'),
('bcc15f36-4dc7-47fd-8c0b-1f93a58cb433', 'df191fbb-205c-4435-9966-7d530a6a770d', 'e26ba2ef-9b52-4c71-97df-9e4b6cf4174d', '2021-02-11T18:37:48.660192Z');

--INSERT TELEMETRY_GOES--COUNT:159
INSERT INTO public.telemetry_goes (id, nesdis_id) 
VALUES
('aee76bcb-c4f0-4d2d-96f5-39890e110943', 'D10346FE'),
('5be44f46-8e0f-4283-bd00-2f3a04180bfa', '16F6E360'),
('5e7b0733-f0a4-402c-b84b-4e87b85ef350', '0093F7AC'),
('3806cca0-4908-41d9-a50f-b36cd20788df', '5210D682'),
('e0ab8df8-5772-4b43-b155-18901a3a2056', 'FA623058'),
('3da2015b-4d56-44a1-a19e-5676d13f8710', '3276A080'),
('edbcd0a6-49fc-4b30-9a4d-38af87a9bbd6', '325B376A'),
('7fea20da-1cc1-4c2c-a387-1a4fe7f5aec1', '837141D2'),
('74bf3bb1-754a-4d22-84f4-d6e1c49ec7dd', '32302586'),
('a6fe3bec-f3d5-42d0-9e65-8d05064c1a9b', '3234F6D4'),
('fb5a2594-9712-47b2-aa98-2339036445f7', '3333B648'),
('54034b20-d755-4b89-90b1-3b89e9d3fb7f', '3230101C'),
('84a56977-9994-4295-a5ad-3793ffbc9f3a', '8841731C'),
('c6d9fa40-b9d8-4f5b-8917-2a311b738baa', '3276130E'),
('069ba896-6cff-45d6-984d-e37d97d9ed8f', '325B84E4'),
('e7f8ec8b-1bd2-49ce-bcb7-ab7ae1e09e15', '3241E7CE'),
('181cfe07-ab5f-42bb-8aa5-10e0430ee5d6', '6200012A'),
('cde199bc-9ff8-40b6-a858-25cec0a93016', '33337356'),
('b58c95fb-0504-44c1-80db-03a90213ba15', '32599266'),
('fef1d247-12d9-454b-8cb2-8f2c78668783', 'FA62F546'),
('ea9af4d9-2cad-46c2-91e0-dccba557529c', '3333A53E'),
('cf9528aa-8542-445b-8b3c-ec97a78fdf36', '32340650'),
('00e43dd9-fe4e-44d5-b3b8-fa45b12c865c', '3232D0F6'),
('f3fe8a0d-dfcf-403d-8393-50b440aec8e0', '32644118'),
('6666c72d-367e-4c4b-8f73-1596c5b3147b', '325B241C'),
('ca27fb8c-1750-48c4-af10-557176aebc9b', '326FF13E'),
('04bdddf8-aee4-46ae-96ba-9b74b9179e4f', '325D1148'),
('0b4da16d-aae4-4497-86a2-0d4acd9975c0', '324BF5EA'),
('f8a8e203-10cd-4153-8f2f-2c68f80473a1', '327260A4'),
('0f9cd9a7-83a2-410f-9ef3-1127b4a09793', '326C06B4'),
('cfb5dd89-4299-4b59-b249-3d0952bc4750', '52146036'),
('bd57acd8-5154-4963-9272-94d1675592e0', '326EB0CE'),
('5f827f0e-9923-49e3-a047-e6c7cd87fdee', '324BE69C'),
('9523948e-0424-4aef-b148-5ac5fe382883', '3283F528'),
('608aa7df-0909-4fcf-8c6f-6b20b9a09566', '328097C0'),
('cfda8285-b044-496b-b725-b52b346144b9', '325B41FA'),
('fa93ccc5-6d18-47da-aad7-12e469aee0c8', '323A37A2'),
('1a606ee4-65f7-43fa-bd20-150d08370c07', '32673086'),
('059b8f66-a232-4f76-97d4-c0d62b8f2e3a', '8841B602'),
('7bfa25ec-2ad6-4d8d-b999-f2f9d5ad368b', 'FA61E13E'),
('c010f2bf-ef94-4f42-95ea-58d058242a09', '324B837A'),
('fb9db0de-4f89-46a8-afed-1dbaa9687339', '3232F61A'),
('821befc4-0b59-4978-b1b7-fdeb8947e1d6', '3283B622'),
('d6e4582b-5b25-4324-82e9-952c259cf371', '32881572'),
('a64904ff-85e4-4b40-979f-234dc2799d60', '3243D7A0'),
('f71f559c-962e-4a6b-b6b8-972a17f479ca', '32814352'),
('ca635f3f-f1fb-4621-934b-80fd6f08a531', '328390CE'),
('609130e1-3998-4512-8dc3-d057ef32d23a', '324B900C'),
('b4f4d74a-8cd3-45e5-8b87-5e226ec38902', '328F9152'),
('9f791b66-dddc-48eb-8061-8cf336361734', '3240D0AE'),
('c2969228-e339-43cd-879a-897d2e5b6060', '3246E5FA'),
('023baf94-66f0-470c-855a-7ecaeb814d91', '3283C0B2'),
('97664f06-86e2-4641-b2f7-f5876bc8e583', '326335BC'),
('8ba4489a-df21-4cce-972f-35807b6af5a0', '32336182'),
('95ae4c99-ba63-43fc-8e4e-f850f159ee60', '326C15C2'),
('69feda73-00f2-4e2b-82fa-2dde41900698', '328904FE'),
('46addd4a-0ed0-4a12-8fcb-42638e49fc0c', '5210A012'),
('3d1c7569-0c70-4572-a3e2-e4ff4e8c0ae4', '8841C092'),
('37d76e3d-cb4b-4e0d-a6d2-46b9e752bfbc', '325B6716'),
('dfe2e6db-ed7e-495a-a318-3f4bc42ad8d4', 'FA630738'),
('b9982703-06fa-4e74-a8a7-4004a0e3229b', 'AF100680'),
('d32bf24c-2bd0-49c1-873f-a51b8b21d434', '5212B690'),
('b3f6cec5-db41-48a9-9fac-9267f5ca8239', '3283A554'),
('ef4b2f1b-2b3c-4a53-92dc-f5a268b971b0', 'FA40D7B0'),
('2210e285-25b0-4a8a-9047-7ffe5a334d4b', '3241A4C4'),
('3a196bef-525e-49b8-81f0-4e8903b3a7ec', '3287C588'),
('1966435e-af81-4913-aee2-f7f5d30d3853', '328D345E'),
('6e888f8c-cd51-4f6e-a07f-37b463cf389c', '3241C122'),
('b94b9b44-90f5-4fa6-afd9-3151d1d0768b', '327CA1D2'),
('627adfcf-796b-4648-a5a8-3c406dd25c60', '333221D0'),
('8fbfed99-2790-4b6b-a164-88c72b611e73', '329295AA'),
('f798fb80-e77e-45d4-b264-304d9fceafe2', '8378E776'),
('6ccaa86a-46c4-43a1-9dfb-fb40dcc079d3', '32661490'),
('e7e68675-5211-4033-8150-17acabc6a078', '837933E4'),
('a4e939a0-3718-4e8c-be13-5a40ef88ece2', '324172AC'),
('c6c2fcbf-be7e-4cf7-9d2e-749e86a78831', '323EF786'),
('f6c3e94c-a3fa-4593-9c77-13708660a81b', '3233D20C'),
('eee3663c-1c06-4120-b0e6-098ea6b182fd', '83709540'),
('5c08730d-f43f-43bb-8a4c-47deb908e839', '327AE216'),
('719e465c-2c01-45ee-9f2c-28a53cfcafe4', '52139286'),
('b6769ce4-6c6b-4634-a642-3cdfccef3ec5', '323372F4'),
('e18cf7c2-d716-4532-b0cf-de1b3d183eaa', '328383B8'),
('cc7ef938-4d56-4cca-8d05-a1020d9d5090', 'FA6362DE'),
('796b7867-ab29-43c4-b1d8-0e475f9c44a7', '3236F320'),
('312e02c1-2d0e-4a65-b254-7e02f0c16997', '3240B548'),
('f7652929-cc87-444e-aafe-0693af99ce7e', '3279F66E'),
('b327267b-d295-41e1-ba70-223ef80f3220', '327B25F2'),
('d05392b8-313c-4cac-b1e5-56b7bd6a5f50', '5144D51C'),
('aa4210bc-1acc-47f1-b9d8-15cc11ac258a', '5164F21E'),
('3018808b-6166-48e8-bc70-d627c155fd2d', 'DD647628'),
('3fa0513a-8422-4fb6-9d9f-c766f9d2bf69', 'DD7B12C2'),
('9c3fa27b-009b-4dfc-b54a-b9d196bc0948', 'F0004188'),
('0b300713-ade6-420e-a2ef-69b7e35571e6', 'DE60446E'),
('64077d1a-0851-4aff-bd97-f64cfcab154f', 'F0006764'),
('566a46ed-fadb-4943-873a-6ebe4c2e1157', 'F0007412'),
('f17b59e2-3ead-41ae-a6ac-bf65f469397b', '51412258'),
('b79460d1-8aab-48cb-bc9d-3d69e3904d71', '00900026'),
('fae573f9-0304-4f82-b715-e76a48c8a53e', '00901350'),
('92082184-5a36-4230-bc77-181c4c5c2d58', '515C8658'),
('194ff44a-6dda-461a-872d-c627dcb24206', '009102DC'),
('33faddfa-bc30-4b0c-a7b3-14dd65fd209f', '515AB30C'),
('28ad1f59-f632-436c-bd57-bff8830f4c23', '00900EF4'),
('3a5d9252-8073-416c-b1a2-34b614760f6e', '1684D6A2'),
('baa444fa-cd67-46b7-8b6a-d7375e13c66c', '17494560'),
('c958f62d-57b0-484c-97e4-5dc61f2c47e6', '1749B5E4'),
('5a0168cc-ae78-46d1-91a2-67bb89b481d8', '16DB748A'),
('48db1611-ffdc-4095-b757-22029095d1a7', '5140805A'),
('8e658ea9-d649-4edf-afd6-1596faaafc86', '5140B5C0'),
('1a14d4c7-6576-45b6-a204-e3dd459e001d', '514104B4'),
('73c25c02-7e88-4477-8430-cfe245fdd95a', '5141C1AA'),
('b6a5cbf9-5916-4f20-ac38-f902a8ae5963', '514F653A'),
('6b1992ee-cf57-41f4-973b-fbf4f3b71706', '17CEC6F8'),
('126b6db6-0588-4c1a-ba2e-6f913e47f7c5', '5140932C'),
('947cd745-dc14-480c-89f1-189ac0ccdd16', '514147BE'),
('1ff96023-c2e2-41bb-bfe4-741ead5606a1', '5141D2DC'),
('89c34b00-a56a-49cf-8cab-eee750bc6429', '514475E4'),
('62231a93-95e8-4588-a349-4a56dceb8e41', '5144C66A'),
('66e0d813-f2bc-43c8-9433-d4b719310f22', '514C07D2'),
('d6c56db3-3841-4408-bad0-5b047f66de33', '514BF562'),
('a8029c72-7300-4f4b-8cce-11994795bc97', '5163B320'),
('c0066f82-99dd-4439-9276-dbe6d4ba7ed3', '5143C45E'),
('4123c46b-7a3b-47c6-b115-959015d088a2', '5164C784'),
('0a54db1c-4a73-42c2-a249-446ef9d0e005', '5164D4F2'),
('418a9887-a63d-4002-bd57-909293b56dd3', '5145E27C'),
('0d5e1835-4a7f-4224-9258-25078195e104', '5163D6C6'),
('6ebc86ea-9c81-4575-a333-65ad4b13784a', '0090432C'),
('ef327db2-b064-49c4-84ac-d30cbea55ed7', '009065C0'),
('db83f1e3-55f3-4042-acc1-18b6e37c5923', '00909544'),
('565ddb4a-3e41-4b59-a49a-4ca538b7f70f', '0090A0DE'),
('8cc171a4-fb69-426b-8b00-6449d796ad92', '0090B3A8'),
('8cd2c118-f4e0-457e-b012-c85666fcd022', '0090C538'),
('1857cb32-4963-4efa-abeb-ad2677788d66', '0090D64E'),
('3b821675-7f3d-4578-98cb-c741cde4f82b', '0094D374'),
('ef437497-93de-47fe-971e-cc9926d869e2', '0093C236'),
('2490746d-5335-4763-ad3e-b77c70f052a8', '00945560'),
('143906fd-22dc-43b4-88aa-956971bf651b', '009088E0'),
('676a69a8-ba68-4350-a501-00ee4b4ea143', '0090E3D4'),
('c8d89d2d-b43e-49e4-90a1-067bd15f21cb', '51650060'),
('4366c922-723c-4641-be7c-d598caf47fbd', '516A1584'),
('656f0ea1-4df6-4be2-b2b1-05605b5745bd', '009111AA'),
('c195e055-905f-451a-8ff2-dc723ab48a49', '0090F0A2'),
('abbbcd9a-3147-400c-9b15-f0035a85f8d0', '17895272'),
('877b71d7-fd4a-406a-a148-fa700b7acc9d', 'DE51B060'),
('43d10a06-b77a-46d0-ad77-4673e24989b2', '178C6028'),
('c5a613e6-815a-4443-ac38-6dba8ff1a4d8', '179233A2'),
('f12162ea-c6f2-4dc1-bcb8-8fe077a77209', '514C213E'),
('fae8e48e-1307-48b6-8d35-1aa1f4c239bc', '514C14A4'),
('3880d0c9-fba8-4d7b-ab4b-0301e44f9205', '5141312E'),
('7b1f8879-e4e2-46c2-838a-b9ca2918dff7', '5157367E'),
('af2904bd-21b5-491d-8dbe-75c1bb213a13', 'D106C72A'),
('377322db-7cad-486f-8be0-63732b0276df', '168226E8'),
('2e65a8b2-8649-4eda-95db-fae44004de9b', '5145771E'),
('53e35f03-836d-4875-a009-ba22b21fcf58', '5151853E'),
('69e85905-bbe1-4e2b-8b1f-f042d00247d6', '51651316'),
('cb0e9907-a8ad-40cb-b977-aca97099c410', '5165268C'),
('609b66de-394b-400c-b3a1-7f10a8c92ad8', '516576F0'),
('29aecd28-e469-4510-aee2-3acd308b9e8c', '3237015E'),
('25d15c72-f654-42f7-8a3b-d251f2a51f6a', '009035BC'),
('d3f2a2b9-3e8b-45a0-b2c0-508765540573', '3291212A');

--INSERT INSTRUMENT_TELEMETRY--COUNT:159
INSERT INTO public.instrument_telemetry (instrument_id, telemetry_type_id, telemetry_id) 
VALUES
('6e2f0ba8-d350-4f3f-8aa8-95baf97f945c', '10a32652-af43-4451-bd52-4980c5690cc9', 'aee76bcb-c4f0-4d2d-96f5-39890e110943'),
('0744a290-40d5-4b33-94b6-44e3f07ba399', '10a32652-af43-4451-bd52-4980c5690cc9', '5be44f46-8e0f-4283-bd00-2f3a04180bfa'),
('6d2fdaf7-cd7e-4b72-92e7-f611a408c7e0', '10a32652-af43-4451-bd52-4980c5690cc9', '5e7b0733-f0a4-402c-b84b-4e87b85ef350'),
('b0740390-77d8-41ea-b47c-c3d6f5bdcec3', '10a32652-af43-4451-bd52-4980c5690cc9', '3806cca0-4908-41d9-a50f-b36cd20788df'),
('94aab589-c2bf-431f-852b-fec818d2da57', '10a32652-af43-4451-bd52-4980c5690cc9', 'e0ab8df8-5772-4b43-b155-18901a3a2056'),
('6e352cd6-20d8-40db-9177-d5e11805dc2a', '10a32652-af43-4451-bd52-4980c5690cc9', '3da2015b-4d56-44a1-a19e-5676d13f8710'),
('50538af3-56cd-474c-95d6-e3d3b9ca57a2', '10a32652-af43-4451-bd52-4980c5690cc9', 'edbcd0a6-49fc-4b30-9a4d-38af87a9bbd6'),
('b00eeef9-05c7-49de-8899-9634576c08d5', '10a32652-af43-4451-bd52-4980c5690cc9', '7fea20da-1cc1-4c2c-a387-1a4fe7f5aec1'),
('266f20f5-f990-4b29-a2bc-439070f45c86', '10a32652-af43-4451-bd52-4980c5690cc9', '74bf3bb1-754a-4d22-84f4-d6e1c49ec7dd'),
('b7069c3e-5c87-4012-9a37-d34b90b37727', '10a32652-af43-4451-bd52-4980c5690cc9', 'a6fe3bec-f3d5-42d0-9e65-8d05064c1a9b'),
('e93eca96-7269-4d33-94c4-39e88b3eab35', '10a32652-af43-4451-bd52-4980c5690cc9', 'fb5a2594-9712-47b2-aa98-2339036445f7'),
('faebbf9a-fab9-4df4-b50e-62c06e0abc55', '10a32652-af43-4451-bd52-4980c5690cc9', '54034b20-d755-4b89-90b1-3b89e9d3fb7f'),
('213ecd05-d39c-4c84-8537-364d524c1145', '10a32652-af43-4451-bd52-4980c5690cc9', '84a56977-9994-4295-a5ad-3793ffbc9f3a'),
('08e67606-999a-43f8-a96c-a2241ef3adc0', '10a32652-af43-4451-bd52-4980c5690cc9', 'c6d9fa40-b9d8-4f5b-8917-2a311b738baa'),
('6910ce1e-edaa-418d-b34e-4d7a5d370a25', '10a32652-af43-4451-bd52-4980c5690cc9', '069ba896-6cff-45d6-984d-e37d97d9ed8f'),
('864cafb6-efa5-4134-85f4-a3d0bfa452cd', '10a32652-af43-4451-bd52-4980c5690cc9', 'e7f8ec8b-1bd2-49ce-bcb7-ab7ae1e09e15'),
('fab8d02d-8d60-4a35-ba73-7ef67e3714c9', '10a32652-af43-4451-bd52-4980c5690cc9', '181cfe07-ab5f-42bb-8aa5-10e0430ee5d6'),
('00c3584f-e75a-4326-a830-2f93809bbe46', '10a32652-af43-4451-bd52-4980c5690cc9', 'cde199bc-9ff8-40b6-a858-25cec0a93016'),
('3bdcea87-dafc-4772-b7a4-f92e84950abd', '10a32652-af43-4451-bd52-4980c5690cc9', 'b58c95fb-0504-44c1-80db-03a90213ba15'),
('8d63d41e-5123-4b2b-8a62-24806f8505f6', '10a32652-af43-4451-bd52-4980c5690cc9', 'fef1d247-12d9-454b-8cb2-8f2c78668783'),
('d14a0588-a335-41f3-ad22-0266a82d778e', '10a32652-af43-4451-bd52-4980c5690cc9', 'ea9af4d9-2cad-46c2-91e0-dccba557529c'),
('7562dbf4-43c3-46d5-979c-8e6928e3e392', '10a32652-af43-4451-bd52-4980c5690cc9', 'cf9528aa-8542-445b-8b3c-ec97a78fdf36'),
('3e2f2b7f-bb3a-4802-831d-65ea7b26616b', '10a32652-af43-4451-bd52-4980c5690cc9', '00e43dd9-fe4e-44d5-b3b8-fa45b12c865c'),
('e99fe54f-ed50-41a6-b25c-66d626bac6e4', '10a32652-af43-4451-bd52-4980c5690cc9', 'f3fe8a0d-dfcf-403d-8393-50b440aec8e0'),
('33718576-9ac0-4455-96a9-bff5069deef2', '10a32652-af43-4451-bd52-4980c5690cc9', '6666c72d-367e-4c4b-8f73-1596c5b3147b'),
('f0f4ca7a-a986-426e-9531-6ed7599d621f', '10a32652-af43-4451-bd52-4980c5690cc9', 'ca27fb8c-1750-48c4-af10-557176aebc9b'),
('89067b0d-2f9d-4b32-8d18-05e147ab43f0', '10a32652-af43-4451-bd52-4980c5690cc9', '04bdddf8-aee4-46ae-96ba-9b74b9179e4f'),
('02c27fc3-275c-4193-a889-8c1886c63d20', '10a32652-af43-4451-bd52-4980c5690cc9', '0b4da16d-aae4-4497-86a2-0d4acd9975c0'),
('8ecc2765-fd6c-41b1-8cb6-b494cecbdc99', '10a32652-af43-4451-bd52-4980c5690cc9', 'f8a8e203-10cd-4153-8f2f-2c68f80473a1'),
('172dedf7-9947-4c42-b683-fa73ea976213', '10a32652-af43-4451-bd52-4980c5690cc9', '0f9cd9a7-83a2-410f-9ef3-1127b4a09793'),
('2bce7c80-c74c-48ff-8ce0-7c12d0576951', '10a32652-af43-4451-bd52-4980c5690cc9', 'cfb5dd89-4299-4b59-b249-3d0952bc4750'),
('dde0ca45-6296-4559-99a0-4bad805582b5', '10a32652-af43-4451-bd52-4980c5690cc9', 'bd57acd8-5154-4963-9272-94d1675592e0'),
('e7122918-9405-40ed-8b34-2f6c0550ac6a', '10a32652-af43-4451-bd52-4980c5690cc9', '5f827f0e-9923-49e3-a047-e6c7cd87fdee'),
('94b3b793-15c4-4fab-a3b3-0ba51f3ac7fe', '10a32652-af43-4451-bd52-4980c5690cc9', '9523948e-0424-4aef-b148-5ac5fe382883'),
('8ae3aaca-f9d9-49d4-952e-1a345bce927c', '10a32652-af43-4451-bd52-4980c5690cc9', '608aa7df-0909-4fcf-8c6f-6b20b9a09566'),
('4f169974-d970-4b8b-a1eb-a10df15b3020', '10a32652-af43-4451-bd52-4980c5690cc9', 'cfda8285-b044-496b-b725-b52b346144b9'),
('37843d6d-e059-4c4f-b171-73fd8384322f', '10a32652-af43-4451-bd52-4980c5690cc9', 'fa93ccc5-6d18-47da-aad7-12e469aee0c8'),
('39b75e50-c280-45bd-b0a8-5425e39bf7bf', '10a32652-af43-4451-bd52-4980c5690cc9', '1a606ee4-65f7-43fa-bd20-150d08370c07'),
('26733ed6-9aaa-45af-8fd4-c16a255c3df7', '10a32652-af43-4451-bd52-4980c5690cc9', '059b8f66-a232-4f76-97d4-c0d62b8f2e3a'),
('ae5d6b77-9f75-4cdb-bdb1-889c737f841f', '10a32652-af43-4451-bd52-4980c5690cc9', '7bfa25ec-2ad6-4d8d-b999-f2f9d5ad368b'),
('c23a5233-8154-4e7c-ab52-c1a7b8e9a907', '10a32652-af43-4451-bd52-4980c5690cc9', 'c010f2bf-ef94-4f42-95ea-58d058242a09'),
('bc3625f5-8876-4dfb-8abd-beef9590ffab', '10a32652-af43-4451-bd52-4980c5690cc9', 'fb9db0de-4f89-46a8-afed-1dbaa9687339'),
('7b4a2033-cd35-47fd-bea2-240f099c24ab', '10a32652-af43-4451-bd52-4980c5690cc9', '821befc4-0b59-4978-b1b7-fdeb8947e1d6'),
('c81b9d1a-3fb2-44a7-a1b9-2f226701a4c1', '10a32652-af43-4451-bd52-4980c5690cc9', 'd6e4582b-5b25-4324-82e9-952c259cf371'),
('1316646e-c67a-4ed5-a77a-c8c79a563291', '10a32652-af43-4451-bd52-4980c5690cc9', 'a64904ff-85e4-4b40-979f-234dc2799d60'),
('518de509-0fff-4b40-91a3-de77875cd7cb', '10a32652-af43-4451-bd52-4980c5690cc9', 'f71f559c-962e-4a6b-b6b8-972a17f479ca'),
('2bb4da28-5d3e-4c74-8d97-6e61f9e174cd', '10a32652-af43-4451-bd52-4980c5690cc9', 'ca635f3f-f1fb-4621-934b-80fd6f08a531'),
('487ce3c0-d548-49a0-a71e-ab6271b4019b', '10a32652-af43-4451-bd52-4980c5690cc9', '609130e1-3998-4512-8dc3-d057ef32d23a'),
('2b084120-3b93-4ddb-a35c-a6cb50bab98a', '10a32652-af43-4451-bd52-4980c5690cc9', 'b4f4d74a-8cd3-45e5-8b87-5e226ec38902'),
('1361466c-7320-43fb-be69-89dcbd4c2556', '10a32652-af43-4451-bd52-4980c5690cc9', '9f791b66-dddc-48eb-8061-8cf336361734'),
('c9777e8c-c534-4da9-869f-018901289509', '10a32652-af43-4451-bd52-4980c5690cc9', 'c2969228-e339-43cd-879a-897d2e5b6060'),
('1a550994-21ae-4ab0-96b7-9905e3d8b5fe', '10a32652-af43-4451-bd52-4980c5690cc9', '023baf94-66f0-470c-855a-7ecaeb814d91'),
('aae3efe1-c81f-4fee-b096-4585ee316ed1', '10a32652-af43-4451-bd52-4980c5690cc9', '97664f06-86e2-4641-b2f7-f5876bc8e583'),
('7df813c2-9c4f-4796-8bb6-649abcecba43', '10a32652-af43-4451-bd52-4980c5690cc9', '8ba4489a-df21-4cce-972f-35807b6af5a0'),
('5dc11c13-17c9-4bd9-a98a-45361a6f4fb1', '10a32652-af43-4451-bd52-4980c5690cc9', '95ae4c99-ba63-43fc-8e4e-f850f159ee60'),
('49014947-1157-4a5c-9542-c2f1230b23f8', '10a32652-af43-4451-bd52-4980c5690cc9', '69feda73-00f2-4e2b-82fa-2dde41900698'),
('e00d753d-537f-403e-8eaa-e8ff850d9412', '10a32652-af43-4451-bd52-4980c5690cc9', '46addd4a-0ed0-4a12-8fcb-42638e49fc0c'),
('a2121ad7-804f-4b81-96ed-50afe02c4370', '10a32652-af43-4451-bd52-4980c5690cc9', '3d1c7569-0c70-4572-a3e2-e4ff4e8c0ae4'),
('4630d04f-3161-42eb-a393-695a5c359de9', '10a32652-af43-4451-bd52-4980c5690cc9', '37d76e3d-cb4b-4e0d-a6d2-46b9e752bfbc'),
('da99d64a-e3fb-4729-bb6b-15435baef35a', '10a32652-af43-4451-bd52-4980c5690cc9', 'dfe2e6db-ed7e-495a-a318-3f4bc42ad8d4'),
('7ccf975d-9a9b-4779-a7a7-40195aede49e', '10a32652-af43-4451-bd52-4980c5690cc9', 'b9982703-06fa-4e74-a8a7-4004a0e3229b'),
('dcf7d56c-5abe-496b-b84d-ae150e3a3378', '10a32652-af43-4451-bd52-4980c5690cc9', 'd32bf24c-2bd0-49c1-873f-a51b8b21d434'),
('477a2bfb-f4a2-4042-a550-75f3a7d547db', '10a32652-af43-4451-bd52-4980c5690cc9', 'b3f6cec5-db41-48a9-9fac-9267f5ca8239'),
('5cc7b916-e6dd-4958-b13e-242a0edd9695', '10a32652-af43-4451-bd52-4980c5690cc9', 'ef4b2f1b-2b3c-4a53-92dc-f5a268b971b0'),
('6192c668-019a-4b2d-9ee9-9e170b54ba39', '10a32652-af43-4451-bd52-4980c5690cc9', '2210e285-25b0-4a8a-9047-7ffe5a334d4b'),
('87c85314-130c-4971-a001-3eaaa91bdc40', '10a32652-af43-4451-bd52-4980c5690cc9', '3a196bef-525e-49b8-81f0-4e8903b3a7ec'),
('7a0d1182-dc68-4631-a316-3c0f5198b653', '10a32652-af43-4451-bd52-4980c5690cc9', '1966435e-af81-4913-aee2-f7f5d30d3853'),
('207e31ec-08f1-4c8f-bc66-5efcefb2be64', '10a32652-af43-4451-bd52-4980c5690cc9', '6e888f8c-cd51-4f6e-a07f-37b463cf389c'),
('075a95f3-27b4-42b4-93be-3985139df816', '10a32652-af43-4451-bd52-4980c5690cc9', 'b94b9b44-90f5-4fa6-afd9-3151d1d0768b'),
('be83e190-dc9a-4cad-af38-f4e0a3844d1a', '10a32652-af43-4451-bd52-4980c5690cc9', '627adfcf-796b-4648-a5a8-3c406dd25c60'),
('34278b96-207e-4d38-971d-211d0ffe601c', '10a32652-af43-4451-bd52-4980c5690cc9', '8fbfed99-2790-4b6b-a164-88c72b611e73'),
('b4ea5b28-5243-4777-90a5-b90a2203d4b1', '10a32652-af43-4451-bd52-4980c5690cc9', 'f798fb80-e77e-45d4-b264-304d9fceafe2'),
('01aca710-a11e-4a4d-bbde-0626dbea3dca', '10a32652-af43-4451-bd52-4980c5690cc9', '6ccaa86a-46c4-43a1-9dfb-fb40dcc079d3'),
('fbc5353f-e32a-4d90-8cbd-385307e5526b', '10a32652-af43-4451-bd52-4980c5690cc9', 'e7e68675-5211-4033-8150-17acabc6a078'),
('53a4e4b5-446b-4074-a42f-10865abec526', '10a32652-af43-4451-bd52-4980c5690cc9', 'a4e939a0-3718-4e8c-be13-5a40ef88ece2'),
('e8b0398b-2dc9-499f-9599-d07e6775f77a', '10a32652-af43-4451-bd52-4980c5690cc9', 'c6c2fcbf-be7e-4cf7-9d2e-749e86a78831'),
('22793d6e-3e67-45d2-8ada-6296cc813685', '10a32652-af43-4451-bd52-4980c5690cc9', 'f6c3e94c-a3fa-4593-9c77-13708660a81b'),
('06b8e158-55f5-44e3-98ca-9bf0bb8040a0', '10a32652-af43-4451-bd52-4980c5690cc9', 'eee3663c-1c06-4120-b0e6-098ea6b182fd'),
('287cb419-44e3-401a-8921-7f867ee0249d', '10a32652-af43-4451-bd52-4980c5690cc9', '5c08730d-f43f-43bb-8a4c-47deb908e839'),
('7e6b275b-3afc-498b-b423-f2899ab32500', '10a32652-af43-4451-bd52-4980c5690cc9', '719e465c-2c01-45ee-9f2c-28a53cfcafe4'),
('31fddd43-58fc-49a3-96b2-d02104ed2cb9', '10a32652-af43-4451-bd52-4980c5690cc9', 'b6769ce4-6c6b-4634-a642-3cdfccef3ec5'),
('dfebc267-3f2f-425e-ac0b-937c4e9cf348', '10a32652-af43-4451-bd52-4980c5690cc9', 'e18cf7c2-d716-4532-b0cf-de1b3d183eaa'),
('3c55a0dc-8b5d-42e8-afcf-c4622bb24ea3', '10a32652-af43-4451-bd52-4980c5690cc9', 'cc7ef938-4d56-4cca-8d05-a1020d9d5090'),
('e50c5e7c-42b8-440a-a6f6-84e94f665997', '10a32652-af43-4451-bd52-4980c5690cc9', '796b7867-ab29-43c4-b1d8-0e475f9c44a7'),
('ddedd222-90b3-48c6-b8b8-3a4c5803614b', '10a32652-af43-4451-bd52-4980c5690cc9', '312e02c1-2d0e-4a65-b254-7e02f0c16997'),
('8abfe135-1d0e-4304-b35e-7ec40b6d42d4', '10a32652-af43-4451-bd52-4980c5690cc9', 'f7652929-cc87-444e-aafe-0693af99ce7e'),
('3e8071b7-3bec-47fb-a83b-9e1ef85bfbe0', '10a32652-af43-4451-bd52-4980c5690cc9', 'b327267b-d295-41e1-ba70-223ef80f3220'),
('32e59f24-12cd-4811-872c-87a198fa960d', '10a32652-af43-4451-bd52-4980c5690cc9', 'd05392b8-313c-4cac-b1e5-56b7bd6a5f50'),
('f732b237-5054-4436-bf4a-b5c441f15d56', '10a32652-af43-4451-bd52-4980c5690cc9', 'aa4210bc-1acc-47f1-b9d8-15cc11ac258a'),
('4802c586-4a94-4e73-9827-faab0fbf8033', '10a32652-af43-4451-bd52-4980c5690cc9', '3018808b-6166-48e8-bc70-d627c155fd2d'),
('5349cf07-9490-4126-a4d3-c7318b538742', '10a32652-af43-4451-bd52-4980c5690cc9', '3fa0513a-8422-4fb6-9d9f-c766f9d2bf69'),
('f147f931-90b4-4d34-85e8-ecddb171a2b4', '10a32652-af43-4451-bd52-4980c5690cc9', '9c3fa27b-009b-4dfc-b54a-b9d196bc0948'),
('5822cedb-ec5d-48cd-86c9-47d9ca833966', '10a32652-af43-4451-bd52-4980c5690cc9', '0b300713-ade6-420e-a2ef-69b7e35571e6'),
('31610502-0d0f-4fef-ae42-bd53ec28d40a', '10a32652-af43-4451-bd52-4980c5690cc9', '64077d1a-0851-4aff-bd97-f64cfcab154f'),
('9a5c2a98-eb61-4840-bc99-3f16ccdb3b24', '10a32652-af43-4451-bd52-4980c5690cc9', '566a46ed-fadb-4943-873a-6ebe4c2e1157'),
('a9385408-e794-472b-9ba3-e6c99dd27b7a', '10a32652-af43-4451-bd52-4980c5690cc9', 'f17b59e2-3ead-41ae-a6ac-bf65f469397b'),
('4b4b81db-84c0-43e0-81b4-18064db18821', '10a32652-af43-4451-bd52-4980c5690cc9', 'b79460d1-8aab-48cb-bc9d-3d69e3904d71'),
('c01cc2a6-2b33-4136-957e-61d161f272fe', '10a32652-af43-4451-bd52-4980c5690cc9', 'fae573f9-0304-4f82-b715-e76a48c8a53e'),
('7b41db66-cf6b-48d1-b62e-cd3598b83dc5', '10a32652-af43-4451-bd52-4980c5690cc9', '92082184-5a36-4230-bc77-181c4c5c2d58'),
('4b9b3ecb-1c45-4afd-a496-9728ece898a0', '10a32652-af43-4451-bd52-4980c5690cc9', '194ff44a-6dda-461a-872d-c627dcb24206'),
('1c395ec2-d17a-473b-b8a2-ba23f0557ae4', '10a32652-af43-4451-bd52-4980c5690cc9', '33faddfa-bc30-4b0c-a7b3-14dd65fd209f'),
('6530417e-8ce3-4463-a034-edf1956f730f', '10a32652-af43-4451-bd52-4980c5690cc9', '28ad1f59-f632-436c-bd57-bff8830f4c23'),
('af95a24e-e89e-4ca8-8aa6-bff067e3d62d', '10a32652-af43-4451-bd52-4980c5690cc9', '3a5d9252-8073-416c-b1a2-34b614760f6e'),
('45181bae-4bbc-4a90-a265-e37777c726fe', '10a32652-af43-4451-bd52-4980c5690cc9', 'baa444fa-cd67-46b7-8b6a-d7375e13c66c'),
('16ba5115-dd06-4d5d-8e69-661751865514', '10a32652-af43-4451-bd52-4980c5690cc9', 'c958f62d-57b0-484c-97e4-5dc61f2c47e6'),
('55481fd4-9657-4f7b-8f74-be4acba36a98', '10a32652-af43-4451-bd52-4980c5690cc9', '5a0168cc-ae78-46d1-91a2-67bb89b481d8'),
('9d063929-1af0-4c01-a5a0-4084dd6ba1a0', '10a32652-af43-4451-bd52-4980c5690cc9', '48db1611-ffdc-4095-b757-22029095d1a7'),
('6869f868-a5e0-4a0d-aff0-7a251d3c2054', '10a32652-af43-4451-bd52-4980c5690cc9', '8e658ea9-d649-4edf-afd6-1596faaafc86'),
('3168afd9-51ed-4c10-8f82-bdc2f4b08811', '10a32652-af43-4451-bd52-4980c5690cc9', '1a14d4c7-6576-45b6-a204-e3dd459e001d'),
('30289bb5-04cb-4a29-bf52-d6c0e8150e8c', '10a32652-af43-4451-bd52-4980c5690cc9', '73c25c02-7e88-4477-8430-cfe245fdd95a'),
('2a822bb7-d5fe-4726-bd40-38dc536fd6b8', '10a32652-af43-4451-bd52-4980c5690cc9', 'b6a5cbf9-5916-4f20-ac38-f902a8ae5963'),
('cb448fa5-8475-4b80-a2a8-da8b04958921', '10a32652-af43-4451-bd52-4980c5690cc9', '6b1992ee-cf57-41f4-973b-fbf4f3b71706'),
('60218561-f043-48ea-bccd-a8e76b4c4e98', '10a32652-af43-4451-bd52-4980c5690cc9', '126b6db6-0588-4c1a-ba2e-6f913e47f7c5'),
('afdd5da1-bce3-4580-8235-da61d8d32524', '10a32652-af43-4451-bd52-4980c5690cc9', '947cd745-dc14-480c-89f1-189ac0ccdd16'),
('bcbdb4fa-71c6-4c3c-be7a-f1558003f036', '10a32652-af43-4451-bd52-4980c5690cc9', '1ff96023-c2e2-41bb-bfe4-741ead5606a1'),
('dde632e7-a9b5-4cc8-8525-eeda24bf5a58', '10a32652-af43-4451-bd52-4980c5690cc9', '89c34b00-a56a-49cf-8cab-eee750bc6429'),
('d6a7c9de-fb1c-4aac-9f0d-3b185f461e16', '10a32652-af43-4451-bd52-4980c5690cc9', '62231a93-95e8-4588-a349-4a56dceb8e41'),
('cbf5160c-b48f-43d0-a9a6-36c4c9008e2d', '10a32652-af43-4451-bd52-4980c5690cc9', '66e0d813-f2bc-43c8-9433-d4b719310f22'),
('d4282cff-5ceb-4906-80a5-3a6b7db1e96b', '10a32652-af43-4451-bd52-4980c5690cc9', 'd6c56db3-3841-4408-bad0-5b047f66de33'),
('bd52b58d-edb0-4800-b8fa-e87b0e77dbc6', '10a32652-af43-4451-bd52-4980c5690cc9', 'a8029c72-7300-4f4b-8cce-11994795bc97'),
('551bffc8-70fb-4717-973c-d49f4c4c56e4', '10a32652-af43-4451-bd52-4980c5690cc9', 'c0066f82-99dd-4439-9276-dbe6d4ba7ed3'),
('f0d3207e-f49f-4d2d-a33f-584cd3db9e1e', '10a32652-af43-4451-bd52-4980c5690cc9', '4123c46b-7a3b-47c6-b115-959015d088a2'),
('83de2ae7-b48c-4691-a6e6-baf52057899d', '10a32652-af43-4451-bd52-4980c5690cc9', '0a54db1c-4a73-42c2-a249-446ef9d0e005'),
('486b34d9-19cc-475a-9a7b-54ba43d13eb2', '10a32652-af43-4451-bd52-4980c5690cc9', '418a9887-a63d-4002-bd57-909293b56dd3'),
('6e45193f-8188-4767-b482-a13d56f2405a', '10a32652-af43-4451-bd52-4980c5690cc9', '0d5e1835-4a7f-4224-9258-25078195e104'),
('6f2860f9-d33c-4e2c-ba5e-68d1f51a1d01', '10a32652-af43-4451-bd52-4980c5690cc9', '6ebc86ea-9c81-4575-a333-65ad4b13784a'),
('bbc6683d-3f72-450c-9320-02bc350cde2a', '10a32652-af43-4451-bd52-4980c5690cc9', 'ef327db2-b064-49c4-84ac-d30cbea55ed7'),
('d7ee5ba8-ef90-4141-a0c1-ba9f4bd2ab35', '10a32652-af43-4451-bd52-4980c5690cc9', 'db83f1e3-55f3-4042-acc1-18b6e37c5923'),
('f83a4c6a-14ac-46b8-9671-d74e68c135be', '10a32652-af43-4451-bd52-4980c5690cc9', '565ddb4a-3e41-4b59-a49a-4ca538b7f70f'),
('081ffc0d-58a8-4b07-8ffe-43b17b3d72cf', '10a32652-af43-4451-bd52-4980c5690cc9', '8cc171a4-fb69-426b-8b00-6449d796ad92'),
('025cd9af-856e-4757-815e-c242f44f3e0b', '10a32652-af43-4451-bd52-4980c5690cc9', '8cd2c118-f4e0-457e-b012-c85666fcd022'),
('3f2c8523-0eae-4e0b-b08f-1fdcb55d1fd7', '10a32652-af43-4451-bd52-4980c5690cc9', '1857cb32-4963-4efa-abeb-ad2677788d66'),
('01937816-60be-46f2-a4ad-74608d737212', '10a32652-af43-4451-bd52-4980c5690cc9', '3b821675-7f3d-4578-98cb-c741cde4f82b'),
('3e624d3c-6af6-492e-a72c-eac80aa7d1d3', '10a32652-af43-4451-bd52-4980c5690cc9', 'ef437497-93de-47fe-971e-cc9926d869e2'),
('c05d3a59-c5c1-44af-bd64-3b42a9465980', '10a32652-af43-4451-bd52-4980c5690cc9', '2490746d-5335-4763-ad3e-b77c70f052a8'),
('df463dae-03be-4ae3-acca-4e4a5ae8aa42', '10a32652-af43-4451-bd52-4980c5690cc9', '143906fd-22dc-43b4-88aa-956971bf651b'),
('06d7606b-c25d-4222-bc07-7f6eaf5c1a41', '10a32652-af43-4451-bd52-4980c5690cc9', '676a69a8-ba68-4350-a501-00ee4b4ea143'),
('f2e9c065-b014-4f58-b41d-dc54b11170d9', '10a32652-af43-4451-bd52-4980c5690cc9', 'c8d89d2d-b43e-49e4-90a1-067bd15f21cb'),
('f31b174d-2f2c-411d-b8ef-6fe62c6e764c', '10a32652-af43-4451-bd52-4980c5690cc9', '4366c922-723c-4641-be7c-d598caf47fbd'),
('3d2fc9b2-fb67-4ddd-90b8-92681cd64677', '10a32652-af43-4451-bd52-4980c5690cc9', '656f0ea1-4df6-4be2-b2b1-05605b5745bd'),
('72921715-6125-4a50-b2c6-5958b318f7e6', '10a32652-af43-4451-bd52-4980c5690cc9', 'c195e055-905f-451a-8ff2-dc723ab48a49'),
('ad7c605f-292d-4d6f-8ddd-f79906e2a818', '10a32652-af43-4451-bd52-4980c5690cc9', 'abbbcd9a-3147-400c-9b15-f0035a85f8d0'),
('5de77a94-be88-426c-afda-11bbf89030b3', '10a32652-af43-4451-bd52-4980c5690cc9', '877b71d7-fd4a-406a-a148-fa700b7acc9d'),
('72176523-c0f0-4fc1-a863-939ca6c103e1', '10a32652-af43-4451-bd52-4980c5690cc9', '43d10a06-b77a-46d0-ad77-4673e24989b2'),
('75287f17-a159-4854-a6e3-22a40e9e5401', '10a32652-af43-4451-bd52-4980c5690cc9', 'c5a613e6-815a-4443-ac38-6dba8ff1a4d8'),
('434acf2d-e949-4e64-b1c9-cbe52b37a3c0', '10a32652-af43-4451-bd52-4980c5690cc9', 'f12162ea-c6f2-4dc1-bcb8-8fe077a77209'),
('e40383b6-02b9-4d3a-9df2-d79b5e0169a5', '10a32652-af43-4451-bd52-4980c5690cc9', 'fae8e48e-1307-48b6-8d35-1aa1f4c239bc'),
('23729e3c-5321-44d3-9905-bd3b395bd671', '10a32652-af43-4451-bd52-4980c5690cc9', '3880d0c9-fba8-4d7b-ab4b-0301e44f9205'),
('0b4ade32-e12b-46bf-8911-48211b88d6de', '10a32652-af43-4451-bd52-4980c5690cc9', '7b1f8879-e4e2-46c2-838a-b9ca2918dff7'),
('91a6b769-df69-4c1f-bbdb-a51aa238224c', '10a32652-af43-4451-bd52-4980c5690cc9', 'af2904bd-21b5-491d-8dbe-75c1bb213a13'),
('1cdef8d7-077b-4796-adee-a13d7268ddb7', '10a32652-af43-4451-bd52-4980c5690cc9', '377322db-7cad-486f-8be0-63732b0276df'),
('cf68c64d-81f2-4cda-8142-35b29731ecbf', '10a32652-af43-4451-bd52-4980c5690cc9', '2e65a8b2-8649-4eda-95db-fae44004de9b'),
('cd97eef2-8516-4baf-825e-dc69a388ce82', '10a32652-af43-4451-bd52-4980c5690cc9', '53e35f03-836d-4875-a009-ba22b21fcf58'),
('23f08784-c0f0-4a8d-b9b3-ec5e0fc74fb5', '10a32652-af43-4451-bd52-4980c5690cc9', '69e85905-bbe1-4e2b-8b1f-f042d00247d6'),
('9298f662-578f-4ce4-807e-c535122efb1a', '10a32652-af43-4451-bd52-4980c5690cc9', 'cb0e9907-a8ad-40cb-b977-aca97099c410'),
('62d69e73-32c9-4e25-a9b8-0f2e420aaefd', '10a32652-af43-4451-bd52-4980c5690cc9', '609b66de-394b-400c-b3a1-7f10a8c92ad8'),
('e85cdf36-fb28-4480-886f-b3f667859cee', '10a32652-af43-4451-bd52-4980c5690cc9', '29aecd28-e469-4510-aee2-3acd308b9e8c'),
('e17b0b6d-d1bb-4c61-b63c-d2d6f7576666', '10a32652-af43-4451-bd52-4980c5690cc9', '25d15c72-f654-42f7-8a3b-d251f2a51f6a'),
('df191fbb-205c-4435-9966-7d530a6a770d', '10a32652-af43-4451-bd52-4980c5690cc9', 'd3f2a2b9-3e8b-45a0-b2c0-508765540573');
