

--INSERT INSTRUMENTS--COUNT:161
INSERT INTO public.instrument(id, deleted, slug, name, formula, geometry, station, station_offset, create_date, update_date, type_id, project_id, creator, updater)
 VALUES 
('f6bc3d10-e8a4-4254-9455-399764942e94', False, 'big-bend-np', 'Big Bend NP', null, ST_GeomFromText('POINT(-102.975 29.1833)',4326), null, null, '2021-02-26T13:47:59.180469Z', null, '98a61f29-18a8-430a-9d02-0f53486e0984', '57fc22a2-b536-45a3-afbb-e5d0e3a422c6', '00000000-0000-0000-0000-000000000000', null),
('1d332296-a710-4186-b93e-5399a178c5dc', False, 'aadn5', 'AADN5', null, ST_GeomFromText('POINT(-106.5731 35.1511)',4326), null, null, '2021-02-26T13:47:59.181878Z', null, '98a61f29-18a8-430a-9d02-0f53486e0984', '57fc22a2-b536-45a3-afbb-e5d0e3a422c6', '00000000-0000-0000-0000-000000000000', null),
('0cf31411-9da6-403d-8610-7b3d1b48f138', False, 'redford', 'Redford', null, ST_GeomFromText('POINT(-104.2161 29.4856)',4326), null, null, '2021-02-26T13:47:59.182451Z', null, '98a61f29-18a8-430a-9d02-0f53486e0984', '57fc22a2-b536-45a3-afbb-e5d0e3a422c6', '00000000-0000-0000-0000-000000000000', null),
('35e37fbc-d925-4b9f-847b-6685966f436e', False, 'rawsacon5', 'RawsACON5', null, ST_GeomFromText('POINT(-107.8483 34.7197)',4326), null, null, '2021-02-26T13:47:59.182942Z', null, '98a61f29-18a8-430a-9d02-0f53486e0984', '57fc22a2-b536-45a3-afbb-e5d0e3a422c6', '00000000-0000-0000-0000-000000000000', null),
('8df377de-52c1-47e7-a652-c2e7f7e88187', False, 'rawsbatn5', 'RawsBATN5', null, ST_GeomFromText('POINT(-104.4406 32.1786)',4326), null, null, '2021-02-26T13:47:59.185857Z', null, '98a61f29-18a8-430a-9d02-0f53486e0984', '57fc22a2-b536-45a3-afbb-e5d0e3a422c6', '00000000-0000-0000-0000-000000000000', null),
('be7316b0-1129-405f-8e9e-3f65483d01a9', False, 'rawsbbrc2', 'RawsBBRC2', null, ST_GeomFromText('POINT(-107.7294 37.4961)',4326), null, null, '2021-02-26T13:47:59.187693Z', null, '98a61f29-18a8-430a-9d02-0f53486e0984', '57fc22a2-b536-45a3-afbb-e5d0e3a422c6', '00000000-0000-0000-0000-000000000000', null),
('97096472-0bda-4557-9abb-7a8f719d233c', False, 'rawsbchn5', 'RawsBCHN5', null, ST_GeomFromText('POINT(-106.0986 33.7731)',4326), null, null, '2021-02-26T13:47:59.189386Z', null, '98a61f29-18a8-430a-9d02-0f53486e0984', '57fc22a2-b536-45a3-afbb-e5d0e3a422c6', '00000000-0000-0000-0000-000000000000', null),
('4c74daef-d57d-4ad5-9ac3-4d8e99ea842f', False, 'rawsbdan5', 'RawsBDAN5', null, ST_GeomFromText('POINT(-106.8819 33.8211)',4326), null, null, '2021-02-26T13:47:59.190867Z', null, '98a61f29-18a8-430a-9d02-0f53486e0984', '57fc22a2-b536-45a3-afbb-e5d0e3a422c6', '00000000-0000-0000-0000-000000000000', null),
('cf6c8579-0df7-4609-ba63-8c1b7e5efad1', False, 'rawsbhrc2', 'RawsBHRC2', null, ST_GeomFromText('POINT(-106.2011 37.0208)',4326), null, null, '2021-02-26T13:47:59.192125Z', null, '98a61f29-18a8-430a-9d02-0f53486e0984', '57fc22a2-b536-45a3-afbb-e5d0e3a422c6', '00000000-0000-0000-0000-000000000000', null),
('cf47c0a7-d75e-4f35-9d0d-903564e03d21', False, 'rawsblpc2', 'RawsBLPC2', null, ST_GeomFromText('POINT(-106.7786 37.7931)',4326), null, null, '2021-02-26T13:47:59.193320Z', null, '98a61f29-18a8-430a-9d02-0f53486e0984', '57fc22a2-b536-45a3-afbb-e5d0e3a422c6', '00000000-0000-0000-0000-000000000000', null),
('bbd17dde-1d94-47c4-83bf-c5b193b629ae', False, 'rawsblwn5', 'RawsBLWN5', null, ST_GeomFromText('POINT(-108.1631 35.1942)',4326), null, null, '2021-02-26T13:47:59.194493Z', null, '98a61f29-18a8-430a-9d02-0f53486e0984', '57fc22a2-b536-45a3-afbb-e5d0e3a422c6', '00000000-0000-0000-0000-000000000000', null),
('d2f399cb-600f-43cf-bb8f-7e98181f1657', False, 'rawsbmoc2', 'RawsBMOC2', null, ST_GeomFromText('POINT(-105.2842 37.8614)',4326), null, null, '2021-02-26T13:47:59.195623Z', null, '98a61f29-18a8-430a-9d02-0f53486e0984', '57fc22a2-b536-45a3-afbb-e5d0e3a422c6', '00000000-0000-0000-0000-000000000000', null),
('e54f602c-0f56-4f7b-bddd-4073f6857b26', False, 'rawsbnht2', 'RawsBNHT2', null, ST_GeomFromText('POINT(-101.1578 30.9856)',4326), null, null, '2021-02-26T13:47:59.196552Z', null, '98a61f29-18a8-430a-9d02-0f53486e0984', '57fc22a2-b536-45a3-afbb-e5d0e3a422c6', '00000000-0000-0000-0000-000000000000', null),
('1c3ce32c-791a-4dd8-9d11-7371b8449b8c', False, 'rawsbvrn5', 'RawsBVRN5', null, ST_GeomFromText('POINT(-108.11 33.4236)',4326), null, null, '2021-02-26T13:47:59.197505Z', null, '98a61f29-18a8-430a-9d02-0f53486e0984', '57fc22a2-b536-45a3-afbb-e5d0e3a422c6', '00000000-0000-0000-0000-000000000000', null),
('6cc704d8-0e05-4409-8e0a-23e3ca45beb7', False, 'rawscbbn5', 'RawsCBBN5', null, ST_GeomFromText('POINT(-107.0772 35.9419)',4326), null, null, '2021-02-26T13:47:59.198401Z', null, '98a61f29-18a8-430a-9d02-0f53486e0984', '57fc22a2-b536-45a3-afbb-e5d0e3a422c6', '00000000-0000-0000-0000-000000000000', null),
('9d78879b-c680-4b1d-8163-76f941432512', False, 'rawsccec2', 'RawsCCEC2', null, ST_GeomFromText('POINT(-104.0319 37.5425)',4326), null, null, '2021-02-26T13:47:59.199344Z', null, '98a61f29-18a8-430a-9d02-0f53486e0984', '57fc22a2-b536-45a3-afbb-e5d0e3a422c6', '00000000-0000-0000-0000-000000000000', null),
('7e3d7202-548e-4bc2-9ed0-e2838eca0073', False, 'rawsccyc2', 'RawsCCYC2', null, ST_GeomFromText('POINT(-104.8692 37.9478)',4326), null, null, '2021-02-26T13:47:59.200245Z', null, '98a61f29-18a8-430a-9d02-0f53486e0984', '57fc22a2-b536-45a3-afbb-e5d0e3a422c6', '00000000-0000-0000-0000-000000000000', null),
('a29c85ae-0e4f-42ed-b428-a415e3f324f2', False, 'rawscglk1', 'RawsCGLK1', null, ST_GeomFromText('POINT(-101.9014 37.1408)',4326), null, null, '2021-02-26T13:47:59.201184Z', null, '98a61f29-18a8-430a-9d02-0f53486e0984', '57fc22a2-b536-45a3-afbb-e5d0e3a422c6', '00000000-0000-0000-0000-000000000000', null),
('2b3a8774-22f9-4852-9b60-8d4168c6f99a', False, 'rawscgrc2', 'RawsCGRC2', null, ST_GeomFromText('POINT(-105.4519 38.3456)',4326), null, null, '2021-02-26T13:47:59.202092Z', null, '98a61f29-18a8-430a-9d02-0f53486e0984', '57fc22a2-b536-45a3-afbb-e5d0e3a422c6', '00000000-0000-0000-0000-000000000000', null),
('848ee3a8-4e52-44f7-aebe-d88e4b67e431', False, 'rawschac2', 'RawsCHAC2', null, ST_GeomFromText('POINT(-108.4892 37.1994)',4326), null, null, '2021-02-26T13:47:59.202906Z', null, '98a61f29-18a8-430a-9d02-0f53486e0984', '57fc22a2-b536-45a3-afbb-e5d0e3a422c6', '00000000-0000-0000-0000-000000000000', null),
('0d5dcb49-ac75-48c1-aa56-0e61b3ed3f84', False, 'rawscimn5', 'RawsCIMN5', null, ST_GeomFromText('POINT(-105.1203 36.6061)',4326), null, null, '2021-02-26T13:47:59.203641Z', null, '98a61f29-18a8-430a-9d02-0f53486e0984', '57fc22a2-b536-45a3-afbb-e5d0e3a422c6', '00000000-0000-0000-0000-000000000000', null),
('cd3e6cb0-c19e-4fdf-8d8e-17e8870a99df', False, 'rawscopn5', 'RawsCOPN5', null, ST_GeomFromText('POINT(-105.6861 33.3503)',4326), null, null, '2021-02-26T13:47:59.204516Z', null, '98a61f29-18a8-430a-9d02-0f53486e0984', '57fc22a2-b536-45a3-afbb-e5d0e3a422c6', '00000000-0000-0000-0000-000000000000', null),
('16ea2fd7-6154-4ca7-ae59-08f45b223094', False, 'rawscoyn5', 'RawsCOYN5', null, ST_GeomFromText('POINT(-106.6572 36.0731)',4326), null, null, '2021-02-26T13:47:59.205332Z', null, '98a61f29-18a8-430a-9d02-0f53486e0984', '57fc22a2-b536-45a3-afbb-e5d0e3a422c6', '00000000-0000-0000-0000-000000000000', null),
('4af67029-704f-478c-beb6-6cdfdcedee94', False, 'rawscppc2', 'RawsCPPC2', null, ST_GeomFromText('POINT(-105.2675 38.7422)',4326), null, null, '2021-02-26T13:47:59.206071Z', null, '98a61f29-18a8-430a-9d02-0f53486e0984', '57fc22a2-b536-45a3-afbb-e5d0e3a422c6', '00000000-0000-0000-0000-000000000000', null),
('cd15007c-a6f2-4b78-b6ea-761bd3060c62', False, 'rawscppn5', 'RawsCPPN5', null, ST_GeomFromText('POINT(-103.8567 32.9278)',4326), null, null, '2021-02-26T13:47:59.206748Z', null, '98a61f29-18a8-430a-9d02-0f53486e0984', '57fc22a2-b536-45a3-afbb-e5d0e3a422c6', '00000000-0000-0000-0000-000000000000', null),
('9378319f-159d-458f-873b-87cc522f40b5', False, 'rawscsmn5', 'RawsCSMN5', null, ST_GeomFromText('POINT(-105.82 32.7792)',4326), null, null, '2021-02-26T13:47:59.207458Z', null, '98a61f29-18a8-430a-9d02-0f53486e0984', '57fc22a2-b536-45a3-afbb-e5d0e3a422c6', '00000000-0000-0000-0000-000000000000', null),
('3f3eff82-7c3d-4092-a83e-24116d1ad163', False, 'rawscuhc2', 'RawsCUHC2', null, ST_GeomFromText('POINT(-104.9194 37.0919)',4326), null, null, '2021-02-26T13:47:59.208111Z', null, '98a61f29-18a8-430a-9d02-0f53486e0984', '57fc22a2-b536-45a3-afbb-e5d0e3a422c6', '00000000-0000-0000-0000-000000000000', null),
('b39529d5-c54a-4ea5-b40f-9c8293c568bd', False, 'rawscwrn5', 'RawsCWRN5', null, ST_GeomFromText('POINT(-107.6289 36.9767)',4326), null, null, '2021-02-26T13:47:59.208779Z', null, '98a61f29-18a8-430a-9d02-0f53486e0984', '57fc22a2-b536-45a3-afbb-e5d0e3a422c6', '00000000-0000-0000-0000-000000000000', null),
('0e492f63-7701-4a61-9bb7-61edfc6098aa', False, 'rawscync2', 'RawsCYNC2', null, ST_GeomFromText('POINT(-105.1181 38.0167)',4326), null, null, '2021-02-26T13:47:59.209420Z', null, '98a61f29-18a8-430a-9d02-0f53486e0984', '57fc22a2-b536-45a3-afbb-e5d0e3a422c6', '00000000-0000-0000-0000-000000000000', null),
('7730e99f-a484-4f3b-8ea2-3a55267956e0', False, 'rawsdgct2', 'RawsDGCT2', null, ST_GeomFromText('POINT(-104.8339 31.9961)',4326), null, null, '2021-02-26T13:47:59.210065Z', null, '98a61f29-18a8-430a-9d02-0f53486e0984', '57fc22a2-b536-45a3-afbb-e5d0e3a422c6', '00000000-0000-0000-0000-000000000000', null),
('8b8ed50c-4ead-4b39-bcce-2e85f125c9c4', False, 'rawsdlcn5', 'RawsDLCN5', null, ST_GeomFromText('POINT(-107.0 36.9353)',4326), null, null, '2021-02-26T13:47:59.210710Z', null, '98a61f29-18a8-430a-9d02-0f53486e0984', '57fc22a2-b536-45a3-afbb-e5d0e3a422c6', '00000000-0000-0000-0000-000000000000', null),
('f7be6fea-53ad-449d-b1e0-5626e65d3573', False, 'rawsdpkn5', 'RawsDPKN5', null, ST_GeomFromText('POINT(-106.7719 36.4228)',4326), null, null, '2021-02-26T13:47:59.211334Z', null, '98a61f29-18a8-430a-9d02-0f53486e0984', '57fc22a2-b536-45a3-afbb-e5d0e3a422c6', '00000000-0000-0000-0000-000000000000', null),
('96021d8e-605c-47e4-862e-cf750724059f', False, 'rawsdprn5', 'RawsDPRN5', null, ST_GeomFromText('POINT(-108.0617 33.6939)',4326), null, null, '2021-02-26T13:47:59.211896Z', null, '98a61f29-18a8-430a-9d02-0f53486e0984', '57fc22a2-b536-45a3-afbb-e5d0e3a422c6', '00000000-0000-0000-0000-000000000000', null),
('45872e53-dd92-4054-9161-18f0b690a2ad', False, 'rawsdtln5', 'RawsDTLN5', null, ST_GeomFromText('POINT(-107.7681 34.2925)',4326), null, null, '2021-02-26T13:47:59.212496Z', null, '98a61f29-18a8-430a-9d02-0f53486e0984', '57fc22a2-b536-45a3-afbb-e5d0e3a422c6', '00000000-0000-0000-0000-000000000000', null),
('4d72f392-5f02-47c4-99cc-f70371fec331', False, 'rawsdufc2', 'RawsDUFC2', null, ST_GeomFromText('POINT(-108.3267 37.4942)',4326), null, null, '2021-02-26T13:47:59.213112Z', null, '98a61f29-18a8-430a-9d02-0f53486e0984', '57fc22a2-b536-45a3-afbb-e5d0e3a422c6', '00000000-0000-0000-0000-000000000000', null),
('36d0d4d4-db46-4e27-bcb9-ec73fb1fb40c', False, 'rawsdunn5', 'RawsDUNN5', null, ST_GeomFromText('POINT(-105.1825 32.8247)',4326), null, null, '2021-02-26T13:47:59.213615Z', null, '98a61f29-18a8-430a-9d02-0f53486e0984', '57fc22a2-b536-45a3-afbb-e5d0e3a422c6', '00000000-0000-0000-0000-000000000000', null),
('e39a07db-d64f-4298-a4ed-4ef6fd347eae', False, 'rawsdykc2', 'RawsDYKC2', null, ST_GeomFromText('POINT(-107.3053 37.2269)',4326), null, null, '2021-02-26T13:47:59.214181Z', null, '98a61f29-18a8-430a-9d02-0f53486e0984', '57fc22a2-b536-45a3-afbb-e5d0e3a422c6', '00000000-0000-0000-0000-000000000000', null),
('ce677a9a-c732-48c0-8adc-e12e26376613', False, 'rawsfcrc2', 'RawsFCRC2', null, ST_GeomFromText('POINT(-104.8539 38.6589)',4326), null, null, '2021-02-26T13:47:59.214735Z', null, '98a61f29-18a8-430a-9d02-0f53486e0984', '57fc22a2-b536-45a3-afbb-e5d0e3a422c6', '00000000-0000-0000-0000-000000000000', null),
('f107a51b-ba55-4b1d-9104-4374498e843c', False, 'rawsfdst2', 'RawsFDST2', null, ST_GeomFromText('POINT(-103.8867 30.6006)',4326), null, null, '2021-02-26T13:47:59.215318Z', null, '98a61f29-18a8-430a-9d02-0f53486e0984', '57fc22a2-b536-45a3-afbb-e5d0e3a422c6', '00000000-0000-0000-0000-000000000000', null),
('83863eae-9537-4ec4-89d7-643f59054c31', False, 'rawsgdbt2', 'RawsGDBT2', null, ST_GeomFromText('POINT(-104.8253 31.925)',4326), null, null, '2021-02-26T13:47:59.215872Z', null, '98a61f29-18a8-430a-9d02-0f53486e0984', '57fc22a2-b536-45a3-afbb-e5d0e3a422c6', '00000000-0000-0000-0000-000000000000', null),
('0c6ee9f5-aa5f-40cb-8758-aa71eaa270ba', False, 'rawsgmln5', 'RawsGMLN5', null, ST_GeomFromText('POINT(-108.1744 34.8519)',4326), null, null, '2021-02-26T13:47:59.216368Z', null, '98a61f29-18a8-430a-9d02-0f53486e0984', '57fc22a2-b536-45a3-afbb-e5d0e3a422c6', '00000000-0000-0000-0000-000000000000', null),
('67ca921e-b117-4b7f-acbb-892a85703af1', False, 'rawsgnmn5', 'RawsGNMN5', null, ST_GeomFromText('POINT(-108.2403 33.2236)',4326), null, null, '2021-02-26T13:47:59.216882Z', null, '98a61f29-18a8-430a-9d02-0f53486e0984', '57fc22a2-b536-45a3-afbb-e5d0e3a422c6', '00000000-0000-0000-0000-000000000000', null),
('326495c6-8a4e-44be-8e7d-14870e2d4d4c', False, 'rawsgrsn5', 'RawsGRSN5', null, ST_GeomFromText('POINT(-107.6653 35.2428)',4326), null, null, '2021-02-26T13:47:59.217382Z', null, '98a61f29-18a8-430a-9d02-0f53486e0984', '57fc22a2-b536-45a3-afbb-e5d0e3a422c6', '00000000-0000-0000-0000-000000000000', null),
('8ccf9ac2-74d6-4d65-886e-a1dfd5999f5c', False, 'rawsgscn5', 'RawsGSCN5', null, ST_GeomFromText('POINT(-105.4619 35.8939)',4326), null, null, '2021-02-26T13:47:59.217891Z', null, '98a61f29-18a8-430a-9d02-0f53486e0984', '57fc22a2-b536-45a3-afbb-e5d0e3a422c6', '00000000-0000-0000-0000-000000000000', null),
('5c8067c7-fbf5-4fdb-8782-bd31976357cb', False, 'rawshhrn5', 'RawsHHRN5', null, ST_GeomFromText('POINT(-108.3417 31.7019)',4326), null, null, '2021-02-26T13:47:59.218397Z', null, '98a61f29-18a8-430a-9d02-0f53486e0984', '57fc22a2-b536-45a3-afbb-e5d0e3a422c6', '00000000-0000-0000-0000-000000000000', null),
('43762240-901d-4154-94ed-df1bffc27b16', False, 'rawsjarn5', 'RawsJARN5', null, ST_GeomFromText('POINT(-106.1031 36.5558)',4326), null, null, '2021-02-26T13:47:59.218924Z', null, '98a61f29-18a8-430a-9d02-0f53486e0984', '57fc22a2-b536-45a3-afbb-e5d0e3a422c6', '00000000-0000-0000-0000-000000000000', null),
('a3f4e3ea-5649-45d8-9b76-fa46b4e63768', False, 'rawsjesn5', 'RawsJESN5', null, ST_GeomFromText('POINT(-106.6197 35.8406)',4326), null, null, '2021-02-26T13:47:59.219446Z', null, '98a61f29-18a8-430a-9d02-0f53486e0984', '57fc22a2-b536-45a3-afbb-e5d0e3a422c6', '00000000-0000-0000-0000-000000000000', null),
('38f5eb66-2b68-448b-a0d0-ea717cafb72f', False, 'rawslomn5', 'RawsLOMN5', null, ST_GeomFromText('POINT(-106.5867 32.3222)',4326), null, null, '2021-02-26T13:47:59.219940Z', null, '98a61f29-18a8-430a-9d02-0f53486e0984', '57fc22a2-b536-45a3-afbb-e5d0e3a422c6', '00000000-0000-0000-0000-000000000000', null),
('ac0ea8e6-7152-434d-b133-2e891ef4746d', False, 'rawslpfc2', 'RawsLPFC2', null, ST_GeomFromText('POINT(-106.3497 39.1536)',4326), null, null, '2021-02-26T13:47:59.220436Z', null, '98a61f29-18a8-430a-9d02-0f53486e0984', '57fc22a2-b536-45a3-afbb-e5d0e3a422c6', '00000000-0000-0000-0000-000000000000', null),
('fa6ed8a4-7c37-496f-97ce-b983cb002acd', False, 'rawslujc2', 'RawsLUJC2', null, ST_GeomFromText('POINT(-106.5678 38.2547)',4326), null, null, '2021-02-26T13:47:59.220955Z', null, '98a61f29-18a8-430a-9d02-0f53486e0984', '57fc22a2-b536-45a3-afbb-e5d0e3a422c6', '00000000-0000-0000-0000-000000000000', null),
('1634e6ac-3a25-4873-9056-9b751f4c9085', False, 'rawslvpn5', 'RawsLVPN5', null, ST_GeomFromText('POINT(-105.4942 35.5458)',4326), null, null, '2021-02-26T13:47:59.221430Z', null, '98a61f29-18a8-430a-9d02-0f53486e0984', '57fc22a2-b536-45a3-afbb-e5d0e3a422c6', '00000000-0000-0000-0000-000000000000', null),
('e2c67eb0-fd94-4f3c-a8cb-df0d75fa5c66', False, 'rawsmayn5', 'RawsMAYN5', null, ST_GeomFromText('POINT(-105.4697 32.9097)',4326), null, null, '2021-02-26T13:47:59.221909Z', null, '98a61f29-18a8-430a-9d02-0f53486e0984', '57fc22a2-b536-45a3-afbb-e5d0e3a422c6', '00000000-0000-0000-0000-000000000000', null),
('6a13cefc-7cbe-42ae-80b1-82680690600c', False, 'rawsmcrn5', 'RawsMCRN5', null, ST_GeomFromText('POINT(-105.6217 32.4314)',4326), null, null, '2021-02-26T13:47:59.222388Z', null, '98a61f29-18a8-430a-9d02-0f53486e0984', '57fc22a2-b536-45a3-afbb-e5d0e3a422c6', '00000000-0000-0000-0000-000000000000', null),
('bad9030b-8769-47e7-aa20-bae668fbc890', False, 'rawsmgln5', 'RawsMGLN5', null, ST_GeomFromText('POINT(-107.5392 33.8511)',4326), null, null, '2021-02-26T13:47:59.222857Z', null, '98a61f29-18a8-430a-9d02-0f53486e0984', '57fc22a2-b536-45a3-afbb-e5d0e3a422c6', '00000000-0000-0000-0000-000000000000', null),
('0c98f315-fdb0-4678-8c04-daaa1bc529f0', False, 'rawsmgnn5', 'RawsMGNN5', null, ST_GeomFromText('POINT(-108.8067 33.3906)',4326), null, null, '2021-02-26T13:47:59.223421Z', null, '98a61f29-18a8-430a-9d02-0f53486e0984', '57fc22a2-b536-45a3-afbb-e5d0e3a422c6', '00000000-0000-0000-0000-000000000000', null),
('31457314-dfd9-4dee-ba1a-c0d49549f565', False, 'rawsmlcn5', 'RawsMLCN5', null, ST_GeomFromText('POINT(-104.3244 36.055)',4326), null, null, '2021-02-26T13:47:59.223912Z', null, '98a61f29-18a8-430a-9d02-0f53486e0984', '57fc22a2-b536-45a3-afbb-e5d0e3a422c6', '00000000-0000-0000-0000-000000000000', null),
('91916ab2-6dd4-45fb-9dbb-a13450b79189', False, 'rawsmmrc2', 'RawsMMRC2', null, ST_GeomFromText('POINT(-107.7086 37.0564)',4326), null, null, '2021-02-26T13:47:59.224360Z', null, '98a61f29-18a8-430a-9d02-0f53486e0984', '57fc22a2-b536-45a3-afbb-e5d0e3a422c6', '00000000-0000-0000-0000-000000000000', null),
('9a7ff071-8f46-4536-998f-104abb80db97', False, 'rawsmndt2', 'RawsMNDT2', null, ST_GeomFromText('POINT(-102.1897 31.9431)',4326), null, null, '2021-02-26T13:47:59.224866Z', null, '98a61f29-18a8-430a-9d02-0f53486e0984', '57fc22a2-b536-45a3-afbb-e5d0e3a422c6', '00000000-0000-0000-0000-000000000000', null),
('0d3496b4-6660-42cd-8ba0-56b79d15a78b', False, 'rawsmpan5', 'RawsMPAN5', null, ST_GeomFromText('POINT(-103.7217 32.1797)',4326), null, null, '2021-02-26T13:47:59.225200Z', null, '98a61f29-18a8-430a-9d02-0f53486e0984', '57fc22a2-b536-45a3-afbb-e5d0e3a422c6', '00000000-0000-0000-0000-000000000000', null),
('6fda2fea-8575-47f2-8e23-9512d645aa4e', False, 'rawsmrfc2', 'RawsMRFC2', null, ST_GeomFromText('POINT(-108.4128 37.2972)',4326), null, null, '2021-02-26T13:47:59.225540Z', null, '98a61f29-18a8-430a-9d02-0f53486e0984', '57fc22a2-b536-45a3-afbb-e5d0e3a422c6', '00000000-0000-0000-0000-000000000000', null),
('3da8b882-f71b-4a7e-8bc0-0bd729532df3', False, 'rawsmrrn5', 'RawsMRRN5', null, ST_GeomFromText('POINT(-103.8 34.3)',4326), null, null, '2021-02-26T13:47:59.226069Z', null, '98a61f29-18a8-430a-9d02-0f53486e0984', '57fc22a2-b536-45a3-afbb-e5d0e3a422c6', '00000000-0000-0000-0000-000000000000', null),
('3b5d759b-d7a9-4295-bea9-f3d3363135fb', False, 'rawsmscn5', 'RawsMSCN5', null, ST_GeomFromText('POINT(-105.7689 33.1581)',4326), null, null, '2021-02-26T13:47:59.226436Z', null, '98a61f29-18a8-430a-9d02-0f53486e0984', '57fc22a2-b536-45a3-afbb-e5d0e3a422c6', '00000000-0000-0000-0000-000000000000', null),
('f2dd02ed-2534-419c-8dc7-f364a4f1d60a', False, 'rawsmtnn5', 'RawsMTNN5', null, ST_GeomFromText('POINT(-106.2617 34.5206)',4326), null, null, '2021-02-26T13:47:59.226786Z', null, '98a61f29-18a8-430a-9d02-0f53486e0984', '57fc22a2-b536-45a3-afbb-e5d0e3a422c6', '00000000-0000-0000-0000-000000000000', null),
('eb02fbc5-d8bd-424e-9d91-1a9be1ea477f', False, 'rawspsgt2', 'RawsPSGT2', null, ST_GeomFromText('POINT(-104.7978 31.8944)',4326), null, null, '2021-02-26T13:47:59.227162Z', null, '98a61f29-18a8-430a-9d02-0f53486e0984', '57fc22a2-b536-45a3-afbb-e5d0e3a422c6', '00000000-0000-0000-0000-000000000000', null),
('35187f06-ffac-4953-9240-a3a45d06e6f8', False, 'rawspxwt2', 'RawsPXWT2', null, ST_GeomFromText('POINT(-104.9478 31.9722)',4326), null, null, '2021-02-26T13:47:59.227510Z', null, '98a61f29-18a8-430a-9d02-0f53486e0984', '57fc22a2-b536-45a3-afbb-e5d0e3a422c6', '00000000-0000-0000-0000-000000000000', null),
('2cf2c02c-1450-44f4-a014-adbf599439c2', False, 'rawsqenn5', 'RawsQENN5', null, ST_GeomFromText('POINT(-104.6903 32.2036)',4326), null, null, '2021-02-26T13:47:59.227844Z', null, '98a61f29-18a8-430a-9d02-0f53486e0984', '57fc22a2-b536-45a3-afbb-e5d0e3a422c6', '00000000-0000-0000-0000-000000000000', null),
('0b79ce91-886c-4358-94eb-26c52c467872', False, 'rawsrddc2', 'RawsRDDC2', null, ST_GeomFromText('POINT(-104.9978 38.2072)',4326), null, null, '2021-02-26T13:47:59.228493Z', null, '98a61f29-18a8-430a-9d02-0f53486e0984', '57fc22a2-b536-45a3-afbb-e5d0e3a422c6', '00000000-0000-0000-0000-000000000000', null),
('8123b0bb-edd4-4a97-a9a3-3c0447b18ed0', False, 'rawsrdkc2', 'RawsRDKC2', null, ST_GeomFromText('POINT(-106.2117 38.8272)',4326), null, null, '2021-02-26T13:47:59.229020Z', null, '98a61f29-18a8-430a-9d02-0f53486e0984', '57fc22a2-b536-45a3-afbb-e5d0e3a422c6', '00000000-0000-0000-0000-000000000000', null),
('4e45eaff-0517-42e2-a4d5-9fd88cadba91', False, 'rawsremn5', 'RawsREMN5', null, ST_GeomFromText('POINT(-104.3211 33.6506)',4326), null, null, '2021-02-26T13:47:59.229549Z', null, '98a61f29-18a8-430a-9d02-0f53486e0984', '57fc22a2-b536-45a3-afbb-e5d0e3a422c6', '00000000-0000-0000-0000-000000000000', null),
('cab2fd6f-31a7-4f5a-b4c3-ca983668d2ac', False, 'rawsrgmn5', 'RawsRGMN5', null, ST_GeomFromText('POINT(-106.6808 35.1458)',4326), null, null, '2021-02-26T13:47:59.230246Z', null, '98a61f29-18a8-430a-9d02-0f53486e0984', '57fc22a2-b536-45a3-afbb-e5d0e3a422c6', '00000000-0000-0000-0000-000000000000', null),
('c350bbb2-355a-4deb-b146-487b28d0ae28', False, 'rawsrrac2', 'RawsRRAC2', null, ST_GeomFromText('POINT(-104.9528 38.9586)',4326), null, null, '2021-02-26T13:47:59.230852Z', null, '98a61f29-18a8-430a-9d02-0f53486e0984', '57fc22a2-b536-45a3-afbb-e5d0e3a422c6', '00000000-0000-0000-0000-000000000000', null),
('817692de-892c-4e7d-b184-6717987a23d9', False, 'rawssdnc2', 'RawsSDNC2', null, ST_GeomFromText('POINT(-105.5108 37.7267)',4326), null, null, '2021-02-26T13:47:59.231504Z', null, '98a61f29-18a8-430a-9d02-0f53486e0984', '57fc22a2-b536-45a3-afbb-e5d0e3a422c6', '00000000-0000-0000-0000-000000000000', null),
('9b1786c7-e264-4827-b234-05809a121043', False, 'rawssdvc2', 'RawsSDVC2', null, ST_GeomFromText('POINT(-107.3028 37.0994)',4326), null, null, '2021-02-26T13:47:59.232024Z', null, '98a61f29-18a8-430a-9d02-0f53486e0984', '57fc22a2-b536-45a3-afbb-e5d0e3a422c6', '00000000-0000-0000-0000-000000000000', null),
('987454c8-5c30-407c-9f86-33f66f7dc427', False, 'rawssevn5', 'RawsSEVN5', null, ST_GeomFromText('POINT(-106.7981 34.3769)',4326), null, null, '2021-02-26T13:47:59.232694Z', null, '98a61f29-18a8-430a-9d02-0f53486e0984', '57fc22a2-b536-45a3-afbb-e5d0e3a422c6', '00000000-0000-0000-0000-000000000000', null),
('136f874f-d353-4f5c-8d76-f3718f23442e', False, 'rawssfwn5', 'RawsSFWN5', null, ST_GeomFromText('POINT(-105.8603 35.6869)',4326), null, null, '2021-02-26T13:47:59.233427Z', null, '98a61f29-18a8-430a-9d02-0f53486e0984', '57fc22a2-b536-45a3-afbb-e5d0e3a422c6', '00000000-0000-0000-0000-000000000000', null),
('f083d8bc-2f77-440e-be14-02d8f0e44096', False, 'rawssidc2', 'RawsSIDC2', null, ST_GeomFromText('POINT(-106.17 38.5933)',4326), null, null, '2021-02-26T13:47:59.234185Z', null, '98a61f29-18a8-430a-9d02-0f53486e0984', '57fc22a2-b536-45a3-afbb-e5d0e3a422c6', '00000000-0000-0000-0000-000000000000', null),
('1a21ee0c-6983-4c07-9dc3-63aeb142eb6d', False, 'rawsslmn5', 'RawsSLMN5', null, ST_GeomFromText('POINT(-108.4447 34.0606)',4326), null, null, '2021-02-26T13:47:59.234823Z', null, '98a61f29-18a8-430a-9d02-0f53486e0984', '57fc22a2-b536-45a3-afbb-e5d0e3a422c6', '00000000-0000-0000-0000-000000000000', null),
('6dc36114-508e-47dc-9175-bd5940c9387b', False, 'rawssndn5', 'RawsSNDN5', null, ST_GeomFromText('POINT(-106.525 32.58)',4326), null, null, '2021-02-26T13:47:59.235568Z', null, '98a61f29-18a8-430a-9d02-0f53486e0984', '57fc22a2-b536-45a3-afbb-e5d0e3a422c6', '00000000-0000-0000-0000-000000000000', null),
('e6faab79-b133-4b55-9193-d7c3f81107b7', False, 'rawssnln5', 'RawsSNLN5', null, ST_GeomFromText('POINT(-106.5906 35.2297)',4326), null, null, '2021-02-26T13:47:59.236342Z', null, '98a61f29-18a8-430a-9d02-0f53486e0984', '57fc22a2-b536-45a3-afbb-e5d0e3a422c6', '00000000-0000-0000-0000-000000000000', null),
('7221ab85-e45d-4004-ab28-6e857925cd9e', False, 'rawsstln5', 'RawsSTLN5', null, ST_GeomFromText('POINT(-106.8658 36.7317)',4326), null, null, '2021-02-26T13:47:59.237102Z', null, '98a61f29-18a8-430a-9d02-0f53486e0984', '57fc22a2-b536-45a3-afbb-e5d0e3a422c6', '00000000-0000-0000-0000-000000000000', null),
('ea7967f1-5d0c-43a8-af95-de079bc4d536', False, 'rawstjrn5', 'RawsTJRN5', null, ST_GeomFromText('POINT(-106.3158 35.0061)',4326), null, null, '2021-02-26T13:47:59.237838Z', null, '98a61f29-18a8-430a-9d02-0f53486e0984', '57fc22a2-b536-45a3-afbb-e5d0e3a422c6', '00000000-0000-0000-0000-000000000000', null),
('7caca311-94f1-40ab-a04d-e5c9d3502782', False, 'rawstrun5', 'RawsTRUN5', null, ST_GeomFromText('POINT(-105.7694 36.0589)',4326), null, null, '2021-02-26T13:47:59.238582Z', null, '98a61f29-18a8-430a-9d02-0f53486e0984', '57fc22a2-b536-45a3-afbb-e5d0e3a422c6', '00000000-0000-0000-0000-000000000000', null),
('5e253b49-028e-48d0-b6ef-ff7a78f5b1e2', False, 'rawstwrn5', 'RawsTWRN5', null, ST_GeomFromText('POINT(-106.2661 35.7789)',4326), null, null, '2021-02-26T13:47:59.239316Z', null, '98a61f29-18a8-430a-9d02-0f53486e0984', '57fc22a2-b536-45a3-afbb-e5d0e3a422c6', '00000000-0000-0000-0000-000000000000', null),
('44bf8be2-c386-4e4b-919f-cb6837c0d97f', False, 'rawsucnc2', 'RawsUCNC2', null, ST_GeomFromText('POINT(-102.6303 37.0608)',4326), null, null, '2021-02-26T13:47:59.239861Z', null, '98a61f29-18a8-430a-9d02-0f53486e0984', '57fc22a2-b536-45a3-afbb-e5d0e3a422c6', '00000000-0000-0000-0000-000000000000', null),
('03f110de-ae88-419c-a9d1-2f4c6cf54dc4', False, 'rawswlcc2', 'RawsWLCC2', null, ST_GeomFromText('POINT(-105.0561 38.0028)',4326), null, null, '2021-02-26T13:47:59.240460Z', null, '98a61f29-18a8-430a-9d02-0f53486e0984', '57fc22a2-b536-45a3-afbb-e5d0e3a422c6', '00000000-0000-0000-0000-000000000000', null),
('808c3c04-8cfd-4dd5-9851-5ddb6b4d2ca4', False, 'rawswpsn5', 'RawsWPSN5', null, ST_GeomFromText('POINT(-108.8608 36.0767)',4326), null, null, '2021-02-26T13:47:59.241171Z', null, '98a61f29-18a8-430a-9d02-0f53486e0984', '57fc22a2-b536-45a3-afbb-e5d0e3a422c6', '00000000-0000-0000-0000-000000000000', null),
('91ba0363-31f8-4441-a488-56b15db81f91', False, 'rawsznrn5', 'RawsZNRN5', null, ST_GeomFromText('POINT(-108.9414 35.1392)',4326), null, null, '2021-02-26T13:47:59.241860Z', null, '98a61f29-18a8-430a-9d02-0f53486e0984', '57fc22a2-b536-45a3-afbb-e5d0e3a422c6', '00000000-0000-0000-0000-000000000000', null),
('cdf68e6f-e704-41de-8406-75e96693e438', False, 'wightman-fork', 'Wightman Fork', null, ST_GeomFromText('POINT(-106.5217 37.4039)',4326), null, null, '2021-02-26T13:47:59.242559Z', null, '98a61f29-18a8-430a-9d02-0f53486e0984', '57fc22a2-b536-45a3-afbb-e5d0e3a422c6', '00000000-0000-0000-0000-000000000000', null),
('f7264984-abea-46ec-9b13-5109d9924170', False, 'ft-garland-s-d-c', 'FT Garland S D C', null, ST_GeomFromText('POINT(-105.415 37.425)',4326), null, null, '2021-02-26T13:47:59.242661Z', null, '98a61f29-18a8-430a-9d02-0f53486e0984', '57fc22a2-b536-45a3-afbb-e5d0e3a422c6', '00000000-0000-0000-0000-000000000000', null),
('22221916-e1d5-4c83-83e7-0ff670ad1fef', False, 'costilla-us', 'Costilla US', null, ST_GeomFromText('POINT(-105.2547 36.8984)',4326), null, null, '2021-02-26T13:47:59.242757Z', null, '98a61f29-18a8-430a-9d02-0f53486e0984', '57fc22a2-b536-45a3-afbb-e5d0e3a422c6', '00000000-0000-0000-0000-000000000000', null),
('ad54f2fa-0429-44da-ab08-098f2c6e4b67', False, 'costilla-santvan', 'Costilla Santvan', null, ST_GeomFromText('POINT(-105.2811 36.8842)',4326), null, null, '2021-02-26T13:47:59.242852Z', null, '98a61f29-18a8-430a-9d02-0f53486e0984', '57fc22a2-b536-45a3-afbb-e5d0e3a422c6', '00000000-0000-0000-0000-000000000000', null),
('274c0a17-99e8-4904-9a98-a16eff929cbe', False, 'cundiyo', 'Cundiyo', null, ST_GeomFromText('POINT(-105.9047 35.9647)',4326), null, null, '2021-02-26T13:47:59.242934Z', null, '98a61f29-18a8-430a-9d02-0f53486e0984', '57fc22a2-b536-45a3-afbb-e5d0e3a422c6', '00000000-0000-0000-0000-000000000000', null),
('81595cc1-8ec9-49a4-8d51-094ba34d939e', False, 'narrows', 'Narrows', null, ST_GeomFromText('POINT(-107.1625 33.3861)',4326), null, null, '2021-02-26T13:47:59.243013Z', null, '98a61f29-18a8-430a-9d02-0f53486e0984', '57fc22a2-b536-45a3-afbb-e5d0e3a422c6', '00000000-0000-0000-0000-000000000000', null),
('3ce79f3c-1f69-4e89-9443-211662aea6dc', False, 'santa-fe', 'Santa Fe', null, ST_GeomFromText('POINT(-105.8436 35.6864)',4326), null, null, '2021-02-26T13:47:59.243154Z', null, '98a61f29-18a8-430a-9d02-0f53486e0984', '57fc22a2-b536-45a3-afbb-e5d0e3a422c6', '00000000-0000-0000-0000-000000000000', null),
('61cbadee-9e52-422b-9861-64161e6ca823', False, 'nichols', 'Nichols', null, ST_GeomFromText('POINT(-105.88 35.6894)',4326), null, null, '2021-02-26T13:47:59.243269Z', null, '98a61f29-18a8-430a-9d02-0f53486e0984', '57fc22a2-b536-45a3-afbb-e5d0e3a422c6', '00000000-0000-0000-0000-000000000000', null),
('22417710-fbee-44ee-a8d6-9faed980258b', False, 'prairie-dtch', 'Prairie Dtch', null, ST_GeomFromText('POINT(-106.2315 37.6455)',4326), null, null, '2021-02-26T13:47:59.243367Z', null, '98a61f29-18a8-430a-9d02-0f53486e0984', '57fc22a2-b536-45a3-afbb-e5d0e3a422c6', '00000000-0000-0000-0000-000000000000', null),
('78e56c9b-c516-4755-81ae-49a5b9b1abbc', False, 'dryden', 'Dryden', null, ST_GeomFromText('POINT(-102.1667 29.8236)',4326), null, null, '2021-02-26T13:47:59.243464Z', null, '98a61f29-18a8-430a-9d02-0f53486e0984', '57fc22a2-b536-45a3-afbb-e5d0e3a422c6', '00000000-0000-0000-0000-000000000000', null),
('44834824-2ad2-4051-b7a0-2d635e16e01e', False, 'foster-ranch', 'Foster Ranch', null, ST_GeomFromText('POINT(-101.7556 29.7806)',4326), null, null, '2021-02-26T13:47:59.243622Z', null, '98a61f29-18a8-430a-9d02-0f53486e0984', '57fc22a2-b536-45a3-afbb-e5d0e3a422c6', '00000000-0000-0000-0000-000000000000', null),
('9a55adcc-2f4e-4327-ad8a-2fe68e8bf8b6', False, 'summitville', 'Summitville', null, ST_GeomFromText('POINT(-106.5842 37.4292)',4326), null, null, '2021-02-26T13:47:59.243774Z', null, '98a61f29-18a8-430a-9d02-0f53486e0984', '57fc22a2-b536-45a3-afbb-e5d0e3a422c6', '00000000-0000-0000-0000-000000000000', null),
('ee54ef5d-05be-416c-a63a-1170d87a7aa7', False, 'terlingua', 'Terlingua', null, ST_GeomFromText('POINT(-103.6194 29.2028)',4326), null, null, '2021-02-26T13:47:59.243862Z', null, '98a61f29-18a8-430a-9d02-0f53486e0984', '57fc22a2-b536-45a3-afbb-e5d0e3a422c6', '00000000-0000-0000-0000-000000000000', null),
('4a079f6c-ad88-4412-9777-b223edfffa8f', False, 'ft-garland-ute', 'Ft Garland Ute', null, ST_GeomFromText('POINT(-105.4258 37.4471)',4326), null, null, '2021-02-26T13:47:59.243993Z', null, '98a61f29-18a8-430a-9d02-0f53486e0984', '57fc22a2-b536-45a3-afbb-e5d0e3a422c6', '00000000-0000-0000-0000-000000000000', null),
('b29223ac-cb40-473a-9cff-525316105d1f', False, 'el-paso', 'El Paso', null, ST_GeomFromText('POINT(-106.5403 31.8028)',4326), null, null, '2021-02-26T13:47:59.244126Z', null, '98a61f29-18a8-430a-9d02-0f53486e0984', '57fc22a2-b536-45a3-afbb-e5d0e3a422c6', '00000000-0000-0000-0000-000000000000', null),
('58690230-000a-4d72-8a0b-224eb5ecf7d1', False, 'castolon', 'Castolon', null, ST_GeomFromText('POINT(-103.5244 29.1378)',4326), null, null, '2021-02-26T13:47:59.244256Z', null, '98a61f29-18a8-430a-9d02-0f53486e0984', '57fc22a2-b536-45a3-afbb-e5d0e3a422c6', '00000000-0000-0000-0000-000000000000', null),
('e05f4685-14fa-42f4-89c5-9a26fc7355ff', False, 'talpa', 'Talpa', null, ST_GeomFromText('POINT(-105.5811 36.3031)',4326), null, null, '2021-02-26T13:47:59.244343Z', null, '98a61f29-18a8-430a-9d02-0f53486e0984', '57fc22a2-b536-45a3-afbb-e5d0e3a422c6', '00000000-0000-0000-0000-000000000000', null),
('3da81b21-281a-47aa-93a8-7df6cb62ddbb', False, 'cochiti-santa-fe', 'Cochiti Santa Fe', null, ST_GeomFromText('POINT(-106.2289 35.5472)',4326), null, null, '2021-02-26T13:47:59.244450Z', null, '98a61f29-18a8-430a-9d02-0f53486e0984', '57fc22a2-b536-45a3-afbb-e5d0e3a422c6', '00000000-0000-0000-0000-000000000000', null),
('8e355bce-e0b3-4fd8-92ad-33a29ed9ae04', False, 'fishtail-rd', 'Fishtail rd', null, ST_GeomFromText('POINT(-106.4708 36.7381)',4326), null, null, '2021-02-26T13:47:59.244549Z', null, '98a61f29-18a8-430a-9d02-0f53486e0984', '57fc22a2-b536-45a3-afbb-e5d0e3a422c6', '00000000-0000-0000-0000-000000000000', null),
('c1d2051c-417f-433f-8062-d7a04bef3375', False, 'romero-dtch', 'Romero Dtch', null, ST_GeomFromText('POINT(-106.0384 37.0869)',4326), null, null, '2021-02-26T13:47:59.244713Z', null, '98a61f29-18a8-430a-9d02-0f53486e0984', '57fc22a2-b536-45a3-afbb-e5d0e3a422c6', '00000000-0000-0000-0000-000000000000', null),
('37b0a52a-a68f-4293-b0ae-779f782d24cb', False, 'manassa-dtch', 'Manassa Dtch', null, ST_GeomFromText('POINT(-106.0054 37.1054)',4326), null, null, '2021-02-26T13:47:59.244933Z', null, '98a61f29-18a8-430a-9d02-0f53486e0984', '57fc22a2-b536-45a3-afbb-e5d0e3a422c6', '00000000-0000-0000-0000-000000000000', null),
('5e9ed5a9-65c9-4790-95c0-ca296cc1d8b7', False, 'san-luis-val-cn', 'San Luis Val Cn', null, ST_GeomFromText('POINT(-106.0513 37.5767)',4326), null, null, '2021-02-26T13:47:59.245059Z', null, '98a61f29-18a8-430a-9d02-0f53486e0984', '57fc22a2-b536-45a3-afbb-e5d0e3a422c6', '00000000-0000-0000-0000-000000000000', null),
('80d5b832-5e36-4d72-98a8-60feb8bab595', False, 'prwp-dtch', 'PRWP Dtch', null, ST_GeomFromText('POINT(-107.3214 37.6669)',4326), null, null, '2021-02-26T13:47:59.245156Z', null, '98a61f29-18a8-430a-9d02-0f53486e0984', '57fc22a2-b536-45a3-afbb-e5d0e3a422c6', '00000000-0000-0000-0000-000000000000', null),
('ee443f68-f0c5-463d-bd21-603a078c3e3e', False, 'south-fork-bear', 'South Fork Bear', null, ST_GeomFromText('POINT(-106.6082 37.6798)',4326), null, null, '2021-02-26T13:47:59.245250Z', null, '98a61f29-18a8-430a-9d02-0f53486e0984', '57fc22a2-b536-45a3-afbb-e5d0e3a422c6', '00000000-0000-0000-0000-000000000000', null),
('e30ca65a-0a4f-4b5f-aeb7-0e7b57782eab', False, 'bluewater', 'Bluewater', null, ST_GeomFromText('POINT(-108.1114 35.2925)',4326), null, null, '2021-02-26T13:47:59.245339Z', null, '98a61f29-18a8-430a-9d02-0f53486e0984', '57fc22a2-b536-45a3-afbb-e5d0e3a422c6', '00000000-0000-0000-0000-000000000000', null),
('98f87044-f302-4c90-829a-6b5b192fa470', False, 'conejos', 'Conejos', null, ST_GeomFromText('POINT(-106.0069 37.1015)',4326), null, null, '2021-02-26T13:47:59.245434Z', null, '98a61f29-18a8-430a-9d02-0f53486e0984', '57fc22a2-b536-45a3-afbb-e5d0e3a422c6', '00000000-0000-0000-0000-000000000000', null),
('34bc7d15-6f14-4861-822b-db696016fe51', False, 'monte-vista-cn', 'Monte Vista Cn', null, ST_GeomFromText('POINT(-106.222 37.616)',4326), null, null, '2021-02-26T13:47:59.245519Z', null, '98a61f29-18a8-430a-9d02-0f53486e0984', '57fc22a2-b536-45a3-afbb-e5d0e3a422c6', '00000000-0000-0000-0000-000000000000', null),
('ca7d8323-f719-4298-bf69-56547dd1cf29', False, 'mountain-home', 'Mountain Home', null, ST_GeomFromText('POINT(-105.3936 37.3931)',4326), null, null, '2021-02-26T13:47:59.245612Z', null, '98a61f29-18a8-430a-9d02-0f53486e0984', '57fc22a2-b536-45a3-afbb-e5d0e3a422c6', '00000000-0000-0000-0000-000000000000', null),
('27ec595d-f702-41d0-9505-9ef21e36344c', False, 'mountain-home-ds', 'Mountain Home DS', null, ST_GeomFromText('POINT(-105.395 37.394)',4326), null, null, '2021-02-26T13:47:59.245612Z', null, '98a61f29-18a8-430a-9d02-0f53486e0984', '57fc22a2-b536-45a3-afbb-e5d0e3a422c6', '00000000-0000-0000-0000-000000000000', null),
('5fdeef9f-b71c-4944-97b0-7ae4185e089f', False, 'jasper-ds', 'Jasper DS', null, ST_GeomFromText('POINT(-106.3773 37.3889)',4326), null, null, '2021-02-26T13:47:59.245855Z', null, '98a61f29-18a8-430a-9d02-0f53486e0984', '57fc22a2-b536-45a3-afbb-e5d0e3a422c6', '00000000-0000-0000-0000-000000000000', null),
('26df282b-0093-4150-844e-c2618a332b1a', False, 'jasper-us', 'Jasper US', null, ST_GeomFromText('POINT(-106.522 37.4025)',4326), null, null, '2021-02-26T13:47:59.245952Z', null, '98a61f29-18a8-430a-9d02-0f53486e0984', '57fc22a2-b536-45a3-afbb-e5d0e3a422c6', '00000000-0000-0000-0000-000000000000', null),
('2a4a538d-54f3-4292-9092-80f03c463f3e', False, 'marshall-park-cg', 'Marshall Park CG', null, ST_GeomFromText('POINT(-106.9819 37.7932)',4326), null, null, '2021-02-26T13:47:59.246045Z', null, '98a61f29-18a8-430a-9d02-0f53486e0984', '57fc22a2-b536-45a3-afbb-e5d0e3a422c6', '00000000-0000-0000-0000-000000000000', null),
('34d4b55e-1bdb-4fea-b235-3df630b4d2ca', False, 'humphreys-us', 'Humphreys US', null, ST_GeomFromText('POINT(-106.8593 37.6764)',4326), null, null, '2021-02-26T13:47:59.246145Z', null, '98a61f29-18a8-430a-9d02-0f53486e0984', '57fc22a2-b536-45a3-afbb-e5d0e3a422c6', '00000000-0000-0000-0000-000000000000', null),
('d354581c-8095-4dc6-b635-5caf3809406b', False, 'terrace', 'Terrace', null, ST_GeomFromText('POINT(-106.285 37.3572)',4326), null, null, '2021-02-26T13:47:59.246269Z', null, '98a61f29-18a8-430a-9d02-0f53486e0984', '57fc22a2-b536-45a3-afbb-e5d0e3a422c6', '00000000-0000-0000-0000-000000000000', null),
('9868e4a8-80e6-4fe7-9e52-16d831c52bb9', False, 'conejos-n-b', 'Conejos N B', null, ST_GeomFromText('POINT(-106.0091 37.1018)',4326), null, null, '2021-02-26T13:47:59.246365Z', null, '98a61f29-18a8-430a-9d02-0f53486e0984', '57fc22a2-b536-45a3-afbb-e5d0e3a422c6', '00000000-0000-0000-0000-000000000000', null),
('fa8c0770-cbfd-4826-b87e-6850b226c7c2', False, 'tabor-dtch', 'Tabor Dtch', null, ST_GeomFromText('POINT(-107.1587 37.8728)',4326), null, null, '2021-02-26T13:47:59.246463Z', null, '98a61f29-18a8-430a-9d02-0f53486e0984', '57fc22a2-b536-45a3-afbb-e5d0e3a422c6', '00000000-0000-0000-0000-000000000000', null),
('0c45b90e-3e71-44bf-8f7d-c1122c94a70b', False, 'beaver-creek-ds', 'Beaver Creek DS', null, ST_GeomFromText('POINT(-106.6675 37.5989)',4326), null, null, '2021-02-26T13:47:59.246555Z', null, '98a61f29-18a8-430a-9d02-0f53486e0984', '57fc22a2-b536-45a3-afbb-e5d0e3a422c6', '00000000-0000-0000-0000-000000000000', null),
('0de35e43-0689-4867-b46c-e3511a3f2225', False, 'wagon-wg-goose', 'Wagon WG Goose', null, ST_GeomFromText('POINT(-106.83 37.7519)',4326), null, null, '2021-02-26T13:47:59.246644Z', null, '98a61f29-18a8-430a-9d02-0f53486e0984', '57fc22a2-b536-45a3-afbb-e5d0e3a422c6', '00000000-0000-0000-0000-000000000000', null),
('13df43fd-33cb-418b-bb8c-3436739c0151', False, 'del-norte-san-fr', 'Del Norte San Fr', null, ST_GeomFromText('POINT(-106.3702 37.5793)',4326), null, null, '2021-02-26T13:47:59.246753Z', null, '98a61f29-18a8-430a-9d02-0f53486e0984', '57fc22a2-b536-45a3-afbb-e5d0e3a422c6', '00000000-0000-0000-0000-000000000000', null),
('42dadea1-0eb4-4701-aa7e-f42a25048f52', False, 'hayner-bridge', 'Hayner Bridge', null, ST_GeomFromText('POINT(-107.0194 32.6133)',4326), null, null, '2021-02-26T13:47:59.246850Z', null, '98a61f29-18a8-430a-9d02-0f53486e0984', '57fc22a2-b536-45a3-afbb-e5d0e3a422c6', '00000000-0000-0000-0000-000000000000', null),
('5a736f7f-a851-4317-a3f2-e2cded43d813', False, 'anthony', 'Anthony', null, ST_GeomFromText('POINT(-106.6014 31.915)',4326), null, null, '2021-02-26T13:47:59.247005Z', null, '98a61f29-18a8-430a-9d02-0f53486e0984', '57fc22a2-b536-45a3-afbb-e5d0e3a422c6', '00000000-0000-0000-0000-000000000000', null),
('f26e0d91-dba0-42de-874c-fbcfbdb5da36', False, 'american-cn', 'American Cn', null, ST_GeomFromText('POINT(-106.5264 31.7778)',4326), null, null, '2021-02-26T13:47:59.247142Z', null, '98a61f29-18a8-430a-9d02-0f53486e0984', '57fc22a2-b536-45a3-afbb-e5d0e3a422c6', '00000000-0000-0000-0000-000000000000', null),
('24fac444-e299-4bd4-af4f-8b3e3324b533', False, 'ft-quitman', 'Ft Quitman', null, ST_GeomFromText('POINT(-105.6083 31.0861)',4326), null, null, '2021-02-26T13:47:59.247206Z', null, '98a61f29-18a8-430a-9d02-0f53486e0984', '57fc22a2-b536-45a3-afbb-e5d0e3a422c6', '00000000-0000-0000-0000-000000000000', null),
('40fcafbc-dab5-4639-835d-298629ffe322', False, 'candelaria', 'Candelaria', null, ST_GeomFromText('POINT(-104.6861 30.175)',4326), null, null, '2021-02-26T13:47:59.247295Z', null, '98a61f29-18a8-430a-9d02-0f53486e0984', '57fc22a2-b536-45a3-afbb-e5d0e3a422c6', '00000000-0000-0000-0000-000000000000', null),
('45bc3b13-7457-4990-bf12-5e4ca28dec2d', False, 'presidio-us', 'Presidio US', null, ST_GeomFromText('POINT(-104.4514 29.6042)',4326), null, null, '2021-02-26T13:47:59.247384Z', null, '98a61f29-18a8-430a-9d02-0f53486e0984', '57fc22a2-b536-45a3-afbb-e5d0e3a422c6', '00000000-0000-0000-0000-000000000000', null),
('c8542179-c161-4a4e-9d65-454728eb5859', False, 'presidio', 'Presidio', null, ST_GeomFromText('POINT(-104.3936 29.5578)',4326), null, null, '2021-02-26T13:47:59.247472Z', null, '98a61f29-18a8-430a-9d02-0f53486e0984', '57fc22a2-b536-45a3-afbb-e5d0e3a422c6', '00000000-0000-0000-0000-000000000000', null),
('eaf3405e-69e5-4361-968d-5ccf9279bdde', False, 'american-ds', 'American DS', null, ST_GeomFromText('POINT(-106.5222 31.7761)',4326), null, null, '2021-02-26T13:47:59.247566Z', null, '98a61f29-18a8-430a-9d02-0f53486e0984', '57fc22a2-b536-45a3-afbb-e5d0e3a422c6', '00000000-0000-0000-0000-000000000000', null),
('014fa576-0a71-4446-8cbf-e98692e1f4b0', False, 'mesilla-ds', 'Mesilla DS', null, ST_GeomFromText('POINT(-106.7717 32.2103)',4326), null, null, '2021-02-26T13:47:59.247627Z', null, '98a61f29-18a8-430a-9d02-0f53486e0984', '57fc22a2-b536-45a3-afbb-e5d0e3a422c6', '00000000-0000-0000-0000-000000000000', null),
('cfb1faae-8fd0-4f99-8aef-c8bd13c36e87', False, 'rio-conchos', 'Rio Conchos', null, ST_GeomFromText('POINT(-104.43 29.5833)',4326), null, null, '2021-02-26T13:47:59.247684Z', null, '98a61f29-18a8-430a-9d02-0f53486e0984', '57fc22a2-b536-45a3-afbb-e5d0e3a422c6', '00000000-0000-0000-0000-000000000000', null),
('c68eaaac-77a5-4465-911a-197bf7b70913', False, 'leasburg-ds', 'Leasburg DS', null, ST_GeomFromText('POINT(-106.9194 32.4764)',4326), null, null, '2021-02-26T13:47:59.247816Z', null, '98a61f29-18a8-430a-9d02-0f53486e0984', '57fc22a2-b536-45a3-afbb-e5d0e3a422c6', '00000000-0000-0000-0000-000000000000', null),
('49411414-3ab4-4dad-a08b-926e355414ad', False, 'presidio-alamito', 'Presidio Alamito', null, ST_GeomFromText('POINT(-104.2875 29.5236)',4326), null, null, '2021-02-26T13:47:59.247972Z', null, '98a61f29-18a8-430a-9d02-0f53486e0984', '57fc22a2-b536-45a3-afbb-e5d0e3a422c6', '00000000-0000-0000-0000-000000000000', null),
('23959828-b5a8-44ed-9960-edcd03398d5d', False, 'sanchez-res', 'Sanchez Res', null, ST_GeomFromText('POINT(-105.4125 37.1136)',4326), null, null, '2021-02-26T13:47:59.248067Z', null, '98a61f29-18a8-430a-9d02-0f53486e0984', '57fc22a2-b536-45a3-afbb-e5d0e3a422c6', '00000000-0000-0000-0000-000000000000', null),
('93410988-7355-4e3d-8a32-29b38e6d9071', False, 'sanchez-res-ds', 'Sanchez Res DS', null, ST_GeomFromText('POINT(-105.4092 37.1143)',4326), null, null, '2021-02-26T13:47:59.248067Z', null, '98a61f29-18a8-430a-9d02-0f53486e0984', '57fc22a2-b536-45a3-afbb-e5d0e3a422c6', '00000000-0000-0000-0000-000000000000', null),
('6a5b50ee-6dfd-478c-8940-500a03f96d04', False, 'rio-grande-res', 'Rio Grande Res', null, ST_GeomFromText('POINT(-107.2676 37.7219)',4326), null, null, '2021-02-26T13:47:59.248256Z', null, '98a61f29-18a8-430a-9d02-0f53486e0984', '57fc22a2-b536-45a3-afbb-e5d0e3a422c6', '00000000-0000-0000-0000-000000000000', null),
('6c5c5d99-b9b0-4f5f-8b2c-b0f52ea3a6ac', False, 'johnson-ranch', 'Johnson Ranch', null, ST_GeomFromText('POINT(-103.3903 29.0347)',4326), null, null, '2021-02-26T13:47:59.248333Z', null, '98a61f29-18a8-430a-9d02-0f53486e0984', '57fc22a2-b536-45a3-afbb-e5d0e3a422c6', '00000000-0000-0000-0000-000000000000', null),
('86e5c3f9-a95a-467f-93aa-b501ed67f993', False, 'presidio-ds', 'Presidio DS', null, ST_GeomFromText('POINT(-104.2864 29.5192)',4326), null, null, '2021-02-26T13:47:59.248426Z', null, '98a61f29-18a8-430a-9d02-0f53486e0984', '57fc22a2-b536-45a3-afbb-e5d0e3a422c6', '00000000-0000-0000-0000-000000000000', null),
('49f27fd8-b4b9-4d40-92d9-efc8625d8a8b', False, 'mcclure-us', 'McClure US', null, ST_GeomFromText('POINT(-105.8228 35.6889)',4326), null, null, '2021-02-26T13:47:59.248525Z', null, '98a61f29-18a8-430a-9d02-0f53486e0984', '57fc22a2-b536-45a3-afbb-e5d0e3a422c6', '00000000-0000-0000-0000-000000000000', null),
('7ef2d5a0-d336-475e-a73a-6c2eca23b5dc', False, 'tijeras-arroyo', 'Tijeras Arroyo', null, ST_GeomFromText('POINT(-106.6575 35.0019)',4326), null, null, '2021-02-26T13:47:59.248591Z', null, '98a61f29-18a8-430a-9d02-0f53486e0984', '57fc22a2-b536-45a3-afbb-e5d0e3a422c6', '00000000-0000-0000-0000-000000000000', null),
('651112dd-5501-4c1c-8424-bee99f62cd9d', False, 'santa-fe-tesq', 'Santa Fe Tesq', null, ST_GeomFromText('POINT(-105.905 35.7394)',4326), null, null, '2021-02-26T13:47:59.248687Z', null, '98a61f29-18a8-430a-9d02-0f53486e0984', '57fc22a2-b536-45a3-afbb-e5d0e3a422c6', '00000000-0000-0000-0000-000000000000', null),
('cc9f859c-c655-4009-a114-e4a329d04e2a', False, 'costilla-ds', 'Costilla DS', null, ST_GeomFromText('POINT(-105.2837 36.8728)',4326), null, null, '2021-02-26T13:47:59.248759Z', null, '98a61f29-18a8-430a-9d02-0f53486e0984', '57fc22a2-b536-45a3-afbb-e5d0e3a422c6', '00000000-0000-0000-0000-000000000000', null),
('0f881d63-b482-4109-9b0f-d1133205387a', False, 'south-fork-us', 'South Fork US', null, ST_GeomFromText('POINT(-106.7534 37.5744)',4326), null, null, '2021-02-26T13:47:59.248826Z', null, '98a61f29-18a8-430a-9d02-0f53486e0984', '57fc22a2-b536-45a3-afbb-e5d0e3a422c6', '00000000-0000-0000-0000-000000000000', null),
('54c83a36-68a1-4b90-aa6c-62ca6e253108', False, 'box-canyon', 'Box Canyon', null, ST_GeomFromText('POINT(-107.1413 37.7746)',4326), null, null, '2021-02-26T13:47:59.248916Z', null, '98a61f29-18a8-430a-9d02-0f53486e0984', '57fc22a2-b536-45a3-afbb-e5d0e3a422c6', '00000000-0000-0000-0000-000000000000', null),
('63d29915-de87-47e3-8646-95db8f4ae62d', False, 'farmers-union-cn', 'Farmers Union Cn', null, ST_GeomFromText('POINT(-106.2639 37.6659)',4326), null, null, '2021-02-26T13:47:59.249007Z', null, '98a61f29-18a8-430a-9d02-0f53486e0984', '57fc22a2-b536-45a3-afbb-e5d0e3a422c6', '00000000-0000-0000-0000-000000000000', null),
('78b11ece-2a26-452b-a48c-bb50e103bbd2', False, 'empire-cn', 'Empire Cn', null, ST_GeomFromText('POINT(-106.1055 37.5808)',4326), null, null, '2021-02-26T13:47:59.249064Z', null, '98a61f29-18a8-430a-9d02-0f53486e0984', '57fc22a2-b536-45a3-afbb-e5d0e3a422c6', '00000000-0000-0000-0000-000000000000', null),
('3491b536-fec6-44ec-9c13-e0bd4ff43183', False, 'garcia', 'Garcia', null, ST_GeomFromText('POINT(-105.5325 36.989)',4326), null, null, '2021-02-26T13:47:59.249120Z', null, '98a61f29-18a8-430a-9d02-0f53486e0984', '57fc22a2-b536-45a3-afbb-e5d0e3a422c6', '00000000-0000-0000-0000-000000000000', null),
('fafb3a99-b629-4502-ae83-3bc50f4f03cd', False, 'chama', 'Chama', null, ST_GeomFromText('POINT(-106.5547 36.935)',4326), null, null, '2021-02-26T13:47:59.249184Z', null, '98a61f29-18a8-430a-9d02-0f53486e0984', '57fc22a2-b536-45a3-afbb-e5d0e3a422c6', '00000000-0000-0000-0000-000000000000', null),
('322157d3-60c4-4a9c-9552-a633edfecbb5', False, 'norton-drain', 'Norton Drain', null, ST_GeomFromText('POINT(-105.7715 37.3346)',4326), null, null, '2021-02-26T13:47:59.249241Z', null, '98a61f29-18a8-430a-9d02-0f53486e0984', '57fc22a2-b536-45a3-afbb-e5d0e3a422c6', '00000000-0000-0000-0000-000000000000', null),
('049b9c4e-d588-4253-82d6-57c27736c88e', False, 'norton-drain-s', 'Norton Drain S', null, ST_GeomFromText('POINT(-105.8547 37.2986)',4326), null, null, '2021-02-26T13:47:59.249301Z', null, '98a61f29-18a8-430a-9d02-0f53486e0984', '57fc22a2-b536-45a3-afbb-e5d0e3a422c6', '00000000-0000-0000-0000-000000000000', null),
('ac478fba-642e-4ada-ad19-159cd9f139ba', False, 'mountain-home-us', 'Mountain Home US', null, ST_GeomFromText('POINT(-105.3689 37.3947)',4326), null, null, '2021-02-26T13:47:59.249407Z', null, '98a61f29-18a8-430a-9d02-0f53486e0984', '57fc22a2-b536-45a3-afbb-e5d0e3a422c6', '00000000-0000-0000-0000-000000000000', null),
('c9c46733-ba91-4ba4-a336-24c7ecce6c5b', False, 'costilla-dtch-al', 'Costilla Dtch Al', null, ST_GeomFromText('POINT(-105.9488 37.5527)',4326), null, null, '2021-02-26T13:47:59.249477Z', null, '98a61f29-18a8-430a-9d02-0f53486e0984', '57fc22a2-b536-45a3-afbb-e5d0e3a422c6', '00000000-0000-0000-0000-000000000000', null),
('274a4d74-3f0f-4d10-8f85-96b74efe0b82', False, 'centennial-cn', 'Centennial Cn', null, ST_GeomFromText('POINT(-106.0704 37.5719)',4326), null, null, '2021-02-26T13:47:59.249534Z', null, '98a61f29-18a8-430a-9d02-0f53486e0984', '57fc22a2-b536-45a3-afbb-e5d0e3a422c6', '00000000-0000-0000-0000-000000000000', null),
('e26da2c4-046d-475b-bd72-331a4ef399bf', False, 'rawsrget2', 'RawsRGET2', null, ST_GeomFromText('POINT(-102.9631 29.1858)',4326), null, null, '2021-02-26T13:47:59.249614Z', null, '98a61f29-18a8-430a-9d02-0f53486e0984', '57fc22a2-b536-45a3-afbb-e5d0e3a422c6', '00000000-0000-0000-0000-000000000000', null),
('be971b38-0145-4606-96d9-4683aa87f04b', False, 'langtry', 'Langtry', null, ST_GeomFromText('POINT(-101.4458 29.8028)',4326), null, null, '2021-02-26T13:47:59.250122Z', null, '98a61f29-18a8-430a-9d02-0f53486e0984', '57fc22a2-b536-45a3-afbb-e5d0e3a422c6', '00000000-0000-0000-0000-000000000000', null),
('d8f87da6-3ebe-4fc4-83f4-2ab5183d662c', False, 'rawswdrn5', 'RawsWDRN5', null, ST_GeomFromText('POINT(-105.6689 36.695)',4326), null, null, '2021-02-26T13:47:59.250226Z', null, '98a61f29-18a8-430a-9d02-0f53486e0984', '57fc22a2-b536-45a3-afbb-e5d0e3a422c6', '00000000-0000-0000-0000-000000000000', null);

--INSERT INSTRUMENT STATUS--
INSERT INTO public.instrument_status(id, instrument_id, status_id, "time")
 VALUES 
('93673a66-a135-42f3-8099-74ebd3036328', 'f6bc3d10-e8a4-4254-9455-399764942e94', 'e26ba2ef-9b52-4c71-97df-9e4b6cf4174d', '2021-02-26T13:47:59.180469Z'),
('d9944345-ea63-4e20-8d3e-b03b7469e086', '1d332296-a710-4186-b93e-5399a178c5dc', 'e26ba2ef-9b52-4c71-97df-9e4b6cf4174d', '2021-02-26T13:47:59.181878Z'),
('04c84324-0c59-46ac-8697-bdcae3800bd9', '0cf31411-9da6-403d-8610-7b3d1b48f138', 'e26ba2ef-9b52-4c71-97df-9e4b6cf4174d', '2021-02-26T13:47:59.182451Z'),
('7a824c70-1eaf-4c66-b6c3-d5b39f6ac9d6', '35e37fbc-d925-4b9f-847b-6685966f436e', 'e26ba2ef-9b52-4c71-97df-9e4b6cf4174d', '2021-02-26T13:47:59.182942Z'),
('83d4aaeb-ce91-470b-8b10-83ef643b1d12', '8df377de-52c1-47e7-a652-c2e7f7e88187', 'e26ba2ef-9b52-4c71-97df-9e4b6cf4174d', '2021-02-26T13:47:59.185857Z'),
('44729392-a21c-408f-a1e5-2e54b194dd31', 'be7316b0-1129-405f-8e9e-3f65483d01a9', 'e26ba2ef-9b52-4c71-97df-9e4b6cf4174d', '2021-02-26T13:47:59.187693Z'),
('f11d0671-3560-4a37-b426-243dc9ef90cc', '97096472-0bda-4557-9abb-7a8f719d233c', 'e26ba2ef-9b52-4c71-97df-9e4b6cf4174d', '2021-02-26T13:47:59.189386Z'),
('c6877579-2002-4fcd-adf6-d412a3bd1bf4', '4c74daef-d57d-4ad5-9ac3-4d8e99ea842f', 'e26ba2ef-9b52-4c71-97df-9e4b6cf4174d', '2021-02-26T13:47:59.190867Z'),
('afd4145b-fa15-4360-858f-7f26bce6dec5', 'cf6c8579-0df7-4609-ba63-8c1b7e5efad1', 'e26ba2ef-9b52-4c71-97df-9e4b6cf4174d', '2021-02-26T13:47:59.192125Z'),
('72787d1a-279c-4cd2-95ed-247b4e106d4a', 'cf47c0a7-d75e-4f35-9d0d-903564e03d21', 'e26ba2ef-9b52-4c71-97df-9e4b6cf4174d', '2021-02-26T13:47:59.193320Z'),
('33f8e694-eb6c-4447-b0cb-6150c6675214', 'bbd17dde-1d94-47c4-83bf-c5b193b629ae', 'e26ba2ef-9b52-4c71-97df-9e4b6cf4174d', '2021-02-26T13:47:59.194493Z'),
('0daf2390-b65f-4f73-8576-7b13d7ac4c11', 'd2f399cb-600f-43cf-bb8f-7e98181f1657', 'e26ba2ef-9b52-4c71-97df-9e4b6cf4174d', '2021-02-26T13:47:59.195623Z'),
('87835c60-7d53-484f-b89e-6379cd5c6620', 'e54f602c-0f56-4f7b-bddd-4073f6857b26', 'e26ba2ef-9b52-4c71-97df-9e4b6cf4174d', '2021-02-26T13:47:59.196552Z'),
('9eb26bd4-a83b-47a7-b939-734c792860ae', '1c3ce32c-791a-4dd8-9d11-7371b8449b8c', 'e26ba2ef-9b52-4c71-97df-9e4b6cf4174d', '2021-02-26T13:47:59.197505Z'),
('6a852734-18c8-4925-80c6-5fd897f528cb', '6cc704d8-0e05-4409-8e0a-23e3ca45beb7', 'e26ba2ef-9b52-4c71-97df-9e4b6cf4174d', '2021-02-26T13:47:59.198401Z'),
('a80559de-b544-4854-8d24-17dbfc67ffe4', '9d78879b-c680-4b1d-8163-76f941432512', 'e26ba2ef-9b52-4c71-97df-9e4b6cf4174d', '2021-02-26T13:47:59.199344Z'),
('eccbaee9-c7f1-4091-8829-dac55a28412f', '7e3d7202-548e-4bc2-9ed0-e2838eca0073', 'e26ba2ef-9b52-4c71-97df-9e4b6cf4174d', '2021-02-26T13:47:59.200245Z'),
('76f0273b-6ca3-485e-ae8e-c932ee991916', 'a29c85ae-0e4f-42ed-b428-a415e3f324f2', 'e26ba2ef-9b52-4c71-97df-9e4b6cf4174d', '2021-02-26T13:47:59.201184Z'),
('5dcabd7a-32a0-4808-8187-26db972b2b37', '2b3a8774-22f9-4852-9b60-8d4168c6f99a', 'e26ba2ef-9b52-4c71-97df-9e4b6cf4174d', '2021-02-26T13:47:59.202092Z'),
('d07c10e4-2394-4e36-b02d-1d0d27e762f4', '848ee3a8-4e52-44f7-aebe-d88e4b67e431', 'e26ba2ef-9b52-4c71-97df-9e4b6cf4174d', '2021-02-26T13:47:59.202906Z'),
('fd531f86-687f-461a-bdbc-34b3ae81950f', '0d5dcb49-ac75-48c1-aa56-0e61b3ed3f84', 'e26ba2ef-9b52-4c71-97df-9e4b6cf4174d', '2021-02-26T13:47:59.203641Z'),
('4423bed9-68b9-4de2-b71f-948e9f71ae49', 'cd3e6cb0-c19e-4fdf-8d8e-17e8870a99df', 'e26ba2ef-9b52-4c71-97df-9e4b6cf4174d', '2021-02-26T13:47:59.204516Z'),
('c1a0aca9-cbd9-45c6-80bd-65db793eb92b', '16ea2fd7-6154-4ca7-ae59-08f45b223094', 'e26ba2ef-9b52-4c71-97df-9e4b6cf4174d', '2021-02-26T13:47:59.205332Z'),
('40d7dc76-7200-437b-aa80-d867c48c5915', '4af67029-704f-478c-beb6-6cdfdcedee94', 'e26ba2ef-9b52-4c71-97df-9e4b6cf4174d', '2021-02-26T13:47:59.206071Z'),
('1b16e595-be88-435b-b817-2f8d86ad9471', 'cd15007c-a6f2-4b78-b6ea-761bd3060c62', 'e26ba2ef-9b52-4c71-97df-9e4b6cf4174d', '2021-02-26T13:47:59.206748Z'),
('13e9ed56-da8d-49ca-b9a7-43e9ccfd2087', '9378319f-159d-458f-873b-87cc522f40b5', 'e26ba2ef-9b52-4c71-97df-9e4b6cf4174d', '2021-02-26T13:47:59.207458Z'),
('1fc242c2-e8d3-45d8-9a77-feaa8ccb681d', '3f3eff82-7c3d-4092-a83e-24116d1ad163', 'e26ba2ef-9b52-4c71-97df-9e4b6cf4174d', '2021-02-26T13:47:59.208111Z'),
('688967df-f6bf-480c-9141-1373e6756086', 'b39529d5-c54a-4ea5-b40f-9c8293c568bd', 'e26ba2ef-9b52-4c71-97df-9e4b6cf4174d', '2021-02-26T13:47:59.208779Z'),
('29004dbb-f3bb-49d9-9021-92099418d784', '0e492f63-7701-4a61-9bb7-61edfc6098aa', 'e26ba2ef-9b52-4c71-97df-9e4b6cf4174d', '2021-02-26T13:47:59.209420Z'),
('d8b3d324-b036-426d-bead-8c5b3e6c58f4', '7730e99f-a484-4f3b-8ea2-3a55267956e0', 'e26ba2ef-9b52-4c71-97df-9e4b6cf4174d', '2021-02-26T13:47:59.210065Z'),
('552a5c0a-285d-495c-8eca-c60c90848628', '8b8ed50c-4ead-4b39-bcce-2e85f125c9c4', 'e26ba2ef-9b52-4c71-97df-9e4b6cf4174d', '2021-02-26T13:47:59.210710Z'),
('01be5d5c-ca4b-481c-9c1a-110187a20e64', 'f7be6fea-53ad-449d-b1e0-5626e65d3573', 'e26ba2ef-9b52-4c71-97df-9e4b6cf4174d', '2021-02-26T13:47:59.211334Z'),
('567ef8aa-d7e0-4d65-b630-e407e7e00247', '96021d8e-605c-47e4-862e-cf750724059f', 'e26ba2ef-9b52-4c71-97df-9e4b6cf4174d', '2021-02-26T13:47:59.211896Z'),
('fb351b78-0020-4237-b397-a6e840bcae3f', '45872e53-dd92-4054-9161-18f0b690a2ad', 'e26ba2ef-9b52-4c71-97df-9e4b6cf4174d', '2021-02-26T13:47:59.212496Z'),
('d5b7d82b-acf0-4d2d-9886-d8562e1f36df', '4d72f392-5f02-47c4-99cc-f70371fec331', 'e26ba2ef-9b52-4c71-97df-9e4b6cf4174d', '2021-02-26T13:47:59.213112Z'),
('727694c1-1464-4ea7-a0bc-9757e10c6b51', '36d0d4d4-db46-4e27-bcb9-ec73fb1fb40c', 'e26ba2ef-9b52-4c71-97df-9e4b6cf4174d', '2021-02-26T13:47:59.213615Z'),
('2451318a-687c-4f04-84ba-3bd01f4a9805', 'e39a07db-d64f-4298-a4ed-4ef6fd347eae', 'e26ba2ef-9b52-4c71-97df-9e4b6cf4174d', '2021-02-26T13:47:59.214181Z'),
('c27119f4-4433-4646-8788-d61ee76d0b59', 'ce677a9a-c732-48c0-8adc-e12e26376613', 'e26ba2ef-9b52-4c71-97df-9e4b6cf4174d', '2021-02-26T13:47:59.214735Z'),
('72c4912c-2fbc-4009-8895-359946aa6832', 'f107a51b-ba55-4b1d-9104-4374498e843c', 'e26ba2ef-9b52-4c71-97df-9e4b6cf4174d', '2021-02-26T13:47:59.215318Z'),
('5c730c53-b2a7-4ccd-b0dd-4f4893ab699e', '83863eae-9537-4ec4-89d7-643f59054c31', 'e26ba2ef-9b52-4c71-97df-9e4b6cf4174d', '2021-02-26T13:47:59.215872Z'),
('5601a1c2-c1e9-4180-bdc9-d6c51ee5a418', '0c6ee9f5-aa5f-40cb-8758-aa71eaa270ba', 'e26ba2ef-9b52-4c71-97df-9e4b6cf4174d', '2021-02-26T13:47:59.216368Z'),
('90343dc6-b42a-415c-900d-7d1038914b4e', '67ca921e-b117-4b7f-acbb-892a85703af1', 'e26ba2ef-9b52-4c71-97df-9e4b6cf4174d', '2021-02-26T13:47:59.216882Z'),
('75377526-6b0d-4640-b03d-89b4c70384a4', '326495c6-8a4e-44be-8e7d-14870e2d4d4c', 'e26ba2ef-9b52-4c71-97df-9e4b6cf4174d', '2021-02-26T13:47:59.217382Z'),
('b116b8cb-cd3a-41a6-93d8-fe2784d9a773', '8ccf9ac2-74d6-4d65-886e-a1dfd5999f5c', 'e26ba2ef-9b52-4c71-97df-9e4b6cf4174d', '2021-02-26T13:47:59.217891Z'),
('1feed6ee-d858-451e-93ca-44419be780e5', '5c8067c7-fbf5-4fdb-8782-bd31976357cb', 'e26ba2ef-9b52-4c71-97df-9e4b6cf4174d', '2021-02-26T13:47:59.218397Z'),
('f93ed552-e681-4ca3-8c3f-d2d400c70b46', '43762240-901d-4154-94ed-df1bffc27b16', 'e26ba2ef-9b52-4c71-97df-9e4b6cf4174d', '2021-02-26T13:47:59.218924Z'),
('248290a5-3e8e-459d-aaa3-1f27bbb2a71c', 'a3f4e3ea-5649-45d8-9b76-fa46b4e63768', 'e26ba2ef-9b52-4c71-97df-9e4b6cf4174d', '2021-02-26T13:47:59.219446Z'),
('b4c77831-90d5-4bf6-b3c7-75201b56ef37', '38f5eb66-2b68-448b-a0d0-ea717cafb72f', 'e26ba2ef-9b52-4c71-97df-9e4b6cf4174d', '2021-02-26T13:47:59.219940Z'),
('90c9f11c-17b7-4600-9a6e-7ccb1854b0d0', 'ac0ea8e6-7152-434d-b133-2e891ef4746d', 'e26ba2ef-9b52-4c71-97df-9e4b6cf4174d', '2021-02-26T13:47:59.220436Z'),
('80256b6d-316a-4251-88bf-d92c9eb76422', 'fa6ed8a4-7c37-496f-97ce-b983cb002acd', 'e26ba2ef-9b52-4c71-97df-9e4b6cf4174d', '2021-02-26T13:47:59.220955Z'),
('a9cfc664-f4a0-406d-ba1b-1224da6312f0', '1634e6ac-3a25-4873-9056-9b751f4c9085', 'e26ba2ef-9b52-4c71-97df-9e4b6cf4174d', '2021-02-26T13:47:59.221430Z'),
('5be71172-6213-47bb-be9c-8460fe7cbbb9', 'e2c67eb0-fd94-4f3c-a8cb-df0d75fa5c66', 'e26ba2ef-9b52-4c71-97df-9e4b6cf4174d', '2021-02-26T13:47:59.221909Z'),
('d747b633-7960-4f3d-98ea-6df0c5cec20b', '6a13cefc-7cbe-42ae-80b1-82680690600c', 'e26ba2ef-9b52-4c71-97df-9e4b6cf4174d', '2021-02-26T13:47:59.222388Z'),
('f6658d31-9c52-4400-8863-65c4dce429a9', 'bad9030b-8769-47e7-aa20-bae668fbc890', 'e26ba2ef-9b52-4c71-97df-9e4b6cf4174d', '2021-02-26T13:47:59.222857Z'),
('44f59db0-551b-4049-9db4-7e8511933120', '0c98f315-fdb0-4678-8c04-daaa1bc529f0', 'e26ba2ef-9b52-4c71-97df-9e4b6cf4174d', '2021-02-26T13:47:59.223421Z'),
('53eccd05-2fa6-425e-b523-434a4ed87176', '31457314-dfd9-4dee-ba1a-c0d49549f565', 'e26ba2ef-9b52-4c71-97df-9e4b6cf4174d', '2021-02-26T13:47:59.223912Z'),
('c64a05fb-19b4-489b-a173-4902783916c8', '91916ab2-6dd4-45fb-9dbb-a13450b79189', 'e26ba2ef-9b52-4c71-97df-9e4b6cf4174d', '2021-02-26T13:47:59.224360Z'),
('7a1ebfa8-3991-48bf-bbd0-73d7307fa841', '9a7ff071-8f46-4536-998f-104abb80db97', 'e26ba2ef-9b52-4c71-97df-9e4b6cf4174d', '2021-02-26T13:47:59.224866Z'),
('577b7836-0b03-44e4-9ca9-53e06de81188', '0d3496b4-6660-42cd-8ba0-56b79d15a78b', 'e26ba2ef-9b52-4c71-97df-9e4b6cf4174d', '2021-02-26T13:47:59.225200Z'),
('e24b32ad-f9fb-4e49-badc-5b1b2ef9028c', '6fda2fea-8575-47f2-8e23-9512d645aa4e', 'e26ba2ef-9b52-4c71-97df-9e4b6cf4174d', '2021-02-26T13:47:59.225540Z'),
('ae4dbe59-37f7-499b-aefd-28c8ab9078ca', '3da8b882-f71b-4a7e-8bc0-0bd729532df3', 'e26ba2ef-9b52-4c71-97df-9e4b6cf4174d', '2021-02-26T13:47:59.226069Z'),
('567a67a7-c19d-42a2-8fc7-4e5083f284ef', '3b5d759b-d7a9-4295-bea9-f3d3363135fb', 'e26ba2ef-9b52-4c71-97df-9e4b6cf4174d', '2021-02-26T13:47:59.226436Z'),
('0298e8ec-1b92-40a9-a861-04be96077781', 'f2dd02ed-2534-419c-8dc7-f364a4f1d60a', 'e26ba2ef-9b52-4c71-97df-9e4b6cf4174d', '2021-02-26T13:47:59.226786Z'),
('896db4a7-7b80-4c0d-8f29-9525d9fa640b', 'eb02fbc5-d8bd-424e-9d91-1a9be1ea477f', 'e26ba2ef-9b52-4c71-97df-9e4b6cf4174d', '2021-02-26T13:47:59.227162Z'),
('edbb2fa8-82d7-4c91-b4ec-0c03eab6e510', '35187f06-ffac-4953-9240-a3a45d06e6f8', 'e26ba2ef-9b52-4c71-97df-9e4b6cf4174d', '2021-02-26T13:47:59.227510Z'),
('afc82c35-1fc1-4b07-85a6-6d0bd8b290b1', '2cf2c02c-1450-44f4-a014-adbf599439c2', 'e26ba2ef-9b52-4c71-97df-9e4b6cf4174d', '2021-02-26T13:47:59.227844Z'),
('a0d26b1b-088a-4e8c-99fe-e3d46a9a542e', '0b79ce91-886c-4358-94eb-26c52c467872', 'e26ba2ef-9b52-4c71-97df-9e4b6cf4174d', '2021-02-26T13:47:59.228493Z'),
('63d93fbb-d4a5-434d-84b9-6534e0e022ba', '8123b0bb-edd4-4a97-a9a3-3c0447b18ed0', 'e26ba2ef-9b52-4c71-97df-9e4b6cf4174d', '2021-02-26T13:47:59.229020Z'),
('9a3df50d-ad9a-477e-a5f9-2e2b7753efdb', '4e45eaff-0517-42e2-a4d5-9fd88cadba91', 'e26ba2ef-9b52-4c71-97df-9e4b6cf4174d', '2021-02-26T13:47:59.229549Z'),
('3c39e38d-0704-4699-bf13-484a0208268e', 'cab2fd6f-31a7-4f5a-b4c3-ca983668d2ac', 'e26ba2ef-9b52-4c71-97df-9e4b6cf4174d', '2021-02-26T13:47:59.230246Z'),
('f57ace10-1112-40fa-9ad9-65ff974def38', 'c350bbb2-355a-4deb-b146-487b28d0ae28', 'e26ba2ef-9b52-4c71-97df-9e4b6cf4174d', '2021-02-26T13:47:59.230852Z'),
('91e1e832-a73a-4ad1-a46c-2a5c3c47d851', '817692de-892c-4e7d-b184-6717987a23d9', 'e26ba2ef-9b52-4c71-97df-9e4b6cf4174d', '2021-02-26T13:47:59.231504Z'),
('89483a1a-1610-49f9-8688-aa880e2dd42f', '9b1786c7-e264-4827-b234-05809a121043', 'e26ba2ef-9b52-4c71-97df-9e4b6cf4174d', '2021-02-26T13:47:59.232024Z'),
('f607cf90-4817-4186-ad70-4205d573fc27', '987454c8-5c30-407c-9f86-33f66f7dc427', 'e26ba2ef-9b52-4c71-97df-9e4b6cf4174d', '2021-02-26T13:47:59.232694Z'),
('a3cff8d7-b42c-439f-840a-76737dfe9bc1', '136f874f-d353-4f5c-8d76-f3718f23442e', 'e26ba2ef-9b52-4c71-97df-9e4b6cf4174d', '2021-02-26T13:47:59.233427Z'),
('351ad88d-3893-4954-8f1e-66be3f193c2b', 'f083d8bc-2f77-440e-be14-02d8f0e44096', 'e26ba2ef-9b52-4c71-97df-9e4b6cf4174d', '2021-02-26T13:47:59.234185Z'),
('ccab9b5f-e532-451b-bd3a-2b41dbc6b916', '1a21ee0c-6983-4c07-9dc3-63aeb142eb6d', 'e26ba2ef-9b52-4c71-97df-9e4b6cf4174d', '2021-02-26T13:47:59.234823Z'),
('9891c673-42d6-4e3b-b41c-af66296532fc', '6dc36114-508e-47dc-9175-bd5940c9387b', 'e26ba2ef-9b52-4c71-97df-9e4b6cf4174d', '2021-02-26T13:47:59.235568Z'),
('a821da57-bfae-491d-a65d-734f552d7198', 'e6faab79-b133-4b55-9193-d7c3f81107b7', 'e26ba2ef-9b52-4c71-97df-9e4b6cf4174d', '2021-02-26T13:47:59.236342Z'),
('c9365069-8f07-4ee4-aefb-3b83a8cddc99', '7221ab85-e45d-4004-ab28-6e857925cd9e', 'e26ba2ef-9b52-4c71-97df-9e4b6cf4174d', '2021-02-26T13:47:59.237102Z'),
('28e5d7c7-61f7-412b-867f-5d982bf5d80a', 'ea7967f1-5d0c-43a8-af95-de079bc4d536', 'e26ba2ef-9b52-4c71-97df-9e4b6cf4174d', '2021-02-26T13:47:59.237838Z'),
('f2c900ba-75f8-4964-ab47-d86800b8179d', '7caca311-94f1-40ab-a04d-e5c9d3502782', 'e26ba2ef-9b52-4c71-97df-9e4b6cf4174d', '2021-02-26T13:47:59.238582Z'),
('fe2f6c23-49d4-4bb0-adaa-02ae82ecc5b5', '5e253b49-028e-48d0-b6ef-ff7a78f5b1e2', 'e26ba2ef-9b52-4c71-97df-9e4b6cf4174d', '2021-02-26T13:47:59.239316Z'),
('6c826e14-2f7c-4dbc-afa8-65855fc509c1', '44bf8be2-c386-4e4b-919f-cb6837c0d97f', 'e26ba2ef-9b52-4c71-97df-9e4b6cf4174d', '2021-02-26T13:47:59.239861Z'),
('3f615985-dca9-4348-9bdd-7edf7b183ca1', '03f110de-ae88-419c-a9d1-2f4c6cf54dc4', 'e26ba2ef-9b52-4c71-97df-9e4b6cf4174d', '2021-02-26T13:47:59.240460Z'),
('bb39e462-cae8-4c37-b33b-c319e5f75639', '808c3c04-8cfd-4dd5-9851-5ddb6b4d2ca4', 'e26ba2ef-9b52-4c71-97df-9e4b6cf4174d', '2021-02-26T13:47:59.241171Z'),
('f3a3ce39-448a-4f1f-9cde-2d61dec95158', '91ba0363-31f8-4441-a488-56b15db81f91', 'e26ba2ef-9b52-4c71-97df-9e4b6cf4174d', '2021-02-26T13:47:59.241860Z'),
('d5722ca9-86a8-4302-b881-f3a56f7aa8ef', 'cdf68e6f-e704-41de-8406-75e96693e438', 'e26ba2ef-9b52-4c71-97df-9e4b6cf4174d', '2021-02-26T13:47:59.242559Z'),
('ce542173-3b6f-4447-aa70-12ee27c670be', 'f7264984-abea-46ec-9b13-5109d9924170', 'e26ba2ef-9b52-4c71-97df-9e4b6cf4174d', '2021-02-26T13:47:59.242661Z'),
('09dfc839-bb0c-44ad-843e-46a0c2bec3cd', '22221916-e1d5-4c83-83e7-0ff670ad1fef', 'e26ba2ef-9b52-4c71-97df-9e4b6cf4174d', '2021-02-26T13:47:59.242757Z'),
('66848270-da28-4628-8994-1c4977406b55', 'ad54f2fa-0429-44da-ab08-098f2c6e4b67', 'e26ba2ef-9b52-4c71-97df-9e4b6cf4174d', '2021-02-26T13:47:59.242852Z'),
('6b043936-fd7f-40f2-9678-b281f6e35dcc', '274c0a17-99e8-4904-9a98-a16eff929cbe', 'e26ba2ef-9b52-4c71-97df-9e4b6cf4174d', '2021-02-26T13:47:59.242934Z'),
('24b90e47-1a31-497e-adde-d75933d4ac82', '81595cc1-8ec9-49a4-8d51-094ba34d939e', 'e26ba2ef-9b52-4c71-97df-9e4b6cf4174d', '2021-02-26T13:47:59.243013Z'),
('126fb97a-f95c-44f5-81ea-0e981ee0ad68', '3ce79f3c-1f69-4e89-9443-211662aea6dc', 'e26ba2ef-9b52-4c71-97df-9e4b6cf4174d', '2021-02-26T13:47:59.243154Z'),
('3c8fa1b9-7510-4fa8-a406-0f91b5fad858', '61cbadee-9e52-422b-9861-64161e6ca823', 'e26ba2ef-9b52-4c71-97df-9e4b6cf4174d', '2021-02-26T13:47:59.243269Z'),
('47d94382-cf13-4997-83e2-af54c586b2ac', '22417710-fbee-44ee-a8d6-9faed980258b', 'e26ba2ef-9b52-4c71-97df-9e4b6cf4174d', '2021-02-26T13:47:59.243367Z'),
('c65e0027-620a-4ae3-a2e2-2b3874afca4d', '78e56c9b-c516-4755-81ae-49a5b9b1abbc', 'e26ba2ef-9b52-4c71-97df-9e4b6cf4174d', '2021-02-26T13:47:59.243464Z'),
('1c735fbf-1adc-4060-ad6b-2a51304f9e8c', '44834824-2ad2-4051-b7a0-2d635e16e01e', 'e26ba2ef-9b52-4c71-97df-9e4b6cf4174d', '2021-02-26T13:47:59.243622Z'),
('09966e09-ebf5-4013-8587-9a1ac9320d4b', '9a55adcc-2f4e-4327-ad8a-2fe68e8bf8b6', 'e26ba2ef-9b52-4c71-97df-9e4b6cf4174d', '2021-02-26T13:47:59.243774Z'),
('1d48882a-a69c-40f4-8629-2934343f02e3', 'ee54ef5d-05be-416c-a63a-1170d87a7aa7', 'e26ba2ef-9b52-4c71-97df-9e4b6cf4174d', '2021-02-26T13:47:59.243862Z'),
('7c2d139b-85dd-4c10-8522-dc606c7e213a', '4a079f6c-ad88-4412-9777-b223edfffa8f', 'e26ba2ef-9b52-4c71-97df-9e4b6cf4174d', '2021-02-26T13:47:59.243993Z'),
('4d11cd31-b0f6-427a-a118-04c9fc4f0d2d', 'b29223ac-cb40-473a-9cff-525316105d1f', 'e26ba2ef-9b52-4c71-97df-9e4b6cf4174d', '2021-02-26T13:47:59.244126Z'),
('cd3f5456-5ec6-4937-9014-a0c4e7e6d6a6', '58690230-000a-4d72-8a0b-224eb5ecf7d1', 'e26ba2ef-9b52-4c71-97df-9e4b6cf4174d', '2021-02-26T13:47:59.244256Z'),
('d62fadf4-3b29-4938-b6c3-174073b314fa', 'e05f4685-14fa-42f4-89c5-9a26fc7355ff', 'e26ba2ef-9b52-4c71-97df-9e4b6cf4174d', '2021-02-26T13:47:59.244343Z'),
('1d75352c-6558-46d5-bcd8-75f0713b30a9', '3da81b21-281a-47aa-93a8-7df6cb62ddbb', 'e26ba2ef-9b52-4c71-97df-9e4b6cf4174d', '2021-02-26T13:47:59.244450Z'),
('13464e3c-4bec-4326-9824-20ac05bf836d', '8e355bce-e0b3-4fd8-92ad-33a29ed9ae04', 'e26ba2ef-9b52-4c71-97df-9e4b6cf4174d', '2021-02-26T13:47:59.244549Z'),
('0d971c82-1162-4567-b031-b23fffdf1131', 'c1d2051c-417f-433f-8062-d7a04bef3375', 'e26ba2ef-9b52-4c71-97df-9e4b6cf4174d', '2021-02-26T13:47:59.244713Z'),
('c1c13173-e5c9-4b32-b4cf-d4e78710997c', '37b0a52a-a68f-4293-b0ae-779f782d24cb', 'e26ba2ef-9b52-4c71-97df-9e4b6cf4174d', '2021-02-26T13:47:59.244933Z'),
('d81c5191-2bfd-49e4-9c3d-e7d0b992309a', '5e9ed5a9-65c9-4790-95c0-ca296cc1d8b7', 'e26ba2ef-9b52-4c71-97df-9e4b6cf4174d', '2021-02-26T13:47:59.245059Z'),
('a9b8e930-ba04-462b-9c08-6f19524a3a2d', '80d5b832-5e36-4d72-98a8-60feb8bab595', 'e26ba2ef-9b52-4c71-97df-9e4b6cf4174d', '2021-02-26T13:47:59.245156Z'),
('820f245c-e878-408f-9bce-5d734ff1f592', 'ee443f68-f0c5-463d-bd21-603a078c3e3e', 'e26ba2ef-9b52-4c71-97df-9e4b6cf4174d', '2021-02-26T13:47:59.245250Z'),
('581b7e36-4d95-4132-917a-e0eba254e247', 'e30ca65a-0a4f-4b5f-aeb7-0e7b57782eab', 'e26ba2ef-9b52-4c71-97df-9e4b6cf4174d', '2021-02-26T13:47:59.245339Z'),
('c4873804-17fb-4783-9a93-f8a2c84c9aa2', '98f87044-f302-4c90-829a-6b5b192fa470', 'e26ba2ef-9b52-4c71-97df-9e4b6cf4174d', '2021-02-26T13:47:59.245434Z'),
('03bcfe62-e383-4274-bcb2-46664fd6593a', '34bc7d15-6f14-4861-822b-db696016fe51', 'e26ba2ef-9b52-4c71-97df-9e4b6cf4174d', '2021-02-26T13:47:59.245519Z'),
('ce3c5a44-790e-4fdd-bfce-918fd0338a0c', 'ca7d8323-f719-4298-bf69-56547dd1cf29', 'e26ba2ef-9b52-4c71-97df-9e4b6cf4174d', '2021-02-26T13:47:59.245612Z'),
('6d485713-cd3e-4b84-8292-28c0676d635d', '27ec595d-f702-41d0-9505-9ef21e36344c', 'e26ba2ef-9b52-4c71-97df-9e4b6cf4174d', '2021-02-26T13:47:59.245612Z'),
('bf3abada-972c-4002-9b7d-7455c97220f2', '5fdeef9f-b71c-4944-97b0-7ae4185e089f', 'e26ba2ef-9b52-4c71-97df-9e4b6cf4174d', '2021-02-26T13:47:59.245855Z'),
('b3ba85c0-567b-4993-8c2d-1e6ebe07d7eb', '26df282b-0093-4150-844e-c2618a332b1a', 'e26ba2ef-9b52-4c71-97df-9e4b6cf4174d', '2021-02-26T13:47:59.245952Z'),
('5feed05f-e5ec-4039-9b30-52cf66b03725', '2a4a538d-54f3-4292-9092-80f03c463f3e', 'e26ba2ef-9b52-4c71-97df-9e4b6cf4174d', '2021-02-26T13:47:59.246045Z'),
('22251316-315e-450d-86e8-b86328669b92', '34d4b55e-1bdb-4fea-b235-3df630b4d2ca', 'e26ba2ef-9b52-4c71-97df-9e4b6cf4174d', '2021-02-26T13:47:59.246145Z'),
('a9ee9a0f-52c0-469f-927d-cd6bb727f6f9', 'd354581c-8095-4dc6-b635-5caf3809406b', 'e26ba2ef-9b52-4c71-97df-9e4b6cf4174d', '2021-02-26T13:47:59.246269Z'),
('10a2fd3a-ab79-4c4c-b867-58dac711df02', '9868e4a8-80e6-4fe7-9e52-16d831c52bb9', 'e26ba2ef-9b52-4c71-97df-9e4b6cf4174d', '2021-02-26T13:47:59.246365Z'),
('b2cabb4e-995e-48c8-9cc5-e16b9a198f84', 'fa8c0770-cbfd-4826-b87e-6850b226c7c2', 'e26ba2ef-9b52-4c71-97df-9e4b6cf4174d', '2021-02-26T13:47:59.246463Z'),
('548dd8fa-e6ec-4d0b-ad07-ad4817d454cd', '0c45b90e-3e71-44bf-8f7d-c1122c94a70b', 'e26ba2ef-9b52-4c71-97df-9e4b6cf4174d', '2021-02-26T13:47:59.246555Z'),
('044b151f-8e4b-4b56-a6e4-e69e5220c698', '0de35e43-0689-4867-b46c-e3511a3f2225', 'e26ba2ef-9b52-4c71-97df-9e4b6cf4174d', '2021-02-26T13:47:59.246644Z'),
('e762d823-e1b4-477e-9d2b-5c8b9fcc8874', '13df43fd-33cb-418b-bb8c-3436739c0151', 'e26ba2ef-9b52-4c71-97df-9e4b6cf4174d', '2021-02-26T13:47:59.246753Z'),
('33c649e8-1b4d-42c3-888f-c37ac217cfd9', '42dadea1-0eb4-4701-aa7e-f42a25048f52', 'e26ba2ef-9b52-4c71-97df-9e4b6cf4174d', '2021-02-26T13:47:59.246850Z'),
('bd716e7e-c20c-4ed3-932d-7eca6cfcbeb8', '5a736f7f-a851-4317-a3f2-e2cded43d813', 'e26ba2ef-9b52-4c71-97df-9e4b6cf4174d', '2021-02-26T13:47:59.247005Z'),
('6ad93853-eee8-4232-a4b3-ce0b21293a1c', 'f26e0d91-dba0-42de-874c-fbcfbdb5da36', 'e26ba2ef-9b52-4c71-97df-9e4b6cf4174d', '2021-02-26T13:47:59.247142Z'),
('ef795aab-0f07-4a0c-823d-b8ad94ce825f', '24fac444-e299-4bd4-af4f-8b3e3324b533', 'e26ba2ef-9b52-4c71-97df-9e4b6cf4174d', '2021-02-26T13:47:59.247206Z'),
('48f3aada-9021-4c31-b936-e59636fc3bc7', '40fcafbc-dab5-4639-835d-298629ffe322', 'e26ba2ef-9b52-4c71-97df-9e4b6cf4174d', '2021-02-26T13:47:59.247295Z'),
('128f9c7d-a875-44f1-9b92-3bba7ceded09', '45bc3b13-7457-4990-bf12-5e4ca28dec2d', 'e26ba2ef-9b52-4c71-97df-9e4b6cf4174d', '2021-02-26T13:47:59.247384Z'),
('4529ef85-9876-48dd-aa8f-57b477ea1e0a', 'c8542179-c161-4a4e-9d65-454728eb5859', 'e26ba2ef-9b52-4c71-97df-9e4b6cf4174d', '2021-02-26T13:47:59.247472Z'),
('ac50a72b-0a2b-43a9-8c73-e0f6b5ac3c87', 'eaf3405e-69e5-4361-968d-5ccf9279bdde', 'e26ba2ef-9b52-4c71-97df-9e4b6cf4174d', '2021-02-26T13:47:59.247566Z'),
('dca15bad-1a97-4645-a5b7-8769c198a3ac', '014fa576-0a71-4446-8cbf-e98692e1f4b0', 'e26ba2ef-9b52-4c71-97df-9e4b6cf4174d', '2021-02-26T13:47:59.247627Z'),
('d94675dc-db76-4752-9d51-5e93e86a3d80', 'cfb1faae-8fd0-4f99-8aef-c8bd13c36e87', 'e26ba2ef-9b52-4c71-97df-9e4b6cf4174d', '2021-02-26T13:47:59.247684Z'),
('4d2c7d2a-ae05-4c35-936d-160fa0c468f6', 'c68eaaac-77a5-4465-911a-197bf7b70913', 'e26ba2ef-9b52-4c71-97df-9e4b6cf4174d', '2021-02-26T13:47:59.247816Z'),
('66f15ae9-00f5-4c30-aab8-a65f8a602007', '49411414-3ab4-4dad-a08b-926e355414ad', 'e26ba2ef-9b52-4c71-97df-9e4b6cf4174d', '2021-02-26T13:47:59.247972Z'),
('352e4f2a-0df7-4d05-b669-90787bf917c7', '23959828-b5a8-44ed-9960-edcd03398d5d', 'e26ba2ef-9b52-4c71-97df-9e4b6cf4174d', '2021-02-26T13:47:59.248067Z'),
('34c15973-4750-40ae-bd87-6b30281b3bfd', '93410988-7355-4e3d-8a32-29b38e6d9071', 'e26ba2ef-9b52-4c71-97df-9e4b6cf4174d', '2021-02-26T13:47:59.248067Z'),
('9923ff4e-a983-49a2-bf18-2afee70efbf5', '6a5b50ee-6dfd-478c-8940-500a03f96d04', 'e26ba2ef-9b52-4c71-97df-9e4b6cf4174d', '2021-02-26T13:47:59.248256Z'),
('e8ed340d-7dd6-4c50-b389-5b9dd097c57f', '6c5c5d99-b9b0-4f5f-8b2c-b0f52ea3a6ac', 'e26ba2ef-9b52-4c71-97df-9e4b6cf4174d', '2021-02-26T13:47:59.248333Z'),
('ba165cf5-db45-482a-a47e-91192e1faa5e', '86e5c3f9-a95a-467f-93aa-b501ed67f993', 'e26ba2ef-9b52-4c71-97df-9e4b6cf4174d', '2021-02-26T13:47:59.248426Z'),
('12085e2b-0a86-44d9-95b9-2b2a443836ef', '49f27fd8-b4b9-4d40-92d9-efc8625d8a8b', 'e26ba2ef-9b52-4c71-97df-9e4b6cf4174d', '2021-02-26T13:47:59.248525Z'),
('e680cb5e-52a6-470e-a9aa-3151f980991b', '7ef2d5a0-d336-475e-a73a-6c2eca23b5dc', 'e26ba2ef-9b52-4c71-97df-9e4b6cf4174d', '2021-02-26T13:47:59.248591Z'),
('c7c2b2f2-56ca-4f1e-b767-ad561578a66c', '651112dd-5501-4c1c-8424-bee99f62cd9d', 'e26ba2ef-9b52-4c71-97df-9e4b6cf4174d', '2021-02-26T13:47:59.248687Z'),
('052bf737-6d45-4897-b0a4-b668e23bf906', 'cc9f859c-c655-4009-a114-e4a329d04e2a', 'e26ba2ef-9b52-4c71-97df-9e4b6cf4174d', '2021-02-26T13:47:59.248759Z'),
('1d24d31f-0e89-41ac-9208-ccd8f3fed4ab', '0f881d63-b482-4109-9b0f-d1133205387a', 'e26ba2ef-9b52-4c71-97df-9e4b6cf4174d', '2021-02-26T13:47:59.248826Z'),
('2523834c-8265-41c0-9961-8876f1b13161', '54c83a36-68a1-4b90-aa6c-62ca6e253108', 'e26ba2ef-9b52-4c71-97df-9e4b6cf4174d', '2021-02-26T13:47:59.248916Z'),
('04f41ce9-9a7a-4ad5-8df9-1672e522be70', '63d29915-de87-47e3-8646-95db8f4ae62d', 'e26ba2ef-9b52-4c71-97df-9e4b6cf4174d', '2021-02-26T13:47:59.249007Z'),
('1d29ef05-e96b-4df4-96e5-134856aae747', '78b11ece-2a26-452b-a48c-bb50e103bbd2', 'e26ba2ef-9b52-4c71-97df-9e4b6cf4174d', '2021-02-26T13:47:59.249064Z'),
('d310df52-980c-41cd-94a0-0d75193301b0', '3491b536-fec6-44ec-9c13-e0bd4ff43183', 'e26ba2ef-9b52-4c71-97df-9e4b6cf4174d', '2021-02-26T13:47:59.249120Z'),
('46acf2b7-21df-4105-9122-1e1acf756bfa', 'fafb3a99-b629-4502-ae83-3bc50f4f03cd', 'e26ba2ef-9b52-4c71-97df-9e4b6cf4174d', '2021-02-26T13:47:59.249184Z'),
('a307d198-a497-4474-a0b4-9508d39a38a6', '322157d3-60c4-4a9c-9552-a633edfecbb5', 'e26ba2ef-9b52-4c71-97df-9e4b6cf4174d', '2021-02-26T13:47:59.249241Z'),
('dfddc776-1cba-4305-a6b4-5e83845a1459', '049b9c4e-d588-4253-82d6-57c27736c88e', 'e26ba2ef-9b52-4c71-97df-9e4b6cf4174d', '2021-02-26T13:47:59.249301Z'),
('1a807cfd-6946-4a4f-8afc-b8c028c91e2d', 'ac478fba-642e-4ada-ad19-159cd9f139ba', 'e26ba2ef-9b52-4c71-97df-9e4b6cf4174d', '2021-02-26T13:47:59.249407Z'),
('43bdc1ac-1867-40d8-92d2-9d24592c2fe0', 'c9c46733-ba91-4ba4-a336-24c7ecce6c5b', 'e26ba2ef-9b52-4c71-97df-9e4b6cf4174d', '2021-02-26T13:47:59.249477Z'),
('043cc56a-d3a0-4fcb-8525-6532471a69fd', '274a4d74-3f0f-4d10-8f85-96b74efe0b82', 'e26ba2ef-9b52-4c71-97df-9e4b6cf4174d', '2021-02-26T13:47:59.249534Z'),
('1729b731-a543-4f47-aacc-8d06fb1a8a69', 'e26da2c4-046d-475b-bd72-331a4ef399bf', 'e26ba2ef-9b52-4c71-97df-9e4b6cf4174d', '2021-02-26T13:47:59.249614Z'),
('09fc0a47-2aac-42ce-9cd0-0f246dc628a6', 'be971b38-0145-4606-96d9-4683aa87f04b', 'e26ba2ef-9b52-4c71-97df-9e4b6cf4174d', '2021-02-26T13:47:59.250122Z'),
('4a333e9a-bd7d-442c-8b0f-a95ae68b49af', 'd8f87da6-3ebe-4fc4-83f4-2ab5183d662c', 'e26ba2ef-9b52-4c71-97df-9e4b6cf4174d', '2021-02-26T13:47:59.250226Z');

--INSERT TELEMETRY_GOES--COUNT:159
INSERT INTO public.telemetry_goes (id, nesdis_id) 
VALUES
('86fdf4d8-a30a-4a1e-9c64-00dfcbaf1030', 'D10346FE'),
('44832486-827c-4a40-833e-41a28c0e361e', '16F6E360'),
('18033680-d1a4-4529-9ec9-362fe9548d25', '0093F7AC'),
('790e460d-5c29-435c-8253-d7cbe16d5c64', '5210D682'),
('758ec4a5-6146-45b4-bd87-c863ae4e4335', 'FA623058'),
('39acbc98-d643-4d3b-b1ab-56a43a4a0c42', '3276A080'),
('0586e03d-e59c-4706-a5ae-835b9f68f7b9', '325B376A'),
('7861d32a-5165-4a2c-8065-fa23efd225a9', '837141D2'),
('217c58e6-236a-4302-88ba-2949eaf82765', '32302586'),
('0852d944-ebbd-4484-83ec-5021f69c6560', '3234F6D4'),
('8aac085f-f995-4b66-a0d8-66e49c9acd1a', '3333B648'),
('4d30af09-f487-4102-ba25-84d4f3ddcc05', '3230101C'),
('e02a1ec4-f5e8-440a-81a1-c1b81648de4f', '8841731C'),
('1489fa61-7daa-4b2f-8483-ad8ffd2da983', '3276130E'),
('1b3823c5-d191-4bc2-ad6b-09971bf8eaf3', '325B84E4'),
('37d4f276-46b2-4f56-ab01-d037fc079f7c', '3241E7CE'),
('3bcdee6a-ef16-4c08-a2b1-7f4077ea92c6', '6200012A'),
('41ed87a3-5cee-4278-a59f-dafb5bfe3c20', '33337356'),
('8a9f5b56-6b44-4b3b-8f23-e01be5619cf4', '32599266'),
('bc074be1-1924-4094-a410-d6f2088da911', 'FA62F546'),
('b7395d97-3e68-4e23-b45e-ea507e0da0b5', '3333A53E'),
('b96edfbb-8b02-45c4-b843-0da1dc47781e', '32340650'),
('103d2ded-8df1-4f81-b4a6-d3aef8034235', '3232D0F6'),
('4c234d72-9d8a-41a3-ae06-34f0b0988ea6', '32644118'),
('1e2f065a-798d-446a-98fe-ba4e5ae10126', '325B241C'),
('71f3ed0a-c415-493e-adfc-a1705e08485d', '326FF13E'),
('6be06cdd-d82e-4ab1-9da1-d82ca580d4aa', '325D1148'),
('3d967ce9-52b3-4507-82d4-1da50567e9a6', '324BF5EA'),
('94cd04f4-177a-455e-a22e-219a9762d3b7', '327260A4'),
('ce6d03da-3aa7-4127-8435-3020a67e6015', '326C06B4'),
('12e8052a-74a2-45e0-a680-dc01b653b615', '52146036'),
('6cbd67de-7c09-4dcb-aba8-9e7bc4335666', '326EB0CE'),
('52811856-2782-401d-bfd8-992dff3fb3e0', '324BE69C'),
('cd9979f7-7b50-42ee-bafc-742be51c744c', '3283F528'),
('80c5ecff-75b8-43fd-9740-8ec918c9a85c', '328097C0'),
('bba2ca1c-62a8-42a9-bcc6-75279134f0cc', '325B41FA'),
('dcb4b510-839f-4d62-a93a-5b08372c82f7', '323A37A2'),
('2bc64ddc-6230-4583-b056-4b782c1bad67', '32673086'),
('fc5d965c-6202-4e61-9d57-be24e90c5bef', '8841B602'),
('84a53a01-b1c8-4c5a-aa13-15630bf1736e', 'FA61E13E'),
('31fdc871-31f8-4f27-9499-687af0c6a6de', '324B837A'),
('e9bcd8d8-0c85-4a71-b522-caff711f4c7c', '3232F61A'),
('30258e43-9b2d-47a0-ae10-8dae742f7bad', '3283B622'),
('48e6d218-d8cc-49c9-b7e2-f3e06a722d72', '32881572'),
('dd8d585d-20ee-4d36-bcbf-30e7f79813c3', '3243D7A0'),
('4cc2f095-4518-45bd-a63b-1d7da9840f14', '32814352'),
('ccda3115-ac7f-46c0-b52b-a3f8bbb1f7f4', '328390CE'),
('34aa7008-ba6c-49bc-9566-fcf02ffc246c', '324B900C'),
('f8224d29-d8bd-4897-86c2-391dc436fd24', '328F9152'),
('82404f76-11ba-4069-98f6-251f382cb44e', '3240D0AE'),
('c9c2d7be-0304-4937-aec8-3715a0066f8d', '3246E5FA'),
('906dbe2b-b58e-4755-98ce-2d568c0c748f', '3283C0B2'),
('ff874d22-cc6b-443c-8336-e8063ed79fde', '326335BC'),
('e4bc4978-4e43-4943-8c4b-28b20cb8cd79', '32336182'),
('634bc620-2bd7-42bc-9c40-47169cbf1ba4', '326C15C2'),
('85bfda90-3f6b-4db5-b49a-8d6dd588ee1f', '328904FE'),
('e107974e-9357-4aac-a1c9-d2bbd5935683', '5210A012'),
('b04cf1b1-3ffd-4b16-b87b-ab60658d05a1', '8841C092'),
('b9b4fd7a-65fa-4cb1-a575-dbd3b6ea3313', '325B6716'),
('48f3d4a5-8fee-49e3-977d-76b324740df4', 'FA630738'),
('3a8d58e8-7363-4047-8c2a-bbd8661dc94b', 'AF100680'),
('966eaed2-ec7f-4845-b574-107fe9ccfd33', '5212B690'),
('897f97ee-09c5-44e9-9619-7d97be03460e', '3283A554'),
('9deee069-6ca7-4cea-b099-0057d597b58c', 'FA40D7B0'),
('fe7b96c8-392a-4cfe-a945-5183b126856d', '3241A4C4'),
('c4719128-d330-4983-9ebd-c1c4b87669bd', '3287C588'),
('217ed497-bd8d-4965-9609-f7a51a21cf8f', '328D345E'),
('c92cda59-7a8a-4978-8d94-3df01be3ba90', '3241C122'),
('794a5abf-bd6f-42f6-b221-146705037198', '327CA1D2'),
('addb1b53-8eff-42d2-9d4d-ac8673ca10ba', '333221D0'),
('508aabeb-1dfe-4333-9a1b-b34f3b52ab9d', '329295AA'),
('8c3c872b-61df-47a2-8d95-11470b9d072e', '8378E776'),
('8714c2cd-0f1d-4e4c-b70f-aff3a835086b', '32661490'),
('1b3c8b5d-c1f9-4df5-97fc-1915572be711', '837933E4'),
('61eee605-74d3-44be-85a9-8afd90ac3434', '324172AC'),
('8a92811f-5e28-4dae-8e3a-8cdedffbfd1f', '323EF786'),
('3b568c51-7aa0-4a65-9f59-f3bc6d19612f', '3233D20C'),
('b6895712-d193-4744-a0fd-ff5431c7eb3d', '83709540'),
('f83e2230-cced-4fd4-85d3-bd9a4b63978c', '327AE216'),
('9842fa12-dd9a-493d-9312-be620c2188ce', '52139286'),
('cf9a7610-452e-4419-87b7-76d65e05da8e', '323372F4'),
('e9cc09c8-1477-4bea-b464-54c2125d0e42', '328383B8'),
('cfa517d2-5aef-4d21-8f5a-29f1b0ae608a', 'FA6362DE'),
('10a8b468-4252-45a6-8353-c683ac5164e3', '3236F320'),
('1712b093-5d4c-48bc-9720-56e172c30123', '3240B548'),
('4d4a29db-415c-4a42-94de-2453cc2505aa', '3279F66E'),
('96e5d09b-d729-452b-9f15-36b7b369eb17', '327B25F2'),
('acdcc218-981f-444c-8dc0-d8f49f6712f6', '5144D51C'),
('2d20900f-aab2-4ef7-9e92-9535cd160b8b', '5164F21E'),
('b6ce5199-d820-48ea-8e78-9a5bc773990d', 'DD647628'),
('b3e9e994-3611-4e3f-8e55-1daff31be42d', 'DD7B12C2'),
('a987ad9b-0288-4260-a6e0-2e1eaa2b698c', 'F0004188'),
('dc8a20ef-a7e3-41f0-b2e3-ee4ac5662061', 'DE60446E'),
('ea422aef-113e-4c01-8e98-84c3c975c81f', 'F0006764'),
('2aadd511-6497-46db-bd2f-8d7bf6d9816c', 'F0007412'),
('0b034aa7-b0ba-40af-a17b-88ae1a4f5d7f', '51412258'),
('a9f2053d-985f-431f-9346-dab168c01b58', '00900026'),
('33035f56-1f5a-4bb0-b87d-dfa65e128f1f', '00901350'),
('7e9bdf6f-e2da-41fb-9d6f-4dd43f3f5b2e', '515C8658'),
('9430d6e4-9128-4213-9a5a-234c37aaf4b1', '009102DC'),
('5dd68866-c416-4a5c-94de-1a81d85a43fd', '515AB30C'),
('cf661e2f-b73a-4835-8fd6-f33e01d11aab', '00900EF4'),
('4c115768-1082-4c8c-aa9c-7c2d319c5e34', '1684D6A2'),
('606c2d33-ecae-4158-b67f-1b039e151863', '17494560'),
('112bac6e-f442-40d1-bb6d-1ca9ef4ef9bf', '1749B5E4'),
('66c2bffa-c5a1-46be-8dbf-86f59440c64c', '16DB748A'),
('89c5e74d-7cc0-4c43-a4e5-a7cdc6b8e5e5', '5140805A'),
('825ac392-d598-4bd9-b832-bae6d9fadeb2', '5140B5C0'),
('102d256e-3287-4c3d-9be0-821aa0555692', '514104B4'),
('7179b31d-350a-4e84-ab2c-d568afdc1488', '5141C1AA'),
('9caa968d-6c7c-4f58-ae75-5043b93a7fe5', '514F653A'),
('323488a8-573b-4ebb-ad74-9ba13b655c30', '17CEC6F8'),
('3b7d1a9c-6c66-482a-a12f-94be86d05fa9', '5140932C'),
('83d24012-d549-438a-be24-807b69904fd6', '514147BE'),
('964b7d4d-cb79-4c5b-825b-9d197ecd98bd', '5141D2DC'),
('49f15cdf-6430-46b5-9383-f8bfabf8311f', '514475E4'),
('6124ac8c-aac7-4841-8667-5c4e64536c7c', '5144C66A'),
('9c60b0f2-1452-4177-8762-3033de373f83', '514C07D2'),
('516a9bc7-7648-4281-b711-68cbba21be78', '514BF562'),
('d3e08431-12ba-42a9-b928-0ffb535d0e78', '5163B320'),
('1c377f68-ec86-4dd5-b337-e76bf732fd1e', '5143C45E'),
('2317618d-19c6-4d2f-b78f-86d3d7066abc', '5164C784'),
('c28a300e-0282-4c26-9ea1-b13d846e3f64', '5164D4F2'),
('bcb8cf8e-6f27-41c8-8730-89c886ed7e59', '5145E27C'),
('5db8c565-b0be-4960-8bef-383addf4c4ca', '5163D6C6'),
('49422f86-977b-4d15-8cda-64ac5c281894', '0090432C'),
('474b6e20-3e29-4dab-9ac7-5eb970845de3', '009065C0'),
('6dc5f346-dd1c-49e8-a3d7-8b4618600cb0', '00909544'),
('6de775e0-7c4f-4397-b056-848df39e4cae', '0090A0DE'),
('4357f32d-9038-4a02-8a6b-6760d2eb629e', '0090B3A8'),
('ccd4b8e1-c9e7-4614-b6ed-d1a11ebf66ed', '0090C538'),
('cbccf36f-3d43-4a6f-81fb-32ace4f6f2c9', '0090D64E'),
('889e4f43-c23a-492b-bc48-cd66c394b020', '0094D374'),
('6a4bcf4d-7321-4a1b-b32b-e5b6dfde2a10', '0093C236'),
('e8e14b02-990d-4520-86aa-3ef9564704d5', '00945560'),
('8775d361-36f6-459c-9287-9ddb30829076', '009088E0'),
('349dbb0c-ec9b-4140-9148-1d09bd188a36', '0090E3D4'),
('1505c9e0-8e6f-43b7-bb63-99bf34bd366f', '51650060'),
('2b7315f2-c4b2-4aad-85da-76adc89f5481', '516A1584'),
('c67b2ea7-1e29-4ae4-a1b7-773a33a0abb5', '009111AA'),
('ae5c5b3a-3c90-4c09-a495-57a5ba788bc3', '0090F0A2'),
('9c4878d0-df66-4a85-8b56-ebf52ba96a41', '17895272'),
('e7e01825-8a6c-4204-928a-1bdcf608ef0b', 'DE51B060'),
('9a09cff0-d527-4743-818b-c726ea0b8bcf', '178C6028'),
('eb1d1b72-1095-4139-9e7b-9e822d085226', '179233A2'),
('16da3097-3820-4978-8dd8-4c4a1ff5e84e', '514C213E'),
('a22b93bf-326f-4757-934c-b7b33ffe19cf', '514C14A4'),
('04d6c22c-067f-4c2f-9591-095cb16d1b2d', '5141312E'),
('ce1eeba5-10cd-42a6-baf5-85a2c4d8119f', '5157367E'),
('974732ff-0c92-48e5-b222-d2f9dcc167df', 'D106C72A'),
('4f5b0571-c539-48ab-8c5c-96c68db040cc', '168226E8'),
('645636a3-bd0e-484d-8a5d-c3428a3e40cc', '5145771E'),
('68673345-eea2-4acf-9c74-9b7c7fafbfc1', '5151853E'),
('973888f1-80d5-413b-b6c2-c75b719585eb', '51651316'),
('f475e962-bdee-4edd-95c3-cb7eda08f608', '5165268C'),
('02f54c81-4533-42b7-a48c-448914a5ebf1', '516576F0'),
('ea991136-c973-44b7-93d8-e14ace7a2854', '3237015E'),
('ce837fe9-509a-4fb4-a6a7-6f4490964ae6', '009035BC'),
('f746f6f5-e4de-483d-b5f9-e5d64d1e5b11', '3291212A');

--INSERT INSTRUMENT_TELEMETRY--COUNT:159
INSERT INTO public.instrument_telemetry (instrument_id, telemetry_type_id, telemetry_id) 
VALUES
('f6bc3d10-e8a4-4254-9455-399764942e94', '10a32652-af43-4451-bd52-4980c5690cc9', '86fdf4d8-a30a-4a1e-9c64-00dfcbaf1030'),
('1d332296-a710-4186-b93e-5399a178c5dc', '10a32652-af43-4451-bd52-4980c5690cc9', '44832486-827c-4a40-833e-41a28c0e361e'),
('0cf31411-9da6-403d-8610-7b3d1b48f138', '10a32652-af43-4451-bd52-4980c5690cc9', '18033680-d1a4-4529-9ec9-362fe9548d25'),
('35e37fbc-d925-4b9f-847b-6685966f436e', '10a32652-af43-4451-bd52-4980c5690cc9', '790e460d-5c29-435c-8253-d7cbe16d5c64'),
('8df377de-52c1-47e7-a652-c2e7f7e88187', '10a32652-af43-4451-bd52-4980c5690cc9', '758ec4a5-6146-45b4-bd87-c863ae4e4335'),
('be7316b0-1129-405f-8e9e-3f65483d01a9', '10a32652-af43-4451-bd52-4980c5690cc9', '39acbc98-d643-4d3b-b1ab-56a43a4a0c42'),
('97096472-0bda-4557-9abb-7a8f719d233c', '10a32652-af43-4451-bd52-4980c5690cc9', '0586e03d-e59c-4706-a5ae-835b9f68f7b9'),
('4c74daef-d57d-4ad5-9ac3-4d8e99ea842f', '10a32652-af43-4451-bd52-4980c5690cc9', '7861d32a-5165-4a2c-8065-fa23efd225a9'),
('cf6c8579-0df7-4609-ba63-8c1b7e5efad1', '10a32652-af43-4451-bd52-4980c5690cc9', '217c58e6-236a-4302-88ba-2949eaf82765'),
('cf47c0a7-d75e-4f35-9d0d-903564e03d21', '10a32652-af43-4451-bd52-4980c5690cc9', '0852d944-ebbd-4484-83ec-5021f69c6560'),
('bbd17dde-1d94-47c4-83bf-c5b193b629ae', '10a32652-af43-4451-bd52-4980c5690cc9', '8aac085f-f995-4b66-a0d8-66e49c9acd1a'),
('d2f399cb-600f-43cf-bb8f-7e98181f1657', '10a32652-af43-4451-bd52-4980c5690cc9', '4d30af09-f487-4102-ba25-84d4f3ddcc05'),
('e54f602c-0f56-4f7b-bddd-4073f6857b26', '10a32652-af43-4451-bd52-4980c5690cc9', 'e02a1ec4-f5e8-440a-81a1-c1b81648de4f'),
('1c3ce32c-791a-4dd8-9d11-7371b8449b8c', '10a32652-af43-4451-bd52-4980c5690cc9', '1489fa61-7daa-4b2f-8483-ad8ffd2da983'),
('6cc704d8-0e05-4409-8e0a-23e3ca45beb7', '10a32652-af43-4451-bd52-4980c5690cc9', '1b3823c5-d191-4bc2-ad6b-09971bf8eaf3'),
('9d78879b-c680-4b1d-8163-76f941432512', '10a32652-af43-4451-bd52-4980c5690cc9', '37d4f276-46b2-4f56-ab01-d037fc079f7c'),
('7e3d7202-548e-4bc2-9ed0-e2838eca0073', '10a32652-af43-4451-bd52-4980c5690cc9', '3bcdee6a-ef16-4c08-a2b1-7f4077ea92c6'),
('a29c85ae-0e4f-42ed-b428-a415e3f324f2', '10a32652-af43-4451-bd52-4980c5690cc9', '41ed87a3-5cee-4278-a59f-dafb5bfe3c20'),
('2b3a8774-22f9-4852-9b60-8d4168c6f99a', '10a32652-af43-4451-bd52-4980c5690cc9', '8a9f5b56-6b44-4b3b-8f23-e01be5619cf4'),
('848ee3a8-4e52-44f7-aebe-d88e4b67e431', '10a32652-af43-4451-bd52-4980c5690cc9', 'bc074be1-1924-4094-a410-d6f2088da911'),
('0d5dcb49-ac75-48c1-aa56-0e61b3ed3f84', '10a32652-af43-4451-bd52-4980c5690cc9', 'b7395d97-3e68-4e23-b45e-ea507e0da0b5'),
('cd3e6cb0-c19e-4fdf-8d8e-17e8870a99df', '10a32652-af43-4451-bd52-4980c5690cc9', 'b96edfbb-8b02-45c4-b843-0da1dc47781e'),
('16ea2fd7-6154-4ca7-ae59-08f45b223094', '10a32652-af43-4451-bd52-4980c5690cc9', '103d2ded-8df1-4f81-b4a6-d3aef8034235'),
('4af67029-704f-478c-beb6-6cdfdcedee94', '10a32652-af43-4451-bd52-4980c5690cc9', '4c234d72-9d8a-41a3-ae06-34f0b0988ea6'),
('cd15007c-a6f2-4b78-b6ea-761bd3060c62', '10a32652-af43-4451-bd52-4980c5690cc9', '1e2f065a-798d-446a-98fe-ba4e5ae10126'),
('9378319f-159d-458f-873b-87cc522f40b5', '10a32652-af43-4451-bd52-4980c5690cc9', '71f3ed0a-c415-493e-adfc-a1705e08485d'),
('3f3eff82-7c3d-4092-a83e-24116d1ad163', '10a32652-af43-4451-bd52-4980c5690cc9', '6be06cdd-d82e-4ab1-9da1-d82ca580d4aa'),
('b39529d5-c54a-4ea5-b40f-9c8293c568bd', '10a32652-af43-4451-bd52-4980c5690cc9', '3d967ce9-52b3-4507-82d4-1da50567e9a6'),
('0e492f63-7701-4a61-9bb7-61edfc6098aa', '10a32652-af43-4451-bd52-4980c5690cc9', '94cd04f4-177a-455e-a22e-219a9762d3b7'),
('7730e99f-a484-4f3b-8ea2-3a55267956e0', '10a32652-af43-4451-bd52-4980c5690cc9', 'ce6d03da-3aa7-4127-8435-3020a67e6015'),
('8b8ed50c-4ead-4b39-bcce-2e85f125c9c4', '10a32652-af43-4451-bd52-4980c5690cc9', '12e8052a-74a2-45e0-a680-dc01b653b615'),
('f7be6fea-53ad-449d-b1e0-5626e65d3573', '10a32652-af43-4451-bd52-4980c5690cc9', '6cbd67de-7c09-4dcb-aba8-9e7bc4335666'),
('96021d8e-605c-47e4-862e-cf750724059f', '10a32652-af43-4451-bd52-4980c5690cc9', '52811856-2782-401d-bfd8-992dff3fb3e0'),
('45872e53-dd92-4054-9161-18f0b690a2ad', '10a32652-af43-4451-bd52-4980c5690cc9', 'cd9979f7-7b50-42ee-bafc-742be51c744c'),
('4d72f392-5f02-47c4-99cc-f70371fec331', '10a32652-af43-4451-bd52-4980c5690cc9', '80c5ecff-75b8-43fd-9740-8ec918c9a85c'),
('36d0d4d4-db46-4e27-bcb9-ec73fb1fb40c', '10a32652-af43-4451-bd52-4980c5690cc9', 'bba2ca1c-62a8-42a9-bcc6-75279134f0cc'),
('e39a07db-d64f-4298-a4ed-4ef6fd347eae', '10a32652-af43-4451-bd52-4980c5690cc9', 'dcb4b510-839f-4d62-a93a-5b08372c82f7'),
('ce677a9a-c732-48c0-8adc-e12e26376613', '10a32652-af43-4451-bd52-4980c5690cc9', '2bc64ddc-6230-4583-b056-4b782c1bad67'),
('f107a51b-ba55-4b1d-9104-4374498e843c', '10a32652-af43-4451-bd52-4980c5690cc9', 'fc5d965c-6202-4e61-9d57-be24e90c5bef'),
('83863eae-9537-4ec4-89d7-643f59054c31', '10a32652-af43-4451-bd52-4980c5690cc9', '84a53a01-b1c8-4c5a-aa13-15630bf1736e'),
('0c6ee9f5-aa5f-40cb-8758-aa71eaa270ba', '10a32652-af43-4451-bd52-4980c5690cc9', '31fdc871-31f8-4f27-9499-687af0c6a6de'),
('67ca921e-b117-4b7f-acbb-892a85703af1', '10a32652-af43-4451-bd52-4980c5690cc9', 'e9bcd8d8-0c85-4a71-b522-caff711f4c7c'),
('326495c6-8a4e-44be-8e7d-14870e2d4d4c', '10a32652-af43-4451-bd52-4980c5690cc9', '30258e43-9b2d-47a0-ae10-8dae742f7bad'),
('8ccf9ac2-74d6-4d65-886e-a1dfd5999f5c', '10a32652-af43-4451-bd52-4980c5690cc9', '48e6d218-d8cc-49c9-b7e2-f3e06a722d72'),
('5c8067c7-fbf5-4fdb-8782-bd31976357cb', '10a32652-af43-4451-bd52-4980c5690cc9', 'dd8d585d-20ee-4d36-bcbf-30e7f79813c3'),
('43762240-901d-4154-94ed-df1bffc27b16', '10a32652-af43-4451-bd52-4980c5690cc9', '4cc2f095-4518-45bd-a63b-1d7da9840f14'),
('a3f4e3ea-5649-45d8-9b76-fa46b4e63768', '10a32652-af43-4451-bd52-4980c5690cc9', 'ccda3115-ac7f-46c0-b52b-a3f8bbb1f7f4'),
('38f5eb66-2b68-448b-a0d0-ea717cafb72f', '10a32652-af43-4451-bd52-4980c5690cc9', '34aa7008-ba6c-49bc-9566-fcf02ffc246c'),
('ac0ea8e6-7152-434d-b133-2e891ef4746d', '10a32652-af43-4451-bd52-4980c5690cc9', 'f8224d29-d8bd-4897-86c2-391dc436fd24'),
('fa6ed8a4-7c37-496f-97ce-b983cb002acd', '10a32652-af43-4451-bd52-4980c5690cc9', '82404f76-11ba-4069-98f6-251f382cb44e'),
('1634e6ac-3a25-4873-9056-9b751f4c9085', '10a32652-af43-4451-bd52-4980c5690cc9', 'c9c2d7be-0304-4937-aec8-3715a0066f8d'),
('e2c67eb0-fd94-4f3c-a8cb-df0d75fa5c66', '10a32652-af43-4451-bd52-4980c5690cc9', '906dbe2b-b58e-4755-98ce-2d568c0c748f'),
('6a13cefc-7cbe-42ae-80b1-82680690600c', '10a32652-af43-4451-bd52-4980c5690cc9', 'ff874d22-cc6b-443c-8336-e8063ed79fde'),
('bad9030b-8769-47e7-aa20-bae668fbc890', '10a32652-af43-4451-bd52-4980c5690cc9', 'e4bc4978-4e43-4943-8c4b-28b20cb8cd79'),
('0c98f315-fdb0-4678-8c04-daaa1bc529f0', '10a32652-af43-4451-bd52-4980c5690cc9', '634bc620-2bd7-42bc-9c40-47169cbf1ba4'),
('31457314-dfd9-4dee-ba1a-c0d49549f565', '10a32652-af43-4451-bd52-4980c5690cc9', '85bfda90-3f6b-4db5-b49a-8d6dd588ee1f'),
('91916ab2-6dd4-45fb-9dbb-a13450b79189', '10a32652-af43-4451-bd52-4980c5690cc9', 'e107974e-9357-4aac-a1c9-d2bbd5935683'),
('9a7ff071-8f46-4536-998f-104abb80db97', '10a32652-af43-4451-bd52-4980c5690cc9', 'b04cf1b1-3ffd-4b16-b87b-ab60658d05a1'),
('0d3496b4-6660-42cd-8ba0-56b79d15a78b', '10a32652-af43-4451-bd52-4980c5690cc9', 'b9b4fd7a-65fa-4cb1-a575-dbd3b6ea3313'),
('6fda2fea-8575-47f2-8e23-9512d645aa4e', '10a32652-af43-4451-bd52-4980c5690cc9', '48f3d4a5-8fee-49e3-977d-76b324740df4'),
('3da8b882-f71b-4a7e-8bc0-0bd729532df3', '10a32652-af43-4451-bd52-4980c5690cc9', '3a8d58e8-7363-4047-8c2a-bbd8661dc94b'),
('3b5d759b-d7a9-4295-bea9-f3d3363135fb', '10a32652-af43-4451-bd52-4980c5690cc9', '966eaed2-ec7f-4845-b574-107fe9ccfd33'),
('f2dd02ed-2534-419c-8dc7-f364a4f1d60a', '10a32652-af43-4451-bd52-4980c5690cc9', '897f97ee-09c5-44e9-9619-7d97be03460e'),
('eb02fbc5-d8bd-424e-9d91-1a9be1ea477f', '10a32652-af43-4451-bd52-4980c5690cc9', '9deee069-6ca7-4cea-b099-0057d597b58c'),
('35187f06-ffac-4953-9240-a3a45d06e6f8', '10a32652-af43-4451-bd52-4980c5690cc9', 'fe7b96c8-392a-4cfe-a945-5183b126856d'),
('2cf2c02c-1450-44f4-a014-adbf599439c2', '10a32652-af43-4451-bd52-4980c5690cc9', 'c4719128-d330-4983-9ebd-c1c4b87669bd'),
('0b79ce91-886c-4358-94eb-26c52c467872', '10a32652-af43-4451-bd52-4980c5690cc9', '217ed497-bd8d-4965-9609-f7a51a21cf8f'),
('8123b0bb-edd4-4a97-a9a3-3c0447b18ed0', '10a32652-af43-4451-bd52-4980c5690cc9', 'c92cda59-7a8a-4978-8d94-3df01be3ba90'),
('4e45eaff-0517-42e2-a4d5-9fd88cadba91', '10a32652-af43-4451-bd52-4980c5690cc9', '794a5abf-bd6f-42f6-b221-146705037198'),
('cab2fd6f-31a7-4f5a-b4c3-ca983668d2ac', '10a32652-af43-4451-bd52-4980c5690cc9', 'addb1b53-8eff-42d2-9d4d-ac8673ca10ba'),
('c350bbb2-355a-4deb-b146-487b28d0ae28', '10a32652-af43-4451-bd52-4980c5690cc9', '508aabeb-1dfe-4333-9a1b-b34f3b52ab9d'),
('817692de-892c-4e7d-b184-6717987a23d9', '10a32652-af43-4451-bd52-4980c5690cc9', '8c3c872b-61df-47a2-8d95-11470b9d072e'),
('9b1786c7-e264-4827-b234-05809a121043', '10a32652-af43-4451-bd52-4980c5690cc9', '8714c2cd-0f1d-4e4c-b70f-aff3a835086b'),
('987454c8-5c30-407c-9f86-33f66f7dc427', '10a32652-af43-4451-bd52-4980c5690cc9', '1b3c8b5d-c1f9-4df5-97fc-1915572be711'),
('136f874f-d353-4f5c-8d76-f3718f23442e', '10a32652-af43-4451-bd52-4980c5690cc9', '61eee605-74d3-44be-85a9-8afd90ac3434'),
('f083d8bc-2f77-440e-be14-02d8f0e44096', '10a32652-af43-4451-bd52-4980c5690cc9', '8a92811f-5e28-4dae-8e3a-8cdedffbfd1f'),
('1a21ee0c-6983-4c07-9dc3-63aeb142eb6d', '10a32652-af43-4451-bd52-4980c5690cc9', '3b568c51-7aa0-4a65-9f59-f3bc6d19612f'),
('6dc36114-508e-47dc-9175-bd5940c9387b', '10a32652-af43-4451-bd52-4980c5690cc9', 'b6895712-d193-4744-a0fd-ff5431c7eb3d'),
('e6faab79-b133-4b55-9193-d7c3f81107b7', '10a32652-af43-4451-bd52-4980c5690cc9', 'f83e2230-cced-4fd4-85d3-bd9a4b63978c'),
('7221ab85-e45d-4004-ab28-6e857925cd9e', '10a32652-af43-4451-bd52-4980c5690cc9', '9842fa12-dd9a-493d-9312-be620c2188ce'),
('ea7967f1-5d0c-43a8-af95-de079bc4d536', '10a32652-af43-4451-bd52-4980c5690cc9', 'cf9a7610-452e-4419-87b7-76d65e05da8e'),
('7caca311-94f1-40ab-a04d-e5c9d3502782', '10a32652-af43-4451-bd52-4980c5690cc9', 'e9cc09c8-1477-4bea-b464-54c2125d0e42'),
('5e253b49-028e-48d0-b6ef-ff7a78f5b1e2', '10a32652-af43-4451-bd52-4980c5690cc9', 'cfa517d2-5aef-4d21-8f5a-29f1b0ae608a'),
('44bf8be2-c386-4e4b-919f-cb6837c0d97f', '10a32652-af43-4451-bd52-4980c5690cc9', '10a8b468-4252-45a6-8353-c683ac5164e3'),
('03f110de-ae88-419c-a9d1-2f4c6cf54dc4', '10a32652-af43-4451-bd52-4980c5690cc9', '1712b093-5d4c-48bc-9720-56e172c30123'),
('808c3c04-8cfd-4dd5-9851-5ddb6b4d2ca4', '10a32652-af43-4451-bd52-4980c5690cc9', '4d4a29db-415c-4a42-94de-2453cc2505aa'),
('91ba0363-31f8-4441-a488-56b15db81f91', '10a32652-af43-4451-bd52-4980c5690cc9', '96e5d09b-d729-452b-9f15-36b7b369eb17'),
('cdf68e6f-e704-41de-8406-75e96693e438', '10a32652-af43-4451-bd52-4980c5690cc9', 'acdcc218-981f-444c-8dc0-d8f49f6712f6'),
('f7264984-abea-46ec-9b13-5109d9924170', '10a32652-af43-4451-bd52-4980c5690cc9', '2d20900f-aab2-4ef7-9e92-9535cd160b8b'),
('22221916-e1d5-4c83-83e7-0ff670ad1fef', '10a32652-af43-4451-bd52-4980c5690cc9', 'b6ce5199-d820-48ea-8e78-9a5bc773990d'),
('ad54f2fa-0429-44da-ab08-098f2c6e4b67', '10a32652-af43-4451-bd52-4980c5690cc9', 'b3e9e994-3611-4e3f-8e55-1daff31be42d'),
('274c0a17-99e8-4904-9a98-a16eff929cbe', '10a32652-af43-4451-bd52-4980c5690cc9', 'a987ad9b-0288-4260-a6e0-2e1eaa2b698c'),
('81595cc1-8ec9-49a4-8d51-094ba34d939e', '10a32652-af43-4451-bd52-4980c5690cc9', 'dc8a20ef-a7e3-41f0-b2e3-ee4ac5662061'),
('3ce79f3c-1f69-4e89-9443-211662aea6dc', '10a32652-af43-4451-bd52-4980c5690cc9', 'ea422aef-113e-4c01-8e98-84c3c975c81f'),
('61cbadee-9e52-422b-9861-64161e6ca823', '10a32652-af43-4451-bd52-4980c5690cc9', '2aadd511-6497-46db-bd2f-8d7bf6d9816c'),
('22417710-fbee-44ee-a8d6-9faed980258b', '10a32652-af43-4451-bd52-4980c5690cc9', '0b034aa7-b0ba-40af-a17b-88ae1a4f5d7f'),
('78e56c9b-c516-4755-81ae-49a5b9b1abbc', '10a32652-af43-4451-bd52-4980c5690cc9', 'a9f2053d-985f-431f-9346-dab168c01b58'),
('44834824-2ad2-4051-b7a0-2d635e16e01e', '10a32652-af43-4451-bd52-4980c5690cc9', '33035f56-1f5a-4bb0-b87d-dfa65e128f1f'),
('9a55adcc-2f4e-4327-ad8a-2fe68e8bf8b6', '10a32652-af43-4451-bd52-4980c5690cc9', '7e9bdf6f-e2da-41fb-9d6f-4dd43f3f5b2e'),
('ee54ef5d-05be-416c-a63a-1170d87a7aa7', '10a32652-af43-4451-bd52-4980c5690cc9', '9430d6e4-9128-4213-9a5a-234c37aaf4b1'),
('4a079f6c-ad88-4412-9777-b223edfffa8f', '10a32652-af43-4451-bd52-4980c5690cc9', '5dd68866-c416-4a5c-94de-1a81d85a43fd'),
('b29223ac-cb40-473a-9cff-525316105d1f', '10a32652-af43-4451-bd52-4980c5690cc9', 'cf661e2f-b73a-4835-8fd6-f33e01d11aab'),
('58690230-000a-4d72-8a0b-224eb5ecf7d1', '10a32652-af43-4451-bd52-4980c5690cc9', '4c115768-1082-4c8c-aa9c-7c2d319c5e34'),
('e05f4685-14fa-42f4-89c5-9a26fc7355ff', '10a32652-af43-4451-bd52-4980c5690cc9', '606c2d33-ecae-4158-b67f-1b039e151863'),
('3da81b21-281a-47aa-93a8-7df6cb62ddbb', '10a32652-af43-4451-bd52-4980c5690cc9', '112bac6e-f442-40d1-bb6d-1ca9ef4ef9bf'),
('8e355bce-e0b3-4fd8-92ad-33a29ed9ae04', '10a32652-af43-4451-bd52-4980c5690cc9', '66c2bffa-c5a1-46be-8dbf-86f59440c64c'),
('c1d2051c-417f-433f-8062-d7a04bef3375', '10a32652-af43-4451-bd52-4980c5690cc9', '89c5e74d-7cc0-4c43-a4e5-a7cdc6b8e5e5'),
('37b0a52a-a68f-4293-b0ae-779f782d24cb', '10a32652-af43-4451-bd52-4980c5690cc9', '825ac392-d598-4bd9-b832-bae6d9fadeb2'),
('5e9ed5a9-65c9-4790-95c0-ca296cc1d8b7', '10a32652-af43-4451-bd52-4980c5690cc9', '102d256e-3287-4c3d-9be0-821aa0555692'),
('80d5b832-5e36-4d72-98a8-60feb8bab595', '10a32652-af43-4451-bd52-4980c5690cc9', '7179b31d-350a-4e84-ab2c-d568afdc1488'),
('ee443f68-f0c5-463d-bd21-603a078c3e3e', '10a32652-af43-4451-bd52-4980c5690cc9', '9caa968d-6c7c-4f58-ae75-5043b93a7fe5'),
('e30ca65a-0a4f-4b5f-aeb7-0e7b57782eab', '10a32652-af43-4451-bd52-4980c5690cc9', '323488a8-573b-4ebb-ad74-9ba13b655c30'),
('98f87044-f302-4c90-829a-6b5b192fa470', '10a32652-af43-4451-bd52-4980c5690cc9', '3b7d1a9c-6c66-482a-a12f-94be86d05fa9'),
('34bc7d15-6f14-4861-822b-db696016fe51', '10a32652-af43-4451-bd52-4980c5690cc9', '83d24012-d549-438a-be24-807b69904fd6'),
('ca7d8323-f719-4298-bf69-56547dd1cf29', '10a32652-af43-4451-bd52-4980c5690cc9', '964b7d4d-cb79-4c5b-825b-9d197ecd98bd'),
('5fdeef9f-b71c-4944-97b0-7ae4185e089f', '10a32652-af43-4451-bd52-4980c5690cc9', '49f15cdf-6430-46b5-9383-f8bfabf8311f'),
('26df282b-0093-4150-844e-c2618a332b1a', '10a32652-af43-4451-bd52-4980c5690cc9', '6124ac8c-aac7-4841-8667-5c4e64536c7c'),
('2a4a538d-54f3-4292-9092-80f03c463f3e', '10a32652-af43-4451-bd52-4980c5690cc9', '9c60b0f2-1452-4177-8762-3033de373f83'),
('34d4b55e-1bdb-4fea-b235-3df630b4d2ca', '10a32652-af43-4451-bd52-4980c5690cc9', '516a9bc7-7648-4281-b711-68cbba21be78'),
('d354581c-8095-4dc6-b635-5caf3809406b', '10a32652-af43-4451-bd52-4980c5690cc9', 'd3e08431-12ba-42a9-b928-0ffb535d0e78'),
('9868e4a8-80e6-4fe7-9e52-16d831c52bb9', '10a32652-af43-4451-bd52-4980c5690cc9', '1c377f68-ec86-4dd5-b337-e76bf732fd1e'),
('fa8c0770-cbfd-4826-b87e-6850b226c7c2', '10a32652-af43-4451-bd52-4980c5690cc9', '2317618d-19c6-4d2f-b78f-86d3d7066abc'),
('0c45b90e-3e71-44bf-8f7d-c1122c94a70b', '10a32652-af43-4451-bd52-4980c5690cc9', 'c28a300e-0282-4c26-9ea1-b13d846e3f64'),
('0de35e43-0689-4867-b46c-e3511a3f2225', '10a32652-af43-4451-bd52-4980c5690cc9', 'bcb8cf8e-6f27-41c8-8730-89c886ed7e59'),
('13df43fd-33cb-418b-bb8c-3436739c0151', '10a32652-af43-4451-bd52-4980c5690cc9', '5db8c565-b0be-4960-8bef-383addf4c4ca'),
('42dadea1-0eb4-4701-aa7e-f42a25048f52', '10a32652-af43-4451-bd52-4980c5690cc9', '49422f86-977b-4d15-8cda-64ac5c281894'),
('5a736f7f-a851-4317-a3f2-e2cded43d813', '10a32652-af43-4451-bd52-4980c5690cc9', '474b6e20-3e29-4dab-9ac7-5eb970845de3'),
('f26e0d91-dba0-42de-874c-fbcfbdb5da36', '10a32652-af43-4451-bd52-4980c5690cc9', '6dc5f346-dd1c-49e8-a3d7-8b4618600cb0'),
('24fac444-e299-4bd4-af4f-8b3e3324b533', '10a32652-af43-4451-bd52-4980c5690cc9', '6de775e0-7c4f-4397-b056-848df39e4cae'),
('40fcafbc-dab5-4639-835d-298629ffe322', '10a32652-af43-4451-bd52-4980c5690cc9', '4357f32d-9038-4a02-8a6b-6760d2eb629e'),
('45bc3b13-7457-4990-bf12-5e4ca28dec2d', '10a32652-af43-4451-bd52-4980c5690cc9', 'ccd4b8e1-c9e7-4614-b6ed-d1a11ebf66ed'),
('c8542179-c161-4a4e-9d65-454728eb5859', '10a32652-af43-4451-bd52-4980c5690cc9', 'cbccf36f-3d43-4a6f-81fb-32ace4f6f2c9'),
('eaf3405e-69e5-4361-968d-5ccf9279bdde', '10a32652-af43-4451-bd52-4980c5690cc9', '889e4f43-c23a-492b-bc48-cd66c394b020'),
('014fa576-0a71-4446-8cbf-e98692e1f4b0', '10a32652-af43-4451-bd52-4980c5690cc9', '6a4bcf4d-7321-4a1b-b32b-e5b6dfde2a10'),
('cfb1faae-8fd0-4f99-8aef-c8bd13c36e87', '10a32652-af43-4451-bd52-4980c5690cc9', 'e8e14b02-990d-4520-86aa-3ef9564704d5'),
('c68eaaac-77a5-4465-911a-197bf7b70913', '10a32652-af43-4451-bd52-4980c5690cc9', '8775d361-36f6-459c-9287-9ddb30829076'),
('49411414-3ab4-4dad-a08b-926e355414ad', '10a32652-af43-4451-bd52-4980c5690cc9', '349dbb0c-ec9b-4140-9148-1d09bd188a36'),
('23959828-b5a8-44ed-9960-edcd03398d5d', '10a32652-af43-4451-bd52-4980c5690cc9', '1505c9e0-8e6f-43b7-bb63-99bf34bd366f'),
('6a5b50ee-6dfd-478c-8940-500a03f96d04', '10a32652-af43-4451-bd52-4980c5690cc9', '2b7315f2-c4b2-4aad-85da-76adc89f5481'),
('6c5c5d99-b9b0-4f5f-8b2c-b0f52ea3a6ac', '10a32652-af43-4451-bd52-4980c5690cc9', 'c67b2ea7-1e29-4ae4-a1b7-773a33a0abb5'),
('86e5c3f9-a95a-467f-93aa-b501ed67f993', '10a32652-af43-4451-bd52-4980c5690cc9', 'ae5c5b3a-3c90-4c09-a495-57a5ba788bc3'),
('49f27fd8-b4b9-4d40-92d9-efc8625d8a8b', '10a32652-af43-4451-bd52-4980c5690cc9', '9c4878d0-df66-4a85-8b56-ebf52ba96a41'),
('7ef2d5a0-d336-475e-a73a-6c2eca23b5dc', '10a32652-af43-4451-bd52-4980c5690cc9', 'e7e01825-8a6c-4204-928a-1bdcf608ef0b'),
('651112dd-5501-4c1c-8424-bee99f62cd9d', '10a32652-af43-4451-bd52-4980c5690cc9', '9a09cff0-d527-4743-818b-c726ea0b8bcf'),
('cc9f859c-c655-4009-a114-e4a329d04e2a', '10a32652-af43-4451-bd52-4980c5690cc9', 'eb1d1b72-1095-4139-9e7b-9e822d085226'),
('0f881d63-b482-4109-9b0f-d1133205387a', '10a32652-af43-4451-bd52-4980c5690cc9', '16da3097-3820-4978-8dd8-4c4a1ff5e84e'),
('54c83a36-68a1-4b90-aa6c-62ca6e253108', '10a32652-af43-4451-bd52-4980c5690cc9', 'a22b93bf-326f-4757-934c-b7b33ffe19cf'),
('63d29915-de87-47e3-8646-95db8f4ae62d', '10a32652-af43-4451-bd52-4980c5690cc9', '04d6c22c-067f-4c2f-9591-095cb16d1b2d'),
('78b11ece-2a26-452b-a48c-bb50e103bbd2', '10a32652-af43-4451-bd52-4980c5690cc9', 'ce1eeba5-10cd-42a6-baf5-85a2c4d8119f'),
('3491b536-fec6-44ec-9c13-e0bd4ff43183', '10a32652-af43-4451-bd52-4980c5690cc9', '974732ff-0c92-48e5-b222-d2f9dcc167df'),
('fafb3a99-b629-4502-ae83-3bc50f4f03cd', '10a32652-af43-4451-bd52-4980c5690cc9', '4f5b0571-c539-48ab-8c5c-96c68db040cc'),
('322157d3-60c4-4a9c-9552-a633edfecbb5', '10a32652-af43-4451-bd52-4980c5690cc9', '645636a3-bd0e-484d-8a5d-c3428a3e40cc'),
('049b9c4e-d588-4253-82d6-57c27736c88e', '10a32652-af43-4451-bd52-4980c5690cc9', '68673345-eea2-4acf-9c74-9b7c7fafbfc1'),
('ac478fba-642e-4ada-ad19-159cd9f139ba', '10a32652-af43-4451-bd52-4980c5690cc9', '973888f1-80d5-413b-b6c2-c75b719585eb'),
('c9c46733-ba91-4ba4-a336-24c7ecce6c5b', '10a32652-af43-4451-bd52-4980c5690cc9', 'f475e962-bdee-4edd-95c3-cb7eda08f608'),
('274a4d74-3f0f-4d10-8f85-96b74efe0b82', '10a32652-af43-4451-bd52-4980c5690cc9', '02f54c81-4533-42b7-a48c-448914a5ebf1'),
('e26da2c4-046d-475b-bd72-331a4ef399bf', '10a32652-af43-4451-bd52-4980c5690cc9', 'ea991136-c973-44b7-93d8-e14ace7a2854'),
('be971b38-0145-4606-96d9-4683aa87f04b', '10a32652-af43-4451-bd52-4980c5690cc9', 'ce837fe9-509a-4fb4-a6a7-6f4490964ae6'),
('d8f87da6-3ebe-4fc4-83f4-2ab5183d662c', '10a32652-af43-4451-bd52-4980c5690cc9', 'f746f6f5-e4de-483d-b5f9-e5d64d1e5b11');

--INSERT TIMESERIES--COUNT:159
INSERT INTO public.timeseries(id, slug, name, instrument_id, parameter_id, unit_id) 
VALUES
('408545a8-24f4-4498-b5d7-aafe3bc4a3e6','stage','Stage','f6bc3d10-e8a4-4254-9455-399764942e94', 'b49f214e-f69f-43da-9ce3-ad96042268d0', 'f777f2e2-5e32-424e-a1ca-19d16cd8abce'),
('f6addfc0-3edd-4f8c-88dc-43b0597bb6c3','water-temperature','Water-Temperature','f6bc3d10-e8a4-4254-9455-399764942e94', 'de6112da-8489-4286-ae56-ec72aa09974d', '2d379b61-fef6-4531-9e58-cace51909e44'),
('b3b736be-ff8f-4653-8d66-b7ed1f0cc2ba','conductivity','Conductivity','f6bc3d10-e8a4-4254-9455-399764942e94', '377ecec0-f785-46ab-b0e2-5fd8c682dfea', '64b913ae-90a9-45a9-96bc-6ef317e30c1a'),
('ac4c7215-9835-4ed9-bc2d-0e6e9ed88822','ph','ph','f6bc3d10-e8a4-4254-9455-399764942e94', '5d0b2c85-6a4c-4d82-aed3-193b066349f1', '5939c8bb-f924-45f0-9ec9-5673ae7f862c'),
('2f24bdff-3769-43fe-8cab-d267443148f8','dissolved-oxygen','Dissolved-Oxygen','f6bc3d10-e8a4-4254-9455-399764942e94', '98007857-d027-4524-9a63-d07ae93e5fa2', '67d75ccd-6bf7-4086-a970-5ed65a5c30f3'),
('99b09c39-ad0b-4c3b-bc0d-841864dc36fd','precipitation','Precipitation','f6bc3d10-e8a4-4254-9455-399764942e94', '0ce77a5a-8283-47cd-9126-c440bcec4ef6', '4ee79a3d-a053-41b8-85b5-bb2eea3c9d1a'),
('b98016e0-6abe-4bd3-b021-264267058a25','precipitation','Precipitation','1d332296-a710-4186-b93e-5399a178c5dc', '0ce77a5a-8283-47cd-9126-c440bcec4ef6', '4ee79a3d-a053-41b8-85b5-bb2eea3c9d1a'),
('cd32883f-fc78-4d0c-9a95-0df5d9179ec2','stage','Stage','0cf31411-9da6-403d-8610-7b3d1b48f138', 'b49f214e-f69f-43da-9ce3-ad96042268d0', 'f777f2e2-5e32-424e-a1ca-19d16cd8abce'),
('72b230e1-32da-4a8e-8ae5-8ca41114ba79','precipitation','Precipitation','35e37fbc-d925-4b9f-847b-6685966f436e', '0ce77a5a-8283-47cd-9126-c440bcec4ef6', '4ee79a3d-a053-41b8-85b5-bb2eea3c9d1a'),
('56140ea1-86b0-42a5-8265-d40b345a7f1d','air-temperature','Air-Temperature','35e37fbc-d925-4b9f-847b-6685966f436e', 'b4ea8385-48a3-4e95-82fb-d102dfcbcb54', '10e05b5c-7e96-434b-9182-a547333e1c52'),
('a3482ae1-a35d-4d34-b07b-f5766ab2af27','precipitation','Precipitation','8df377de-52c1-47e7-a652-c2e7f7e88187', '0ce77a5a-8283-47cd-9126-c440bcec4ef6', '4ee79a3d-a053-41b8-85b5-bb2eea3c9d1a'),
('b808f040-a6fb-45f3-88ae-2d487e6f0126','air-temperature','Air-Temperature','8df377de-52c1-47e7-a652-c2e7f7e88187', 'b4ea8385-48a3-4e95-82fb-d102dfcbcb54', '10e05b5c-7e96-434b-9182-a547333e1c52'),
('1b8ef153-7e1d-4d54-8056-90edbd280930','precipitation','Precipitation','be7316b0-1129-405f-8e9e-3f65483d01a9', '0ce77a5a-8283-47cd-9126-c440bcec4ef6', '4ee79a3d-a053-41b8-85b5-bb2eea3c9d1a'),
('ccf30ff0-a528-4f2f-9f55-a97b9a196d7d','air-temperature','Air-Temperature','be7316b0-1129-405f-8e9e-3f65483d01a9', 'b4ea8385-48a3-4e95-82fb-d102dfcbcb54', '10e05b5c-7e96-434b-9182-a547333e1c52'),
('7b5ce4f6-9f48-4de7-b648-501470b057ee','precipitation','Precipitation','97096472-0bda-4557-9abb-7a8f719d233c', '0ce77a5a-8283-47cd-9126-c440bcec4ef6', '4ee79a3d-a053-41b8-85b5-bb2eea3c9d1a'),
('9de745ae-b8ea-4d21-85df-de7cd7ed4f20','air-temperature','Air-Temperature','97096472-0bda-4557-9abb-7a8f719d233c', 'b4ea8385-48a3-4e95-82fb-d102dfcbcb54', '10e05b5c-7e96-434b-9182-a547333e1c52'),
('fedb650c-3f03-4245-aa8d-64461da5925e','precipitation','Precipitation','4c74daef-d57d-4ad5-9ac3-4d8e99ea842f', '0ce77a5a-8283-47cd-9126-c440bcec4ef6', '4ee79a3d-a053-41b8-85b5-bb2eea3c9d1a'),
('25af478c-bec0-49c2-a95e-e90c613a6dd4','air-temperature','Air-Temperature','4c74daef-d57d-4ad5-9ac3-4d8e99ea842f', 'b4ea8385-48a3-4e95-82fb-d102dfcbcb54', '10e05b5c-7e96-434b-9182-a547333e1c52'),
('3cde37e7-fcbf-480d-af72-defa16b9ced9','precipitation','Precipitation','cf6c8579-0df7-4609-ba63-8c1b7e5efad1', '0ce77a5a-8283-47cd-9126-c440bcec4ef6', '4ee79a3d-a053-41b8-85b5-bb2eea3c9d1a'),
('6bb539cc-d57e-4e61-bbc3-65047478545d','air-temperature','Air-Temperature','cf6c8579-0df7-4609-ba63-8c1b7e5efad1', 'b4ea8385-48a3-4e95-82fb-d102dfcbcb54', '10e05b5c-7e96-434b-9182-a547333e1c52'),
('7bccfb64-794b-43c7-88c0-52b181b8729b','precipitation','Precipitation','cf47c0a7-d75e-4f35-9d0d-903564e03d21', '0ce77a5a-8283-47cd-9126-c440bcec4ef6', '4ee79a3d-a053-41b8-85b5-bb2eea3c9d1a'),
('b5159dd9-6874-4b73-b74b-9617b25dbc55','air-temperature','Air-Temperature','cf47c0a7-d75e-4f35-9d0d-903564e03d21', 'b4ea8385-48a3-4e95-82fb-d102dfcbcb54', '10e05b5c-7e96-434b-9182-a547333e1c52'),
('3ea51746-dab7-4f4b-8f6e-9f2b00d48876','precipitation','Precipitation','bbd17dde-1d94-47c4-83bf-c5b193b629ae', '0ce77a5a-8283-47cd-9126-c440bcec4ef6', '4ee79a3d-a053-41b8-85b5-bb2eea3c9d1a'),
('cfbf829c-5129-49cb-ae0d-2cce86ba00cd','air-temperature','Air-Temperature','bbd17dde-1d94-47c4-83bf-c5b193b629ae', 'b4ea8385-48a3-4e95-82fb-d102dfcbcb54', '10e05b5c-7e96-434b-9182-a547333e1c52'),
('20a2b482-544f-4423-a212-5480fdcfaa46','precipitation','Precipitation','d2f399cb-600f-43cf-bb8f-7e98181f1657', '0ce77a5a-8283-47cd-9126-c440bcec4ef6', '4ee79a3d-a053-41b8-85b5-bb2eea3c9d1a'),
('6c185867-9d76-4535-b6cc-8755165892dc','air-temperature','Air-Temperature','d2f399cb-600f-43cf-bb8f-7e98181f1657', 'b4ea8385-48a3-4e95-82fb-d102dfcbcb54', '10e05b5c-7e96-434b-9182-a547333e1c52'),
('b6ff81a7-c815-4d22-aa81-afcae0735f51','precipitation','Precipitation','e54f602c-0f56-4f7b-bddd-4073f6857b26', '0ce77a5a-8283-47cd-9126-c440bcec4ef6', '4ee79a3d-a053-41b8-85b5-bb2eea3c9d1a'),
('a958716e-82c2-49a0-8f41-27d88ef98665','air-temperature','Air-Temperature','e54f602c-0f56-4f7b-bddd-4073f6857b26', 'b4ea8385-48a3-4e95-82fb-d102dfcbcb54', '10e05b5c-7e96-434b-9182-a547333e1c52'),
('25d74288-1aac-4a34-b028-bda288869eb3','precipitation','Precipitation','1c3ce32c-791a-4dd8-9d11-7371b8449b8c', '0ce77a5a-8283-47cd-9126-c440bcec4ef6', '4ee79a3d-a053-41b8-85b5-bb2eea3c9d1a'),
('597e6331-21dd-4759-9904-51a318240c20','air-temperature','Air-Temperature','1c3ce32c-791a-4dd8-9d11-7371b8449b8c', 'b4ea8385-48a3-4e95-82fb-d102dfcbcb54', '10e05b5c-7e96-434b-9182-a547333e1c52'),
('f6bd4190-d91b-4e08-8569-1431f1711f92','precipitation','Precipitation','6cc704d8-0e05-4409-8e0a-23e3ca45beb7', '0ce77a5a-8283-47cd-9126-c440bcec4ef6', '4ee79a3d-a053-41b8-85b5-bb2eea3c9d1a'),
('fd56b255-b286-43b5-8780-4952335a95f6','air-temperature','Air-Temperature','6cc704d8-0e05-4409-8e0a-23e3ca45beb7', 'b4ea8385-48a3-4e95-82fb-d102dfcbcb54', '10e05b5c-7e96-434b-9182-a547333e1c52'),
('5643c7df-7727-4229-9b02-180ea893fc38','precipitation','Precipitation','9d78879b-c680-4b1d-8163-76f941432512', '0ce77a5a-8283-47cd-9126-c440bcec4ef6', '4ee79a3d-a053-41b8-85b5-bb2eea3c9d1a'),
('ecbadfda-ed81-48cf-98fa-458c7ec49b3b','air-temperature','Air-Temperature','9d78879b-c680-4b1d-8163-76f941432512', 'b4ea8385-48a3-4e95-82fb-d102dfcbcb54', '10e05b5c-7e96-434b-9182-a547333e1c52'),
('adbca479-a23d-45a6-bf87-df147e5ed0df','precipitation','Precipitation','7e3d7202-548e-4bc2-9ed0-e2838eca0073', '0ce77a5a-8283-47cd-9126-c440bcec4ef6', '4ee79a3d-a053-41b8-85b5-bb2eea3c9d1a'),
('5f09faf4-2f16-4092-9479-464d02738766','air-temperature','Air-Temperature','7e3d7202-548e-4bc2-9ed0-e2838eca0073', 'b4ea8385-48a3-4e95-82fb-d102dfcbcb54', '10e05b5c-7e96-434b-9182-a547333e1c52'),
('a71caea6-e38b-4fe0-9107-abfcb71528d5','precipitation','Precipitation','a29c85ae-0e4f-42ed-b428-a415e3f324f2', '0ce77a5a-8283-47cd-9126-c440bcec4ef6', '4ee79a3d-a053-41b8-85b5-bb2eea3c9d1a'),
('c974b5e8-6e61-4878-a67b-2d45b0e83b6d','air-temperature','Air-Temperature','a29c85ae-0e4f-42ed-b428-a415e3f324f2', 'b4ea8385-48a3-4e95-82fb-d102dfcbcb54', '10e05b5c-7e96-434b-9182-a547333e1c52'),
('aced5be6-970e-4ef7-bff5-a65d662cd24c','precipitation','Precipitation','2b3a8774-22f9-4852-9b60-8d4168c6f99a', '0ce77a5a-8283-47cd-9126-c440bcec4ef6', '4ee79a3d-a053-41b8-85b5-bb2eea3c9d1a'),
('99c383b2-1df8-4c52-8e64-1945b8eac738','air-temperature','Air-Temperature','2b3a8774-22f9-4852-9b60-8d4168c6f99a', 'b4ea8385-48a3-4e95-82fb-d102dfcbcb54', '10e05b5c-7e96-434b-9182-a547333e1c52'),
('395dccc7-c3fe-4462-8cb4-27747cad9189','precipitation','Precipitation','848ee3a8-4e52-44f7-aebe-d88e4b67e431', '0ce77a5a-8283-47cd-9126-c440bcec4ef6', '4ee79a3d-a053-41b8-85b5-bb2eea3c9d1a'),
('6caadfd6-600b-4744-b5c2-068bd5046c65','air-temperature','Air-Temperature','848ee3a8-4e52-44f7-aebe-d88e4b67e431', 'b4ea8385-48a3-4e95-82fb-d102dfcbcb54', '10e05b5c-7e96-434b-9182-a547333e1c52'),
('c1243a8d-770b-486b-a297-95625d7c4afd','precipitation','Precipitation','0d5dcb49-ac75-48c1-aa56-0e61b3ed3f84', '0ce77a5a-8283-47cd-9126-c440bcec4ef6', '4ee79a3d-a053-41b8-85b5-bb2eea3c9d1a'),
('246399f3-7947-4b8b-83b5-091bfc6c9770','air-temperature','Air-Temperature','0d5dcb49-ac75-48c1-aa56-0e61b3ed3f84', 'b4ea8385-48a3-4e95-82fb-d102dfcbcb54', '10e05b5c-7e96-434b-9182-a547333e1c52'),
('c988883f-ad7c-46cf-92fd-ff1550dd7f30','precipitation','Precipitation','cd3e6cb0-c19e-4fdf-8d8e-17e8870a99df', '0ce77a5a-8283-47cd-9126-c440bcec4ef6', '4ee79a3d-a053-41b8-85b5-bb2eea3c9d1a'),
('ae70083c-b240-410b-8557-306b285be510','air-temperature','Air-Temperature','cd3e6cb0-c19e-4fdf-8d8e-17e8870a99df', 'b4ea8385-48a3-4e95-82fb-d102dfcbcb54', '10e05b5c-7e96-434b-9182-a547333e1c52'),
('32069161-d8f3-4839-a271-44e4ff3e6235','precipitation','Precipitation','16ea2fd7-6154-4ca7-ae59-08f45b223094', '0ce77a5a-8283-47cd-9126-c440bcec4ef6', '4ee79a3d-a053-41b8-85b5-bb2eea3c9d1a'),
('3ba5fe97-4e1e-42bf-b140-77a02971c9b3','air-temperature','Air-Temperature','16ea2fd7-6154-4ca7-ae59-08f45b223094', 'b4ea8385-48a3-4e95-82fb-d102dfcbcb54', '10e05b5c-7e96-434b-9182-a547333e1c52'),
('3fe75251-6907-4e7b-8790-7d5eeac893a1','precipitation','Precipitation','4af67029-704f-478c-beb6-6cdfdcedee94', '0ce77a5a-8283-47cd-9126-c440bcec4ef6', '4ee79a3d-a053-41b8-85b5-bb2eea3c9d1a'),
('de08000e-5ec2-4864-bc70-012cb511054b','air-temperature','Air-Temperature','4af67029-704f-478c-beb6-6cdfdcedee94', 'b4ea8385-48a3-4e95-82fb-d102dfcbcb54', '10e05b5c-7e96-434b-9182-a547333e1c52'),
('bbf555a6-4f2d-47fd-a88e-6970c09718fd','precipitation','Precipitation','cd15007c-a6f2-4b78-b6ea-761bd3060c62', '0ce77a5a-8283-47cd-9126-c440bcec4ef6', '4ee79a3d-a053-41b8-85b5-bb2eea3c9d1a'),
('e2c1ea0a-9981-44ed-a3e5-0fbe59516f5a','air-temperature','Air-Temperature','cd15007c-a6f2-4b78-b6ea-761bd3060c62', 'b4ea8385-48a3-4e95-82fb-d102dfcbcb54', '10e05b5c-7e96-434b-9182-a547333e1c52'),
('f8c85e34-878d-42c4-8a05-b980d1b6e7e2','precipitation','Precipitation','9378319f-159d-458f-873b-87cc522f40b5', '0ce77a5a-8283-47cd-9126-c440bcec4ef6', '4ee79a3d-a053-41b8-85b5-bb2eea3c9d1a'),
('3f55be99-c5af-457e-a417-80342675b3eb','air-temperature','Air-Temperature','9378319f-159d-458f-873b-87cc522f40b5', 'b4ea8385-48a3-4e95-82fb-d102dfcbcb54', '10e05b5c-7e96-434b-9182-a547333e1c52'),
('8f2594c0-fea4-4e51-a8b7-09d978a236c2','precipitation','Precipitation','3f3eff82-7c3d-4092-a83e-24116d1ad163', '0ce77a5a-8283-47cd-9126-c440bcec4ef6', '4ee79a3d-a053-41b8-85b5-bb2eea3c9d1a'),
('9f4a1a56-4b8f-4802-a7f4-a0e70341881c','air-temperature','Air-Temperature','3f3eff82-7c3d-4092-a83e-24116d1ad163', 'b4ea8385-48a3-4e95-82fb-d102dfcbcb54', '10e05b5c-7e96-434b-9182-a547333e1c52'),
('796cfa2e-dfd1-4f6d-8eda-3875a7b31340','precipitation','Precipitation','b39529d5-c54a-4ea5-b40f-9c8293c568bd', '0ce77a5a-8283-47cd-9126-c440bcec4ef6', '4ee79a3d-a053-41b8-85b5-bb2eea3c9d1a'),
('b8937387-1243-41f9-b677-7c12d2a7093e','air-temperature','Air-Temperature','b39529d5-c54a-4ea5-b40f-9c8293c568bd', 'b4ea8385-48a3-4e95-82fb-d102dfcbcb54', '10e05b5c-7e96-434b-9182-a547333e1c52'),
('5aea2bec-0ddc-4436-9cc5-18d38a7d024c','precipitation','Precipitation','0e492f63-7701-4a61-9bb7-61edfc6098aa', '0ce77a5a-8283-47cd-9126-c440bcec4ef6', '4ee79a3d-a053-41b8-85b5-bb2eea3c9d1a'),
('31a77255-4dc9-42d6-b385-82fe01fb3cf6','air-temperature','Air-Temperature','0e492f63-7701-4a61-9bb7-61edfc6098aa', 'b4ea8385-48a3-4e95-82fb-d102dfcbcb54', '10e05b5c-7e96-434b-9182-a547333e1c52'),
('3de54a92-2e74-48c8-9dd1-143cab8dc2b5','precipitation','Precipitation','7730e99f-a484-4f3b-8ea2-3a55267956e0', '0ce77a5a-8283-47cd-9126-c440bcec4ef6', '4ee79a3d-a053-41b8-85b5-bb2eea3c9d1a'),
('31d6713d-a901-4429-b758-00af9ce2d7bc','air-temperature','Air-Temperature','7730e99f-a484-4f3b-8ea2-3a55267956e0', 'b4ea8385-48a3-4e95-82fb-d102dfcbcb54', '10e05b5c-7e96-434b-9182-a547333e1c52'),
('68a39cf0-1405-48f2-8241-ba827b00ef6d','precipitation','Precipitation','8b8ed50c-4ead-4b39-bcce-2e85f125c9c4', '0ce77a5a-8283-47cd-9126-c440bcec4ef6', '4ee79a3d-a053-41b8-85b5-bb2eea3c9d1a'),
('29815cf7-7c6e-4999-aa48-282dc9bc7071','air-temperature','Air-Temperature','8b8ed50c-4ead-4b39-bcce-2e85f125c9c4', 'b4ea8385-48a3-4e95-82fb-d102dfcbcb54', '10e05b5c-7e96-434b-9182-a547333e1c52'),
('fc63a30a-7743-471c-ad69-7257d2809274','precipitation','Precipitation','f7be6fea-53ad-449d-b1e0-5626e65d3573', '0ce77a5a-8283-47cd-9126-c440bcec4ef6', '4ee79a3d-a053-41b8-85b5-bb2eea3c9d1a'),
('e8741dba-2cff-4307-b198-30d35320b083','air-temperature','Air-Temperature','f7be6fea-53ad-449d-b1e0-5626e65d3573', 'b4ea8385-48a3-4e95-82fb-d102dfcbcb54', '10e05b5c-7e96-434b-9182-a547333e1c52'),
('6588b0ca-66ae-46f2-8a66-4b9f1757e5c7','precipitation','Precipitation','96021d8e-605c-47e4-862e-cf750724059f', '0ce77a5a-8283-47cd-9126-c440bcec4ef6', '4ee79a3d-a053-41b8-85b5-bb2eea3c9d1a'),
('71513349-f266-4944-9091-2e9accc5c6a7','air-temperature','Air-Temperature','96021d8e-605c-47e4-862e-cf750724059f', 'b4ea8385-48a3-4e95-82fb-d102dfcbcb54', '10e05b5c-7e96-434b-9182-a547333e1c52'),
('4f58ced9-ed75-4e65-a30d-44a93dadd67d','precipitation','Precipitation','45872e53-dd92-4054-9161-18f0b690a2ad', '0ce77a5a-8283-47cd-9126-c440bcec4ef6', '4ee79a3d-a053-41b8-85b5-bb2eea3c9d1a'),
('851338b8-bbb6-4a04-b200-535835f23466','air-temperature','Air-Temperature','45872e53-dd92-4054-9161-18f0b690a2ad', 'b4ea8385-48a3-4e95-82fb-d102dfcbcb54', '10e05b5c-7e96-434b-9182-a547333e1c52'),
('dcfaf217-b367-4a4c-a0fa-23637ec663e2','precipitation','Precipitation','4d72f392-5f02-47c4-99cc-f70371fec331', '0ce77a5a-8283-47cd-9126-c440bcec4ef6', '4ee79a3d-a053-41b8-85b5-bb2eea3c9d1a'),
('5b802b6a-4d72-404a-b9f8-2cdd235f7662','air-temperature','Air-Temperature','4d72f392-5f02-47c4-99cc-f70371fec331', 'b4ea8385-48a3-4e95-82fb-d102dfcbcb54', '10e05b5c-7e96-434b-9182-a547333e1c52'),
('88b9bbec-f1a2-452a-b12a-91728f74a352','precipitation','Precipitation','36d0d4d4-db46-4e27-bcb9-ec73fb1fb40c', '0ce77a5a-8283-47cd-9126-c440bcec4ef6', '4ee79a3d-a053-41b8-85b5-bb2eea3c9d1a'),
('b58b94b3-9ef7-4f1d-b8a1-ba34ee7c6931','air-temperature','Air-Temperature','36d0d4d4-db46-4e27-bcb9-ec73fb1fb40c', 'b4ea8385-48a3-4e95-82fb-d102dfcbcb54', '10e05b5c-7e96-434b-9182-a547333e1c52'),
('bda6735a-d921-4ee8-a55a-df45f8af1a74','precipitation','Precipitation','e39a07db-d64f-4298-a4ed-4ef6fd347eae', '0ce77a5a-8283-47cd-9126-c440bcec4ef6', '4ee79a3d-a053-41b8-85b5-bb2eea3c9d1a'),
('fcd7de86-3027-41d1-8da8-d16d48ca321a','air-temperature','Air-Temperature','e39a07db-d64f-4298-a4ed-4ef6fd347eae', 'b4ea8385-48a3-4e95-82fb-d102dfcbcb54', '10e05b5c-7e96-434b-9182-a547333e1c52'),
('0ccf9a77-d1a6-4b3f-ac57-6cbc65266a45','precipitation','Precipitation','ce677a9a-c732-48c0-8adc-e12e26376613', '0ce77a5a-8283-47cd-9126-c440bcec4ef6', '4ee79a3d-a053-41b8-85b5-bb2eea3c9d1a'),
('accc6d5f-4b02-45bb-b83e-0903c71d1c35','air-temperature','Air-Temperature','ce677a9a-c732-48c0-8adc-e12e26376613', 'b4ea8385-48a3-4e95-82fb-d102dfcbcb54', '10e05b5c-7e96-434b-9182-a547333e1c52'),
('f9ee1752-8513-4fb1-bf7a-592b8bf6ab47','precipitation','Precipitation','f107a51b-ba55-4b1d-9104-4374498e843c', '0ce77a5a-8283-47cd-9126-c440bcec4ef6', '4ee79a3d-a053-41b8-85b5-bb2eea3c9d1a'),
('e6a50547-700d-4fda-81f2-4bde4bcb4f89','air-temperature','Air-Temperature','f107a51b-ba55-4b1d-9104-4374498e843c', 'b4ea8385-48a3-4e95-82fb-d102dfcbcb54', '10e05b5c-7e96-434b-9182-a547333e1c52'),
('bf33f874-8cc2-447a-b782-68d112d2ecb3','precipitation','Precipitation','83863eae-9537-4ec4-89d7-643f59054c31', '0ce77a5a-8283-47cd-9126-c440bcec4ef6', '4ee79a3d-a053-41b8-85b5-bb2eea3c9d1a'),
('d5eb2943-a531-4069-a14c-9379e365c349','air-temperature','Air-Temperature','83863eae-9537-4ec4-89d7-643f59054c31', 'b4ea8385-48a3-4e95-82fb-d102dfcbcb54', '10e05b5c-7e96-434b-9182-a547333e1c52'),
('e833ada6-1a08-4e76-884e-f6eb14d0f499','precipitation','Precipitation','0c6ee9f5-aa5f-40cb-8758-aa71eaa270ba', '0ce77a5a-8283-47cd-9126-c440bcec4ef6', '4ee79a3d-a053-41b8-85b5-bb2eea3c9d1a'),
('d4454d3b-3b17-41e9-a35b-0759c54ab33d','air-temperature','Air-Temperature','0c6ee9f5-aa5f-40cb-8758-aa71eaa270ba', 'b4ea8385-48a3-4e95-82fb-d102dfcbcb54', '10e05b5c-7e96-434b-9182-a547333e1c52'),
('38bcec21-d83e-4464-84a2-bd49ee1f3a30','precipitation','Precipitation','67ca921e-b117-4b7f-acbb-892a85703af1', '0ce77a5a-8283-47cd-9126-c440bcec4ef6', '4ee79a3d-a053-41b8-85b5-bb2eea3c9d1a'),
('ec5ae0ca-440d-4f22-b1c9-15edcc210361','air-temperature','Air-Temperature','67ca921e-b117-4b7f-acbb-892a85703af1', 'b4ea8385-48a3-4e95-82fb-d102dfcbcb54', '10e05b5c-7e96-434b-9182-a547333e1c52'),
('7afa6e4e-c785-4714-b119-a1d23ea1fadf','precipitation','Precipitation','326495c6-8a4e-44be-8e7d-14870e2d4d4c', '0ce77a5a-8283-47cd-9126-c440bcec4ef6', '4ee79a3d-a053-41b8-85b5-bb2eea3c9d1a'),
('2fe4d34f-84b2-44aa-8f4c-44658ab157a2','air-temperature','Air-Temperature','326495c6-8a4e-44be-8e7d-14870e2d4d4c', 'b4ea8385-48a3-4e95-82fb-d102dfcbcb54', '10e05b5c-7e96-434b-9182-a547333e1c52'),
('3a706e48-1c3d-47b9-82c7-48fec93324b9','precipitation','Precipitation','8ccf9ac2-74d6-4d65-886e-a1dfd5999f5c', '0ce77a5a-8283-47cd-9126-c440bcec4ef6', '4ee79a3d-a053-41b8-85b5-bb2eea3c9d1a'),
('764a1a12-1c79-4831-80fb-b5dc82596c2e','air-temperature','Air-Temperature','8ccf9ac2-74d6-4d65-886e-a1dfd5999f5c', 'b4ea8385-48a3-4e95-82fb-d102dfcbcb54', '10e05b5c-7e96-434b-9182-a547333e1c52'),
('b0e80d4d-da4e-4d5d-97bc-d381ba3ad39a','precipitation','Precipitation','5c8067c7-fbf5-4fdb-8782-bd31976357cb', '0ce77a5a-8283-47cd-9126-c440bcec4ef6', '4ee79a3d-a053-41b8-85b5-bb2eea3c9d1a'),
('0de9ff03-e74a-47cb-b992-0c0f1db511e8','air-temperature','Air-Temperature','5c8067c7-fbf5-4fdb-8782-bd31976357cb', 'b4ea8385-48a3-4e95-82fb-d102dfcbcb54', '10e05b5c-7e96-434b-9182-a547333e1c52'),
('95d522e1-e762-4b0e-a24b-d3dc50969b6f','precipitation','Precipitation','43762240-901d-4154-94ed-df1bffc27b16', '0ce77a5a-8283-47cd-9126-c440bcec4ef6', '4ee79a3d-a053-41b8-85b5-bb2eea3c9d1a'),
('369dc15f-286b-454a-93ca-a1fe5ebac62b','air-temperature','Air-Temperature','43762240-901d-4154-94ed-df1bffc27b16', 'b4ea8385-48a3-4e95-82fb-d102dfcbcb54', '10e05b5c-7e96-434b-9182-a547333e1c52'),
('8d951662-b008-44b8-be6d-4675d1d3a291','precipitation','Precipitation','a3f4e3ea-5649-45d8-9b76-fa46b4e63768', '0ce77a5a-8283-47cd-9126-c440bcec4ef6', '4ee79a3d-a053-41b8-85b5-bb2eea3c9d1a'),
('988516d4-4208-4b4b-814f-07a2fc26829f','air-temperature','Air-Temperature','a3f4e3ea-5649-45d8-9b76-fa46b4e63768', 'b4ea8385-48a3-4e95-82fb-d102dfcbcb54', '10e05b5c-7e96-434b-9182-a547333e1c52'),
('9fe7ee86-90f9-4a4f-8454-4a64ea89f0e5','precipitation','Precipitation','38f5eb66-2b68-448b-a0d0-ea717cafb72f', '0ce77a5a-8283-47cd-9126-c440bcec4ef6', '4ee79a3d-a053-41b8-85b5-bb2eea3c9d1a'),
('40e302d1-85d8-460a-9861-8120d0ae5e4f','air-temperature','Air-Temperature','38f5eb66-2b68-448b-a0d0-ea717cafb72f', 'b4ea8385-48a3-4e95-82fb-d102dfcbcb54', '10e05b5c-7e96-434b-9182-a547333e1c52'),
('14a0364d-44d7-4637-ab3e-85e0836ccf83','precipitation','Precipitation','ac0ea8e6-7152-434d-b133-2e891ef4746d', '0ce77a5a-8283-47cd-9126-c440bcec4ef6', '4ee79a3d-a053-41b8-85b5-bb2eea3c9d1a'),
('ca9924bc-e21e-4528-8752-ebaa8a39f62d','air-temperature','Air-Temperature','ac0ea8e6-7152-434d-b133-2e891ef4746d', 'b4ea8385-48a3-4e95-82fb-d102dfcbcb54', '10e05b5c-7e96-434b-9182-a547333e1c52'),
('efe023c5-e8c2-44f6-b92a-5e40f99b3827','precipitation','Precipitation','fa6ed8a4-7c37-496f-97ce-b983cb002acd', '0ce77a5a-8283-47cd-9126-c440bcec4ef6', '4ee79a3d-a053-41b8-85b5-bb2eea3c9d1a'),
('da74c91d-bfdb-48ed-b1eb-fd13766e9306','air-temperature','Air-Temperature','fa6ed8a4-7c37-496f-97ce-b983cb002acd', 'b4ea8385-48a3-4e95-82fb-d102dfcbcb54', '10e05b5c-7e96-434b-9182-a547333e1c52'),
('bb094bd4-f8d6-452d-9d83-003dcf4c20d1','precipitation','Precipitation','1634e6ac-3a25-4873-9056-9b751f4c9085', '0ce77a5a-8283-47cd-9126-c440bcec4ef6', '4ee79a3d-a053-41b8-85b5-bb2eea3c9d1a'),
('21e9c61d-543b-4528-b1ea-8d656d8ac209','air-temperature','Air-Temperature','1634e6ac-3a25-4873-9056-9b751f4c9085', 'b4ea8385-48a3-4e95-82fb-d102dfcbcb54', '10e05b5c-7e96-434b-9182-a547333e1c52'),
('d88e0828-db2e-4bfc-89bd-143dc23bd64a','precipitation','Precipitation','e2c67eb0-fd94-4f3c-a8cb-df0d75fa5c66', '0ce77a5a-8283-47cd-9126-c440bcec4ef6', '4ee79a3d-a053-41b8-85b5-bb2eea3c9d1a'),
('82c36463-bb4c-4d01-b10c-e9d1fd42f336','air-temperature','Air-Temperature','e2c67eb0-fd94-4f3c-a8cb-df0d75fa5c66', 'b4ea8385-48a3-4e95-82fb-d102dfcbcb54', '10e05b5c-7e96-434b-9182-a547333e1c52'),
('6d89ad30-3042-40a3-b3ae-ff862941ea43','precipitation','Precipitation','6a13cefc-7cbe-42ae-80b1-82680690600c', '0ce77a5a-8283-47cd-9126-c440bcec4ef6', '4ee79a3d-a053-41b8-85b5-bb2eea3c9d1a'),
('a6c09b1e-9982-4740-97ca-9b271f43b6d1','air-temperature','Air-Temperature','6a13cefc-7cbe-42ae-80b1-82680690600c', 'b4ea8385-48a3-4e95-82fb-d102dfcbcb54', '10e05b5c-7e96-434b-9182-a547333e1c52'),
('9e30c2c2-bee9-4521-9868-0f9283e41067','precipitation','Precipitation','bad9030b-8769-47e7-aa20-bae668fbc890', '0ce77a5a-8283-47cd-9126-c440bcec4ef6', '4ee79a3d-a053-41b8-85b5-bb2eea3c9d1a'),
('323534e1-1921-45c2-9602-85b8bed13fd5','air-temperature','Air-Temperature','bad9030b-8769-47e7-aa20-bae668fbc890', 'b4ea8385-48a3-4e95-82fb-d102dfcbcb54', '10e05b5c-7e96-434b-9182-a547333e1c52'),
('6f5e2c30-f3f9-4c38-8b0e-e3e0f097f715','precipitation','Precipitation','0c98f315-fdb0-4678-8c04-daaa1bc529f0', '0ce77a5a-8283-47cd-9126-c440bcec4ef6', '4ee79a3d-a053-41b8-85b5-bb2eea3c9d1a'),
('10e45cb1-1fa0-4082-929e-701902ab6905','air-temperature','Air-Temperature','0c98f315-fdb0-4678-8c04-daaa1bc529f0', 'b4ea8385-48a3-4e95-82fb-d102dfcbcb54', '10e05b5c-7e96-434b-9182-a547333e1c52'),
('92a1c882-9ec4-4e77-9ab8-29201bdf926a','precipitation','Precipitation','31457314-dfd9-4dee-ba1a-c0d49549f565', '0ce77a5a-8283-47cd-9126-c440bcec4ef6', '4ee79a3d-a053-41b8-85b5-bb2eea3c9d1a'),
('27ff6a80-8710-4812-8786-3cfd0c9ae213','air-temperature','Air-Temperature','31457314-dfd9-4dee-ba1a-c0d49549f565', 'b4ea8385-48a3-4e95-82fb-d102dfcbcb54', '10e05b5c-7e96-434b-9182-a547333e1c52'),
('5d377cc2-6014-4913-a2a9-aa7d89a6d902','precipitation','Precipitation','91916ab2-6dd4-45fb-9dbb-a13450b79189', '0ce77a5a-8283-47cd-9126-c440bcec4ef6', '4ee79a3d-a053-41b8-85b5-bb2eea3c9d1a'),
('ee872731-56dc-41ce-a108-16df1b4b50e3','air-temperature','Air-Temperature','91916ab2-6dd4-45fb-9dbb-a13450b79189', 'b4ea8385-48a3-4e95-82fb-d102dfcbcb54', '10e05b5c-7e96-434b-9182-a547333e1c52'),
('3c6f62bb-b52a-4f76-b8e1-bceccfbbae7b','precipitation','Precipitation','9a7ff071-8f46-4536-998f-104abb80db97', '0ce77a5a-8283-47cd-9126-c440bcec4ef6', '4ee79a3d-a053-41b8-85b5-bb2eea3c9d1a'),
('92deb122-d8bb-44d9-a818-e8aa6714bbe2','air-temperature','Air-Temperature','9a7ff071-8f46-4536-998f-104abb80db97', 'b4ea8385-48a3-4e95-82fb-d102dfcbcb54', '10e05b5c-7e96-434b-9182-a547333e1c52'),
('0dddafb6-cd96-4fb0-8b94-d9393eaa8987','precipitation','Precipitation','0d3496b4-6660-42cd-8ba0-56b79d15a78b', '0ce77a5a-8283-47cd-9126-c440bcec4ef6', '4ee79a3d-a053-41b8-85b5-bb2eea3c9d1a'),
('ec8702bc-d9ee-4979-b9ce-019cf555f345','air-temperature','Air-Temperature','0d3496b4-6660-42cd-8ba0-56b79d15a78b', 'b4ea8385-48a3-4e95-82fb-d102dfcbcb54', '10e05b5c-7e96-434b-9182-a547333e1c52'),
('87624146-4233-40aa-bdfe-98a72a091e74','precipitation','Precipitation','6fda2fea-8575-47f2-8e23-9512d645aa4e', '0ce77a5a-8283-47cd-9126-c440bcec4ef6', '4ee79a3d-a053-41b8-85b5-bb2eea3c9d1a'),
('f16bc660-f194-44bc-832f-a2d2e2e6f827','air-temperature','Air-Temperature','6fda2fea-8575-47f2-8e23-9512d645aa4e', 'b4ea8385-48a3-4e95-82fb-d102dfcbcb54', '10e05b5c-7e96-434b-9182-a547333e1c52'),
('0a27d99a-a24f-44cc-9bb6-0cd377724451','precipitation','Precipitation','3da8b882-f71b-4a7e-8bc0-0bd729532df3', '0ce77a5a-8283-47cd-9126-c440bcec4ef6', '4ee79a3d-a053-41b8-85b5-bb2eea3c9d1a'),
('79bec488-0bd9-4365-8573-97dc4d8ce12b','air-temperature','Air-Temperature','3da8b882-f71b-4a7e-8bc0-0bd729532df3', 'b4ea8385-48a3-4e95-82fb-d102dfcbcb54', '10e05b5c-7e96-434b-9182-a547333e1c52'),
('42d05a3e-8a53-4e9d-854f-1ecc07c05741','precipitation','Precipitation','3b5d759b-d7a9-4295-bea9-f3d3363135fb', '0ce77a5a-8283-47cd-9126-c440bcec4ef6', '4ee79a3d-a053-41b8-85b5-bb2eea3c9d1a'),
('275cb5b3-3cc3-482d-a6ed-b48bec92f99f','air-temperature','Air-Temperature','3b5d759b-d7a9-4295-bea9-f3d3363135fb', 'b4ea8385-48a3-4e95-82fb-d102dfcbcb54', '10e05b5c-7e96-434b-9182-a547333e1c52'),
('96881b65-e802-4e86-b0f6-8b2aac80a7d2','precipitation','Precipitation','f2dd02ed-2534-419c-8dc7-f364a4f1d60a', '0ce77a5a-8283-47cd-9126-c440bcec4ef6', '4ee79a3d-a053-41b8-85b5-bb2eea3c9d1a'),
('7a5d0c6c-edf4-4fcb-969a-c653f1085ccc','air-temperature','Air-Temperature','f2dd02ed-2534-419c-8dc7-f364a4f1d60a', 'b4ea8385-48a3-4e95-82fb-d102dfcbcb54', '10e05b5c-7e96-434b-9182-a547333e1c52'),
('518d7b69-dc63-4bff-ba38-5fd28d33ce74','precipitation','Precipitation','eb02fbc5-d8bd-424e-9d91-1a9be1ea477f', '0ce77a5a-8283-47cd-9126-c440bcec4ef6', '4ee79a3d-a053-41b8-85b5-bb2eea3c9d1a'),
('e25a164d-9a1a-4e9c-b5cc-7d600f5e0674','air-temperature','Air-Temperature','eb02fbc5-d8bd-424e-9d91-1a9be1ea477f', 'b4ea8385-48a3-4e95-82fb-d102dfcbcb54', '10e05b5c-7e96-434b-9182-a547333e1c52'),
('456d21ed-9f15-4c9c-af4d-a9ff5883a459','precipitation','Precipitation','35187f06-ffac-4953-9240-a3a45d06e6f8', '0ce77a5a-8283-47cd-9126-c440bcec4ef6', '4ee79a3d-a053-41b8-85b5-bb2eea3c9d1a'),
('2fb4c36a-6e6e-4cc2-9d9f-7f903e4d2293','air-temperature','Air-Temperature','35187f06-ffac-4953-9240-a3a45d06e6f8', 'b4ea8385-48a3-4e95-82fb-d102dfcbcb54', '10e05b5c-7e96-434b-9182-a547333e1c52'),
('221e5553-dc61-4077-8a9f-37f5e2be6f33','precipitation','Precipitation','2cf2c02c-1450-44f4-a014-adbf599439c2', '0ce77a5a-8283-47cd-9126-c440bcec4ef6', '4ee79a3d-a053-41b8-85b5-bb2eea3c9d1a'),
('f76367a5-93cc-4c8b-81b8-b5f379724157','air-temperature','Air-Temperature','2cf2c02c-1450-44f4-a014-adbf599439c2', 'b4ea8385-48a3-4e95-82fb-d102dfcbcb54', '10e05b5c-7e96-434b-9182-a547333e1c52'),
('11379f53-041c-4824-8095-69a3d5dfbf5a','precipitation','Precipitation','0b79ce91-886c-4358-94eb-26c52c467872', '0ce77a5a-8283-47cd-9126-c440bcec4ef6', '4ee79a3d-a053-41b8-85b5-bb2eea3c9d1a'),
('dcb4972c-3ec5-4855-83a5-b83e548c35ca','air-temperature','Air-Temperature','0b79ce91-886c-4358-94eb-26c52c467872', 'b4ea8385-48a3-4e95-82fb-d102dfcbcb54', '10e05b5c-7e96-434b-9182-a547333e1c52'),
('3c4c7199-50a8-4690-9a81-d9cd358669e8','precipitation','Precipitation','8123b0bb-edd4-4a97-a9a3-3c0447b18ed0', '0ce77a5a-8283-47cd-9126-c440bcec4ef6', '4ee79a3d-a053-41b8-85b5-bb2eea3c9d1a'),
('5653c401-e28b-4e45-9c91-66663784700a','air-temperature','Air-Temperature','8123b0bb-edd4-4a97-a9a3-3c0447b18ed0', 'b4ea8385-48a3-4e95-82fb-d102dfcbcb54', '10e05b5c-7e96-434b-9182-a547333e1c52'),
('14f8137a-f1f1-4cae-8ef0-8375dadfb7a8','precipitation','Precipitation','4e45eaff-0517-42e2-a4d5-9fd88cadba91', '0ce77a5a-8283-47cd-9126-c440bcec4ef6', '4ee79a3d-a053-41b8-85b5-bb2eea3c9d1a'),
('69ff1cff-26eb-45b6-b052-db562798e466','air-temperature','Air-Temperature','4e45eaff-0517-42e2-a4d5-9fd88cadba91', 'b4ea8385-48a3-4e95-82fb-d102dfcbcb54', '10e05b5c-7e96-434b-9182-a547333e1c52'),
('36b94da9-9566-4253-a9a3-97c07d877309','precipitation','Precipitation','cab2fd6f-31a7-4f5a-b4c3-ca983668d2ac', '0ce77a5a-8283-47cd-9126-c440bcec4ef6', '4ee79a3d-a053-41b8-85b5-bb2eea3c9d1a'),
('9119f305-4682-4f30-a585-a799bb61b725','air-temperature','Air-Temperature','cab2fd6f-31a7-4f5a-b4c3-ca983668d2ac', 'b4ea8385-48a3-4e95-82fb-d102dfcbcb54', '10e05b5c-7e96-434b-9182-a547333e1c52'),
('ee32e937-f993-4865-b88b-f99391aa1d88','precipitation','Precipitation','c350bbb2-355a-4deb-b146-487b28d0ae28', '0ce77a5a-8283-47cd-9126-c440bcec4ef6', '4ee79a3d-a053-41b8-85b5-bb2eea3c9d1a'),
('defe8060-8186-48ac-a00d-a2b14b7e4319','air-temperature','Air-Temperature','c350bbb2-355a-4deb-b146-487b28d0ae28', 'b4ea8385-48a3-4e95-82fb-d102dfcbcb54', '10e05b5c-7e96-434b-9182-a547333e1c52'),
('fb90c1a7-6f37-4511-b750-6465ad1815cf','precipitation','Precipitation','817692de-892c-4e7d-b184-6717987a23d9', '0ce77a5a-8283-47cd-9126-c440bcec4ef6', '4ee79a3d-a053-41b8-85b5-bb2eea3c9d1a'),
('df7c54c7-5290-4a1f-bba8-8e565ce2050d','air-temperature','Air-Temperature','817692de-892c-4e7d-b184-6717987a23d9', 'b4ea8385-48a3-4e95-82fb-d102dfcbcb54', '10e05b5c-7e96-434b-9182-a547333e1c52'),
('a679c456-83af-4665-8a83-35976ec33401','precipitation','Precipitation','9b1786c7-e264-4827-b234-05809a121043', '0ce77a5a-8283-47cd-9126-c440bcec4ef6', '4ee79a3d-a053-41b8-85b5-bb2eea3c9d1a'),
('193ddd77-08d4-4782-b465-9bd89aa2c415','air-temperature','Air-Temperature','9b1786c7-e264-4827-b234-05809a121043', 'b4ea8385-48a3-4e95-82fb-d102dfcbcb54', '10e05b5c-7e96-434b-9182-a547333e1c52'),
('09c183a2-9ffa-4c99-b14d-18fd24c42f32','precipitation','Precipitation','987454c8-5c30-407c-9f86-33f66f7dc427', '0ce77a5a-8283-47cd-9126-c440bcec4ef6', '4ee79a3d-a053-41b8-85b5-bb2eea3c9d1a'),
('3e724f41-eb96-4153-8592-c4a2bf646357','air-temperature','Air-Temperature','987454c8-5c30-407c-9f86-33f66f7dc427', 'b4ea8385-48a3-4e95-82fb-d102dfcbcb54', '10e05b5c-7e96-434b-9182-a547333e1c52'),
('8a6b4655-9ee0-4889-9db8-63997d0ca120','precipitation','Precipitation','136f874f-d353-4f5c-8d76-f3718f23442e', '0ce77a5a-8283-47cd-9126-c440bcec4ef6', '4ee79a3d-a053-41b8-85b5-bb2eea3c9d1a'),
('ecc3e3e9-eace-48ef-8cc7-1a45c05b9c54','air-temperature','Air-Temperature','136f874f-d353-4f5c-8d76-f3718f23442e', 'b4ea8385-48a3-4e95-82fb-d102dfcbcb54', '10e05b5c-7e96-434b-9182-a547333e1c52'),
('12a2b93d-1952-410a-b9e8-1731c1521770','precipitation','Precipitation','f083d8bc-2f77-440e-be14-02d8f0e44096', '0ce77a5a-8283-47cd-9126-c440bcec4ef6', '4ee79a3d-a053-41b8-85b5-bb2eea3c9d1a'),
('8d252f4f-5c73-43ff-b035-5f7f292897d5','air-temperature','Air-Temperature','f083d8bc-2f77-440e-be14-02d8f0e44096', 'b4ea8385-48a3-4e95-82fb-d102dfcbcb54', '10e05b5c-7e96-434b-9182-a547333e1c52'),
('6dca3ce6-dd88-46db-8a3a-5817b38b9ddf','precipitation','Precipitation','1a21ee0c-6983-4c07-9dc3-63aeb142eb6d', '0ce77a5a-8283-47cd-9126-c440bcec4ef6', '4ee79a3d-a053-41b8-85b5-bb2eea3c9d1a'),
('39839b6e-75bb-4f21-9a44-2ab86d701701','air-temperature','Air-Temperature','1a21ee0c-6983-4c07-9dc3-63aeb142eb6d', 'b4ea8385-48a3-4e95-82fb-d102dfcbcb54', '10e05b5c-7e96-434b-9182-a547333e1c52'),
('cb7fb18b-4c32-45f0-885f-b203588cc509','precipitation','Precipitation','6dc36114-508e-47dc-9175-bd5940c9387b', '0ce77a5a-8283-47cd-9126-c440bcec4ef6', '4ee79a3d-a053-41b8-85b5-bb2eea3c9d1a'),
('6a5bfc02-73ce-45d3-a1b7-1943b050af8d','air-temperature','Air-Temperature','6dc36114-508e-47dc-9175-bd5940c9387b', 'b4ea8385-48a3-4e95-82fb-d102dfcbcb54', '10e05b5c-7e96-434b-9182-a547333e1c52'),
('0d77c9c6-870c-405c-9822-a1514ffde84e','precipitation','Precipitation','e6faab79-b133-4b55-9193-d7c3f81107b7', '0ce77a5a-8283-47cd-9126-c440bcec4ef6', '4ee79a3d-a053-41b8-85b5-bb2eea3c9d1a'),
('c9c38b6f-b13a-4aac-a0e1-d1baed53fc4d','air-temperature','Air-Temperature','e6faab79-b133-4b55-9193-d7c3f81107b7', 'b4ea8385-48a3-4e95-82fb-d102dfcbcb54', '10e05b5c-7e96-434b-9182-a547333e1c52'),
('79bb47fc-73ea-42d1-aba9-c2c83eb6c85c','precipitation','Precipitation','7221ab85-e45d-4004-ab28-6e857925cd9e', '0ce77a5a-8283-47cd-9126-c440bcec4ef6', '4ee79a3d-a053-41b8-85b5-bb2eea3c9d1a'),
('9ba032a8-2fe6-4026-b6ca-4ca2fde54d11','air-temperature','Air-Temperature','7221ab85-e45d-4004-ab28-6e857925cd9e', 'b4ea8385-48a3-4e95-82fb-d102dfcbcb54', '10e05b5c-7e96-434b-9182-a547333e1c52'),
('7b1cb3ee-8625-4042-a16f-8e58bc7270e1','precipitation','Precipitation','ea7967f1-5d0c-43a8-af95-de079bc4d536', '0ce77a5a-8283-47cd-9126-c440bcec4ef6', '4ee79a3d-a053-41b8-85b5-bb2eea3c9d1a'),
('6a34e1b0-1eeb-416e-a0d7-195bf05f832a','air-temperature','Air-Temperature','ea7967f1-5d0c-43a8-af95-de079bc4d536', 'b4ea8385-48a3-4e95-82fb-d102dfcbcb54', '10e05b5c-7e96-434b-9182-a547333e1c52'),
('e0bb2b50-fdb5-43c7-8503-168ff94faf98','precipitation','Precipitation','7caca311-94f1-40ab-a04d-e5c9d3502782', '0ce77a5a-8283-47cd-9126-c440bcec4ef6', '4ee79a3d-a053-41b8-85b5-bb2eea3c9d1a'),
('cd84aa35-2709-4abe-89d2-8b82d6ccf8d2','air-temperature','Air-Temperature','7caca311-94f1-40ab-a04d-e5c9d3502782', 'b4ea8385-48a3-4e95-82fb-d102dfcbcb54', '10e05b5c-7e96-434b-9182-a547333e1c52'),
('6650cf6f-5674-4727-b9e3-8023b46641c1','precipitation','Precipitation','5e253b49-028e-48d0-b6ef-ff7a78f5b1e2', '0ce77a5a-8283-47cd-9126-c440bcec4ef6', '4ee79a3d-a053-41b8-85b5-bb2eea3c9d1a'),
('1af0b986-3325-4216-9fc6-5de7ae104060','air-temperature','Air-Temperature','5e253b49-028e-48d0-b6ef-ff7a78f5b1e2', 'b4ea8385-48a3-4e95-82fb-d102dfcbcb54', '10e05b5c-7e96-434b-9182-a547333e1c52'),
('f6828d0c-86ff-4be9-8cf5-dc3a39d63712','precipitation','Precipitation','44bf8be2-c386-4e4b-919f-cb6837c0d97f', '0ce77a5a-8283-47cd-9126-c440bcec4ef6', '4ee79a3d-a053-41b8-85b5-bb2eea3c9d1a'),
('b78fef23-1ecf-41d5-ac77-c73427023e4b','air-temperature','Air-Temperature','44bf8be2-c386-4e4b-919f-cb6837c0d97f', 'b4ea8385-48a3-4e95-82fb-d102dfcbcb54', '10e05b5c-7e96-434b-9182-a547333e1c52'),
('958ecfdb-a3f7-410b-967b-51f772ae40a2','precipitation','Precipitation','03f110de-ae88-419c-a9d1-2f4c6cf54dc4', '0ce77a5a-8283-47cd-9126-c440bcec4ef6', '4ee79a3d-a053-41b8-85b5-bb2eea3c9d1a'),
('76887410-c642-4763-8817-dc0c16267c68','air-temperature','Air-Temperature','03f110de-ae88-419c-a9d1-2f4c6cf54dc4', 'b4ea8385-48a3-4e95-82fb-d102dfcbcb54', '10e05b5c-7e96-434b-9182-a547333e1c52'),
('0d7db431-a3ee-4fdc-934f-e65ef351d8ed','precipitation','Precipitation','808c3c04-8cfd-4dd5-9851-5ddb6b4d2ca4', '0ce77a5a-8283-47cd-9126-c440bcec4ef6', '4ee79a3d-a053-41b8-85b5-bb2eea3c9d1a'),
('48b7115c-d6da-4809-86d1-8d6bdea8a7a1','air-temperature','Air-Temperature','808c3c04-8cfd-4dd5-9851-5ddb6b4d2ca4', 'b4ea8385-48a3-4e95-82fb-d102dfcbcb54', '10e05b5c-7e96-434b-9182-a547333e1c52'),
('d031858d-baed-4bc9-8be3-05c51b8bbd51','precipitation','Precipitation','91ba0363-31f8-4441-a488-56b15db81f91', '0ce77a5a-8283-47cd-9126-c440bcec4ef6', '4ee79a3d-a053-41b8-85b5-bb2eea3c9d1a'),
('1920710e-01d3-411d-86cc-dc9656372a6d','air-temperature','Air-Temperature','91ba0363-31f8-4441-a488-56b15db81f91', 'b4ea8385-48a3-4e95-82fb-d102dfcbcb54', '10e05b5c-7e96-434b-9182-a547333e1c52'),
('8f3b2e32-6876-4ccf-9317-10356347844f','stage','Stage','cdf68e6f-e704-41de-8406-75e96693e438', 'b49f214e-f69f-43da-9ce3-ad96042268d0', 'f777f2e2-5e32-424e-a1ca-19d16cd8abce'),
('ac203ae3-ea48-4362-a964-e5d53ef4ea53','stage','Stage','f7264984-abea-46ec-9b13-5109d9924170', 'b49f214e-f69f-43da-9ce3-ad96042268d0', 'f777f2e2-5e32-424e-a1ca-19d16cd8abce'),
('f7313315-06f9-410b-983d-f5a2a5b7a301','stage','Stage','22221916-e1d5-4c83-83e7-0ff670ad1fef', 'b49f214e-f69f-43da-9ce3-ad96042268d0', 'f777f2e2-5e32-424e-a1ca-19d16cd8abce'),
('8db7e1a7-d9a8-4fdd-9a61-079c62c44154','stage','Stage','ad54f2fa-0429-44da-ab08-098f2c6e4b67', 'b49f214e-f69f-43da-9ce3-ad96042268d0', 'f777f2e2-5e32-424e-a1ca-19d16cd8abce'),
('0de0e129-7857-4559-84b2-3be597ff7565','stage','Stage','274c0a17-99e8-4904-9a98-a16eff929cbe', 'b49f214e-f69f-43da-9ce3-ad96042268d0', 'f777f2e2-5e32-424e-a1ca-19d16cd8abce'),
('97a231eb-26a8-4af1-b70e-d21c4512c166','stage','Stage','81595cc1-8ec9-49a4-8d51-094ba34d939e', 'b49f214e-f69f-43da-9ce3-ad96042268d0', 'f777f2e2-5e32-424e-a1ca-19d16cd8abce'),
('1423800d-b335-45ce-9daf-feb3f4eecaf9','stage','Stage','3ce79f3c-1f69-4e89-9443-211662aea6dc', 'b49f214e-f69f-43da-9ce3-ad96042268d0', 'f777f2e2-5e32-424e-a1ca-19d16cd8abce'),
('cbabbcab-715c-4ecc-a74b-07d79de63ef8','elevation','Elevation','61cbadee-9e52-422b-9861-64161e6ca823', '83b5a1f7-948b-4373-a47c-d73ff622aafd', 'f777f2e2-5e32-424e-a1ca-19d16cd8abce'),
('99e79adc-f420-464e-932f-7987e924e278','stage','Stage','22417710-fbee-44ee-a8d6-9faed980258b', 'b49f214e-f69f-43da-9ce3-ad96042268d0', 'f777f2e2-5e32-424e-a1ca-19d16cd8abce'),
('3f566217-ea1a-4c18-914a-19112e030ce3','stage','Stage','78e56c9b-c516-4755-81ae-49a5b9b1abbc', 'b49f214e-f69f-43da-9ce3-ad96042268d0', 'f777f2e2-5e32-424e-a1ca-19d16cd8abce'),
('ebd81a58-ddd0-4881-a631-7aaab5f4981b','precipitation','Precipitation','78e56c9b-c516-4755-81ae-49a5b9b1abbc', '0ce77a5a-8283-47cd-9126-c440bcec4ef6', '4ee79a3d-a053-41b8-85b5-bb2eea3c9d1a'),
('8bb73a28-9114-4a65-bab3-61c0004cb22c','stage','Stage','44834824-2ad2-4051-b7a0-2d635e16e01e', 'b49f214e-f69f-43da-9ce3-ad96042268d0', 'f777f2e2-5e32-424e-a1ca-19d16cd8abce'),
('7a83058c-1405-4211-9a81-ba26f1dfb8b8','precipitation','Precipitation','44834824-2ad2-4051-b7a0-2d635e16e01e', '0ce77a5a-8283-47cd-9126-c440bcec4ef6', '4ee79a3d-a053-41b8-85b5-bb2eea3c9d1a'),
('ea082063-0876-4e43-9534-f6e280969974','stage','Stage','9a55adcc-2f4e-4327-ad8a-2fe68e8bf8b6', 'b49f214e-f69f-43da-9ce3-ad96042268d0', 'f777f2e2-5e32-424e-a1ca-19d16cd8abce'),
('af1e5760-58dc-4269-9717-189f2c01a5e9','stage','Stage','ee54ef5d-05be-416c-a63a-1170d87a7aa7', 'b49f214e-f69f-43da-9ce3-ad96042268d0', 'f777f2e2-5e32-424e-a1ca-19d16cd8abce'),
('ae67644e-0ca6-4140-b387-35336077e27e','precipitation','Precipitation','ee54ef5d-05be-416c-a63a-1170d87a7aa7', '0ce77a5a-8283-47cd-9126-c440bcec4ef6', '4ee79a3d-a053-41b8-85b5-bb2eea3c9d1a'),
('d6dd3344-c6b1-4076-9c48-23086fbc5bd7','stage','Stage','4a079f6c-ad88-4412-9777-b223edfffa8f', 'b49f214e-f69f-43da-9ce3-ad96042268d0', 'f777f2e2-5e32-424e-a1ca-19d16cd8abce'),
('62a4d74d-8ed3-4416-bd88-b9c171123e42','precipitation','Precipitation','4a079f6c-ad88-4412-9777-b223edfffa8f', '0ce77a5a-8283-47cd-9126-c440bcec4ef6', '4ee79a3d-a053-41b8-85b5-bb2eea3c9d1a'),
('7e3b394c-df37-43aa-81e6-11cde18e7bb4','stage','Stage','b29223ac-cb40-473a-9cff-525316105d1f', 'b49f214e-f69f-43da-9ce3-ad96042268d0', 'f777f2e2-5e32-424e-a1ca-19d16cd8abce'),
('509b4b6f-0daf-4e51-aed5-140b6656b3a5','precipitation','Precipitation','b29223ac-cb40-473a-9cff-525316105d1f', '0ce77a5a-8283-47cd-9126-c440bcec4ef6', '4ee79a3d-a053-41b8-85b5-bb2eea3c9d1a'),
('f31808dc-d443-486d-b7c3-b9fa9ec4f8f1','stage','Stage','58690230-000a-4d72-8a0b-224eb5ecf7d1', 'b49f214e-f69f-43da-9ce3-ad96042268d0', 'f777f2e2-5e32-424e-a1ca-19d16cd8abce'),
('6c49944b-ecb1-4ec8-8ae4-76c751aa2c08','stage','Stage','e05f4685-14fa-42f4-89c5-9a26fc7355ff', 'b49f214e-f69f-43da-9ce3-ad96042268d0', 'f777f2e2-5e32-424e-a1ca-19d16cd8abce'),
('b9c7e6ef-f363-475f-901f-319d83f7d641','stage','Stage','3da81b21-281a-47aa-93a8-7df6cb62ddbb', 'b49f214e-f69f-43da-9ce3-ad96042268d0', 'f777f2e2-5e32-424e-a1ca-19d16cd8abce'),
('caffef2d-3b7d-4122-b2d1-f2daa483165a','stage','Stage','8e355bce-e0b3-4fd8-92ad-33a29ed9ae04', 'b49f214e-f69f-43da-9ce3-ad96042268d0', 'f777f2e2-5e32-424e-a1ca-19d16cd8abce'),
('f5f8fec4-10c9-4c22-b7b0-4759ee373a21','stage','Stage','c1d2051c-417f-433f-8062-d7a04bef3375', 'b49f214e-f69f-43da-9ce3-ad96042268d0', 'f777f2e2-5e32-424e-a1ca-19d16cd8abce'),
('2b4e0ef3-2425-4db9-80b6-3f783590d769','stage','Stage','37b0a52a-a68f-4293-b0ae-779f782d24cb', 'b49f214e-f69f-43da-9ce3-ad96042268d0', 'f777f2e2-5e32-424e-a1ca-19d16cd8abce'),
('47b6b5db-03c3-4e2b-84b2-df424c601c3b','stage','Stage','5e9ed5a9-65c9-4790-95c0-ca296cc1d8b7', 'b49f214e-f69f-43da-9ce3-ad96042268d0', 'f777f2e2-5e32-424e-a1ca-19d16cd8abce'),
('2fd1c317-006a-413d-87a4-b65d340529be','stage','Stage','80d5b832-5e36-4d72-98a8-60feb8bab595', 'b49f214e-f69f-43da-9ce3-ad96042268d0', 'f777f2e2-5e32-424e-a1ca-19d16cd8abce'),
('bc711e74-6c7e-45f9-a657-82ab11a5e8d0','stage','Stage','ee443f68-f0c5-463d-bd21-603a078c3e3e', 'b49f214e-f69f-43da-9ce3-ad96042268d0', 'f777f2e2-5e32-424e-a1ca-19d16cd8abce'),
('2e0f2d50-3d07-43fb-8cca-45acba5d9d5b','elevation','Elevation','e30ca65a-0a4f-4b5f-aeb7-0e7b57782eab', '83b5a1f7-948b-4373-a47c-d73ff622aafd', 'f777f2e2-5e32-424e-a1ca-19d16cd8abce'),
('a5a46115-bf95-467b-a3d6-18e4873f576b','stage','Stage','98f87044-f302-4c90-829a-6b5b192fa470', 'b49f214e-f69f-43da-9ce3-ad96042268d0', 'f777f2e2-5e32-424e-a1ca-19d16cd8abce'),
('5298cca2-1f02-441d-9869-6e2fba43cad3','stage','Stage','34bc7d15-6f14-4861-822b-db696016fe51', 'b49f214e-f69f-43da-9ce3-ad96042268d0', 'f777f2e2-5e32-424e-a1ca-19d16cd8abce'),
('4284d021-aefe-42f0-8106-f19fd470c680','elevation','Elevation','ca7d8323-f719-4298-bf69-56547dd1cf29', '83b5a1f7-948b-4373-a47c-d73ff622aafd', 'f777f2e2-5e32-424e-a1ca-19d16cd8abce'),
('ea52748b-8baa-4cd7-8778-21b81fdc6bb2','stage','Stage','ca7d8323-f719-4298-bf69-56547dd1cf29', 'b49f214e-f69f-43da-9ce3-ad96042268d0', 'f777f2e2-5e32-424e-a1ca-19d16cd8abce'),
('4a6704db-37ef-428a-a07b-7f2422126f43','air-temperature','Air-Temperature','ca7d8323-f719-4298-bf69-56547dd1cf29', 'b4ea8385-48a3-4e95-82fb-d102dfcbcb54', '10e05b5c-7e96-434b-9182-a547333e1c52'),
('fa370e5d-0a2b-43f5-a6d3-b10f80757aba','stage','Stage','5fdeef9f-b71c-4944-97b0-7ae4185e089f', 'b49f214e-f69f-43da-9ce3-ad96042268d0', 'f777f2e2-5e32-424e-a1ca-19d16cd8abce'),
('e22fa214-3f96-4f38-b672-5c6c0e1091a6','stage','Stage','26df282b-0093-4150-844e-c2618a332b1a', 'b49f214e-f69f-43da-9ce3-ad96042268d0', 'f777f2e2-5e32-424e-a1ca-19d16cd8abce'),
('8215f94d-e1b3-4226-b00f-8b56f5779a46','stage','Stage','2a4a538d-54f3-4292-9092-80f03c463f3e', 'b49f214e-f69f-43da-9ce3-ad96042268d0', 'f777f2e2-5e32-424e-a1ca-19d16cd8abce'),
('067eb237-861a-4672-b0d1-95ea75cc97cd','stage','Stage','34d4b55e-1bdb-4fea-b235-3df630b4d2ca', 'b49f214e-f69f-43da-9ce3-ad96042268d0', 'f777f2e2-5e32-424e-a1ca-19d16cd8abce'),
('e2976d7f-f797-4825-9e38-3841822b7d97','precipitation','Precipitation','34d4b55e-1bdb-4fea-b235-3df630b4d2ca', '0ce77a5a-8283-47cd-9126-c440bcec4ef6', '4ee79a3d-a053-41b8-85b5-bb2eea3c9d1a'),
('aa969395-b652-4a66-a934-1f6f1f5c1274','elevation','Elevation','d354581c-8095-4dc6-b635-5caf3809406b', '83b5a1f7-948b-4373-a47c-d73ff622aafd', 'f777f2e2-5e32-424e-a1ca-19d16cd8abce'),
('381dac65-1cc3-4555-bb85-4df321c8e102','stage','Stage','9868e4a8-80e6-4fe7-9e52-16d831c52bb9', 'b49f214e-f69f-43da-9ce3-ad96042268d0', 'f777f2e2-5e32-424e-a1ca-19d16cd8abce'),
('b7b52e23-bbe1-4f4b-9b5d-4cc9f14dcaf0','stage','Stage','fa8c0770-cbfd-4826-b87e-6850b226c7c2', 'b49f214e-f69f-43da-9ce3-ad96042268d0', 'f777f2e2-5e32-424e-a1ca-19d16cd8abce'),
('1565a986-6732-4108-98b9-abf74b572d69','stage','Stage','0c45b90e-3e71-44bf-8f7d-c1122c94a70b', 'b49f214e-f69f-43da-9ce3-ad96042268d0', 'f777f2e2-5e32-424e-a1ca-19d16cd8abce'),
('8994e027-7570-4767-943d-21c87b5892eb','stage','Stage','0de35e43-0689-4867-b46c-e3511a3f2225', 'b49f214e-f69f-43da-9ce3-ad96042268d0', 'f777f2e2-5e32-424e-a1ca-19d16cd8abce'),
('bfc49a78-5eb4-4d43-9d38-6b8ee52b4e64','stage','Stage','13df43fd-33cb-418b-bb8c-3436739c0151', 'b49f214e-f69f-43da-9ce3-ad96042268d0', 'f777f2e2-5e32-424e-a1ca-19d16cd8abce'),
('a8efa74b-8ffc-4e04-9111-7c8aed8c6067','stage','Stage','42dadea1-0eb4-4701-aa7e-f42a25048f52', 'b49f214e-f69f-43da-9ce3-ad96042268d0', 'f777f2e2-5e32-424e-a1ca-19d16cd8abce'),
('08826ca5-9bbb-4c7a-888c-b2f33885bd01','precipitation','Precipitation','42dadea1-0eb4-4701-aa7e-f42a25048f52', '0ce77a5a-8283-47cd-9126-c440bcec4ef6', '4ee79a3d-a053-41b8-85b5-bb2eea3c9d1a'),
('408029a8-7122-45ff-93d6-46d21a0d4fdc','stage','Stage','5a736f7f-a851-4317-a3f2-e2cded43d813', 'b49f214e-f69f-43da-9ce3-ad96042268d0', 'f777f2e2-5e32-424e-a1ca-19d16cd8abce'),
('20635519-f945-4b0d-a563-02883ca2dcae','precipitation','Precipitation','5a736f7f-a851-4317-a3f2-e2cded43d813', '0ce77a5a-8283-47cd-9126-c440bcec4ef6', '4ee79a3d-a053-41b8-85b5-bb2eea3c9d1a'),
('a040eec6-26fa-45e4-9d70-f621af3757af','stage','Stage','f26e0d91-dba0-42de-874c-fbcfbdb5da36', 'b49f214e-f69f-43da-9ce3-ad96042268d0', 'f777f2e2-5e32-424e-a1ca-19d16cd8abce'),
('6f581aa6-a02b-4439-8a77-fc1ee8a48663','stage','Stage','24fac444-e299-4bd4-af4f-8b3e3324b533', 'b49f214e-f69f-43da-9ce3-ad96042268d0', 'f777f2e2-5e32-424e-a1ca-19d16cd8abce'),
('7835bd9d-b4c2-4b55-a8a9-835e4cfcaf68','precipitation','Precipitation','24fac444-e299-4bd4-af4f-8b3e3324b533', '0ce77a5a-8283-47cd-9126-c440bcec4ef6', '4ee79a3d-a053-41b8-85b5-bb2eea3c9d1a'),
('149f90b8-575f-4fdd-a45b-ac57429053f7','stage','Stage','40fcafbc-dab5-4639-835d-298629ffe322', 'b49f214e-f69f-43da-9ce3-ad96042268d0', 'f777f2e2-5e32-424e-a1ca-19d16cd8abce'),
('1c8b4309-ec48-456c-a5fa-79e85407b743','precipitation','Precipitation','40fcafbc-dab5-4639-835d-298629ffe322', '0ce77a5a-8283-47cd-9126-c440bcec4ef6', '4ee79a3d-a053-41b8-85b5-bb2eea3c9d1a'),
('447aa6b9-6be9-4918-8f45-f4970d5a6b5b','stage','Stage','45bc3b13-7457-4990-bf12-5e4ca28dec2d', 'b49f214e-f69f-43da-9ce3-ad96042268d0', 'f777f2e2-5e32-424e-a1ca-19d16cd8abce'),
('a665e316-1d93-43a5-8ed4-10b84805bcf3','precipitation','Precipitation','45bc3b13-7457-4990-bf12-5e4ca28dec2d', '0ce77a5a-8283-47cd-9126-c440bcec4ef6', '4ee79a3d-a053-41b8-85b5-bb2eea3c9d1a'),
('d05ac078-cfb6-4c79-964e-0a5586418e6a','stage','Stage','c8542179-c161-4a4e-9d65-454728eb5859', 'b49f214e-f69f-43da-9ce3-ad96042268d0', 'f777f2e2-5e32-424e-a1ca-19d16cd8abce'),
('68ff37fc-6b8a-4ff5-83c5-1263bf8ac5bb','precipitation','Precipitation','c8542179-c161-4a4e-9d65-454728eb5859', '0ce77a5a-8283-47cd-9126-c440bcec4ef6', '4ee79a3d-a053-41b8-85b5-bb2eea3c9d1a'),
('812dd26e-6763-4663-8696-5c9c9b0f8808','stage','Stage','eaf3405e-69e5-4361-968d-5ccf9279bdde', 'b49f214e-f69f-43da-9ce3-ad96042268d0', 'f777f2e2-5e32-424e-a1ca-19d16cd8abce'),
('2f4ff32b-02af-4b95-8aa8-e500dfb735b1','stage','Stage','014fa576-0a71-4446-8cbf-e98692e1f4b0', 'b49f214e-f69f-43da-9ce3-ad96042268d0', 'f777f2e2-5e32-424e-a1ca-19d16cd8abce'),
('3e5aa01c-8e01-48de-a952-37ec0381f396','stage','Stage','cfb1faae-8fd0-4f99-8aef-c8bd13c36e87', 'b49f214e-f69f-43da-9ce3-ad96042268d0', 'f777f2e2-5e32-424e-a1ca-19d16cd8abce'),
('aee467f9-0eb9-44a2-afb6-89a290615755','precipitation','Precipitation','cfb1faae-8fd0-4f99-8aef-c8bd13c36e87', '0ce77a5a-8283-47cd-9126-c440bcec4ef6', '4ee79a3d-a053-41b8-85b5-bb2eea3c9d1a'),
('91245afc-ea78-4dcf-9de5-e41a5c1e37ac','stage','Stage','c68eaaac-77a5-4465-911a-197bf7b70913', 'b49f214e-f69f-43da-9ce3-ad96042268d0', 'f777f2e2-5e32-424e-a1ca-19d16cd8abce'),
('6f4fefbd-f273-45dd-af87-76c7cc3918f5','precipitation','Precipitation','c68eaaac-77a5-4465-911a-197bf7b70913', '0ce77a5a-8283-47cd-9126-c440bcec4ef6', '4ee79a3d-a053-41b8-85b5-bb2eea3c9d1a'),
('1850bd11-9a99-4b98-8b8f-35e1003bc137','stage','Stage','49411414-3ab4-4dad-a08b-926e355414ad', 'b49f214e-f69f-43da-9ce3-ad96042268d0', 'f777f2e2-5e32-424e-a1ca-19d16cd8abce'),
('99841728-f98a-4f46-b4bc-81f10a783e4c','elevation','Elevation','23959828-b5a8-44ed-9960-edcd03398d5d', '83b5a1f7-948b-4373-a47c-d73ff622aafd', 'f777f2e2-5e32-424e-a1ca-19d16cd8abce'),
('99f86f65-5366-4a0a-8619-bce57bfc2a68','stage','Stage','23959828-b5a8-44ed-9960-edcd03398d5d', 'b49f214e-f69f-43da-9ce3-ad96042268d0', 'f777f2e2-5e32-424e-a1ca-19d16cd8abce'),
('700831fa-9607-420b-9c83-3e19cef1e311','elevation','Elevation','6a5b50ee-6dfd-478c-8940-500a03f96d04', '83b5a1f7-948b-4373-a47c-d73ff622aafd', 'f777f2e2-5e32-424e-a1ca-19d16cd8abce'),
('32a30873-0372-4f5c-9644-bddc90058b63','stage','Stage','6c5c5d99-b9b0-4f5f-8b2c-b0f52ea3a6ac', 'b49f214e-f69f-43da-9ce3-ad96042268d0', 'f777f2e2-5e32-424e-a1ca-19d16cd8abce'),
('fcc6e77c-70bc-471e-8ced-6559d4eebdb9','precipitation','Precipitation','6c5c5d99-b9b0-4f5f-8b2c-b0f52ea3a6ac', '0ce77a5a-8283-47cd-9126-c440bcec4ef6', '4ee79a3d-a053-41b8-85b5-bb2eea3c9d1a'),
('d51fd789-399c-4188-bb1b-ef172e286a00','stage','Stage','86e5c3f9-a95a-467f-93aa-b501ed67f993', 'b49f214e-f69f-43da-9ce3-ad96042268d0', 'f777f2e2-5e32-424e-a1ca-19d16cd8abce'),
('80fa19ee-0946-4b43-8ba1-d2646526c6e8','precipitation','Precipitation','86e5c3f9-a95a-467f-93aa-b501ed67f993', '0ce77a5a-8283-47cd-9126-c440bcec4ef6', '4ee79a3d-a053-41b8-85b5-bb2eea3c9d1a'),
('8b785fad-8962-4fc7-99d5-b7303b576626','stage','Stage','49f27fd8-b4b9-4d40-92d9-efc8625d8a8b', 'b49f214e-f69f-43da-9ce3-ad96042268d0', 'f777f2e2-5e32-424e-a1ca-19d16cd8abce'),
('9efcac8c-e411-416f-9ed6-528eb754ffb3','stage','Stage','7ef2d5a0-d336-475e-a73a-6c2eca23b5dc', 'b49f214e-f69f-43da-9ce3-ad96042268d0', 'f777f2e2-5e32-424e-a1ca-19d16cd8abce'),
('58bd144a-18e9-43ef-a4f2-99e54749fd26','stage','Stage','651112dd-5501-4c1c-8424-bee99f62cd9d', 'b49f214e-f69f-43da-9ce3-ad96042268d0', 'f777f2e2-5e32-424e-a1ca-19d16cd8abce'),
('09de305e-b7ab-4188-b194-d4b41836ec7e','stage','Stage','cc9f859c-c655-4009-a114-e4a329d04e2a', 'b49f214e-f69f-43da-9ce3-ad96042268d0', 'f777f2e2-5e32-424e-a1ca-19d16cd8abce'),
('7be53f04-6476-4a82-b61c-bc5c1160f167','stage','Stage','0f881d63-b482-4109-9b0f-d1133205387a', 'b49f214e-f69f-43da-9ce3-ad96042268d0', 'f777f2e2-5e32-424e-a1ca-19d16cd8abce'),
('269d7a32-0e02-4ef0-a3f5-08424884fda9','precipitation','Precipitation','0f881d63-b482-4109-9b0f-d1133205387a', '0ce77a5a-8283-47cd-9126-c440bcec4ef6', '4ee79a3d-a053-41b8-85b5-bb2eea3c9d1a'),
('1b1a2650-aa5d-4b0a-8d07-16de70846027','stage','Stage','54c83a36-68a1-4b90-aa6c-62ca6e253108', 'b49f214e-f69f-43da-9ce3-ad96042268d0', 'f777f2e2-5e32-424e-a1ca-19d16cd8abce'),
('bf0499b8-dc75-4f93-9f4b-2c30ca80a202','precipitation','Precipitation','54c83a36-68a1-4b90-aa6c-62ca6e253108', '0ce77a5a-8283-47cd-9126-c440bcec4ef6', '4ee79a3d-a053-41b8-85b5-bb2eea3c9d1a'),
('1d690a67-e09e-4b22-b0ef-82ba16eac214','stage','Stage','63d29915-de87-47e3-8646-95db8f4ae62d', 'b49f214e-f69f-43da-9ce3-ad96042268d0', 'f777f2e2-5e32-424e-a1ca-19d16cd8abce'),
('ca90658e-5bc8-4758-bc10-9da94f8756a9','stage','Stage','78b11ece-2a26-452b-a48c-bb50e103bbd2', 'b49f214e-f69f-43da-9ce3-ad96042268d0', 'f777f2e2-5e32-424e-a1ca-19d16cd8abce'),
('e4780314-28f8-4508-93f6-c42769ad0705','stage','Stage','3491b536-fec6-44ec-9c13-e0bd4ff43183', 'b49f214e-f69f-43da-9ce3-ad96042268d0', 'f777f2e2-5e32-424e-a1ca-19d16cd8abce'),
('680c69c0-55d8-4fb5-bfc0-764823ec9323','stage','Stage','fafb3a99-b629-4502-ae83-3bc50f4f03cd', 'b49f214e-f69f-43da-9ce3-ad96042268d0', 'f777f2e2-5e32-424e-a1ca-19d16cd8abce'),
('e427a8bc-a6f8-4fdf-ab04-280298fab47e','stage','Stage','322157d3-60c4-4a9c-9552-a633edfecbb5', 'b49f214e-f69f-43da-9ce3-ad96042268d0', 'f777f2e2-5e32-424e-a1ca-19d16cd8abce'),
('974e5a07-42e8-462a-95b1-6f51a8e11a29','stage','Stage','049b9c4e-d588-4253-82d6-57c27736c88e', 'b49f214e-f69f-43da-9ce3-ad96042268d0', 'f777f2e2-5e32-424e-a1ca-19d16cd8abce'),
('6d111dd6-eb32-4f60-8f95-b479d5bc0685','stage','Stage','ac478fba-642e-4ada-ad19-159cd9f139ba', 'b49f214e-f69f-43da-9ce3-ad96042268d0', 'f777f2e2-5e32-424e-a1ca-19d16cd8abce'),
('e0780421-5eaa-4a51-9c9f-57a08a6daa5c','stage','Stage','c9c46733-ba91-4ba4-a336-24c7ecce6c5b', 'b49f214e-f69f-43da-9ce3-ad96042268d0', 'f777f2e2-5e32-424e-a1ca-19d16cd8abce'),
('ea0002a6-b5c2-4660-a79a-d3121daa3156','stage','Stage','274a4d74-3f0f-4d10-8f85-96b74efe0b82', 'b49f214e-f69f-43da-9ce3-ad96042268d0', 'f777f2e2-5e32-424e-a1ca-19d16cd8abce'),
('badbfeaa-044f-414b-bbcc-5d227ebc2254','precipitation','Precipitation','e26da2c4-046d-475b-bd72-331a4ef399bf', '0ce77a5a-8283-47cd-9126-c440bcec4ef6', '4ee79a3d-a053-41b8-85b5-bb2eea3c9d1a'),
('cb9dce8a-0d1c-4e63-9dd8-a0e2ef15ea6b','air-temperature','Air-Temperature','e26da2c4-046d-475b-bd72-331a4ef399bf', 'b4ea8385-48a3-4e95-82fb-d102dfcbcb54', '10e05b5c-7e96-434b-9182-a547333e1c52'),
('8bab1edc-12d9-4c6d-a9e6-d24c5e8ce1dc','stage','Stage','be971b38-0145-4606-96d9-4683aa87f04b', 'b49f214e-f69f-43da-9ce3-ad96042268d0', 'f777f2e2-5e32-424e-a1ca-19d16cd8abce'),
('2305818e-3a05-40ca-a713-94837fb60763','precipitation','Precipitation','be971b38-0145-4606-96d9-4683aa87f04b', '0ce77a5a-8283-47cd-9126-c440bcec4ef6', '4ee79a3d-a053-41b8-85b5-bb2eea3c9d1a'),
('4f58567d-d4e9-4216-9223-25ce87edce34','precipitation','Precipitation','d8f87da6-3ebe-4fc4-83f4-2ab5183d662c', '0ce77a5a-8283-47cd-9126-c440bcec4ef6', '4ee79a3d-a053-41b8-85b5-bb2eea3c9d1a'),
('cc085145-daee-4a6c-9078-a3b266679348','air-temperature','Air-Temperature','d8f87da6-3ebe-4fc4-83f4-2ab5183d662c', 'b4ea8385-48a3-4e95-82fb-d102dfcbcb54', '10e05b5c-7e96-434b-9182-a547333e1c52');
