

--INSERT INSTRUMENTS--COUNT:161
INSERT INTO public.instrument(id, deleted, slug, name, formula, geometry, station, station_offset, create_date, update_date, type_id, project_id, creator, updater)
 VALUES 
('67d96da5-d1ee-4600-9e22-9262abb151b8', False, 'big-bend-np', 'Big Bend NP', null, ST_GeomFromText('POINT(-102.975 29.1833)',4326), null, null, '2021-02-12T22:19:19.223386Z', null, '98a61f29-18a8-430a-9d02-0f53486e0984', 'f124c61e-f5c2-441f-adb1-9acb1484f8c0', '00000000-0000-0000-0000-000000000000', null),
('3130d868-9806-4bde-9e2c-654677a43718', False, 'aadn5', 'AADN5', null, ST_GeomFromText('POINT(-106.5731 35.1511)',4326), null, null, '2021-02-12T22:19:19.223619Z', null, '98a61f29-18a8-430a-9d02-0f53486e0984', 'f124c61e-f5c2-441f-adb1-9acb1484f8c0', '00000000-0000-0000-0000-000000000000', null),
('da7e6c92-cdd6-490f-adf0-c50c69cd715b', False, 'redford', 'Redford', null, ST_GeomFromText('POINT(-104.2161 29.4856)',4326), null, null, '2021-02-12T22:19:19.223685Z', null, '98a61f29-18a8-430a-9d02-0f53486e0984', 'f124c61e-f5c2-441f-adb1-9acb1484f8c0', '00000000-0000-0000-0000-000000000000', null),
('8072c4a7-5709-493a-b171-ed3edcdab3cb', False, 'rawsacon5', 'RawsACON5', null, ST_GeomFromText('POINT(-107.8483 34.7197)',4326), null, null, '2021-02-12T22:19:19.223713Z', null, '98a61f29-18a8-430a-9d02-0f53486e0984', 'f124c61e-f5c2-441f-adb1-9acb1484f8c0', '00000000-0000-0000-0000-000000000000', null),
('41e521ff-bf31-45e3-bcbe-2d4c4b362437', False, 'rawsbatn5', 'RawsBATN5', null, ST_GeomFromText('POINT(-104.4406 32.1786)',4326), null, null, '2021-02-12T22:19:19.223805Z', null, '98a61f29-18a8-430a-9d02-0f53486e0984', 'f124c61e-f5c2-441f-adb1-9acb1484f8c0', '00000000-0000-0000-0000-000000000000', null),
('562fcd67-1d8c-4cd6-9443-b9a039d8b097', False, 'rawsbbrc2', 'RawsBBRC2', null, ST_GeomFromText('POINT(-107.7294 37.4961)',4326), null, null, '2021-02-12T22:19:19.223901Z', null, '98a61f29-18a8-430a-9d02-0f53486e0984', 'f124c61e-f5c2-441f-adb1-9acb1484f8c0', '00000000-0000-0000-0000-000000000000', null),
('389786f9-5aa5-4eca-b395-77e7166268fc', False, 'rawsbchn5', 'RawsBCHN5', null, ST_GeomFromText('POINT(-106.0986 33.7731)',4326), null, null, '2021-02-12T22:19:19.223991Z', null, '98a61f29-18a8-430a-9d02-0f53486e0984', 'f124c61e-f5c2-441f-adb1-9acb1484f8c0', '00000000-0000-0000-0000-000000000000', null),
('c722d4f3-a0ad-46f5-a17f-c10326a525de', False, 'rawsbdan5', 'RawsBDAN5', null, ST_GeomFromText('POINT(-106.8819 33.8211)',4326), null, null, '2021-02-12T22:19:19.224080Z', null, '98a61f29-18a8-430a-9d02-0f53486e0984', 'f124c61e-f5c2-441f-adb1-9acb1484f8c0', '00000000-0000-0000-0000-000000000000', null),
('f5f35408-a622-4fb0-a2d0-ca80082b3cc4', False, 'rawsbhrc2', 'RawsBHRC2', null, ST_GeomFromText('POINT(-106.2011 37.0208)',4326), null, null, '2021-02-12T22:19:19.224244Z', null, '98a61f29-18a8-430a-9d02-0f53486e0984', 'f124c61e-f5c2-441f-adb1-9acb1484f8c0', '00000000-0000-0000-0000-000000000000', null),
('40eac2e8-71f0-43a6-9ec0-0cdd468e8daf', False, 'rawsblpc2', 'RawsBLPC2', null, ST_GeomFromText('POINT(-106.7786 37.7931)',4326), null, null, '2021-02-12T22:19:19.224363Z', null, '98a61f29-18a8-430a-9d02-0f53486e0984', 'f124c61e-f5c2-441f-adb1-9acb1484f8c0', '00000000-0000-0000-0000-000000000000', null),
('779e3e3c-946a-42e1-ae9c-405d41e3d313', False, 'rawsblwn5', 'RawsBLWN5', null, ST_GeomFromText('POINT(-108.1631 35.1942)',4326), null, null, '2021-02-12T22:19:19.224508Z', null, '98a61f29-18a8-430a-9d02-0f53486e0984', 'f124c61e-f5c2-441f-adb1-9acb1484f8c0', '00000000-0000-0000-0000-000000000000', null),
('09c5a8c4-c465-4c8b-b627-eb2877633fe0', False, 'rawsbmoc2', 'RawsBMOC2', null, ST_GeomFromText('POINT(-105.2842 37.8614)',4326), null, null, '2021-02-12T22:19:19.224644Z', null, '98a61f29-18a8-430a-9d02-0f53486e0984', 'f124c61e-f5c2-441f-adb1-9acb1484f8c0', '00000000-0000-0000-0000-000000000000', null),
('3ee387b2-8be8-4ed6-b1c8-8da97ab429a9', False, 'rawsbnht2', 'RawsBNHT2', null, ST_GeomFromText('POINT(-101.1578 30.9856)',4326), null, null, '2021-02-12T22:19:19.224776Z', null, '98a61f29-18a8-430a-9d02-0f53486e0984', 'f124c61e-f5c2-441f-adb1-9acb1484f8c0', '00000000-0000-0000-0000-000000000000', null),
('37a94b69-379a-4c07-a344-d45a47bd6519', False, 'rawsbvrn5', 'RawsBVRN5', null, ST_GeomFromText('POINT(-108.11 33.4236)',4326), null, null, '2021-02-12T22:19:19.224905Z', null, '98a61f29-18a8-430a-9d02-0f53486e0984', 'f124c61e-f5c2-441f-adb1-9acb1484f8c0', '00000000-0000-0000-0000-000000000000', null),
('4afdefcf-5a67-43b9-8122-0f52eca88290', False, 'rawscbbn5', 'RawsCBBN5', null, ST_GeomFromText('POINT(-107.0772 35.9419)',4326), null, null, '2021-02-12T22:19:19.225052Z', null, '98a61f29-18a8-430a-9d02-0f53486e0984', 'f124c61e-f5c2-441f-adb1-9acb1484f8c0', '00000000-0000-0000-0000-000000000000', null),
('e98e960f-26f7-4dd5-ad2a-f8b7e3967110', False, 'rawsccec2', 'RawsCCEC2', null, ST_GeomFromText('POINT(-104.0319 37.5425)',4326), null, null, '2021-02-12T22:19:19.225205Z', null, '98a61f29-18a8-430a-9d02-0f53486e0984', 'f124c61e-f5c2-441f-adb1-9acb1484f8c0', '00000000-0000-0000-0000-000000000000', null),
('6c1b7587-aec2-4fbd-a103-d18aefe74386', False, 'rawsccyc2', 'RawsCCYC2', null, ST_GeomFromText('POINT(-104.8692 37.9478)',4326), null, null, '2021-02-12T22:19:19.225350Z', null, '98a61f29-18a8-430a-9d02-0f53486e0984', 'f124c61e-f5c2-441f-adb1-9acb1484f8c0', '00000000-0000-0000-0000-000000000000', null),
('64781110-0523-4010-b2cd-d46f4e461af9', False, 'rawscglk1', 'RawsCGLK1', null, ST_GeomFromText('POINT(-101.9014 37.1408)',4326), null, null, '2021-02-12T22:19:19.225554Z', null, '98a61f29-18a8-430a-9d02-0f53486e0984', 'f124c61e-f5c2-441f-adb1-9acb1484f8c0', '00000000-0000-0000-0000-000000000000', null),
('d52a37f8-a47c-49d2-8206-ec0c7f2c2dd5', False, 'rawscgrc2', 'RawsCGRC2', null, ST_GeomFromText('POINT(-105.4519 38.3456)',4326), null, null, '2021-02-12T22:19:19.225674Z', null, '98a61f29-18a8-430a-9d02-0f53486e0984', 'f124c61e-f5c2-441f-adb1-9acb1484f8c0', '00000000-0000-0000-0000-000000000000', null),
('bae9c2a1-9952-4376-9247-e8f2a519c7d5', False, 'rawschac2', 'RawsCHAC2', null, ST_GeomFromText('POINT(-108.4892 37.1994)',4326), null, null, '2021-02-12T22:19:19.225828Z', null, '98a61f29-18a8-430a-9d02-0f53486e0984', 'f124c61e-f5c2-441f-adb1-9acb1484f8c0', '00000000-0000-0000-0000-000000000000', null),
('16ef8e07-be5a-4ad1-a231-0e62ede14a35', False, 'rawscimn5', 'RawsCIMN5', null, ST_GeomFromText('POINT(-105.1203 36.6061)',4326), null, null, '2021-02-12T22:19:19.225934Z', null, '98a61f29-18a8-430a-9d02-0f53486e0984', 'f124c61e-f5c2-441f-adb1-9acb1484f8c0', '00000000-0000-0000-0000-000000000000', null),
('b5223b57-1bc8-4b9e-9cc4-dc5cb7464973', False, 'rawscopn5', 'RawsCOPN5', null, ST_GeomFromText('POINT(-105.6861 33.3503)',4326), null, null, '2021-02-12T22:19:19.226072Z', null, '98a61f29-18a8-430a-9d02-0f53486e0984', 'f124c61e-f5c2-441f-adb1-9acb1484f8c0', '00000000-0000-0000-0000-000000000000', null),
('0feee5a5-39cb-47e3-960b-d43b59d10b7e', False, 'rawscoyn5', 'RawsCOYN5', null, ST_GeomFromText('POINT(-106.6572 36.0731)',4326), null, null, '2021-02-12T22:19:19.226195Z', null, '98a61f29-18a8-430a-9d02-0f53486e0984', 'f124c61e-f5c2-441f-adb1-9acb1484f8c0', '00000000-0000-0000-0000-000000000000', null),
('aa5d1c83-62e3-4b77-8a88-6e63f682f4f3', False, 'rawscppc2', 'RawsCPPC2', null, ST_GeomFromText('POINT(-105.2675 38.7422)',4326), null, null, '2021-02-12T22:19:19.226321Z', null, '98a61f29-18a8-430a-9d02-0f53486e0984', 'f124c61e-f5c2-441f-adb1-9acb1484f8c0', '00000000-0000-0000-0000-000000000000', null),
('dabb839f-d169-42cb-a779-6b8052a6bd3c', False, 'rawscppn5', 'RawsCPPN5', null, ST_GeomFromText('POINT(-103.8567 32.9278)',4326), null, null, '2021-02-12T22:19:19.226527Z', null, '98a61f29-18a8-430a-9d02-0f53486e0984', 'f124c61e-f5c2-441f-adb1-9acb1484f8c0', '00000000-0000-0000-0000-000000000000', null),
('1bdee4ab-89c7-4f9a-9233-8a55ba9967ab', False, 'rawscsmn5', 'RawsCSMN5', null, ST_GeomFromText('POINT(-105.82 32.7792)',4326), null, null, '2021-02-12T22:19:19.226649Z', null, '98a61f29-18a8-430a-9d02-0f53486e0984', 'f124c61e-f5c2-441f-adb1-9acb1484f8c0', '00000000-0000-0000-0000-000000000000', null),
('e1cbfd8a-e6d5-43ab-8718-3bab74163bc1', False, 'rawscuhc2', 'RawsCUHC2', null, ST_GeomFromText('POINT(-104.9194 37.0919)',4326), null, null, '2021-02-12T22:19:19.226778Z', null, '98a61f29-18a8-430a-9d02-0f53486e0984', 'f124c61e-f5c2-441f-adb1-9acb1484f8c0', '00000000-0000-0000-0000-000000000000', null),
('0b428b41-1cda-4531-9673-0359cb554212', False, 'rawscwrn5', 'RawsCWRN5', null, ST_GeomFromText('POINT(-107.6289 36.9767)',4326), null, null, '2021-02-12T22:19:19.226884Z', null, '98a61f29-18a8-430a-9d02-0f53486e0984', 'f124c61e-f5c2-441f-adb1-9acb1484f8c0', '00000000-0000-0000-0000-000000000000', null),
('735ebeb8-df40-4334-956e-efb3ee3db453', False, 'rawscync2', 'RawsCYNC2', null, ST_GeomFromText('POINT(-105.1181 38.0167)',4326), null, null, '2021-02-12T22:19:19.226996Z', null, '98a61f29-18a8-430a-9d02-0f53486e0984', 'f124c61e-f5c2-441f-adb1-9acb1484f8c0', '00000000-0000-0000-0000-000000000000', null),
('87f853dd-0160-4470-b6e9-31e6dfb8424c', False, 'rawsdgct2', 'RawsDGCT2', null, ST_GeomFromText('POINT(-104.8339 31.9961)',4326), null, null, '2021-02-12T22:19:19.227087Z', null, '98a61f29-18a8-430a-9d02-0f53486e0984', 'f124c61e-f5c2-441f-adb1-9acb1484f8c0', '00000000-0000-0000-0000-000000000000', null),
('e965623d-b34e-4734-b731-0a08b43e1213', False, 'rawsdlcn5', 'RawsDLCN5', null, ST_GeomFromText('POINT(-107.0 36.9353)',4326), null, null, '2021-02-12T22:19:19.227216Z', null, '98a61f29-18a8-430a-9d02-0f53486e0984', 'f124c61e-f5c2-441f-adb1-9acb1484f8c0', '00000000-0000-0000-0000-000000000000', null),
('8a111c8d-3ea8-4919-bfe3-711b768aa782', False, 'rawsdpkn5', 'RawsDPKN5', null, ST_GeomFromText('POINT(-106.7719 36.4228)',4326), null, null, '2021-02-12T22:19:19.227320Z', null, '98a61f29-18a8-430a-9d02-0f53486e0984', 'f124c61e-f5c2-441f-adb1-9acb1484f8c0', '00000000-0000-0000-0000-000000000000', null),
('3e3b545b-6e9e-489d-8665-f38e8ceb21a0', False, 'rawsdprn5', 'RawsDPRN5', null, ST_GeomFromText('POINT(-108.0617 33.6939)',4326), null, null, '2021-02-12T22:19:19.227428Z', null, '98a61f29-18a8-430a-9d02-0f53486e0984', 'f124c61e-f5c2-441f-adb1-9acb1484f8c0', '00000000-0000-0000-0000-000000000000', null),
('a3d4555f-1742-4197-9bfc-e63be3391095', False, 'rawsdtln5', 'RawsDTLN5', null, ST_GeomFromText('POINT(-107.7681 34.2925)',4326), null, null, '2021-02-12T22:19:19.227555Z', null, '98a61f29-18a8-430a-9d02-0f53486e0984', 'f124c61e-f5c2-441f-adb1-9acb1484f8c0', '00000000-0000-0000-0000-000000000000', null),
('daf83c5d-8e1b-40a2-93a0-fd87be054a75', False, 'rawsdufc2', 'RawsDUFC2', null, ST_GeomFromText('POINT(-108.3267 37.4942)',4326), null, null, '2021-02-12T22:19:19.227657Z', null, '98a61f29-18a8-430a-9d02-0f53486e0984', 'f124c61e-f5c2-441f-adb1-9acb1484f8c0', '00000000-0000-0000-0000-000000000000', null),
('fa469069-baf6-4e28-8fac-5a18e4ebf7f9', False, 'rawsdunn5', 'RawsDUNN5', null, ST_GeomFromText('POINT(-105.1825 32.8247)',4326), null, null, '2021-02-12T22:19:19.227827Z', null, '98a61f29-18a8-430a-9d02-0f53486e0984', 'f124c61e-f5c2-441f-adb1-9acb1484f8c0', '00000000-0000-0000-0000-000000000000', null),
('21664e71-c273-4c18-83f2-904f6bba3566', False, 'rawsdykc2', 'RawsDYKC2', null, ST_GeomFromText('POINT(-107.3053 37.2269)',4326), null, null, '2021-02-12T22:19:19.227982Z', null, '98a61f29-18a8-430a-9d02-0f53486e0984', 'f124c61e-f5c2-441f-adb1-9acb1484f8c0', '00000000-0000-0000-0000-000000000000', null),
('d7644b31-bd43-491b-971f-8c76f16afc5c', False, 'rawsfcrc2', 'RawsFCRC2', null, ST_GeomFromText('POINT(-104.8539 38.6589)',4326), null, null, '2021-02-12T22:19:19.228125Z', null, '98a61f29-18a8-430a-9d02-0f53486e0984', 'f124c61e-f5c2-441f-adb1-9acb1484f8c0', '00000000-0000-0000-0000-000000000000', null),
('2b8bed18-b9e2-46b6-9f74-a39a474644c3', False, 'rawsfdst2', 'RawsFDST2', null, ST_GeomFromText('POINT(-103.8867 30.6006)',4326), null, null, '2021-02-12T22:19:19.228280Z', null, '98a61f29-18a8-430a-9d02-0f53486e0984', 'f124c61e-f5c2-441f-adb1-9acb1484f8c0', '00000000-0000-0000-0000-000000000000', null),
('631c7c28-0a09-49ec-8aaf-c5b4d4d880c4', False, 'rawsgdbt2', 'RawsGDBT2', null, ST_GeomFromText('POINT(-104.8253 31.925)',4326), null, null, '2021-02-12T22:19:19.228386Z', null, '98a61f29-18a8-430a-9d02-0f53486e0984', 'f124c61e-f5c2-441f-adb1-9acb1484f8c0', '00000000-0000-0000-0000-000000000000', null),
('c5777ea6-904d-445d-974f-995180d7dabf', False, 'rawsgmln5', 'RawsGMLN5', null, ST_GeomFromText('POINT(-108.1744 34.8519)',4326), null, null, '2021-02-12T22:19:19.228487Z', null, '98a61f29-18a8-430a-9d02-0f53486e0984', 'f124c61e-f5c2-441f-adb1-9acb1484f8c0', '00000000-0000-0000-0000-000000000000', null),
('65684ff8-db23-4136-a820-8157ca158899', False, 'rawsgnmn5', 'RawsGNMN5', null, ST_GeomFromText('POINT(-108.2403 33.2236)',4326), null, null, '2021-02-12T22:19:19.228596Z', null, '98a61f29-18a8-430a-9d02-0f53486e0984', 'f124c61e-f5c2-441f-adb1-9acb1484f8c0', '00000000-0000-0000-0000-000000000000', null),
('26c9af69-77e3-4f47-9f3d-db9c284767b4', False, 'rawsgrsn5', 'RawsGRSN5', null, ST_GeomFromText('POINT(-107.6653 35.2428)',4326), null, null, '2021-02-12T22:19:19.228694Z', null, '98a61f29-18a8-430a-9d02-0f53486e0984', 'f124c61e-f5c2-441f-adb1-9acb1484f8c0', '00000000-0000-0000-0000-000000000000', null),
('ad1498a1-834e-4eb9-8087-1c75ae9497dd', False, 'rawsgscn5', 'RawsGSCN5', null, ST_GeomFromText('POINT(-105.4619 35.8939)',4326), null, null, '2021-02-12T22:19:19.228823Z', null, '98a61f29-18a8-430a-9d02-0f53486e0984', 'f124c61e-f5c2-441f-adb1-9acb1484f8c0', '00000000-0000-0000-0000-000000000000', null),
('462feb12-f120-4708-a16e-adb0b1255b43', False, 'rawshhrn5', 'RawsHHRN5', null, ST_GeomFromText('POINT(-108.3417 31.7019)',4326), null, null, '2021-02-12T22:19:19.228946Z', null, '98a61f29-18a8-430a-9d02-0f53486e0984', 'f124c61e-f5c2-441f-adb1-9acb1484f8c0', '00000000-0000-0000-0000-000000000000', null),
('ff64e9f8-0ebe-4827-8f40-e867761640b0', False, 'rawsjarn5', 'RawsJARN5', null, ST_GeomFromText('POINT(-106.1031 36.5558)',4326), null, null, '2021-02-12T22:19:19.229061Z', null, '98a61f29-18a8-430a-9d02-0f53486e0984', 'f124c61e-f5c2-441f-adb1-9acb1484f8c0', '00000000-0000-0000-0000-000000000000', null),
('54293b67-77d8-4b03-9b83-1cbb5d5b1cd6', False, 'rawsjesn5', 'RawsJESN5', null, ST_GeomFromText('POINT(-106.6197 35.8406)',4326), null, null, '2021-02-12T22:19:19.229226Z', null, '98a61f29-18a8-430a-9d02-0f53486e0984', 'f124c61e-f5c2-441f-adb1-9acb1484f8c0', '00000000-0000-0000-0000-000000000000', null),
('7eed73f6-ae79-4f28-8b19-f1beb1f16916', False, 'rawslomn5', 'RawsLOMN5', null, ST_GeomFromText('POINT(-106.5867 32.3222)',4326), null, null, '2021-02-12T22:19:19.229406Z', null, '98a61f29-18a8-430a-9d02-0f53486e0984', 'f124c61e-f5c2-441f-adb1-9acb1484f8c0', '00000000-0000-0000-0000-000000000000', null),
('28f0440d-b8db-4fbf-aae1-928a3c855749', False, 'rawslpfc2', 'RawsLPFC2', null, ST_GeomFromText('POINT(-106.3497 39.1536)',4326), null, null, '2021-02-12T22:19:19.229527Z', null, '98a61f29-18a8-430a-9d02-0f53486e0984', 'f124c61e-f5c2-441f-adb1-9acb1484f8c0', '00000000-0000-0000-0000-000000000000', null),
('b5fc264e-412c-48fd-a6e5-c4423773b5d5', False, 'rawslujc2', 'RawsLUJC2', null, ST_GeomFromText('POINT(-106.5678 38.2547)',4326), null, null, '2021-02-12T22:19:19.229717Z', null, '98a61f29-18a8-430a-9d02-0f53486e0984', 'f124c61e-f5c2-441f-adb1-9acb1484f8c0', '00000000-0000-0000-0000-000000000000', null),
('dbcd9b33-f64d-4971-b3b2-b0d051f38f75', False, 'rawslvpn5', 'RawsLVPN5', null, ST_GeomFromText('POINT(-105.4942 35.5458)',4326), null, null, '2021-02-12T22:19:19.229893Z', null, '98a61f29-18a8-430a-9d02-0f53486e0984', 'f124c61e-f5c2-441f-adb1-9acb1484f8c0', '00000000-0000-0000-0000-000000000000', null),
('37ea4183-4fff-4847-8fbf-1f19b3e8d33f', False, 'rawsmayn5', 'RawsMAYN5', null, ST_GeomFromText('POINT(-105.4697 32.9097)',4326), null, null, '2021-02-12T22:19:19.230042Z', null, '98a61f29-18a8-430a-9d02-0f53486e0984', 'f124c61e-f5c2-441f-adb1-9acb1484f8c0', '00000000-0000-0000-0000-000000000000', null),
('04cf4bac-4b43-404e-a1b7-2399fb65f081', False, 'rawsmcrn5', 'RawsMCRN5', null, ST_GeomFromText('POINT(-105.6217 32.4314)',4326), null, null, '2021-02-12T22:19:19.230190Z', null, '98a61f29-18a8-430a-9d02-0f53486e0984', 'f124c61e-f5c2-441f-adb1-9acb1484f8c0', '00000000-0000-0000-0000-000000000000', null),
('33306822-12ed-428e-aafe-a2c6817063cb', False, 'rawsmgln5', 'RawsMGLN5', null, ST_GeomFromText('POINT(-107.5392 33.8511)',4326), null, null, '2021-02-12T22:19:19.230370Z', null, '98a61f29-18a8-430a-9d02-0f53486e0984', 'f124c61e-f5c2-441f-adb1-9acb1484f8c0', '00000000-0000-0000-0000-000000000000', null),
('b6efff31-eb5a-47a5-a012-9579b760cbbb', False, 'rawsmgnn5', 'RawsMGNN5', null, ST_GeomFromText('POINT(-108.8067 33.3906)',4326), null, null, '2021-02-12T22:19:19.230538Z', null, '98a61f29-18a8-430a-9d02-0f53486e0984', 'f124c61e-f5c2-441f-adb1-9acb1484f8c0', '00000000-0000-0000-0000-000000000000', null),
('2b40ce5e-ed05-47ab-ae0b-b86d3dc073b2', False, 'rawsmlcn5', 'RawsMLCN5', null, ST_GeomFromText('POINT(-104.3244 36.055)',4326), null, null, '2021-02-12T22:19:19.264855Z', null, '98a61f29-18a8-430a-9d02-0f53486e0984', 'f124c61e-f5c2-441f-adb1-9acb1484f8c0', '00000000-0000-0000-0000-000000000000', null),
('6361dc32-0103-4fd7-85ec-6153049c9d18', False, 'rawsmmrc2', 'RawsMMRC2', null, ST_GeomFromText('POINT(-107.7086 37.0564)',4326), null, null, '2021-02-12T22:19:19.265156Z', null, '98a61f29-18a8-430a-9d02-0f53486e0984', 'f124c61e-f5c2-441f-adb1-9acb1484f8c0', '00000000-0000-0000-0000-000000000000', null),
('44e32a5a-d562-4a4a-b046-a4b048098cf9', False, 'rawsmndt2', 'RawsMNDT2', null, ST_GeomFromText('POINT(-102.1897 31.9431)',4326), null, null, '2021-02-12T22:19:19.265334Z', null, '98a61f29-18a8-430a-9d02-0f53486e0984', 'f124c61e-f5c2-441f-adb1-9acb1484f8c0', '00000000-0000-0000-0000-000000000000', null),
('797b6026-6193-49ff-9eeb-ace2d8a5bbee', False, 'rawsmpan5', 'RawsMPAN5', null, ST_GeomFromText('POINT(-103.7217 32.1797)',4326), null, null, '2021-02-12T22:19:19.265475Z', null, '98a61f29-18a8-430a-9d02-0f53486e0984', 'f124c61e-f5c2-441f-adb1-9acb1484f8c0', '00000000-0000-0000-0000-000000000000', null),
('20e34fab-e101-4f12-b358-5a3373a4f509', False, 'rawsmrfc2', 'RawsMRFC2', null, ST_GeomFromText('POINT(-108.4128 37.2972)',4326), null, null, '2021-02-12T22:19:19.265612Z', null, '98a61f29-18a8-430a-9d02-0f53486e0984', 'f124c61e-f5c2-441f-adb1-9acb1484f8c0', '00000000-0000-0000-0000-000000000000', null),
('5cfaacd6-6663-4a1c-b273-d891a45fb3fa', False, 'rawsmrrn5', 'RawsMRRN5', null, ST_GeomFromText('POINT(-103.8 34.3)',4326), null, null, '2021-02-12T22:19:19.265747Z', null, '98a61f29-18a8-430a-9d02-0f53486e0984', 'f124c61e-f5c2-441f-adb1-9acb1484f8c0', '00000000-0000-0000-0000-000000000000', null),
('ea303996-318b-4c91-9cb5-8ec930a798ba', False, 'rawsmscn5', 'RawsMSCN5', null, ST_GeomFromText('POINT(-105.7689 33.1581)',4326), null, null, '2021-02-12T22:19:19.268469Z', null, '98a61f29-18a8-430a-9d02-0f53486e0984', 'f124c61e-f5c2-441f-adb1-9acb1484f8c0', '00000000-0000-0000-0000-000000000000', null),
('1cb91d49-b27f-4154-9330-b12d027e9eca', False, 'rawsmtnn5', 'RawsMTNN5', null, ST_GeomFromText('POINT(-106.2617 34.5206)',4326), null, null, '2021-02-12T22:19:19.268714Z', null, '98a61f29-18a8-430a-9d02-0f53486e0984', 'f124c61e-f5c2-441f-adb1-9acb1484f8c0', '00000000-0000-0000-0000-000000000000', null),
('2dad09ab-4c35-4bbd-97b9-248bf0c491ec', False, 'rawspsgt2', 'RawsPSGT2', null, ST_GeomFromText('POINT(-104.7978 31.8944)',4326), null, null, '2021-02-12T22:19:19.268845Z', null, '98a61f29-18a8-430a-9d02-0f53486e0984', 'f124c61e-f5c2-441f-adb1-9acb1484f8c0', '00000000-0000-0000-0000-000000000000', null),
('b5aa9d15-fa29-4171-9c73-6a5f07b0000f', False, 'rawspxwt2', 'RawsPXWT2', null, ST_GeomFromText('POINT(-104.9478 31.9722)',4326), null, null, '2021-02-12T22:19:19.268960Z', null, '98a61f29-18a8-430a-9d02-0f53486e0984', 'f124c61e-f5c2-441f-adb1-9acb1484f8c0', '00000000-0000-0000-0000-000000000000', null),
('edbe96ae-03ff-423b-afcc-ac0ebadae0cf', False, 'rawsqenn5', 'RawsQENN5', null, ST_GeomFromText('POINT(-104.6903 32.2036)',4326), null, null, '2021-02-12T22:19:19.269067Z', null, '98a61f29-18a8-430a-9d02-0f53486e0984', 'f124c61e-f5c2-441f-adb1-9acb1484f8c0', '00000000-0000-0000-0000-000000000000', null),
('db064dac-6cff-47ee-80dc-28a216ad53e1', False, 'rawsrddc2', 'RawsRDDC2', null, ST_GeomFromText('POINT(-104.9978 38.2072)',4326), null, null, '2021-02-12T22:19:19.269175Z', null, '98a61f29-18a8-430a-9d02-0f53486e0984', 'f124c61e-f5c2-441f-adb1-9acb1484f8c0', '00000000-0000-0000-0000-000000000000', null),
('8e305e48-9ebe-448f-9218-e2394c1777fa', False, 'rawsrdkc2', 'RawsRDKC2', null, ST_GeomFromText('POINT(-106.2117 38.8272)',4326), null, null, '2021-02-12T22:19:19.269286Z', null, '98a61f29-18a8-430a-9d02-0f53486e0984', 'f124c61e-f5c2-441f-adb1-9acb1484f8c0', '00000000-0000-0000-0000-000000000000', null),
('8c2153f1-ae64-458e-bca1-b298eee58026', False, 'rawsremn5', 'RawsREMN5', null, ST_GeomFromText('POINT(-104.3211 33.6506)',4326), null, null, '2021-02-12T22:19:19.269404Z', null, '98a61f29-18a8-430a-9d02-0f53486e0984', 'f124c61e-f5c2-441f-adb1-9acb1484f8c0', '00000000-0000-0000-0000-000000000000', null),
('fc831455-2cc5-4b29-b82c-289b2cc756dd', False, 'rawsrgmn5', 'RawsRGMN5', null, ST_GeomFromText('POINT(-106.6808 35.1458)',4326), null, null, '2021-02-12T22:19:19.269510Z', null, '98a61f29-18a8-430a-9d02-0f53486e0984', 'f124c61e-f5c2-441f-adb1-9acb1484f8c0', '00000000-0000-0000-0000-000000000000', null),
('f7f47ca2-7747-41f6-9946-e2863d2d2545', False, 'rawsrrac2', 'RawsRRAC2', null, ST_GeomFromText('POINT(-104.9528 38.9586)',4326), null, null, '2021-02-12T22:19:19.269598Z', null, '98a61f29-18a8-430a-9d02-0f53486e0984', 'f124c61e-f5c2-441f-adb1-9acb1484f8c0', '00000000-0000-0000-0000-000000000000', null),
('13ca7835-d50a-49a8-b4d2-96e2d6b2af99', False, 'rawssdnc2', 'RawsSDNC2', null, ST_GeomFromText('POINT(-105.5108 37.7267)',4326), null, null, '2021-02-12T22:19:19.269696Z', null, '98a61f29-18a8-430a-9d02-0f53486e0984', 'f124c61e-f5c2-441f-adb1-9acb1484f8c0', '00000000-0000-0000-0000-000000000000', null),
('7fdeafa2-84d6-4f30-8b16-23943c42eb50', False, 'rawssdvc2', 'RawsSDVC2', null, ST_GeomFromText('POINT(-107.3028 37.0994)',4326), null, null, '2021-02-12T22:19:19.269796Z', null, '98a61f29-18a8-430a-9d02-0f53486e0984', 'f124c61e-f5c2-441f-adb1-9acb1484f8c0', '00000000-0000-0000-0000-000000000000', null),
('c34690c1-3458-4a1c-a2a6-589d167a5262', False, 'rawssevn5', 'RawsSEVN5', null, ST_GeomFromText('POINT(-106.7981 34.3769)',4326), null, null, '2021-02-12T22:19:19.269901Z', null, '98a61f29-18a8-430a-9d02-0f53486e0984', 'f124c61e-f5c2-441f-adb1-9acb1484f8c0', '00000000-0000-0000-0000-000000000000', null),
('8118ee71-ca6f-4d66-99a8-e696a8017f47', False, 'rawssfwn5', 'RawsSFWN5', null, ST_GeomFromText('POINT(-105.8603 35.6869)',4326), null, null, '2021-02-12T22:19:19.270023Z', null, '98a61f29-18a8-430a-9d02-0f53486e0984', 'f124c61e-f5c2-441f-adb1-9acb1484f8c0', '00000000-0000-0000-0000-000000000000', null),
('9b7b7ead-8095-4ddb-8ead-13dcc7193ad5', False, 'rawssidc2', 'RawsSIDC2', null, ST_GeomFromText('POINT(-106.17 38.5933)',4326), null, null, '2021-02-12T22:19:19.270134Z', null, '98a61f29-18a8-430a-9d02-0f53486e0984', 'f124c61e-f5c2-441f-adb1-9acb1484f8c0', '00000000-0000-0000-0000-000000000000', null),
('54371694-49dd-4538-a80b-c0a7957ef47d', False, 'rawsslmn5', 'RawsSLMN5', null, ST_GeomFromText('POINT(-108.4447 34.0606)',4326), null, null, '2021-02-12T22:19:19.308920Z', null, '98a61f29-18a8-430a-9d02-0f53486e0984', 'f124c61e-f5c2-441f-adb1-9acb1484f8c0', '00000000-0000-0000-0000-000000000000', null),
('ba77f258-c0f6-4c0b-a9e1-965fbcc1f59d', False, 'rawssndn5', 'RawsSNDN5', null, ST_GeomFromText('POINT(-106.525 32.58)',4326), null, null, '2021-02-12T22:19:19.309499Z', null, '98a61f29-18a8-430a-9d02-0f53486e0984', 'f124c61e-f5c2-441f-adb1-9acb1484f8c0', '00000000-0000-0000-0000-000000000000', null),
('4bc398fe-350a-4dfe-98c8-a305f2b4dfd5', False, 'rawssnln5', 'RawsSNLN5', null, ST_GeomFromText('POINT(-106.5906 35.2297)',4326), null, null, '2021-02-12T22:19:19.309935Z', null, '98a61f29-18a8-430a-9d02-0f53486e0984', 'f124c61e-f5c2-441f-adb1-9acb1484f8c0', '00000000-0000-0000-0000-000000000000', null),
('dfb6d402-55a0-4cc6-b354-0167a546972f', False, 'rawsstln5', 'RawsSTLN5', null, ST_GeomFromText('POINT(-106.8658 36.7317)',4326), null, null, '2021-02-12T22:19:19.310303Z', null, '98a61f29-18a8-430a-9d02-0f53486e0984', 'f124c61e-f5c2-441f-adb1-9acb1484f8c0', '00000000-0000-0000-0000-000000000000', null),
('157457d3-7511-4a2f-870b-058ac60456c5', False, 'rawstjrn5', 'RawsTJRN5', null, ST_GeomFromText('POINT(-106.3158 35.0061)',4326), null, null, '2021-02-12T22:19:19.310490Z', null, '98a61f29-18a8-430a-9d02-0f53486e0984', 'f124c61e-f5c2-441f-adb1-9acb1484f8c0', '00000000-0000-0000-0000-000000000000', null),
('e4855877-4a91-4788-a56b-a07ed68b70bd', False, 'rawstrun5', 'RawsTRUN5', null, ST_GeomFromText('POINT(-105.7694 36.0589)',4326), null, null, '2021-02-12T22:19:19.310626Z', null, '98a61f29-18a8-430a-9d02-0f53486e0984', 'f124c61e-f5c2-441f-adb1-9acb1484f8c0', '00000000-0000-0000-0000-000000000000', null),
('2f0e900c-46d6-43b7-860d-97c5f926087a', False, 'rawstwrn5', 'RawsTWRN5', null, ST_GeomFromText('POINT(-106.2661 35.7789)',4326), null, null, '2021-02-12T22:19:19.310800Z', null, '98a61f29-18a8-430a-9d02-0f53486e0984', 'f124c61e-f5c2-441f-adb1-9acb1484f8c0', '00000000-0000-0000-0000-000000000000', null),
('64872cb0-3cee-4401-ab82-07dacec94332', False, 'rawsucnc2', 'RawsUCNC2', null, ST_GeomFromText('POINT(-102.6303 37.0608)',4326), null, null, '2021-02-12T22:19:19.310930Z', null, '98a61f29-18a8-430a-9d02-0f53486e0984', 'f124c61e-f5c2-441f-adb1-9acb1484f8c0', '00000000-0000-0000-0000-000000000000', null),
('296cdc3f-33d8-4bb4-b635-19c9220bff21', False, 'rawswlcc2', 'RawsWLCC2', null, ST_GeomFromText('POINT(-105.0561 38.0028)',4326), null, null, '2021-02-12T22:19:19.311046Z', null, '98a61f29-18a8-430a-9d02-0f53486e0984', 'f124c61e-f5c2-441f-adb1-9acb1484f8c0', '00000000-0000-0000-0000-000000000000', null),
('d5d7aa92-f322-4f57-8ae9-5370c7003a22', False, 'rawswpsn5', 'RawsWPSN5', null, ST_GeomFromText('POINT(-108.8608 36.0767)',4326), null, null, '2021-02-12T22:19:19.311171Z', null, '98a61f29-18a8-430a-9d02-0f53486e0984', 'f124c61e-f5c2-441f-adb1-9acb1484f8c0', '00000000-0000-0000-0000-000000000000', null),
('110788eb-58a4-455f-a42e-46b63166594b', False, 'rawsznrn5', 'RawsZNRN5', null, ST_GeomFromText('POINT(-108.9414 35.1392)',4326), null, null, '2021-02-12T22:19:19.311292Z', null, '98a61f29-18a8-430a-9d02-0f53486e0984', 'f124c61e-f5c2-441f-adb1-9acb1484f8c0', '00000000-0000-0000-0000-000000000000', null),
('b86f6057-5868-4dba-bfbb-656a2162ec98', False, 'wightman-fork', 'Wightman Fork', null, ST_GeomFromText('POINT(-106.5217 37.4039)',4326), null, null, '2021-02-12T22:19:19.311428Z', null, '98a61f29-18a8-430a-9d02-0f53486e0984', 'f124c61e-f5c2-441f-adb1-9acb1484f8c0', '00000000-0000-0000-0000-000000000000', null),
('ab5d663c-de4f-4a1e-88f0-639e564ad0cc', False, 'ft-garland-s-d-c', 'FT Garland S D C', null, ST_GeomFromText('POINT(-105.415 37.425)',4326), null, null, '2021-02-12T22:19:19.311505Z', null, '98a61f29-18a8-430a-9d02-0f53486e0984', 'f124c61e-f5c2-441f-adb1-9acb1484f8c0', '00000000-0000-0000-0000-000000000000', null),
('075cae49-3711-403c-ad4e-b8a82089644c', False, 'costilla-us', 'Costilla US', null, ST_GeomFromText('POINT(-105.2547 36.8984)',4326), null, null, '2021-02-12T22:19:19.311551Z', null, '98a61f29-18a8-430a-9d02-0f53486e0984', 'f124c61e-f5c2-441f-adb1-9acb1484f8c0', '00000000-0000-0000-0000-000000000000', null),
('0e79ac93-8e79-4848-9379-9e489a47dcc2', False, 'costilla-santvan', 'Costilla Santvan', null, ST_GeomFromText('POINT(-105.2811 36.8842)',4326), null, null, '2021-02-12T22:19:19.311592Z', null, '98a61f29-18a8-430a-9d02-0f53486e0984', 'f124c61e-f5c2-441f-adb1-9acb1484f8c0', '00000000-0000-0000-0000-000000000000', null),
('35f1ba1e-b1b6-4833-bf9a-879ce11064df', False, 'cundiyo', 'Cundiyo', null, ST_GeomFromText('POINT(-105.9047 35.9647)',4326), null, null, '2021-02-12T22:19:19.311632Z', null, '98a61f29-18a8-430a-9d02-0f53486e0984', 'f124c61e-f5c2-441f-adb1-9acb1484f8c0', '00000000-0000-0000-0000-000000000000', null),
('920a85e9-4359-46bd-b50a-68a5cf4eb33d', False, 'narrows', 'Narrows', null, ST_GeomFromText('POINT(-107.1625 33.3861)',4326), null, null, '2021-02-12T22:19:19.311680Z', null, '98a61f29-18a8-430a-9d02-0f53486e0984', 'f124c61e-f5c2-441f-adb1-9acb1484f8c0', '00000000-0000-0000-0000-000000000000', null),
('fa538300-9734-4173-b0c6-872e7f56529d', False, 'santa-fe', 'Santa Fe', null, ST_GeomFromText('POINT(-105.8436 35.6864)',4326), null, null, '2021-02-12T22:19:19.311721Z', null, '98a61f29-18a8-430a-9d02-0f53486e0984', 'f124c61e-f5c2-441f-adb1-9acb1484f8c0', '00000000-0000-0000-0000-000000000000', null),
('fe20f70e-14d4-4af7-981e-de83eb6edbdd', False, 'nichols', 'Nichols', null, ST_GeomFromText('POINT(-105.88 35.6894)',4326), null, null, '2021-02-12T22:19:19.311762Z', null, '98a61f29-18a8-430a-9d02-0f53486e0984', 'f124c61e-f5c2-441f-adb1-9acb1484f8c0', '00000000-0000-0000-0000-000000000000', null),
('c25aacf9-8a4c-4424-a57f-cea575deeac7', False, 'prairie-dtch', 'Prairie Dtch', null, ST_GeomFromText('POINT(-106.2315 37.6455)',4326), null, null, '2021-02-12T22:19:19.311803Z', null, '98a61f29-18a8-430a-9d02-0f53486e0984', 'f124c61e-f5c2-441f-adb1-9acb1484f8c0', '00000000-0000-0000-0000-000000000000', null),
('dbd0124e-ca79-4819-9e49-cd486ba854ef', False, 'dryden', 'Dryden', null, ST_GeomFromText('POINT(-102.1667 29.8236)',4326), null, null, '2021-02-12T22:19:19.311842Z', null, '98a61f29-18a8-430a-9d02-0f53486e0984', 'f124c61e-f5c2-441f-adb1-9acb1484f8c0', '00000000-0000-0000-0000-000000000000', null),
('b21e5c78-d0f1-4fb5-9b3e-e4b3a8b6906b', False, 'foster-ranch', 'Foster Ranch', null, ST_GeomFromText('POINT(-101.7556 29.7806)',4326), null, null, '2021-02-12T22:19:19.311889Z', null, '98a61f29-18a8-430a-9d02-0f53486e0984', 'f124c61e-f5c2-441f-adb1-9acb1484f8c0', '00000000-0000-0000-0000-000000000000', null),
('2e7c6699-8253-4a8e-84b9-72c135be137a', False, 'summitville', 'Summitville', null, ST_GeomFromText('POINT(-106.5842 37.4292)',4326), null, null, '2021-02-12T22:19:19.311934Z', null, '98a61f29-18a8-430a-9d02-0f53486e0984', 'f124c61e-f5c2-441f-adb1-9acb1484f8c0', '00000000-0000-0000-0000-000000000000', null),
('5c7d40b8-035e-4312-aad0-17c62f51f776', False, 'terlingua', 'Terlingua', null, ST_GeomFromText('POINT(-103.6194 29.2028)',4326), null, null, '2021-02-12T22:19:19.311979Z', null, '98a61f29-18a8-430a-9d02-0f53486e0984', 'f124c61e-f5c2-441f-adb1-9acb1484f8c0', '00000000-0000-0000-0000-000000000000', null),
('cc2a8374-113d-42d5-9403-f4938cb49b68', False, 'ft-garland-ute', 'Ft Garland Ute', null, ST_GeomFromText('POINT(-105.4258 37.4471)',4326), null, null, '2021-02-12T22:19:19.312024Z', null, '98a61f29-18a8-430a-9d02-0f53486e0984', 'f124c61e-f5c2-441f-adb1-9acb1484f8c0', '00000000-0000-0000-0000-000000000000', null),
('961a6c04-7020-4b8e-aa0c-64205cc544cc', False, 'el-paso', 'El Paso', null, ST_GeomFromText('POINT(-106.5403 31.8028)',4326), null, null, '2021-02-12T22:19:19.312067Z', null, '98a61f29-18a8-430a-9d02-0f53486e0984', 'f124c61e-f5c2-441f-adb1-9acb1484f8c0', '00000000-0000-0000-0000-000000000000', null),
('fddf8697-d3f4-4cc9-8393-e0cdd7a8f55d', False, 'castolon', 'Castolon', null, ST_GeomFromText('POINT(-103.5244 29.1378)',4326), null, null, '2021-02-12T22:19:19.312116Z', null, '98a61f29-18a8-430a-9d02-0f53486e0984', 'f124c61e-f5c2-441f-adb1-9acb1484f8c0', '00000000-0000-0000-0000-000000000000', null),
('3298617d-22b8-49d5-8cb0-082ab27b8b60', False, 'talpa', 'Talpa', null, ST_GeomFromText('POINT(-105.5811 36.3031)',4326), null, null, '2021-02-12T22:19:19.312158Z', null, '98a61f29-18a8-430a-9d02-0f53486e0984', 'f124c61e-f5c2-441f-adb1-9acb1484f8c0', '00000000-0000-0000-0000-000000000000', null),
('5581265e-fa12-4631-afdc-32821e6ca604', False, 'cochiti-santa-fe', 'Cochiti Santa Fe', null, ST_GeomFromText('POINT(-106.2289 35.5472)',4326), null, null, '2021-02-12T22:19:19.312199Z', null, '98a61f29-18a8-430a-9d02-0f53486e0984', 'f124c61e-f5c2-441f-adb1-9acb1484f8c0', '00000000-0000-0000-0000-000000000000', null),
('f01f6b6e-1e94-4a49-8a98-8e804386393c', False, 'fishtail-rd', 'Fishtail rd', null, ST_GeomFromText('POINT(-106.4708 36.7381)',4326), null, null, '2021-02-12T22:19:19.312240Z', null, '98a61f29-18a8-430a-9d02-0f53486e0984', 'f124c61e-f5c2-441f-adb1-9acb1484f8c0', '00000000-0000-0000-0000-000000000000', null),
('24a2a109-c98b-4e35-9edc-2fef17293800', False, 'romero-dtch', 'Romero Dtch', null, ST_GeomFromText('POINT(-106.0384 37.0869)',4326), null, null, '2021-02-12T22:19:19.312284Z', null, '98a61f29-18a8-430a-9d02-0f53486e0984', 'f124c61e-f5c2-441f-adb1-9acb1484f8c0', '00000000-0000-0000-0000-000000000000', null),
('0af25a49-849d-4390-a68b-4e12e8c3ebb6', False, 'manassa-dtch', 'Manassa Dtch', null, ST_GeomFromText('POINT(-106.0054 37.1054)',4326), null, null, '2021-02-12T22:19:19.312341Z', null, '98a61f29-18a8-430a-9d02-0f53486e0984', 'f124c61e-f5c2-441f-adb1-9acb1484f8c0', '00000000-0000-0000-0000-000000000000', null),
('1709861a-cdbe-42a0-9ad0-e9ada5c3224f', False, 'san-luis-val-cn', 'San Luis Val Cn', null, ST_GeomFromText('POINT(-106.0513 37.5767)',4326), null, null, '2021-02-12T22:19:19.312384Z', null, '98a61f29-18a8-430a-9d02-0f53486e0984', 'f124c61e-f5c2-441f-adb1-9acb1484f8c0', '00000000-0000-0000-0000-000000000000', null),
('5223a08f-351a-4220-b5a4-765ad2f4c61e', False, 'prwp-dtch', 'PRWP Dtch', null, ST_GeomFromText('POINT(-107.3214 37.6669)',4326), null, null, '2021-02-12T22:19:19.312424Z', null, '98a61f29-18a8-430a-9d02-0f53486e0984', 'f124c61e-f5c2-441f-adb1-9acb1484f8c0', '00000000-0000-0000-0000-000000000000', null),
('e133e4de-82e9-4698-8f6a-f0ddd17236af', False, 'south-fork-bear', 'South Fork Bear', null, ST_GeomFromText('POINT(-106.6082 37.6798)',4326), null, null, '2021-02-12T22:19:19.312465Z', null, '98a61f29-18a8-430a-9d02-0f53486e0984', 'f124c61e-f5c2-441f-adb1-9acb1484f8c0', '00000000-0000-0000-0000-000000000000', null),
('f76b8659-da4b-493e-8b4f-c7c76a78edf6', False, 'bluewater', 'Bluewater', null, ST_GeomFromText('POINT(-108.1114 35.2925)',4326), null, null, '2021-02-12T22:19:19.312510Z', null, '98a61f29-18a8-430a-9d02-0f53486e0984', 'f124c61e-f5c2-441f-adb1-9acb1484f8c0', '00000000-0000-0000-0000-000000000000', null),
('3906bc22-205e-41e0-a101-1c2394a1d851', False, 'conejos', 'Conejos', null, ST_GeomFromText('POINT(-106.0069 37.1015)',4326), null, null, '2021-02-12T22:19:19.312552Z', null, '98a61f29-18a8-430a-9d02-0f53486e0984', 'f124c61e-f5c2-441f-adb1-9acb1484f8c0', '00000000-0000-0000-0000-000000000000', null),
('835d4931-4b3b-4e05-bc7e-f0f719d60713', False, 'monte-vista-cn', 'Monte Vista Cn', null, ST_GeomFromText('POINT(-106.222 37.616)',4326), null, null, '2021-02-12T22:19:19.312596Z', null, '98a61f29-18a8-430a-9d02-0f53486e0984', 'f124c61e-f5c2-441f-adb1-9acb1484f8c0', '00000000-0000-0000-0000-000000000000', null),
('9a4c1b7d-6fa8-4d77-9b49-a0c4ba3bd242', False, 'mountain-home', 'Mountain Home', null, ST_GeomFromText('POINT(-105.3936 37.3931)',4326), null, null, '2021-02-12T22:19:19.312681Z', null, '98a61f29-18a8-430a-9d02-0f53486e0984', 'f124c61e-f5c2-441f-adb1-9acb1484f8c0', '00000000-0000-0000-0000-000000000000', null),
('8a0da115-8a3c-4307-8fbe-bf96d12a4d18', False, 'mountain-home-ds', 'Mountain Home DS', null, ST_GeomFromText('POINT(-105.395 37.394)',4326), null, null, '2021-02-12T22:19:19.312681Z', null, '98a61f29-18a8-430a-9d02-0f53486e0984', 'f124c61e-f5c2-441f-adb1-9acb1484f8c0', '00000000-0000-0000-0000-000000000000', null),
('753288b8-5b1d-4e71-89b0-733a7e7996d4', False, 'jasper-ds', 'Jasper DS', null, ST_GeomFromText('POINT(-106.3773 37.3889)',4326), null, null, '2021-02-12T22:19:19.312827Z', null, '98a61f29-18a8-430a-9d02-0f53486e0984', 'f124c61e-f5c2-441f-adb1-9acb1484f8c0', '00000000-0000-0000-0000-000000000000', null),
('88aea7e3-4390-4cf0-b298-e45d54fdea96', False, 'jasper-us', 'Jasper US', null, ST_GeomFromText('POINT(-106.522 37.4025)',4326), null, null, '2021-02-12T22:19:19.312873Z', null, '98a61f29-18a8-430a-9d02-0f53486e0984', 'f124c61e-f5c2-441f-adb1-9acb1484f8c0', '00000000-0000-0000-0000-000000000000', null),
('d0d543e1-6acd-4743-9a7f-7d708f477e03', False, 'marshall-park-cg', 'Marshall Park CG', null, ST_GeomFromText('POINT(-106.9819 37.7932)',4326), null, null, '2021-02-12T22:19:19.312925Z', null, '98a61f29-18a8-430a-9d02-0f53486e0984', 'f124c61e-f5c2-441f-adb1-9acb1484f8c0', '00000000-0000-0000-0000-000000000000', null),
('a1d87917-e2c3-47ed-8d45-7cdf8a5f74f9', False, 'humphreys-us', 'Humphreys US', null, ST_GeomFromText('POINT(-106.8593 37.6764)',4326), null, null, '2021-02-12T22:19:19.312969Z', null, '98a61f29-18a8-430a-9d02-0f53486e0984', 'f124c61e-f5c2-441f-adb1-9acb1484f8c0', '00000000-0000-0000-0000-000000000000', null),
('635f626f-5f82-421c-8433-c018ba59ee72', False, 'terrace', 'Terrace', null, ST_GeomFromText('POINT(-106.285 37.3572)',4326), null, null, '2021-02-12T22:19:19.313013Z', null, '98a61f29-18a8-430a-9d02-0f53486e0984', 'f124c61e-f5c2-441f-adb1-9acb1484f8c0', '00000000-0000-0000-0000-000000000000', null),
('1d86025b-be61-4051-b444-e3d10bd8087d', False, 'conejos-n-b', 'Conejos N B', null, ST_GeomFromText('POINT(-106.0091 37.1018)',4326), null, null, '2021-02-12T22:19:19.313063Z', null, '98a61f29-18a8-430a-9d02-0f53486e0984', 'f124c61e-f5c2-441f-adb1-9acb1484f8c0', '00000000-0000-0000-0000-000000000000', null),
('2ffbdcef-f1f7-4b87-bf78-4149380110ec', False, 'tabor-dtch', 'Tabor Dtch', null, ST_GeomFromText('POINT(-107.1587 37.8728)',4326), null, null, '2021-02-12T22:19:19.313106Z', null, '98a61f29-18a8-430a-9d02-0f53486e0984', 'f124c61e-f5c2-441f-adb1-9acb1484f8c0', '00000000-0000-0000-0000-000000000000', null),
('6160c5f3-840c-4546-a070-147ce1f912db', False, 'beaver-creek-ds', 'Beaver Creek DS', null, ST_GeomFromText('POINT(-106.6675 37.5989)',4326), null, null, '2021-02-12T22:19:19.313147Z', null, '98a61f29-18a8-430a-9d02-0f53486e0984', 'f124c61e-f5c2-441f-adb1-9acb1484f8c0', '00000000-0000-0000-0000-000000000000', null),
('fdb09f84-16d2-4df0-b15e-d6c6e032a330', False, 'wagon-wg-goose', 'Wagon WG Goose', null, ST_GeomFromText('POINT(-106.83 37.7519)',4326), null, null, '2021-02-12T22:19:19.313192Z', null, '98a61f29-18a8-430a-9d02-0f53486e0984', 'f124c61e-f5c2-441f-adb1-9acb1484f8c0', '00000000-0000-0000-0000-000000000000', null),
('0e8afb77-242a-4c9a-ac53-ba6374bcd69a', False, 'del-norte-san-fr', 'Del Norte San Fr', null, ST_GeomFromText('POINT(-106.3702 37.5793)',4326), null, null, '2021-02-12T22:19:19.313234Z', null, '98a61f29-18a8-430a-9d02-0f53486e0984', 'f124c61e-f5c2-441f-adb1-9acb1484f8c0', '00000000-0000-0000-0000-000000000000', null),
('b0710c91-037e-43c2-835b-50a8e886641c', False, 'hayner-bridge', 'Hayner Bridge', null, ST_GeomFromText('POINT(-107.0194 32.6133)',4326), null, null, '2021-02-12T22:19:19.313275Z', null, '98a61f29-18a8-430a-9d02-0f53486e0984', 'f124c61e-f5c2-441f-adb1-9acb1484f8c0', '00000000-0000-0000-0000-000000000000', null),
('cc93dd61-eb3c-4533-8c8f-c3a00a3f34b5', False, 'anthony', 'Anthony', null, ST_GeomFromText('POINT(-106.6014 31.915)',4326), null, null, '2021-02-12T22:19:19.313320Z', null, '98a61f29-18a8-430a-9d02-0f53486e0984', 'f124c61e-f5c2-441f-adb1-9acb1484f8c0', '00000000-0000-0000-0000-000000000000', null),
('cd360bbc-1a07-440f-b829-c1fc9434c6f9', False, 'american-cn', 'American Cn', null, ST_GeomFromText('POINT(-106.5264 31.7778)',4326), null, null, '2021-02-12T22:19:19.313370Z', null, '98a61f29-18a8-430a-9d02-0f53486e0984', 'f124c61e-f5c2-441f-adb1-9acb1484f8c0', '00000000-0000-0000-0000-000000000000', null),
('25c68087-a418-4db4-b24a-9c23257ca85d', False, 'ft-quitman', 'Ft Quitman', null, ST_GeomFromText('POINT(-105.6083 31.0861)',4326), null, null, '2021-02-12T22:19:19.313412Z', null, '98a61f29-18a8-430a-9d02-0f53486e0984', 'f124c61e-f5c2-441f-adb1-9acb1484f8c0', '00000000-0000-0000-0000-000000000000', null),
('8ffd1a0d-e4ac-4047-a025-666809a2db77', False, 'candelaria', 'Candelaria', null, ST_GeomFromText('POINT(-104.6861 30.175)',4326), null, null, '2021-02-12T22:19:19.313456Z', null, '98a61f29-18a8-430a-9d02-0f53486e0984', 'f124c61e-f5c2-441f-adb1-9acb1484f8c0', '00000000-0000-0000-0000-000000000000', null),
('da88203f-2166-4612-8d62-8df5370ad149', False, 'presidio-us', 'Presidio US', null, ST_GeomFromText('POINT(-104.4514 29.6042)',4326), null, null, '2021-02-12T22:19:19.313498Z', null, '98a61f29-18a8-430a-9d02-0f53486e0984', 'f124c61e-f5c2-441f-adb1-9acb1484f8c0', '00000000-0000-0000-0000-000000000000', null),
('07106257-d553-485c-8b23-eaab7bf1afa5', False, 'presidio', 'Presidio', null, ST_GeomFromText('POINT(-104.3936 29.5578)',4326), null, null, '2021-02-12T22:19:19.313548Z', null, '98a61f29-18a8-430a-9d02-0f53486e0984', 'f124c61e-f5c2-441f-adb1-9acb1484f8c0', '00000000-0000-0000-0000-000000000000', null),
('24aa2d2f-0cfb-4c62-9cf5-e895c95f2cf6', False, 'american-ds', 'American DS', null, ST_GeomFromText('POINT(-106.5222 31.7761)',4326), null, null, '2021-02-12T22:19:19.313595Z', null, '98a61f29-18a8-430a-9d02-0f53486e0984', 'f124c61e-f5c2-441f-adb1-9acb1484f8c0', '00000000-0000-0000-0000-000000000000', null),
('085917e0-6b5b-4830-bf47-b8566c3302f0', False, 'mesilla-ds', 'Mesilla DS', null, ST_GeomFromText('POINT(-106.7717 32.2103)',4326), null, null, '2021-02-12T22:19:19.313637Z', null, '98a61f29-18a8-430a-9d02-0f53486e0984', 'f124c61e-f5c2-441f-adb1-9acb1484f8c0', '00000000-0000-0000-0000-000000000000', null),
('86152f13-f4e1-4579-aea8-07e114bfcbec', False, 'rio-conchos', 'Rio Conchos', null, ST_GeomFromText('POINT(-104.43 29.5833)',4326), null, null, '2021-02-12T22:19:19.313683Z', null, '98a61f29-18a8-430a-9d02-0f53486e0984', 'f124c61e-f5c2-441f-adb1-9acb1484f8c0', '00000000-0000-0000-0000-000000000000', null),
('f11e33fc-a3ee-4b80-9605-9347432e5df3', False, 'leasburg-ds', 'Leasburg DS', null, ST_GeomFromText('POINT(-106.9194 32.4764)',4326), null, null, '2021-02-12T22:19:19.313731Z', null, '98a61f29-18a8-430a-9d02-0f53486e0984', 'f124c61e-f5c2-441f-adb1-9acb1484f8c0', '00000000-0000-0000-0000-000000000000', null),
('5bdee068-26ac-4ff3-839d-9ef105e50726', False, 'presidio-alamito', 'Presidio Alamito', null, ST_GeomFromText('POINT(-104.2875 29.5236)',4326), null, null, '2021-02-12T22:19:19.313780Z', null, '98a61f29-18a8-430a-9d02-0f53486e0984', 'f124c61e-f5c2-441f-adb1-9acb1484f8c0', '00000000-0000-0000-0000-000000000000', null),
('9a620f85-958c-4de8-801a-9b072ee4036d', False, 'sanchez-res', 'Sanchez Res', null, ST_GeomFromText('POINT(-105.4125 37.1136)',4326), null, null, '2021-02-12T22:19:19.313822Z', null, '98a61f29-18a8-430a-9d02-0f53486e0984', 'f124c61e-f5c2-441f-adb1-9acb1484f8c0', '00000000-0000-0000-0000-000000000000', null),
('1eab880c-491a-4977-9728-adbe7b62fcd0', False, 'sanchez-res-ds', 'Sanchez Res DS', null, ST_GeomFromText('POINT(-105.4092 37.1143)',4326), null, null, '2021-02-12T22:19:19.313822Z', null, '98a61f29-18a8-430a-9d02-0f53486e0984', 'f124c61e-f5c2-441f-adb1-9acb1484f8c0', '00000000-0000-0000-0000-000000000000', null),
('d9a6229e-0cd9-45a4-95de-ed1dd70e29aa', False, 'rio-grande-res', 'Rio Grande Res', null, ST_GeomFromText('POINT(-107.2676 37.7219)',4326), null, null, '2021-02-12T22:19:19.313894Z', null, '98a61f29-18a8-430a-9d02-0f53486e0984', 'f124c61e-f5c2-441f-adb1-9acb1484f8c0', '00000000-0000-0000-0000-000000000000', null),
('90de9154-14a2-4879-999d-d32b24613df9', False, 'johnson-ranch', 'Johnson Ranch', null, ST_GeomFromText('POINT(-103.3903 29.0347)',4326), null, null, '2021-02-12T22:19:19.313935Z', null, '98a61f29-18a8-430a-9d02-0f53486e0984', 'f124c61e-f5c2-441f-adb1-9acb1484f8c0', '00000000-0000-0000-0000-000000000000', null),
('5d4634fb-d9df-4301-91db-77e15b899faa', False, 'presidio-ds', 'Presidio DS', null, ST_GeomFromText('POINT(-104.2864 29.5192)',4326), null, null, '2021-02-12T22:19:19.313984Z', null, '98a61f29-18a8-430a-9d02-0f53486e0984', 'f124c61e-f5c2-441f-adb1-9acb1484f8c0', '00000000-0000-0000-0000-000000000000', null),
('4a0fbbb9-d0cf-49cf-839b-01bf851602a0', False, 'mcclure-us', 'McClure US', null, ST_GeomFromText('POINT(-105.8228 35.6889)',4326), null, null, '2021-02-12T22:19:19.314029Z', null, '98a61f29-18a8-430a-9d02-0f53486e0984', 'f124c61e-f5c2-441f-adb1-9acb1484f8c0', '00000000-0000-0000-0000-000000000000', null),
('6098b9e5-23f5-459a-8cdc-624f57642fe9', False, 'tijeras-arroyo', 'Tijeras Arroyo', null, ST_GeomFromText('POINT(-106.6575 35.0019)',4326), null, null, '2021-02-12T22:19:19.314073Z', null, '98a61f29-18a8-430a-9d02-0f53486e0984', 'f124c61e-f5c2-441f-adb1-9acb1484f8c0', '00000000-0000-0000-0000-000000000000', null),
('80005a8a-6265-43f8-992a-e4f154c47867', False, 'santa-fe-tesq', 'Santa Fe Tesq', null, ST_GeomFromText('POINT(-105.905 35.7394)',4326), null, null, '2021-02-12T22:19:19.314114Z', null, '98a61f29-18a8-430a-9d02-0f53486e0984', 'f124c61e-f5c2-441f-adb1-9acb1484f8c0', '00000000-0000-0000-0000-000000000000', null),
('f33c5172-e4e4-40d5-b1cb-d2d76827efa7', False, 'costilla-ds', 'Costilla DS', null, ST_GeomFromText('POINT(-105.2837 36.8728)',4326), null, null, '2021-02-12T22:19:19.314154Z', null, '98a61f29-18a8-430a-9d02-0f53486e0984', 'f124c61e-f5c2-441f-adb1-9acb1484f8c0', '00000000-0000-0000-0000-000000000000', null),
('679b966f-2ad6-4318-8d7e-85ce1cd1d837', False, 'south-fork-us', 'South Fork US', null, ST_GeomFromText('POINT(-106.7534 37.5744)',4326), null, null, '2021-02-12T22:19:19.314205Z', null, '98a61f29-18a8-430a-9d02-0f53486e0984', 'f124c61e-f5c2-441f-adb1-9acb1484f8c0', '00000000-0000-0000-0000-000000000000', null),
('34dd678e-1be8-48f9-be99-aabde5aee463', False, 'box-canyon', 'Box Canyon', null, ST_GeomFromText('POINT(-107.1413 37.7746)',4326), null, null, '2021-02-12T22:19:19.314251Z', null, '98a61f29-18a8-430a-9d02-0f53486e0984', 'f124c61e-f5c2-441f-adb1-9acb1484f8c0', '00000000-0000-0000-0000-000000000000', null),
('d224fa32-7937-4471-91d4-4116ec1a06c2', False, 'farmers-union-cn', 'Farmers Union Cn', null, ST_GeomFromText('POINT(-106.2639 37.6659)',4326), null, null, '2021-02-12T22:19:19.314301Z', null, '98a61f29-18a8-430a-9d02-0f53486e0984', 'f124c61e-f5c2-441f-adb1-9acb1484f8c0', '00000000-0000-0000-0000-000000000000', null),
('1dbef7be-5328-4bff-aafa-f0f379ad0305', False, 'empire-cn', 'Empire Cn', null, ST_GeomFromText('POINT(-106.1055 37.5808)',4326), null, null, '2021-02-12T22:19:19.314348Z', null, '98a61f29-18a8-430a-9d02-0f53486e0984', 'f124c61e-f5c2-441f-adb1-9acb1484f8c0', '00000000-0000-0000-0000-000000000000', null),
('e1335024-0a0d-4047-a1e4-492256a9b7c2', False, 'garcia', 'Garcia', null, ST_GeomFromText('POINT(-105.5325 36.989)',4326), null, null, '2021-02-12T22:19:19.314392Z', null, '98a61f29-18a8-430a-9d02-0f53486e0984', 'f124c61e-f5c2-441f-adb1-9acb1484f8c0', '00000000-0000-0000-0000-000000000000', null),
('30f39465-009d-4fc3-8cc3-d5c42df0d985', False, 'chama', 'Chama', null, ST_GeomFromText('POINT(-106.5547 36.935)',4326), null, null, '2021-02-12T22:19:19.314462Z', null, '98a61f29-18a8-430a-9d02-0f53486e0984', 'f124c61e-f5c2-441f-adb1-9acb1484f8c0', '00000000-0000-0000-0000-000000000000', null),
('807cb3c5-d1ea-4da3-aa6d-223c1cf64e13', False, 'norton-drain', 'Norton Drain', null, ST_GeomFromText('POINT(-105.7715 37.3346)',4326), null, null, '2021-02-12T22:19:19.314509Z', null, '98a61f29-18a8-430a-9d02-0f53486e0984', 'f124c61e-f5c2-441f-adb1-9acb1484f8c0', '00000000-0000-0000-0000-000000000000', null),
('1a7bdbd8-225f-4766-b72f-0c9d7057ef89', False, 'norton-drain-s', 'Norton Drain S', null, ST_GeomFromText('POINT(-105.8547 37.2986)',4326), null, null, '2021-02-12T22:19:19.314558Z', null, '98a61f29-18a8-430a-9d02-0f53486e0984', 'f124c61e-f5c2-441f-adb1-9acb1484f8c0', '00000000-0000-0000-0000-000000000000', null),
('06d201c5-3a8f-46d9-ae08-04415d990b5a', False, 'mountain-home-us', 'Mountain Home US', null, ST_GeomFromText('POINT(-105.3689 37.3947)',4326), null, null, '2021-02-12T22:19:19.314674Z', null, '98a61f29-18a8-430a-9d02-0f53486e0984', 'f124c61e-f5c2-441f-adb1-9acb1484f8c0', '00000000-0000-0000-0000-000000000000', null),
('0d4cdf2f-9dcf-4644-b4e2-d5d30c1c3073', False, 'costilla-dtch-al', 'Costilla Dtch Al', null, ST_GeomFromText('POINT(-105.9488 37.5527)',4326), null, null, '2021-02-12T22:19:19.314799Z', null, '98a61f29-18a8-430a-9d02-0f53486e0984', 'f124c61e-f5c2-441f-adb1-9acb1484f8c0', '00000000-0000-0000-0000-000000000000', null),
('95b4184b-ef18-4dff-9e12-419ce82fbdb9', False, 'centennial-cn', 'Centennial Cn', null, ST_GeomFromText('POINT(-106.0704 37.5719)',4326), null, null, '2021-02-12T22:19:19.314858Z', null, '98a61f29-18a8-430a-9d02-0f53486e0984', 'f124c61e-f5c2-441f-adb1-9acb1484f8c0', '00000000-0000-0000-0000-000000000000', null),
('08ad4f95-1f66-4b54-9134-dc07ee9dc786', False, 'rawsrget2', 'RawsRGET2', null, ST_GeomFromText('POINT(-102.9631 29.1858)',4326), null, null, '2021-02-12T22:19:19.314900Z', null, '98a61f29-18a8-430a-9d02-0f53486e0984', 'f124c61e-f5c2-441f-adb1-9acb1484f8c0', '00000000-0000-0000-0000-000000000000', null),
('36407ff2-3b57-4a55-a1a0-5b23713159ae', False, 'langtry', 'Langtry', null, ST_GeomFromText('POINT(-101.4458 29.8028)',4326), null, null, '2021-02-12T22:19:19.315382Z', null, '98a61f29-18a8-430a-9d02-0f53486e0984', 'f124c61e-f5c2-441f-adb1-9acb1484f8c0', '00000000-0000-0000-0000-000000000000', null),
('b488b503-87b9-4eee-9393-39da4f2a8f36', False, 'rawswdrn5', 'RawsWDRN5', null, ST_GeomFromText('POINT(-105.6689 36.695)',4326), null, null, '2021-02-12T22:19:19.315455Z', null, '98a61f29-18a8-430a-9d02-0f53486e0984', 'f124c61e-f5c2-441f-adb1-9acb1484f8c0', '00000000-0000-0000-0000-000000000000', null);

--INSERT INSTRUMENT STATUS--
INSERT INTO public.instrument_status(id, instrument_id, status_id, "time")
 VALUES 
('ebeaae99-ef22-4287-a1ca-feb6c6a5a694', '67d96da5-d1ee-4600-9e22-9262abb151b8', 'e26ba2ef-9b52-4c71-97df-9e4b6cf4174d', '2021-02-12T22:19:19.223386Z'),
('6ed3f2f1-65b2-410e-87d7-62cda0862813', '3130d868-9806-4bde-9e2c-654677a43718', 'e26ba2ef-9b52-4c71-97df-9e4b6cf4174d', '2021-02-12T22:19:19.223619Z'),
('d45f8666-5b8f-44cb-baf2-6e17025576c2', 'da7e6c92-cdd6-490f-adf0-c50c69cd715b', 'e26ba2ef-9b52-4c71-97df-9e4b6cf4174d', '2021-02-12T22:19:19.223685Z'),
('0c51bff8-94ab-4f6b-ab57-af70ad2ce921', '8072c4a7-5709-493a-b171-ed3edcdab3cb', 'e26ba2ef-9b52-4c71-97df-9e4b6cf4174d', '2021-02-12T22:19:19.223713Z'),
('90edba2d-3a25-4fd3-8991-4a529ef71bb2', '41e521ff-bf31-45e3-bcbe-2d4c4b362437', 'e26ba2ef-9b52-4c71-97df-9e4b6cf4174d', '2021-02-12T22:19:19.223805Z'),
('d54befe7-4d9d-4b07-a599-ef3083405be3', '562fcd67-1d8c-4cd6-9443-b9a039d8b097', 'e26ba2ef-9b52-4c71-97df-9e4b6cf4174d', '2021-02-12T22:19:19.223901Z'),
('2170fcd1-679a-4766-a42f-bb31dbc3ee70', '389786f9-5aa5-4eca-b395-77e7166268fc', 'e26ba2ef-9b52-4c71-97df-9e4b6cf4174d', '2021-02-12T22:19:19.223991Z'),
('9991fb96-7431-489a-a7d0-1d0890a88ad3', 'c722d4f3-a0ad-46f5-a17f-c10326a525de', 'e26ba2ef-9b52-4c71-97df-9e4b6cf4174d', '2021-02-12T22:19:19.224080Z'),
('cd236d05-4114-4b7e-9b6d-230a9ea82272', 'f5f35408-a622-4fb0-a2d0-ca80082b3cc4', 'e26ba2ef-9b52-4c71-97df-9e4b6cf4174d', '2021-02-12T22:19:19.224244Z'),
('a4cd25e2-1bb4-4eaa-a0e6-f1ad398c1774', '40eac2e8-71f0-43a6-9ec0-0cdd468e8daf', 'e26ba2ef-9b52-4c71-97df-9e4b6cf4174d', '2021-02-12T22:19:19.224363Z'),
('2129a19c-fc59-43ad-8ee3-891ad6cee622', '779e3e3c-946a-42e1-ae9c-405d41e3d313', 'e26ba2ef-9b52-4c71-97df-9e4b6cf4174d', '2021-02-12T22:19:19.224508Z'),
('df54a9ec-94b1-44a5-905f-e8f5911f9784', '09c5a8c4-c465-4c8b-b627-eb2877633fe0', 'e26ba2ef-9b52-4c71-97df-9e4b6cf4174d', '2021-02-12T22:19:19.224644Z'),
('a7b708a2-a920-4b6c-aa2d-c53a5f87e713', '3ee387b2-8be8-4ed6-b1c8-8da97ab429a9', 'e26ba2ef-9b52-4c71-97df-9e4b6cf4174d', '2021-02-12T22:19:19.224776Z'),
('3e76e672-8214-4292-91a3-3a0a0b1e14f3', '37a94b69-379a-4c07-a344-d45a47bd6519', 'e26ba2ef-9b52-4c71-97df-9e4b6cf4174d', '2021-02-12T22:19:19.224905Z'),
('7b150460-b2dc-497e-9d9e-7b03aafeeb8e', '4afdefcf-5a67-43b9-8122-0f52eca88290', 'e26ba2ef-9b52-4c71-97df-9e4b6cf4174d', '2021-02-12T22:19:19.225052Z'),
('c66204c2-a40b-4eab-b974-75f6064206a7', 'e98e960f-26f7-4dd5-ad2a-f8b7e3967110', 'e26ba2ef-9b52-4c71-97df-9e4b6cf4174d', '2021-02-12T22:19:19.225205Z'),
('ced04dff-e49b-48ae-a9b8-de7c7f55f76c', '6c1b7587-aec2-4fbd-a103-d18aefe74386', 'e26ba2ef-9b52-4c71-97df-9e4b6cf4174d', '2021-02-12T22:19:19.225350Z'),
('da70030f-0c95-4b66-acad-87d3b6ba28c1', '64781110-0523-4010-b2cd-d46f4e461af9', 'e26ba2ef-9b52-4c71-97df-9e4b6cf4174d', '2021-02-12T22:19:19.225554Z'),
('657c07ec-e098-4190-af11-cd3c33b78b6f', 'd52a37f8-a47c-49d2-8206-ec0c7f2c2dd5', 'e26ba2ef-9b52-4c71-97df-9e4b6cf4174d', '2021-02-12T22:19:19.225674Z'),
('3bb08469-a0ee-4973-8ccc-93a40e519247', 'bae9c2a1-9952-4376-9247-e8f2a519c7d5', 'e26ba2ef-9b52-4c71-97df-9e4b6cf4174d', '2021-02-12T22:19:19.225828Z'),
('5a1a76d3-2f13-4b37-8230-e22b1e393ee5', '16ef8e07-be5a-4ad1-a231-0e62ede14a35', 'e26ba2ef-9b52-4c71-97df-9e4b6cf4174d', '2021-02-12T22:19:19.225934Z'),
('fe081034-59a3-4b2e-868b-701d5867a19b', 'b5223b57-1bc8-4b9e-9cc4-dc5cb7464973', 'e26ba2ef-9b52-4c71-97df-9e4b6cf4174d', '2021-02-12T22:19:19.226072Z'),
('fefa6150-4c95-4352-8fb3-c1d040964c49', '0feee5a5-39cb-47e3-960b-d43b59d10b7e', 'e26ba2ef-9b52-4c71-97df-9e4b6cf4174d', '2021-02-12T22:19:19.226195Z'),
('51d0f1d5-5cc9-402a-8ecb-7cae8c900117', 'aa5d1c83-62e3-4b77-8a88-6e63f682f4f3', 'e26ba2ef-9b52-4c71-97df-9e4b6cf4174d', '2021-02-12T22:19:19.226321Z'),
('2d78579b-89af-493a-8217-b1c9f1053212', 'dabb839f-d169-42cb-a779-6b8052a6bd3c', 'e26ba2ef-9b52-4c71-97df-9e4b6cf4174d', '2021-02-12T22:19:19.226527Z'),
('6a01fb93-e73f-40c1-9096-835b09816cde', '1bdee4ab-89c7-4f9a-9233-8a55ba9967ab', 'e26ba2ef-9b52-4c71-97df-9e4b6cf4174d', '2021-02-12T22:19:19.226649Z'),
('a43d7bce-6af8-4919-a986-a04e8a30dcc5', 'e1cbfd8a-e6d5-43ab-8718-3bab74163bc1', 'e26ba2ef-9b52-4c71-97df-9e4b6cf4174d', '2021-02-12T22:19:19.226778Z'),
('0c9750fa-b200-4cd1-9e37-8fe9b1331d70', '0b428b41-1cda-4531-9673-0359cb554212', 'e26ba2ef-9b52-4c71-97df-9e4b6cf4174d', '2021-02-12T22:19:19.226884Z'),
('0b7b7fae-9613-4ee1-a54e-efedc196988a', '735ebeb8-df40-4334-956e-efb3ee3db453', 'e26ba2ef-9b52-4c71-97df-9e4b6cf4174d', '2021-02-12T22:19:19.226996Z'),
('e86fd107-788e-409a-aad8-4ed8b6d19908', '87f853dd-0160-4470-b6e9-31e6dfb8424c', 'e26ba2ef-9b52-4c71-97df-9e4b6cf4174d', '2021-02-12T22:19:19.227087Z'),
('7217971b-de86-47f3-8858-c8fec8d1881f', 'e965623d-b34e-4734-b731-0a08b43e1213', 'e26ba2ef-9b52-4c71-97df-9e4b6cf4174d', '2021-02-12T22:19:19.227216Z'),
('efd74dee-8407-480e-80d6-ec45a0da162b', '8a111c8d-3ea8-4919-bfe3-711b768aa782', 'e26ba2ef-9b52-4c71-97df-9e4b6cf4174d', '2021-02-12T22:19:19.227320Z'),
('47a685ad-f24b-4d39-a53a-18780de5e650', '3e3b545b-6e9e-489d-8665-f38e8ceb21a0', 'e26ba2ef-9b52-4c71-97df-9e4b6cf4174d', '2021-02-12T22:19:19.227428Z'),
('761b9e07-2e54-4ff4-aca7-b3c4ad5ed0c1', 'a3d4555f-1742-4197-9bfc-e63be3391095', 'e26ba2ef-9b52-4c71-97df-9e4b6cf4174d', '2021-02-12T22:19:19.227555Z'),
('33d42775-002c-43e0-b984-4f233fe10004', 'daf83c5d-8e1b-40a2-93a0-fd87be054a75', 'e26ba2ef-9b52-4c71-97df-9e4b6cf4174d', '2021-02-12T22:19:19.227657Z'),
('cccb1ed8-3cd9-41f5-a5bb-312fa39aa527', 'fa469069-baf6-4e28-8fac-5a18e4ebf7f9', 'e26ba2ef-9b52-4c71-97df-9e4b6cf4174d', '2021-02-12T22:19:19.227827Z'),
('ef8924e3-b763-43b3-8c9a-996b7177a0ef', '21664e71-c273-4c18-83f2-904f6bba3566', 'e26ba2ef-9b52-4c71-97df-9e4b6cf4174d', '2021-02-12T22:19:19.227982Z'),
('abf6212d-bcf5-4300-8596-e2ae04d1e989', 'd7644b31-bd43-491b-971f-8c76f16afc5c', 'e26ba2ef-9b52-4c71-97df-9e4b6cf4174d', '2021-02-12T22:19:19.228125Z'),
('20ec35e9-6470-45b2-ae32-b3f751b84fb8', '2b8bed18-b9e2-46b6-9f74-a39a474644c3', 'e26ba2ef-9b52-4c71-97df-9e4b6cf4174d', '2021-02-12T22:19:19.228280Z'),
('6fb08fa1-1dc6-45d3-a21a-c8b797e912bf', '631c7c28-0a09-49ec-8aaf-c5b4d4d880c4', 'e26ba2ef-9b52-4c71-97df-9e4b6cf4174d', '2021-02-12T22:19:19.228386Z'),
('ee3d671f-beb4-4379-9404-ec689d7e3994', 'c5777ea6-904d-445d-974f-995180d7dabf', 'e26ba2ef-9b52-4c71-97df-9e4b6cf4174d', '2021-02-12T22:19:19.228487Z'),
('4eb0699f-e1c3-42c4-913e-847afa49e570', '65684ff8-db23-4136-a820-8157ca158899', 'e26ba2ef-9b52-4c71-97df-9e4b6cf4174d', '2021-02-12T22:19:19.228596Z'),
('80371fb5-dc78-4878-a7ed-d6bce508f4fc', '26c9af69-77e3-4f47-9f3d-db9c284767b4', 'e26ba2ef-9b52-4c71-97df-9e4b6cf4174d', '2021-02-12T22:19:19.228694Z'),
('8c23c823-13a6-4bda-b8df-14d6ce718395', 'ad1498a1-834e-4eb9-8087-1c75ae9497dd', 'e26ba2ef-9b52-4c71-97df-9e4b6cf4174d', '2021-02-12T22:19:19.228823Z'),
('9816dc69-0be2-44de-900e-d71e976f6f75', '462feb12-f120-4708-a16e-adb0b1255b43', 'e26ba2ef-9b52-4c71-97df-9e4b6cf4174d', '2021-02-12T22:19:19.228946Z'),
('c673d8d2-d4b7-4102-93b4-1a3fadff689e', 'ff64e9f8-0ebe-4827-8f40-e867761640b0', 'e26ba2ef-9b52-4c71-97df-9e4b6cf4174d', '2021-02-12T22:19:19.229061Z'),
('d34f87cc-9cf1-40f2-904b-bc0f4010e17a', '54293b67-77d8-4b03-9b83-1cbb5d5b1cd6', 'e26ba2ef-9b52-4c71-97df-9e4b6cf4174d', '2021-02-12T22:19:19.229226Z'),
('97955120-6e24-4b4c-baff-829d668253b8', '7eed73f6-ae79-4f28-8b19-f1beb1f16916', 'e26ba2ef-9b52-4c71-97df-9e4b6cf4174d', '2021-02-12T22:19:19.229406Z'),
('360aa942-a821-4efd-96f3-593a8cd05855', '28f0440d-b8db-4fbf-aae1-928a3c855749', 'e26ba2ef-9b52-4c71-97df-9e4b6cf4174d', '2021-02-12T22:19:19.229527Z'),
('80641ab3-51a3-4e3e-82ca-d1450f072919', 'b5fc264e-412c-48fd-a6e5-c4423773b5d5', 'e26ba2ef-9b52-4c71-97df-9e4b6cf4174d', '2021-02-12T22:19:19.229717Z'),
('aa06ac6c-075b-4eaf-81db-357ce3b429a8', 'dbcd9b33-f64d-4971-b3b2-b0d051f38f75', 'e26ba2ef-9b52-4c71-97df-9e4b6cf4174d', '2021-02-12T22:19:19.229893Z'),
('5244b1a3-d3d2-4a23-8d29-d2ad960c423a', '37ea4183-4fff-4847-8fbf-1f19b3e8d33f', 'e26ba2ef-9b52-4c71-97df-9e4b6cf4174d', '2021-02-12T22:19:19.230042Z'),
('5768be2a-ad13-4aa9-90be-c10704b0311a', '04cf4bac-4b43-404e-a1b7-2399fb65f081', 'e26ba2ef-9b52-4c71-97df-9e4b6cf4174d', '2021-02-12T22:19:19.230190Z'),
('799d1719-65bc-4e47-baa3-1644e9a3aac9', '33306822-12ed-428e-aafe-a2c6817063cb', 'e26ba2ef-9b52-4c71-97df-9e4b6cf4174d', '2021-02-12T22:19:19.230370Z'),
('e7037eb0-f8cd-420c-8d79-d65fe95bea08', 'b6efff31-eb5a-47a5-a012-9579b760cbbb', 'e26ba2ef-9b52-4c71-97df-9e4b6cf4174d', '2021-02-12T22:19:19.230538Z'),
('dc029389-faf2-405b-8abe-c26f9bbdaf1e', '2b40ce5e-ed05-47ab-ae0b-b86d3dc073b2', 'e26ba2ef-9b52-4c71-97df-9e4b6cf4174d', '2021-02-12T22:19:19.264855Z'),
('8eb24d3b-503f-44d7-8e75-18a8c60744f3', '6361dc32-0103-4fd7-85ec-6153049c9d18', 'e26ba2ef-9b52-4c71-97df-9e4b6cf4174d', '2021-02-12T22:19:19.265156Z'),
('a54a32ae-f156-45f0-a6a1-6fc746a07fc7', '44e32a5a-d562-4a4a-b046-a4b048098cf9', 'e26ba2ef-9b52-4c71-97df-9e4b6cf4174d', '2021-02-12T22:19:19.265334Z'),
('be92a74c-b5fe-4465-8d05-170642a8fc01', '797b6026-6193-49ff-9eeb-ace2d8a5bbee', 'e26ba2ef-9b52-4c71-97df-9e4b6cf4174d', '2021-02-12T22:19:19.265475Z'),
('b2c69d10-3172-4462-babc-70d2a0e92a4d', '20e34fab-e101-4f12-b358-5a3373a4f509', 'e26ba2ef-9b52-4c71-97df-9e4b6cf4174d', '2021-02-12T22:19:19.265612Z'),
('3443f2ba-e2ef-478c-a599-855d9bd7a063', '5cfaacd6-6663-4a1c-b273-d891a45fb3fa', 'e26ba2ef-9b52-4c71-97df-9e4b6cf4174d', '2021-02-12T22:19:19.265747Z'),
('beea48e4-40d7-473d-b98a-2c99eb05f0a5', 'ea303996-318b-4c91-9cb5-8ec930a798ba', 'e26ba2ef-9b52-4c71-97df-9e4b6cf4174d', '2021-02-12T22:19:19.268469Z'),
('21e70137-c576-44d6-8d1d-921b8c597901', '1cb91d49-b27f-4154-9330-b12d027e9eca', 'e26ba2ef-9b52-4c71-97df-9e4b6cf4174d', '2021-02-12T22:19:19.268714Z'),
('99324ff1-f580-4e42-9ccb-1e1de8f56ccd', '2dad09ab-4c35-4bbd-97b9-248bf0c491ec', 'e26ba2ef-9b52-4c71-97df-9e4b6cf4174d', '2021-02-12T22:19:19.268845Z'),
('b7d8186a-ca81-4479-bf4c-ca75e028e031', 'b5aa9d15-fa29-4171-9c73-6a5f07b0000f', 'e26ba2ef-9b52-4c71-97df-9e4b6cf4174d', '2021-02-12T22:19:19.268960Z'),
('9cedc800-df28-434d-afb6-b14c8800ae99', 'edbe96ae-03ff-423b-afcc-ac0ebadae0cf', 'e26ba2ef-9b52-4c71-97df-9e4b6cf4174d', '2021-02-12T22:19:19.269067Z'),
('cf03968c-ca5e-4ae9-8ace-ca041b761065', 'db064dac-6cff-47ee-80dc-28a216ad53e1', 'e26ba2ef-9b52-4c71-97df-9e4b6cf4174d', '2021-02-12T22:19:19.269175Z'),
('eb11c319-a44a-4666-8640-fdd7bbb4775f', '8e305e48-9ebe-448f-9218-e2394c1777fa', 'e26ba2ef-9b52-4c71-97df-9e4b6cf4174d', '2021-02-12T22:19:19.269286Z'),
('f5c5ae43-8c2f-48c8-b934-ca8392dd69c4', '8c2153f1-ae64-458e-bca1-b298eee58026', 'e26ba2ef-9b52-4c71-97df-9e4b6cf4174d', '2021-02-12T22:19:19.269404Z'),
('6a43c7ee-e73e-42f0-a047-20abc75491cf', 'fc831455-2cc5-4b29-b82c-289b2cc756dd', 'e26ba2ef-9b52-4c71-97df-9e4b6cf4174d', '2021-02-12T22:19:19.269510Z'),
('fbc69214-1b22-47a1-bc52-57d1479cab0d', 'f7f47ca2-7747-41f6-9946-e2863d2d2545', 'e26ba2ef-9b52-4c71-97df-9e4b6cf4174d', '2021-02-12T22:19:19.269598Z'),
('936cfe29-0119-4560-8a00-81cfffe50d81', '13ca7835-d50a-49a8-b4d2-96e2d6b2af99', 'e26ba2ef-9b52-4c71-97df-9e4b6cf4174d', '2021-02-12T22:19:19.269696Z'),
('a124608d-2ac4-41c5-a737-b9a12293ff87', '7fdeafa2-84d6-4f30-8b16-23943c42eb50', 'e26ba2ef-9b52-4c71-97df-9e4b6cf4174d', '2021-02-12T22:19:19.269796Z'),
('dd63e55a-049b-405b-b7a2-4206e987234a', 'c34690c1-3458-4a1c-a2a6-589d167a5262', 'e26ba2ef-9b52-4c71-97df-9e4b6cf4174d', '2021-02-12T22:19:19.269901Z'),
('237a16cf-333d-47ee-8bcf-dfcd75b3b8aa', '8118ee71-ca6f-4d66-99a8-e696a8017f47', 'e26ba2ef-9b52-4c71-97df-9e4b6cf4174d', '2021-02-12T22:19:19.270023Z'),
('0ab3531d-d6cd-41f1-a5a8-d44d80a55067', '9b7b7ead-8095-4ddb-8ead-13dcc7193ad5', 'e26ba2ef-9b52-4c71-97df-9e4b6cf4174d', '2021-02-12T22:19:19.270134Z'),
('abcd25fd-8559-4638-8d39-6d8bc0201f95', '54371694-49dd-4538-a80b-c0a7957ef47d', 'e26ba2ef-9b52-4c71-97df-9e4b6cf4174d', '2021-02-12T22:19:19.308920Z'),
('207a8373-50e9-4c9b-8919-54d03208bb1c', 'ba77f258-c0f6-4c0b-a9e1-965fbcc1f59d', 'e26ba2ef-9b52-4c71-97df-9e4b6cf4174d', '2021-02-12T22:19:19.309499Z'),
('3ee53e36-947e-42e6-b7d0-140bf9d653a6', '4bc398fe-350a-4dfe-98c8-a305f2b4dfd5', 'e26ba2ef-9b52-4c71-97df-9e4b6cf4174d', '2021-02-12T22:19:19.309935Z'),
('a5953718-46a4-4b26-81b7-793f6cd60156', 'dfb6d402-55a0-4cc6-b354-0167a546972f', 'e26ba2ef-9b52-4c71-97df-9e4b6cf4174d', '2021-02-12T22:19:19.310303Z'),
('91da63c3-f386-455c-8ae5-c95bb063e031', '157457d3-7511-4a2f-870b-058ac60456c5', 'e26ba2ef-9b52-4c71-97df-9e4b6cf4174d', '2021-02-12T22:19:19.310490Z'),
('b9c785b0-6049-4004-ba14-394f95a0c1dc', 'e4855877-4a91-4788-a56b-a07ed68b70bd', 'e26ba2ef-9b52-4c71-97df-9e4b6cf4174d', '2021-02-12T22:19:19.310626Z'),
('214e0b99-3657-4826-846c-bcb214dc0202', '2f0e900c-46d6-43b7-860d-97c5f926087a', 'e26ba2ef-9b52-4c71-97df-9e4b6cf4174d', '2021-02-12T22:19:19.310800Z'),
('439e76fd-f811-4c64-a369-2191c4b233a8', '64872cb0-3cee-4401-ab82-07dacec94332', 'e26ba2ef-9b52-4c71-97df-9e4b6cf4174d', '2021-02-12T22:19:19.310930Z'),
('f55ba30b-f5fd-4ab3-a866-1f7e629a9f20', '296cdc3f-33d8-4bb4-b635-19c9220bff21', 'e26ba2ef-9b52-4c71-97df-9e4b6cf4174d', '2021-02-12T22:19:19.311046Z'),
('33e9f9cb-275a-4a14-880b-d6afd7dcdd2b', 'd5d7aa92-f322-4f57-8ae9-5370c7003a22', 'e26ba2ef-9b52-4c71-97df-9e4b6cf4174d', '2021-02-12T22:19:19.311171Z'),
('430f5538-49a7-4670-832d-b3e6c771928a', '110788eb-58a4-455f-a42e-46b63166594b', 'e26ba2ef-9b52-4c71-97df-9e4b6cf4174d', '2021-02-12T22:19:19.311292Z'),
('32bf41fd-495f-4acc-adcb-5d6946ac6860', 'b86f6057-5868-4dba-bfbb-656a2162ec98', 'e26ba2ef-9b52-4c71-97df-9e4b6cf4174d', '2021-02-12T22:19:19.311428Z'),
('3ad6d94d-4191-411e-a1ec-bd339101fa6b', 'ab5d663c-de4f-4a1e-88f0-639e564ad0cc', 'e26ba2ef-9b52-4c71-97df-9e4b6cf4174d', '2021-02-12T22:19:19.311505Z'),
('3785e9c8-178f-42ce-aaaa-9bf467058d64', '075cae49-3711-403c-ad4e-b8a82089644c', 'e26ba2ef-9b52-4c71-97df-9e4b6cf4174d', '2021-02-12T22:19:19.311551Z'),
('beeafd2b-30b0-4b81-83ad-e73546c1a112', '0e79ac93-8e79-4848-9379-9e489a47dcc2', 'e26ba2ef-9b52-4c71-97df-9e4b6cf4174d', '2021-02-12T22:19:19.311592Z'),
('165d411b-fb07-48fb-bacd-91c45afeeb3a', '35f1ba1e-b1b6-4833-bf9a-879ce11064df', 'e26ba2ef-9b52-4c71-97df-9e4b6cf4174d', '2021-02-12T22:19:19.311632Z'),
('679d9033-4b3d-4bf2-a261-dcb1af2ad9ec', '920a85e9-4359-46bd-b50a-68a5cf4eb33d', 'e26ba2ef-9b52-4c71-97df-9e4b6cf4174d', '2021-02-12T22:19:19.311680Z'),
('781582d3-9abf-4b7b-9338-b0298622f318', 'fa538300-9734-4173-b0c6-872e7f56529d', 'e26ba2ef-9b52-4c71-97df-9e4b6cf4174d', '2021-02-12T22:19:19.311721Z'),
('b63f196f-016e-4c88-b599-039ed7f5b8f1', 'fe20f70e-14d4-4af7-981e-de83eb6edbdd', 'e26ba2ef-9b52-4c71-97df-9e4b6cf4174d', '2021-02-12T22:19:19.311762Z'),
('d993f394-9758-44bb-bf51-6d8f7ef3db58', 'c25aacf9-8a4c-4424-a57f-cea575deeac7', 'e26ba2ef-9b52-4c71-97df-9e4b6cf4174d', '2021-02-12T22:19:19.311803Z'),
('67dd9042-bf02-4497-a6ff-cd89962ca183', 'dbd0124e-ca79-4819-9e49-cd486ba854ef', 'e26ba2ef-9b52-4c71-97df-9e4b6cf4174d', '2021-02-12T22:19:19.311842Z'),
('de91326b-df98-457f-a443-eab807972131', 'b21e5c78-d0f1-4fb5-9b3e-e4b3a8b6906b', 'e26ba2ef-9b52-4c71-97df-9e4b6cf4174d', '2021-02-12T22:19:19.311889Z'),
('18137b6e-5d50-4a46-97b0-3b2599b1bb07', '2e7c6699-8253-4a8e-84b9-72c135be137a', 'e26ba2ef-9b52-4c71-97df-9e4b6cf4174d', '2021-02-12T22:19:19.311934Z'),
('36c256c8-6aca-4b93-b959-8e1989ea4276', '5c7d40b8-035e-4312-aad0-17c62f51f776', 'e26ba2ef-9b52-4c71-97df-9e4b6cf4174d', '2021-02-12T22:19:19.311979Z'),
('54e393e6-3249-4e4c-9b87-4bdb66551cf2', 'cc2a8374-113d-42d5-9403-f4938cb49b68', 'e26ba2ef-9b52-4c71-97df-9e4b6cf4174d', '2021-02-12T22:19:19.312024Z'),
('29ccc16c-76e8-4ba8-96f3-3de36c8528d2', '961a6c04-7020-4b8e-aa0c-64205cc544cc', 'e26ba2ef-9b52-4c71-97df-9e4b6cf4174d', '2021-02-12T22:19:19.312067Z'),
('f72aafb3-7da4-449a-b7c1-1866ff36d071', 'fddf8697-d3f4-4cc9-8393-e0cdd7a8f55d', 'e26ba2ef-9b52-4c71-97df-9e4b6cf4174d', '2021-02-12T22:19:19.312116Z'),
('93fbc26f-3646-49b5-8cbd-260dd994452d', '3298617d-22b8-49d5-8cb0-082ab27b8b60', 'e26ba2ef-9b52-4c71-97df-9e4b6cf4174d', '2021-02-12T22:19:19.312158Z'),
('9ce12586-7915-4e19-a9a9-0535cb03f47a', '5581265e-fa12-4631-afdc-32821e6ca604', 'e26ba2ef-9b52-4c71-97df-9e4b6cf4174d', '2021-02-12T22:19:19.312199Z'),
('d26b09be-7327-4031-a102-27c204236f10', 'f01f6b6e-1e94-4a49-8a98-8e804386393c', 'e26ba2ef-9b52-4c71-97df-9e4b6cf4174d', '2021-02-12T22:19:19.312240Z'),
('4042ce3a-bd7b-443a-a13b-4c88fc37c2d3', '24a2a109-c98b-4e35-9edc-2fef17293800', 'e26ba2ef-9b52-4c71-97df-9e4b6cf4174d', '2021-02-12T22:19:19.312284Z'),
('b117f0bd-c7be-4ce7-9ce2-26196f55c450', '0af25a49-849d-4390-a68b-4e12e8c3ebb6', 'e26ba2ef-9b52-4c71-97df-9e4b6cf4174d', '2021-02-12T22:19:19.312341Z'),
('a73e602f-0ad3-4d81-b768-518bc21a5640', '1709861a-cdbe-42a0-9ad0-e9ada5c3224f', 'e26ba2ef-9b52-4c71-97df-9e4b6cf4174d', '2021-02-12T22:19:19.312384Z'),
('a5a8e031-e3d3-4438-8b2f-c9cf0d1b930e', '5223a08f-351a-4220-b5a4-765ad2f4c61e', 'e26ba2ef-9b52-4c71-97df-9e4b6cf4174d', '2021-02-12T22:19:19.312424Z'),
('f3424ba0-8391-4d34-b434-1ad0fbbb1503', 'e133e4de-82e9-4698-8f6a-f0ddd17236af', 'e26ba2ef-9b52-4c71-97df-9e4b6cf4174d', '2021-02-12T22:19:19.312465Z'),
('fca05762-89d4-4a1b-b4db-d2b50c8290a1', 'f76b8659-da4b-493e-8b4f-c7c76a78edf6', 'e26ba2ef-9b52-4c71-97df-9e4b6cf4174d', '2021-02-12T22:19:19.312510Z'),
('fd7c3b90-76fd-4088-92f4-2460f046327f', '3906bc22-205e-41e0-a101-1c2394a1d851', 'e26ba2ef-9b52-4c71-97df-9e4b6cf4174d', '2021-02-12T22:19:19.312552Z'),
('e985563f-3cf3-4be2-94ec-8dcb3c3a3114', '835d4931-4b3b-4e05-bc7e-f0f719d60713', 'e26ba2ef-9b52-4c71-97df-9e4b6cf4174d', '2021-02-12T22:19:19.312596Z'),
('e6958609-0f4f-4a2e-a602-5a7fe3962948', '9a4c1b7d-6fa8-4d77-9b49-a0c4ba3bd242', 'e26ba2ef-9b52-4c71-97df-9e4b6cf4174d', '2021-02-12T22:19:19.312681Z'),
('526fd9ec-f42b-4908-b712-5edb9f8f47b6', '8a0da115-8a3c-4307-8fbe-bf96d12a4d18', 'e26ba2ef-9b52-4c71-97df-9e4b6cf4174d', '2021-02-12T22:19:19.312681Z'),
('e859cbda-8cfb-4323-ac0c-fcdf9f57ed89', '753288b8-5b1d-4e71-89b0-733a7e7996d4', 'e26ba2ef-9b52-4c71-97df-9e4b6cf4174d', '2021-02-12T22:19:19.312827Z'),
('663cf611-6d0c-4b09-95eb-f5ff749341f6', '88aea7e3-4390-4cf0-b298-e45d54fdea96', 'e26ba2ef-9b52-4c71-97df-9e4b6cf4174d', '2021-02-12T22:19:19.312873Z'),
('43750a11-8620-4bfc-9e44-2d06490cfd59', 'd0d543e1-6acd-4743-9a7f-7d708f477e03', 'e26ba2ef-9b52-4c71-97df-9e4b6cf4174d', '2021-02-12T22:19:19.312925Z'),
('76b0d8c7-11e8-45f9-bcbe-f886af3b2e9b', 'a1d87917-e2c3-47ed-8d45-7cdf8a5f74f9', 'e26ba2ef-9b52-4c71-97df-9e4b6cf4174d', '2021-02-12T22:19:19.312969Z'),
('9a7b1a65-39c7-4488-ae79-896a88341132', '635f626f-5f82-421c-8433-c018ba59ee72', 'e26ba2ef-9b52-4c71-97df-9e4b6cf4174d', '2021-02-12T22:19:19.313013Z'),
('1ac29d96-127c-4cb8-9591-9a158da8d8fa', '1d86025b-be61-4051-b444-e3d10bd8087d', 'e26ba2ef-9b52-4c71-97df-9e4b6cf4174d', '2021-02-12T22:19:19.313063Z'),
('6e2106f6-fad7-4d72-87d5-c409a5a48bc2', '2ffbdcef-f1f7-4b87-bf78-4149380110ec', 'e26ba2ef-9b52-4c71-97df-9e4b6cf4174d', '2021-02-12T22:19:19.313106Z'),
('fbd59ecf-c6db-46f4-acb5-0a36536ca2be', '6160c5f3-840c-4546-a070-147ce1f912db', 'e26ba2ef-9b52-4c71-97df-9e4b6cf4174d', '2021-02-12T22:19:19.313147Z'),
('c438c8e2-06a8-4aac-a7cd-80aa62de763f', 'fdb09f84-16d2-4df0-b15e-d6c6e032a330', 'e26ba2ef-9b52-4c71-97df-9e4b6cf4174d', '2021-02-12T22:19:19.313192Z'),
('c59c15df-da90-43bd-8979-e652e8f03f50', '0e8afb77-242a-4c9a-ac53-ba6374bcd69a', 'e26ba2ef-9b52-4c71-97df-9e4b6cf4174d', '2021-02-12T22:19:19.313234Z'),
('3f393cd6-5e51-4d38-ac0d-5af8b6763497', 'b0710c91-037e-43c2-835b-50a8e886641c', 'e26ba2ef-9b52-4c71-97df-9e4b6cf4174d', '2021-02-12T22:19:19.313275Z'),
('45bac8dc-9a0c-43ae-9b9c-a581dbb9099e', 'cc93dd61-eb3c-4533-8c8f-c3a00a3f34b5', 'e26ba2ef-9b52-4c71-97df-9e4b6cf4174d', '2021-02-12T22:19:19.313320Z'),
('544018c3-bd9b-47f3-8d21-42a3cbeda645', 'cd360bbc-1a07-440f-b829-c1fc9434c6f9', 'e26ba2ef-9b52-4c71-97df-9e4b6cf4174d', '2021-02-12T22:19:19.313370Z'),
('7b5a8ac8-76d8-413d-855a-7527b1c10bd9', '25c68087-a418-4db4-b24a-9c23257ca85d', 'e26ba2ef-9b52-4c71-97df-9e4b6cf4174d', '2021-02-12T22:19:19.313412Z'),
('a13ce4af-79bf-47d6-81cd-2979869e8816', '8ffd1a0d-e4ac-4047-a025-666809a2db77', 'e26ba2ef-9b52-4c71-97df-9e4b6cf4174d', '2021-02-12T22:19:19.313456Z'),
('20c1176c-659b-452f-92c9-293dad5627bf', 'da88203f-2166-4612-8d62-8df5370ad149', 'e26ba2ef-9b52-4c71-97df-9e4b6cf4174d', '2021-02-12T22:19:19.313498Z'),
('617bd788-5e10-4805-b7e5-58e0efbde56a', '07106257-d553-485c-8b23-eaab7bf1afa5', 'e26ba2ef-9b52-4c71-97df-9e4b6cf4174d', '2021-02-12T22:19:19.313548Z'),
('845b11a9-79fa-47c3-8699-3f34183a7e97', '24aa2d2f-0cfb-4c62-9cf5-e895c95f2cf6', 'e26ba2ef-9b52-4c71-97df-9e4b6cf4174d', '2021-02-12T22:19:19.313595Z'),
('e8850a06-c9a6-409f-95ba-305eff41cb7c', '085917e0-6b5b-4830-bf47-b8566c3302f0', 'e26ba2ef-9b52-4c71-97df-9e4b6cf4174d', '2021-02-12T22:19:19.313637Z'),
('f83f8c91-a70b-4e69-8c15-489839c67383', '86152f13-f4e1-4579-aea8-07e114bfcbec', 'e26ba2ef-9b52-4c71-97df-9e4b6cf4174d', '2021-02-12T22:19:19.313683Z'),
('6d2a73c3-5082-4b65-bd68-f62949588179', 'f11e33fc-a3ee-4b80-9605-9347432e5df3', 'e26ba2ef-9b52-4c71-97df-9e4b6cf4174d', '2021-02-12T22:19:19.313731Z'),
('182a8ce6-e9c5-4cab-8440-2eefc630868f', '5bdee068-26ac-4ff3-839d-9ef105e50726', 'e26ba2ef-9b52-4c71-97df-9e4b6cf4174d', '2021-02-12T22:19:19.313780Z'),
('3b95eef7-f6bd-49fc-9dcb-c6fff600f701', '9a620f85-958c-4de8-801a-9b072ee4036d', 'e26ba2ef-9b52-4c71-97df-9e4b6cf4174d', '2021-02-12T22:19:19.313822Z'),
('c978c320-db2a-4da7-904d-e8a6a58c3373', '1eab880c-491a-4977-9728-adbe7b62fcd0', 'e26ba2ef-9b52-4c71-97df-9e4b6cf4174d', '2021-02-12T22:19:19.313822Z'),
('19d5edbe-5055-4400-8808-3cfab4cd48d2', 'd9a6229e-0cd9-45a4-95de-ed1dd70e29aa', 'e26ba2ef-9b52-4c71-97df-9e4b6cf4174d', '2021-02-12T22:19:19.313894Z'),
('a42c7299-337b-4467-af6c-e5044b54a62a', '90de9154-14a2-4879-999d-d32b24613df9', 'e26ba2ef-9b52-4c71-97df-9e4b6cf4174d', '2021-02-12T22:19:19.313935Z'),
('d7ab96f9-2b41-4fb6-a9e1-402920a49065', '5d4634fb-d9df-4301-91db-77e15b899faa', 'e26ba2ef-9b52-4c71-97df-9e4b6cf4174d', '2021-02-12T22:19:19.313984Z'),
('bc432290-a6d6-41ee-a98f-b7aac456a050', '4a0fbbb9-d0cf-49cf-839b-01bf851602a0', 'e26ba2ef-9b52-4c71-97df-9e4b6cf4174d', '2021-02-12T22:19:19.314029Z'),
('2261b348-e418-4a62-aa4f-de29a224a840', '6098b9e5-23f5-459a-8cdc-624f57642fe9', 'e26ba2ef-9b52-4c71-97df-9e4b6cf4174d', '2021-02-12T22:19:19.314073Z'),
('bcd2e3d7-25b9-427a-a412-137e0f57e679', '80005a8a-6265-43f8-992a-e4f154c47867', 'e26ba2ef-9b52-4c71-97df-9e4b6cf4174d', '2021-02-12T22:19:19.314114Z'),
('a5368139-67f6-4cd4-ad49-e3fc4e570330', 'f33c5172-e4e4-40d5-b1cb-d2d76827efa7', 'e26ba2ef-9b52-4c71-97df-9e4b6cf4174d', '2021-02-12T22:19:19.314154Z'),
('d85f5020-5d41-41dd-9d0a-0930dc9e3e88', '679b966f-2ad6-4318-8d7e-85ce1cd1d837', 'e26ba2ef-9b52-4c71-97df-9e4b6cf4174d', '2021-02-12T22:19:19.314205Z'),
('cd9ce91a-b1d1-4f28-be94-7ee00ce44959', '34dd678e-1be8-48f9-be99-aabde5aee463', 'e26ba2ef-9b52-4c71-97df-9e4b6cf4174d', '2021-02-12T22:19:19.314251Z'),
('da94e6b7-2058-4545-88a0-6b552b153355', 'd224fa32-7937-4471-91d4-4116ec1a06c2', 'e26ba2ef-9b52-4c71-97df-9e4b6cf4174d', '2021-02-12T22:19:19.314301Z'),
('e08ed7f3-e51e-440f-903b-ea5a19517083', '1dbef7be-5328-4bff-aafa-f0f379ad0305', 'e26ba2ef-9b52-4c71-97df-9e4b6cf4174d', '2021-02-12T22:19:19.314348Z'),
('5cc0f686-d5e2-4fb2-a083-f40b5bd1a123', 'e1335024-0a0d-4047-a1e4-492256a9b7c2', 'e26ba2ef-9b52-4c71-97df-9e4b6cf4174d', '2021-02-12T22:19:19.314392Z'),
('98d9e87b-ba6a-461b-a831-4d7f7884be7d', '30f39465-009d-4fc3-8cc3-d5c42df0d985', 'e26ba2ef-9b52-4c71-97df-9e4b6cf4174d', '2021-02-12T22:19:19.314462Z'),
('d977216a-adc6-4f4d-b416-43add486092c', '807cb3c5-d1ea-4da3-aa6d-223c1cf64e13', 'e26ba2ef-9b52-4c71-97df-9e4b6cf4174d', '2021-02-12T22:19:19.314509Z'),
('857b0f7b-5bf7-4cf1-b33d-acf4ff685c1b', '1a7bdbd8-225f-4766-b72f-0c9d7057ef89', 'e26ba2ef-9b52-4c71-97df-9e4b6cf4174d', '2021-02-12T22:19:19.314558Z'),
('9aeb3ab4-a443-4a16-b14c-c973ed629f82', '06d201c5-3a8f-46d9-ae08-04415d990b5a', 'e26ba2ef-9b52-4c71-97df-9e4b6cf4174d', '2021-02-12T22:19:19.314674Z'),
('0081a063-abf3-460f-94fd-820bd6a3ba21', '0d4cdf2f-9dcf-4644-b4e2-d5d30c1c3073', 'e26ba2ef-9b52-4c71-97df-9e4b6cf4174d', '2021-02-12T22:19:19.314799Z'),
('bf10421a-5635-4a40-af40-fae1be22cd65', '95b4184b-ef18-4dff-9e12-419ce82fbdb9', 'e26ba2ef-9b52-4c71-97df-9e4b6cf4174d', '2021-02-12T22:19:19.314858Z'),
('f3e2b72f-be83-4cb1-bbb1-2caf890999a7', '08ad4f95-1f66-4b54-9134-dc07ee9dc786', 'e26ba2ef-9b52-4c71-97df-9e4b6cf4174d', '2021-02-12T22:19:19.314900Z'),
('786d8e51-8622-470d-8f3b-8da2af048d1e', '36407ff2-3b57-4a55-a1a0-5b23713159ae', 'e26ba2ef-9b52-4c71-97df-9e4b6cf4174d', '2021-02-12T22:19:19.315382Z'),
('936b043c-82af-4079-a0bf-cb51eb0ce7af', 'b488b503-87b9-4eee-9393-39da4f2a8f36', 'e26ba2ef-9b52-4c71-97df-9e4b6cf4174d', '2021-02-12T22:19:19.315455Z');

--INSERT TELEMETRY_GOES--COUNT:159
INSERT INTO public.telemetry_goes (id, nesdis_id) 
VALUES
('b218fe84-7cd5-41f3-8c1f-cc23375431ab', 'D10346FE'),
('6c52908d-bc2a-4398-89dd-54d50c1a876a', '16F6E360'),
('e9e39904-62e5-4ac5-85d1-ec65438f9e6f', '0093F7AC'),
('3897a825-8e51-43db-b8ce-09e715394e9d', '5210D682'),
('9028b71b-e8b2-4b97-855e-6fcc5ef06b3c', 'FA623058'),
('a83f5cee-857b-4700-b08a-20ff788c6034', '3276A080'),
('c26d565a-1c5a-4b12-b9ef-a79dbb685b33', '325B376A'),
('37775728-dba4-41a6-a7ac-3678aac2c12f', '837141D2'),
('9ab541f8-6d35-483f-97fc-8608fcb01629', '32302586'),
('3040c7de-b82e-414d-9975-ca220f7cf1af', '3234F6D4'),
('26cc9345-fa53-4995-a19d-208081a64010', '3333B648'),
('8de47010-f7bc-4ffa-96a7-a6db9ef94464', '3230101C'),
('bb5e9cf3-8ab8-42ff-960b-9dde1ccff48b', '8841731C'),
('e6dffbde-837f-4148-84c9-d16f49e1d753', '3276130E'),
('2351f007-618c-4451-bf57-db1b7b0e12bf', '325B84E4'),
('711c552a-4588-46da-b52d-b24bee2f1147', '3241E7CE'),
('78ad8343-650e-4591-b49c-0828cc6e100e', '6200012A'),
('2756f207-dda6-4d14-933d-d3e3c84603b7', '33337356'),
('39c6da34-bf06-4875-973a-11fe95c4d8f9', '32599266'),
('084e5340-e851-42ba-9aac-b28bdbf09d68', 'FA62F546'),
('b3965d52-4d53-42b5-acea-9952da2805a5', '3333A53E'),
('1b5cd0a3-0818-449a-a9b3-c3efd756276c', '32340650'),
('df5064ae-ca00-4207-9484-65cc7d178faf', '3232D0F6'),
('301aff6e-af7d-46a2-96de-cb7b2a50764b', '32644118'),
('12ff46dc-07ad-439d-9106-94f8eb1d46ac', '325B241C'),
('d5cd545f-d9ab-49db-9498-2b94cb97d017', '326FF13E'),
('fff41f17-db63-4eaf-a3ab-ca683a000a54', '325D1148'),
('979737b4-b2c7-4647-8b7a-aa0734aa3c65', '324BF5EA'),
('0cc8611f-fa24-4761-9907-56c735905d28', '327260A4'),
('2234fa14-2ab6-4dda-a544-c3059d97a6b9', '326C06B4'),
('a4d21b0c-a30d-4046-b8f6-e515371ed8c7', '52146036'),
('4592b1c1-069f-4999-a9d9-2cc457541fba', '326EB0CE'),
('fc855393-2935-4003-8a7d-fddc290a6279', '324BE69C'),
('bd09f6d0-c4de-42a1-8082-801e87e9c4ce', '3283F528'),
('d05b62de-c1ae-4022-88ae-65a3e24f2883', '328097C0'),
('d46d8f39-17ce-40a3-ac1c-8afa5607806c', '325B41FA'),
('66d09eb7-9fb5-4a64-a950-99b87b4373d6', '323A37A2'),
('9e3d723b-4a81-4365-bb26-f2dca1555059', '32673086'),
('991d61ce-0d7d-4192-934a-b2ef500a5021', '8841B602'),
('6567312e-c384-4b00-91e7-5a51c6e18118', 'FA61E13E'),
('02ff84b8-9690-4aa3-b709-9e438a7ea819', '324B837A'),
('037f7506-3ce0-478e-9cc1-038c8574cfa9', '3232F61A'),
('2acf1644-3fe6-4225-8c57-681c07beb23c', '3283B622'),
('9a84a6a3-ebf6-473e-8dd2-55e8e77f8f34', '32881572'),
('bca7fd2c-82b8-417c-b880-af24f066dcb8', '3243D7A0'),
('23922251-d31e-4b43-8053-2410c290390c', '32814352'),
('458942f8-1267-4a31-bcc4-1b6dcb402eda', '328390CE'),
('eb54b433-a5e8-4d61-ba73-cfc529b5e44c', '324B900C'),
('772f19e9-7244-4d1a-9ee2-30753bafd51a', '328F9152'),
('84952b62-ddf5-4a97-857c-c60fd045d311', '3240D0AE'),
('133483ec-8495-4419-b3e3-27a4868b062f', '3246E5FA'),
('620c35ed-43b3-46b7-8a87-d0b4b2d7a889', '3283C0B2'),
('ad98a56d-6f66-4472-9a35-aa13aa4b85e7', '326335BC'),
('6dbc1d0f-2646-4c88-8c0f-9bee4f14e604', '32336182'),
('f3e1baa9-aa19-4ebe-b099-2f08da4d98ad', '326C15C2'),
('74627fce-4c8a-475b-a731-4f00ee8d56a4', '328904FE'),
('c41aa32f-46e6-44e9-ab45-c03045155895', '5210A012'),
('0a3eaa35-37df-4cb9-8eeb-c4dc1bb75a65', '8841C092'),
('7155db55-9502-4d09-b229-13554c3f054d', '325B6716'),
('64188a14-62f4-4984-bd63-7538b5790405', 'FA630738'),
('081bb7da-1637-48ba-ac65-8eb7f57ea723', 'AF100680'),
('acc5b643-66dc-4e2d-87b5-b1ef7295173b', '5212B690'),
('f59bb365-e40c-481d-99e0-407ae0c39dbd', '3283A554'),
('83a4905a-bae5-4055-9ed2-dcda2d59bcc4', 'FA40D7B0'),
('e956e31d-035b-449f-9d02-6a24a5d12d93', '3241A4C4'),
('b6a1a654-ff35-4c28-9f0c-ca2f2acb908a', '3287C588'),
('b3f50b9a-3fd5-4cc6-9df5-f4b2c5115cae', '328D345E'),
('33f386b2-f440-4135-8684-c9d0586c970d', '3241C122'),
('8b8af9ed-c6e9-4ee6-bd35-62b0e1e820d9', '327CA1D2'),
('7eab4c49-e8e0-4cf4-8823-d29d3a0350e6', '333221D0'),
('b6c53947-746d-49c3-bad5-7d277fe11582', '329295AA'),
('9558be1e-e081-485f-b469-7c5ea01a5a0f', '8378E776'),
('453751fe-7512-4590-b619-8e691bcfecd3', '32661490'),
('db8dda4f-5449-43c1-9213-a07a7e9e659e', '837933E4'),
('a4e7deef-787a-49aa-bc80-c95175c8a22f', '324172AC'),
('eb4671b3-887f-455e-b6a7-1883e421052b', '323EF786'),
('d4dc1d18-285a-40c6-8b1e-57a3e3b35697', '3233D20C'),
('d2496033-41db-4743-983a-e94c3372fc16', '83709540'),
('789684e7-ef20-42a5-93fb-3c717e61c925', '327AE216'),
('89af4498-e824-4c00-8dee-1e52479fb356', '52139286'),
('e978192f-ac08-49e2-800e-b38f9d4c4103', '323372F4'),
('83bc79c5-e719-4028-9c7f-d74757df63bd', '328383B8'),
('c3f93e7f-3137-4efb-9fb2-45a6258a72b6', 'FA6362DE'),
('a46d13de-e3a4-49a3-b3b7-b5b0e8d87146', '3236F320'),
('a9830931-9d77-4b48-a8fd-6c4445f97727', '3240B548'),
('fb525424-b789-4a54-9399-544466f6c369', '3279F66E'),
('dbe528a5-ffb8-4b5e-aaeb-3c8fbdfcfb84', '327B25F2'),
('04c5fb62-c8c9-4def-8684-4c0ce7b2f28b', '5144D51C'),
('687c5c87-adb2-401e-8bfa-15fb82e78928', '5164F21E'),
('b53172b6-f3b2-4e3d-8225-8c2dfb790aa1', 'DD647628'),
('7a7ea068-f2a7-4472-ba60-1d90a5c101f9', 'DD7B12C2'),
('4b4ca443-e740-47ac-9bfe-9a701b70c8c5', 'F0004188'),
('42b8a88e-2489-4f05-bc5c-a16a2dd96937', 'DE60446E'),
('66479285-4f00-47dd-b7a4-a17eaa96a3fa', 'F0006764'),
('5e9adc5f-d5a7-4323-b58e-9883f3787fff', 'F0007412'),
('5736f907-02a3-457d-a080-594c50badc3c', '51412258'),
('5d8860fb-ac2d-474f-8f7d-b27fe90b3268', '00900026'),
('ee5f4ab2-f78b-42f2-993b-db3c3ac29eaf', '00901350'),
('94b1077b-15a1-4abd-901c-bdec78bf8417', '515C8658'),
('fd603882-9173-4296-897c-8c720f826ab9', '009102DC'),
('97077d13-7c77-4f3e-aa0d-002b52a18720', '515AB30C'),
('040d24a7-4228-4d1e-9ca0-6cd05e6670c2', '00900EF4'),
('7aead7d4-f791-479f-83e5-d5d2471016f8', '1684D6A2'),
('8212cdb6-1517-418d-af74-e2e2a9da5760', '17494560'),
('bf6296be-2e14-49b2-b1da-0e1135137aa9', '1749B5E4'),
('3ba6e0c4-25b9-4514-8b2c-a5be27096905', '16DB748A'),
('0efc07d0-04cf-4099-bfda-a710a2fdd0d9', '5140805A'),
('e8e0c892-52a9-4743-9269-5f1ae272d9d0', '5140B5C0'),
('5f1151d1-9c96-405c-9925-efef3a394181', '514104B4'),
('a90ae2e9-6e5c-4057-8053-d1212e451525', '5141C1AA'),
('fb4247d9-1e87-4497-b60f-da13848988b7', '514F653A'),
('26a58f55-38cc-4be8-860e-ef44d9657cf7', '17CEC6F8'),
('6a639441-d510-441b-963a-d1f03256cd92', '5140932C'),
('ce8fbc58-9881-461c-92d6-1cac58117c66', '514147BE'),
('4097cd6d-b304-49ec-8aa8-f4608acfb112', '5141D2DC'),
('e70fb473-f812-4049-9ce5-42c2df18cabc', '514475E4'),
('a4afd427-096e-419f-b5fd-6f29afec2565', '5144C66A'),
('a556e711-7056-4f69-83fc-0d16a2c0be20', '514C07D2'),
('e1a8e50a-43cd-49c6-ab3e-65f522ef22b8', '514BF562'),
('a8b01dd3-5fd0-4ff3-8039-a310cb35e851', '5163B320'),
('504e4b17-f73e-4eec-9e1f-77afa155f706', '5143C45E'),
('127fc6ab-669e-4eec-8754-135615ed323d', '5164C784'),
('69007660-6ce8-43e1-91d9-8ace68aeb9c4', '5164D4F2'),
('38ce532e-8b5a-4b1b-82a2-a71142b38826', '5145E27C'),
('dcf7cc4c-5749-4f17-852e-ad5bcdb2ce7c', '5163D6C6'),
('8924e3b8-1427-441b-806e-208eea30fa20', '0090432C'),
('02801be3-64b2-4342-9c20-0295ad284aea', '009065C0'),
('ea0f5309-b5e1-42fc-9475-5c04a77c0abf', '00909544'),
('d12f2c22-db2a-4870-91c4-4d9cfd95d229', '0090A0DE'),
('217d43e5-45f6-48ea-9454-fcb8806ecb0e', '0090B3A8'),
('468a22c5-0b83-41b4-b381-12ec4c175967', '0090C538'),
('f8bfd076-aae5-4ab7-aee7-c92820dbbd0e', '0090D64E'),
('8a1855d9-8caf-456b-9e4b-b36021ed6004', '0094D374'),
('08d64dab-382f-4fab-a3a8-f3445f855830', '0093C236'),
('165b7592-2ec9-428f-9c23-101c1f84ee1d', '00945560'),
('e4c657fc-7636-4716-896b-651ced24246c', '009088E0'),
('09989435-93b8-4ac9-8605-3e8487b74c37', '0090E3D4'),
('6e70b3ed-c385-4453-ba9f-76c3ec0c5a74', '51650060'),
('109c1f4b-7914-4834-9044-5b861cab042a', '516A1584'),
('f1fd97f1-e106-4097-9788-3e323b061a25', '009111AA'),
('4792178c-be01-42da-b53d-b0196d548d32', '0090F0A2'),
('4ad77950-2942-47fc-8b00-c8623da37e17', '17895272'),
('4a3f5f72-e7dd-45cf-8024-9815091f6463', 'DE51B060'),
('1db65f2e-7e9f-43e6-909f-7f5947b2a622', '178C6028'),
('c2ace4ad-e9c8-462b-85c6-a3f7cc7a7ebf', '179233A2'),
('61a5bbe5-9f59-44fb-81ae-29ead1ee6337', '514C213E'),
('6d0bdbb2-7cf2-4452-a6b1-cd3e7bba0023', '514C14A4'),
('f44f072a-4279-4f3c-b5d3-eecdbf6fdf89', '5141312E'),
('6c93e973-cd5e-487e-a0c0-3ebbab206017', '5157367E'),
('e5174fbd-1dcd-4836-83df-8cd1d4eac585', 'D106C72A'),
('70782eb9-c479-44c1-ad94-9f8f3b1ece5a', '168226E8'),
('139dc41e-b0fa-411f-9b90-14313945a38f', '5145771E'),
('839856bc-ed03-473a-8f22-a6340e1183d3', '5151853E'),
('3f195f06-65d9-4305-8ba1-2e23225eefd9', '51651316'),
('b2a11767-9e0e-4db4-8129-33d31b5523bd', '5165268C'),
('a3c7d02a-e7f1-4dbd-9fbb-7af29880ad02', '516576F0'),
('3797207e-33fd-463e-8946-7a8883c9ec2b', '3237015E'),
('010ac072-4124-486a-aefc-fcae5c2b4352', '009035BC'),
('a6ecf7ae-91ba-4bbf-8353-588fdb178dc5', '3291212A');

--INSERT INSTRUMENT_TELEMETRY--COUNT:159
INSERT INTO public.instrument_telemetry (instrument_id, telemetry_type_id, telemetry_id) 
VALUES
('67d96da5-d1ee-4600-9e22-9262abb151b8', '10a32652-af43-4451-bd52-4980c5690cc9', 'b218fe84-7cd5-41f3-8c1f-cc23375431ab'),
('3130d868-9806-4bde-9e2c-654677a43718', '10a32652-af43-4451-bd52-4980c5690cc9', '6c52908d-bc2a-4398-89dd-54d50c1a876a'),
('da7e6c92-cdd6-490f-adf0-c50c69cd715b', '10a32652-af43-4451-bd52-4980c5690cc9', 'e9e39904-62e5-4ac5-85d1-ec65438f9e6f'),
('8072c4a7-5709-493a-b171-ed3edcdab3cb', '10a32652-af43-4451-bd52-4980c5690cc9', '3897a825-8e51-43db-b8ce-09e715394e9d'),
('41e521ff-bf31-45e3-bcbe-2d4c4b362437', '10a32652-af43-4451-bd52-4980c5690cc9', '9028b71b-e8b2-4b97-855e-6fcc5ef06b3c'),
('562fcd67-1d8c-4cd6-9443-b9a039d8b097', '10a32652-af43-4451-bd52-4980c5690cc9', 'a83f5cee-857b-4700-b08a-20ff788c6034'),
('389786f9-5aa5-4eca-b395-77e7166268fc', '10a32652-af43-4451-bd52-4980c5690cc9', 'c26d565a-1c5a-4b12-b9ef-a79dbb685b33'),
('c722d4f3-a0ad-46f5-a17f-c10326a525de', '10a32652-af43-4451-bd52-4980c5690cc9', '37775728-dba4-41a6-a7ac-3678aac2c12f'),
('f5f35408-a622-4fb0-a2d0-ca80082b3cc4', '10a32652-af43-4451-bd52-4980c5690cc9', '9ab541f8-6d35-483f-97fc-8608fcb01629'),
('40eac2e8-71f0-43a6-9ec0-0cdd468e8daf', '10a32652-af43-4451-bd52-4980c5690cc9', '3040c7de-b82e-414d-9975-ca220f7cf1af'),
('779e3e3c-946a-42e1-ae9c-405d41e3d313', '10a32652-af43-4451-bd52-4980c5690cc9', '26cc9345-fa53-4995-a19d-208081a64010'),
('09c5a8c4-c465-4c8b-b627-eb2877633fe0', '10a32652-af43-4451-bd52-4980c5690cc9', '8de47010-f7bc-4ffa-96a7-a6db9ef94464'),
('3ee387b2-8be8-4ed6-b1c8-8da97ab429a9', '10a32652-af43-4451-bd52-4980c5690cc9', 'bb5e9cf3-8ab8-42ff-960b-9dde1ccff48b'),
('37a94b69-379a-4c07-a344-d45a47bd6519', '10a32652-af43-4451-bd52-4980c5690cc9', 'e6dffbde-837f-4148-84c9-d16f49e1d753'),
('4afdefcf-5a67-43b9-8122-0f52eca88290', '10a32652-af43-4451-bd52-4980c5690cc9', '2351f007-618c-4451-bf57-db1b7b0e12bf'),
('e98e960f-26f7-4dd5-ad2a-f8b7e3967110', '10a32652-af43-4451-bd52-4980c5690cc9', '711c552a-4588-46da-b52d-b24bee2f1147'),
('6c1b7587-aec2-4fbd-a103-d18aefe74386', '10a32652-af43-4451-bd52-4980c5690cc9', '78ad8343-650e-4591-b49c-0828cc6e100e'),
('64781110-0523-4010-b2cd-d46f4e461af9', '10a32652-af43-4451-bd52-4980c5690cc9', '2756f207-dda6-4d14-933d-d3e3c84603b7'),
('d52a37f8-a47c-49d2-8206-ec0c7f2c2dd5', '10a32652-af43-4451-bd52-4980c5690cc9', '39c6da34-bf06-4875-973a-11fe95c4d8f9'),
('bae9c2a1-9952-4376-9247-e8f2a519c7d5', '10a32652-af43-4451-bd52-4980c5690cc9', '084e5340-e851-42ba-9aac-b28bdbf09d68'),
('16ef8e07-be5a-4ad1-a231-0e62ede14a35', '10a32652-af43-4451-bd52-4980c5690cc9', 'b3965d52-4d53-42b5-acea-9952da2805a5'),
('b5223b57-1bc8-4b9e-9cc4-dc5cb7464973', '10a32652-af43-4451-bd52-4980c5690cc9', '1b5cd0a3-0818-449a-a9b3-c3efd756276c'),
('0feee5a5-39cb-47e3-960b-d43b59d10b7e', '10a32652-af43-4451-bd52-4980c5690cc9', 'df5064ae-ca00-4207-9484-65cc7d178faf'),
('aa5d1c83-62e3-4b77-8a88-6e63f682f4f3', '10a32652-af43-4451-bd52-4980c5690cc9', '301aff6e-af7d-46a2-96de-cb7b2a50764b'),
('dabb839f-d169-42cb-a779-6b8052a6bd3c', '10a32652-af43-4451-bd52-4980c5690cc9', '12ff46dc-07ad-439d-9106-94f8eb1d46ac'),
('1bdee4ab-89c7-4f9a-9233-8a55ba9967ab', '10a32652-af43-4451-bd52-4980c5690cc9', 'd5cd545f-d9ab-49db-9498-2b94cb97d017'),
('e1cbfd8a-e6d5-43ab-8718-3bab74163bc1', '10a32652-af43-4451-bd52-4980c5690cc9', 'fff41f17-db63-4eaf-a3ab-ca683a000a54'),
('0b428b41-1cda-4531-9673-0359cb554212', '10a32652-af43-4451-bd52-4980c5690cc9', '979737b4-b2c7-4647-8b7a-aa0734aa3c65'),
('735ebeb8-df40-4334-956e-efb3ee3db453', '10a32652-af43-4451-bd52-4980c5690cc9', '0cc8611f-fa24-4761-9907-56c735905d28'),
('87f853dd-0160-4470-b6e9-31e6dfb8424c', '10a32652-af43-4451-bd52-4980c5690cc9', '2234fa14-2ab6-4dda-a544-c3059d97a6b9'),
('e965623d-b34e-4734-b731-0a08b43e1213', '10a32652-af43-4451-bd52-4980c5690cc9', 'a4d21b0c-a30d-4046-b8f6-e515371ed8c7'),
('8a111c8d-3ea8-4919-bfe3-711b768aa782', '10a32652-af43-4451-bd52-4980c5690cc9', '4592b1c1-069f-4999-a9d9-2cc457541fba'),
('3e3b545b-6e9e-489d-8665-f38e8ceb21a0', '10a32652-af43-4451-bd52-4980c5690cc9', 'fc855393-2935-4003-8a7d-fddc290a6279'),
('a3d4555f-1742-4197-9bfc-e63be3391095', '10a32652-af43-4451-bd52-4980c5690cc9', 'bd09f6d0-c4de-42a1-8082-801e87e9c4ce'),
('daf83c5d-8e1b-40a2-93a0-fd87be054a75', '10a32652-af43-4451-bd52-4980c5690cc9', 'd05b62de-c1ae-4022-88ae-65a3e24f2883'),
('fa469069-baf6-4e28-8fac-5a18e4ebf7f9', '10a32652-af43-4451-bd52-4980c5690cc9', 'd46d8f39-17ce-40a3-ac1c-8afa5607806c'),
('21664e71-c273-4c18-83f2-904f6bba3566', '10a32652-af43-4451-bd52-4980c5690cc9', '66d09eb7-9fb5-4a64-a950-99b87b4373d6'),
('d7644b31-bd43-491b-971f-8c76f16afc5c', '10a32652-af43-4451-bd52-4980c5690cc9', '9e3d723b-4a81-4365-bb26-f2dca1555059'),
('2b8bed18-b9e2-46b6-9f74-a39a474644c3', '10a32652-af43-4451-bd52-4980c5690cc9', '991d61ce-0d7d-4192-934a-b2ef500a5021'),
('631c7c28-0a09-49ec-8aaf-c5b4d4d880c4', '10a32652-af43-4451-bd52-4980c5690cc9', '6567312e-c384-4b00-91e7-5a51c6e18118'),
('c5777ea6-904d-445d-974f-995180d7dabf', '10a32652-af43-4451-bd52-4980c5690cc9', '02ff84b8-9690-4aa3-b709-9e438a7ea819'),
('65684ff8-db23-4136-a820-8157ca158899', '10a32652-af43-4451-bd52-4980c5690cc9', '037f7506-3ce0-478e-9cc1-038c8574cfa9'),
('26c9af69-77e3-4f47-9f3d-db9c284767b4', '10a32652-af43-4451-bd52-4980c5690cc9', '2acf1644-3fe6-4225-8c57-681c07beb23c'),
('ad1498a1-834e-4eb9-8087-1c75ae9497dd', '10a32652-af43-4451-bd52-4980c5690cc9', '9a84a6a3-ebf6-473e-8dd2-55e8e77f8f34'),
('462feb12-f120-4708-a16e-adb0b1255b43', '10a32652-af43-4451-bd52-4980c5690cc9', 'bca7fd2c-82b8-417c-b880-af24f066dcb8'),
('ff64e9f8-0ebe-4827-8f40-e867761640b0', '10a32652-af43-4451-bd52-4980c5690cc9', '23922251-d31e-4b43-8053-2410c290390c'),
('54293b67-77d8-4b03-9b83-1cbb5d5b1cd6', '10a32652-af43-4451-bd52-4980c5690cc9', '458942f8-1267-4a31-bcc4-1b6dcb402eda'),
('7eed73f6-ae79-4f28-8b19-f1beb1f16916', '10a32652-af43-4451-bd52-4980c5690cc9', 'eb54b433-a5e8-4d61-ba73-cfc529b5e44c'),
('28f0440d-b8db-4fbf-aae1-928a3c855749', '10a32652-af43-4451-bd52-4980c5690cc9', '772f19e9-7244-4d1a-9ee2-30753bafd51a'),
('b5fc264e-412c-48fd-a6e5-c4423773b5d5', '10a32652-af43-4451-bd52-4980c5690cc9', '84952b62-ddf5-4a97-857c-c60fd045d311'),
('dbcd9b33-f64d-4971-b3b2-b0d051f38f75', '10a32652-af43-4451-bd52-4980c5690cc9', '133483ec-8495-4419-b3e3-27a4868b062f'),
('37ea4183-4fff-4847-8fbf-1f19b3e8d33f', '10a32652-af43-4451-bd52-4980c5690cc9', '620c35ed-43b3-46b7-8a87-d0b4b2d7a889'),
('04cf4bac-4b43-404e-a1b7-2399fb65f081', '10a32652-af43-4451-bd52-4980c5690cc9', 'ad98a56d-6f66-4472-9a35-aa13aa4b85e7'),
('33306822-12ed-428e-aafe-a2c6817063cb', '10a32652-af43-4451-bd52-4980c5690cc9', '6dbc1d0f-2646-4c88-8c0f-9bee4f14e604'),
('b6efff31-eb5a-47a5-a012-9579b760cbbb', '10a32652-af43-4451-bd52-4980c5690cc9', 'f3e1baa9-aa19-4ebe-b099-2f08da4d98ad'),
('2b40ce5e-ed05-47ab-ae0b-b86d3dc073b2', '10a32652-af43-4451-bd52-4980c5690cc9', '74627fce-4c8a-475b-a731-4f00ee8d56a4'),
('6361dc32-0103-4fd7-85ec-6153049c9d18', '10a32652-af43-4451-bd52-4980c5690cc9', 'c41aa32f-46e6-44e9-ab45-c03045155895'),
('44e32a5a-d562-4a4a-b046-a4b048098cf9', '10a32652-af43-4451-bd52-4980c5690cc9', '0a3eaa35-37df-4cb9-8eeb-c4dc1bb75a65'),
('797b6026-6193-49ff-9eeb-ace2d8a5bbee', '10a32652-af43-4451-bd52-4980c5690cc9', '7155db55-9502-4d09-b229-13554c3f054d'),
('20e34fab-e101-4f12-b358-5a3373a4f509', '10a32652-af43-4451-bd52-4980c5690cc9', '64188a14-62f4-4984-bd63-7538b5790405'),
('5cfaacd6-6663-4a1c-b273-d891a45fb3fa', '10a32652-af43-4451-bd52-4980c5690cc9', '081bb7da-1637-48ba-ac65-8eb7f57ea723'),
('ea303996-318b-4c91-9cb5-8ec930a798ba', '10a32652-af43-4451-bd52-4980c5690cc9', 'acc5b643-66dc-4e2d-87b5-b1ef7295173b'),
('1cb91d49-b27f-4154-9330-b12d027e9eca', '10a32652-af43-4451-bd52-4980c5690cc9', 'f59bb365-e40c-481d-99e0-407ae0c39dbd'),
('2dad09ab-4c35-4bbd-97b9-248bf0c491ec', '10a32652-af43-4451-bd52-4980c5690cc9', '83a4905a-bae5-4055-9ed2-dcda2d59bcc4'),
('b5aa9d15-fa29-4171-9c73-6a5f07b0000f', '10a32652-af43-4451-bd52-4980c5690cc9', 'e956e31d-035b-449f-9d02-6a24a5d12d93'),
('edbe96ae-03ff-423b-afcc-ac0ebadae0cf', '10a32652-af43-4451-bd52-4980c5690cc9', 'b6a1a654-ff35-4c28-9f0c-ca2f2acb908a'),
('db064dac-6cff-47ee-80dc-28a216ad53e1', '10a32652-af43-4451-bd52-4980c5690cc9', 'b3f50b9a-3fd5-4cc6-9df5-f4b2c5115cae'),
('8e305e48-9ebe-448f-9218-e2394c1777fa', '10a32652-af43-4451-bd52-4980c5690cc9', '33f386b2-f440-4135-8684-c9d0586c970d'),
('8c2153f1-ae64-458e-bca1-b298eee58026', '10a32652-af43-4451-bd52-4980c5690cc9', '8b8af9ed-c6e9-4ee6-bd35-62b0e1e820d9'),
('fc831455-2cc5-4b29-b82c-289b2cc756dd', '10a32652-af43-4451-bd52-4980c5690cc9', '7eab4c49-e8e0-4cf4-8823-d29d3a0350e6'),
('f7f47ca2-7747-41f6-9946-e2863d2d2545', '10a32652-af43-4451-bd52-4980c5690cc9', 'b6c53947-746d-49c3-bad5-7d277fe11582'),
('13ca7835-d50a-49a8-b4d2-96e2d6b2af99', '10a32652-af43-4451-bd52-4980c5690cc9', '9558be1e-e081-485f-b469-7c5ea01a5a0f'),
('7fdeafa2-84d6-4f30-8b16-23943c42eb50', '10a32652-af43-4451-bd52-4980c5690cc9', '453751fe-7512-4590-b619-8e691bcfecd3'),
('c34690c1-3458-4a1c-a2a6-589d167a5262', '10a32652-af43-4451-bd52-4980c5690cc9', 'db8dda4f-5449-43c1-9213-a07a7e9e659e'),
('8118ee71-ca6f-4d66-99a8-e696a8017f47', '10a32652-af43-4451-bd52-4980c5690cc9', 'a4e7deef-787a-49aa-bc80-c95175c8a22f'),
('9b7b7ead-8095-4ddb-8ead-13dcc7193ad5', '10a32652-af43-4451-bd52-4980c5690cc9', 'eb4671b3-887f-455e-b6a7-1883e421052b'),
('54371694-49dd-4538-a80b-c0a7957ef47d', '10a32652-af43-4451-bd52-4980c5690cc9', 'd4dc1d18-285a-40c6-8b1e-57a3e3b35697'),
('ba77f258-c0f6-4c0b-a9e1-965fbcc1f59d', '10a32652-af43-4451-bd52-4980c5690cc9', 'd2496033-41db-4743-983a-e94c3372fc16'),
('4bc398fe-350a-4dfe-98c8-a305f2b4dfd5', '10a32652-af43-4451-bd52-4980c5690cc9', '789684e7-ef20-42a5-93fb-3c717e61c925'),
('dfb6d402-55a0-4cc6-b354-0167a546972f', '10a32652-af43-4451-bd52-4980c5690cc9', '89af4498-e824-4c00-8dee-1e52479fb356'),
('157457d3-7511-4a2f-870b-058ac60456c5', '10a32652-af43-4451-bd52-4980c5690cc9', 'e978192f-ac08-49e2-800e-b38f9d4c4103'),
('e4855877-4a91-4788-a56b-a07ed68b70bd', '10a32652-af43-4451-bd52-4980c5690cc9', '83bc79c5-e719-4028-9c7f-d74757df63bd'),
('2f0e900c-46d6-43b7-860d-97c5f926087a', '10a32652-af43-4451-bd52-4980c5690cc9', 'c3f93e7f-3137-4efb-9fb2-45a6258a72b6'),
('64872cb0-3cee-4401-ab82-07dacec94332', '10a32652-af43-4451-bd52-4980c5690cc9', 'a46d13de-e3a4-49a3-b3b7-b5b0e8d87146'),
('296cdc3f-33d8-4bb4-b635-19c9220bff21', '10a32652-af43-4451-bd52-4980c5690cc9', 'a9830931-9d77-4b48-a8fd-6c4445f97727'),
('d5d7aa92-f322-4f57-8ae9-5370c7003a22', '10a32652-af43-4451-bd52-4980c5690cc9', 'fb525424-b789-4a54-9399-544466f6c369'),
('110788eb-58a4-455f-a42e-46b63166594b', '10a32652-af43-4451-bd52-4980c5690cc9', 'dbe528a5-ffb8-4b5e-aaeb-3c8fbdfcfb84'),
('b86f6057-5868-4dba-bfbb-656a2162ec98', '10a32652-af43-4451-bd52-4980c5690cc9', '04c5fb62-c8c9-4def-8684-4c0ce7b2f28b'),
('ab5d663c-de4f-4a1e-88f0-639e564ad0cc', '10a32652-af43-4451-bd52-4980c5690cc9', '687c5c87-adb2-401e-8bfa-15fb82e78928'),
('075cae49-3711-403c-ad4e-b8a82089644c', '10a32652-af43-4451-bd52-4980c5690cc9', 'b53172b6-f3b2-4e3d-8225-8c2dfb790aa1'),
('0e79ac93-8e79-4848-9379-9e489a47dcc2', '10a32652-af43-4451-bd52-4980c5690cc9', '7a7ea068-f2a7-4472-ba60-1d90a5c101f9'),
('35f1ba1e-b1b6-4833-bf9a-879ce11064df', '10a32652-af43-4451-bd52-4980c5690cc9', '4b4ca443-e740-47ac-9bfe-9a701b70c8c5'),
('920a85e9-4359-46bd-b50a-68a5cf4eb33d', '10a32652-af43-4451-bd52-4980c5690cc9', '42b8a88e-2489-4f05-bc5c-a16a2dd96937'),
('fa538300-9734-4173-b0c6-872e7f56529d', '10a32652-af43-4451-bd52-4980c5690cc9', '66479285-4f00-47dd-b7a4-a17eaa96a3fa'),
('fe20f70e-14d4-4af7-981e-de83eb6edbdd', '10a32652-af43-4451-bd52-4980c5690cc9', '5e9adc5f-d5a7-4323-b58e-9883f3787fff'),
('c25aacf9-8a4c-4424-a57f-cea575deeac7', '10a32652-af43-4451-bd52-4980c5690cc9', '5736f907-02a3-457d-a080-594c50badc3c'),
('dbd0124e-ca79-4819-9e49-cd486ba854ef', '10a32652-af43-4451-bd52-4980c5690cc9', '5d8860fb-ac2d-474f-8f7d-b27fe90b3268'),
('b21e5c78-d0f1-4fb5-9b3e-e4b3a8b6906b', '10a32652-af43-4451-bd52-4980c5690cc9', 'ee5f4ab2-f78b-42f2-993b-db3c3ac29eaf'),
('2e7c6699-8253-4a8e-84b9-72c135be137a', '10a32652-af43-4451-bd52-4980c5690cc9', '94b1077b-15a1-4abd-901c-bdec78bf8417'),
('5c7d40b8-035e-4312-aad0-17c62f51f776', '10a32652-af43-4451-bd52-4980c5690cc9', 'fd603882-9173-4296-897c-8c720f826ab9'),
('cc2a8374-113d-42d5-9403-f4938cb49b68', '10a32652-af43-4451-bd52-4980c5690cc9', '97077d13-7c77-4f3e-aa0d-002b52a18720'),
('961a6c04-7020-4b8e-aa0c-64205cc544cc', '10a32652-af43-4451-bd52-4980c5690cc9', '040d24a7-4228-4d1e-9ca0-6cd05e6670c2'),
('fddf8697-d3f4-4cc9-8393-e0cdd7a8f55d', '10a32652-af43-4451-bd52-4980c5690cc9', '7aead7d4-f791-479f-83e5-d5d2471016f8'),
('3298617d-22b8-49d5-8cb0-082ab27b8b60', '10a32652-af43-4451-bd52-4980c5690cc9', '8212cdb6-1517-418d-af74-e2e2a9da5760'),
('5581265e-fa12-4631-afdc-32821e6ca604', '10a32652-af43-4451-bd52-4980c5690cc9', 'bf6296be-2e14-49b2-b1da-0e1135137aa9'),
('f01f6b6e-1e94-4a49-8a98-8e804386393c', '10a32652-af43-4451-bd52-4980c5690cc9', '3ba6e0c4-25b9-4514-8b2c-a5be27096905'),
('24a2a109-c98b-4e35-9edc-2fef17293800', '10a32652-af43-4451-bd52-4980c5690cc9', '0efc07d0-04cf-4099-bfda-a710a2fdd0d9'),
('0af25a49-849d-4390-a68b-4e12e8c3ebb6', '10a32652-af43-4451-bd52-4980c5690cc9', 'e8e0c892-52a9-4743-9269-5f1ae272d9d0'),
('1709861a-cdbe-42a0-9ad0-e9ada5c3224f', '10a32652-af43-4451-bd52-4980c5690cc9', '5f1151d1-9c96-405c-9925-efef3a394181'),
('5223a08f-351a-4220-b5a4-765ad2f4c61e', '10a32652-af43-4451-bd52-4980c5690cc9', 'a90ae2e9-6e5c-4057-8053-d1212e451525'),
('e133e4de-82e9-4698-8f6a-f0ddd17236af', '10a32652-af43-4451-bd52-4980c5690cc9', 'fb4247d9-1e87-4497-b60f-da13848988b7'),
('f76b8659-da4b-493e-8b4f-c7c76a78edf6', '10a32652-af43-4451-bd52-4980c5690cc9', '26a58f55-38cc-4be8-860e-ef44d9657cf7'),
('3906bc22-205e-41e0-a101-1c2394a1d851', '10a32652-af43-4451-bd52-4980c5690cc9', '6a639441-d510-441b-963a-d1f03256cd92'),
('835d4931-4b3b-4e05-bc7e-f0f719d60713', '10a32652-af43-4451-bd52-4980c5690cc9', 'ce8fbc58-9881-461c-92d6-1cac58117c66'),
('9a4c1b7d-6fa8-4d77-9b49-a0c4ba3bd242', '10a32652-af43-4451-bd52-4980c5690cc9', '4097cd6d-b304-49ec-8aa8-f4608acfb112'),
('753288b8-5b1d-4e71-89b0-733a7e7996d4', '10a32652-af43-4451-bd52-4980c5690cc9', 'e70fb473-f812-4049-9ce5-42c2df18cabc'),
('88aea7e3-4390-4cf0-b298-e45d54fdea96', '10a32652-af43-4451-bd52-4980c5690cc9', 'a4afd427-096e-419f-b5fd-6f29afec2565'),
('d0d543e1-6acd-4743-9a7f-7d708f477e03', '10a32652-af43-4451-bd52-4980c5690cc9', 'a556e711-7056-4f69-83fc-0d16a2c0be20'),
('a1d87917-e2c3-47ed-8d45-7cdf8a5f74f9', '10a32652-af43-4451-bd52-4980c5690cc9', 'e1a8e50a-43cd-49c6-ab3e-65f522ef22b8'),
('635f626f-5f82-421c-8433-c018ba59ee72', '10a32652-af43-4451-bd52-4980c5690cc9', 'a8b01dd3-5fd0-4ff3-8039-a310cb35e851'),
('1d86025b-be61-4051-b444-e3d10bd8087d', '10a32652-af43-4451-bd52-4980c5690cc9', '504e4b17-f73e-4eec-9e1f-77afa155f706'),
('2ffbdcef-f1f7-4b87-bf78-4149380110ec', '10a32652-af43-4451-bd52-4980c5690cc9', '127fc6ab-669e-4eec-8754-135615ed323d'),
('6160c5f3-840c-4546-a070-147ce1f912db', '10a32652-af43-4451-bd52-4980c5690cc9', '69007660-6ce8-43e1-91d9-8ace68aeb9c4'),
('fdb09f84-16d2-4df0-b15e-d6c6e032a330', '10a32652-af43-4451-bd52-4980c5690cc9', '38ce532e-8b5a-4b1b-82a2-a71142b38826'),
('0e8afb77-242a-4c9a-ac53-ba6374bcd69a', '10a32652-af43-4451-bd52-4980c5690cc9', 'dcf7cc4c-5749-4f17-852e-ad5bcdb2ce7c'),
('b0710c91-037e-43c2-835b-50a8e886641c', '10a32652-af43-4451-bd52-4980c5690cc9', '8924e3b8-1427-441b-806e-208eea30fa20'),
('cc93dd61-eb3c-4533-8c8f-c3a00a3f34b5', '10a32652-af43-4451-bd52-4980c5690cc9', '02801be3-64b2-4342-9c20-0295ad284aea'),
('cd360bbc-1a07-440f-b829-c1fc9434c6f9', '10a32652-af43-4451-bd52-4980c5690cc9', 'ea0f5309-b5e1-42fc-9475-5c04a77c0abf'),
('25c68087-a418-4db4-b24a-9c23257ca85d', '10a32652-af43-4451-bd52-4980c5690cc9', 'd12f2c22-db2a-4870-91c4-4d9cfd95d229'),
('8ffd1a0d-e4ac-4047-a025-666809a2db77', '10a32652-af43-4451-bd52-4980c5690cc9', '217d43e5-45f6-48ea-9454-fcb8806ecb0e'),
('da88203f-2166-4612-8d62-8df5370ad149', '10a32652-af43-4451-bd52-4980c5690cc9', '468a22c5-0b83-41b4-b381-12ec4c175967'),
('07106257-d553-485c-8b23-eaab7bf1afa5', '10a32652-af43-4451-bd52-4980c5690cc9', 'f8bfd076-aae5-4ab7-aee7-c92820dbbd0e'),
('24aa2d2f-0cfb-4c62-9cf5-e895c95f2cf6', '10a32652-af43-4451-bd52-4980c5690cc9', '8a1855d9-8caf-456b-9e4b-b36021ed6004'),
('085917e0-6b5b-4830-bf47-b8566c3302f0', '10a32652-af43-4451-bd52-4980c5690cc9', '08d64dab-382f-4fab-a3a8-f3445f855830'),
('86152f13-f4e1-4579-aea8-07e114bfcbec', '10a32652-af43-4451-bd52-4980c5690cc9', '165b7592-2ec9-428f-9c23-101c1f84ee1d'),
('f11e33fc-a3ee-4b80-9605-9347432e5df3', '10a32652-af43-4451-bd52-4980c5690cc9', 'e4c657fc-7636-4716-896b-651ced24246c'),
('5bdee068-26ac-4ff3-839d-9ef105e50726', '10a32652-af43-4451-bd52-4980c5690cc9', '09989435-93b8-4ac9-8605-3e8487b74c37'),
('9a620f85-958c-4de8-801a-9b072ee4036d', '10a32652-af43-4451-bd52-4980c5690cc9', '6e70b3ed-c385-4453-ba9f-76c3ec0c5a74'),
('d9a6229e-0cd9-45a4-95de-ed1dd70e29aa', '10a32652-af43-4451-bd52-4980c5690cc9', '109c1f4b-7914-4834-9044-5b861cab042a'),
('90de9154-14a2-4879-999d-d32b24613df9', '10a32652-af43-4451-bd52-4980c5690cc9', 'f1fd97f1-e106-4097-9788-3e323b061a25'),
('5d4634fb-d9df-4301-91db-77e15b899faa', '10a32652-af43-4451-bd52-4980c5690cc9', '4792178c-be01-42da-b53d-b0196d548d32'),
('4a0fbbb9-d0cf-49cf-839b-01bf851602a0', '10a32652-af43-4451-bd52-4980c5690cc9', '4ad77950-2942-47fc-8b00-c8623da37e17'),
('6098b9e5-23f5-459a-8cdc-624f57642fe9', '10a32652-af43-4451-bd52-4980c5690cc9', '4a3f5f72-e7dd-45cf-8024-9815091f6463'),
('80005a8a-6265-43f8-992a-e4f154c47867', '10a32652-af43-4451-bd52-4980c5690cc9', '1db65f2e-7e9f-43e6-909f-7f5947b2a622'),
('f33c5172-e4e4-40d5-b1cb-d2d76827efa7', '10a32652-af43-4451-bd52-4980c5690cc9', 'c2ace4ad-e9c8-462b-85c6-a3f7cc7a7ebf'),
('679b966f-2ad6-4318-8d7e-85ce1cd1d837', '10a32652-af43-4451-bd52-4980c5690cc9', '61a5bbe5-9f59-44fb-81ae-29ead1ee6337'),
('34dd678e-1be8-48f9-be99-aabde5aee463', '10a32652-af43-4451-bd52-4980c5690cc9', '6d0bdbb2-7cf2-4452-a6b1-cd3e7bba0023'),
('d224fa32-7937-4471-91d4-4116ec1a06c2', '10a32652-af43-4451-bd52-4980c5690cc9', 'f44f072a-4279-4f3c-b5d3-eecdbf6fdf89'),
('1dbef7be-5328-4bff-aafa-f0f379ad0305', '10a32652-af43-4451-bd52-4980c5690cc9', '6c93e973-cd5e-487e-a0c0-3ebbab206017'),
('e1335024-0a0d-4047-a1e4-492256a9b7c2', '10a32652-af43-4451-bd52-4980c5690cc9', 'e5174fbd-1dcd-4836-83df-8cd1d4eac585'),
('30f39465-009d-4fc3-8cc3-d5c42df0d985', '10a32652-af43-4451-bd52-4980c5690cc9', '70782eb9-c479-44c1-ad94-9f8f3b1ece5a'),
('807cb3c5-d1ea-4da3-aa6d-223c1cf64e13', '10a32652-af43-4451-bd52-4980c5690cc9', '139dc41e-b0fa-411f-9b90-14313945a38f'),
('1a7bdbd8-225f-4766-b72f-0c9d7057ef89', '10a32652-af43-4451-bd52-4980c5690cc9', '839856bc-ed03-473a-8f22-a6340e1183d3'),
('06d201c5-3a8f-46d9-ae08-04415d990b5a', '10a32652-af43-4451-bd52-4980c5690cc9', '3f195f06-65d9-4305-8ba1-2e23225eefd9'),
('0d4cdf2f-9dcf-4644-b4e2-d5d30c1c3073', '10a32652-af43-4451-bd52-4980c5690cc9', 'b2a11767-9e0e-4db4-8129-33d31b5523bd'),
('95b4184b-ef18-4dff-9e12-419ce82fbdb9', '10a32652-af43-4451-bd52-4980c5690cc9', 'a3c7d02a-e7f1-4dbd-9fbb-7af29880ad02'),
('08ad4f95-1f66-4b54-9134-dc07ee9dc786', '10a32652-af43-4451-bd52-4980c5690cc9', '3797207e-33fd-463e-8946-7a8883c9ec2b'),
('36407ff2-3b57-4a55-a1a0-5b23713159ae', '10a32652-af43-4451-bd52-4980c5690cc9', '010ac072-4124-486a-aefc-fcae5c2b4352'),
('b488b503-87b9-4eee-9393-39da4f2a8f36', '10a32652-af43-4451-bd52-4980c5690cc9', 'a6ecf7ae-91ba-4bbf-8353-588fdb178dc5');

--INSERT TIMESERIES--COUNT:159
INSERT INTO public.timeseries(id, slug, name, instrument_id, parameter_id, unit_id) 
VALUES
('fa52a153-0342-488e-8afb-df3bdef51ffc','stage','Stage','67d96da5-d1ee-4600-9e22-9262abb151b8', 'b49f214e-f69f-43da-9ce3-ad96042268d0', 'f777f2e2-5e32-424e-a1ca-19d16cd8abce'),
('9c38597f-cc6f-4c77-b7dd-a557376c3a5e','water-temperature','Water Temperature','67d96da5-d1ee-4600-9e22-9262abb151b8', 'de6112da-8489-4286-ae56-ec72aa09974d', '10e05b5c-7e96-434b-9182-a547333e1c52'),
('09afbac9-d3b8-4217-9b64-51e643ba2479','precipitation','Precipitation','67d96da5-d1ee-4600-9e22-9262abb151b8', '0ce77a5a-8283-47cd-9126-c440bcec4ef6', '4ee79a3d-a053-41b8-85b5-bb2eea3c9d1a'),
('45bb890d-d9b1-4ffc-a35f-c449f383a4a6','precipitation','Precipitation','3130d868-9806-4bde-9e2c-654677a43718', '0ce77a5a-8283-47cd-9126-c440bcec4ef6', '4ee79a3d-a053-41b8-85b5-bb2eea3c9d1a'),
('978be916-f8de-4929-bde0-e11096fe8c1a','stage','Stage','da7e6c92-cdd6-490f-adf0-c50c69cd715b', 'b49f214e-f69f-43da-9ce3-ad96042268d0', 'f777f2e2-5e32-424e-a1ca-19d16cd8abce'),
('0261d546-be17-4373-a5b7-3fc9eedbda9e','precipitation','Precipitation','8072c4a7-5709-493a-b171-ed3edcdab3cb', '0ce77a5a-8283-47cd-9126-c440bcec4ef6', '4ee79a3d-a053-41b8-85b5-bb2eea3c9d1a'),
('8bc104a7-638c-49b2-8d18-e400e34eae7a','voltage','Voltage','8072c4a7-5709-493a-b171-ed3edcdab3cb', '430e5edb-e2b5-4f86-b19f-cda26a27e151', '6b5bd788-8c78-43bb-b5a3-ad544b858a64'),
('b64ea9c4-c40d-4be3-870d-b7f744424d8c','precipitation','Precipitation','41e521ff-bf31-45e3-bcbe-2d4c4b362437', '0ce77a5a-8283-47cd-9126-c440bcec4ef6', '4ee79a3d-a053-41b8-85b5-bb2eea3c9d1a'),
('0023d562-2447-4ba9-9623-ce0a86ea4e68','voltage','Voltage','41e521ff-bf31-45e3-bcbe-2d4c4b362437', '430e5edb-e2b5-4f86-b19f-cda26a27e151', '6b5bd788-8c78-43bb-b5a3-ad544b858a64'),
('8158edbd-5164-4058-9d24-f93072f1401a','precipitation','Precipitation','562fcd67-1d8c-4cd6-9443-b9a039d8b097', '0ce77a5a-8283-47cd-9126-c440bcec4ef6', '4ee79a3d-a053-41b8-85b5-bb2eea3c9d1a'),
('28bec965-e72b-42f5-be66-c227c32940d8','voltage','Voltage','562fcd67-1d8c-4cd6-9443-b9a039d8b097', '430e5edb-e2b5-4f86-b19f-cda26a27e151', '6b5bd788-8c78-43bb-b5a3-ad544b858a64'),
('bcf6784b-f76c-4633-a39a-eb3e20c9056f','precipitation','Precipitation','389786f9-5aa5-4eca-b395-77e7166268fc', '0ce77a5a-8283-47cd-9126-c440bcec4ef6', '4ee79a3d-a053-41b8-85b5-bb2eea3c9d1a'),
('36c55232-9906-4fad-ab48-735388d2609e','voltage','Voltage','389786f9-5aa5-4eca-b395-77e7166268fc', '430e5edb-e2b5-4f86-b19f-cda26a27e151', '6b5bd788-8c78-43bb-b5a3-ad544b858a64'),
('eb251801-ae8c-4b51-80b6-1c2b409db8af','precipitation','Precipitation','c722d4f3-a0ad-46f5-a17f-c10326a525de', '0ce77a5a-8283-47cd-9126-c440bcec4ef6', '4ee79a3d-a053-41b8-85b5-bb2eea3c9d1a'),
('df4752e2-87cb-47c2-9592-f04507f3bbdd','voltage','Voltage','c722d4f3-a0ad-46f5-a17f-c10326a525de', '430e5edb-e2b5-4f86-b19f-cda26a27e151', '6b5bd788-8c78-43bb-b5a3-ad544b858a64'),
('73721bf8-d2d4-4d2e-b248-f7b0c71f01f8','precipitation','Precipitation','f5f35408-a622-4fb0-a2d0-ca80082b3cc4', '0ce77a5a-8283-47cd-9126-c440bcec4ef6', '4ee79a3d-a053-41b8-85b5-bb2eea3c9d1a'),
('239341ac-12cc-4316-bc12-39752f312ca2','voltage','Voltage','f5f35408-a622-4fb0-a2d0-ca80082b3cc4', '430e5edb-e2b5-4f86-b19f-cda26a27e151', '6b5bd788-8c78-43bb-b5a3-ad544b858a64'),
('2fa8719f-2242-4976-9bb7-579f34162de1','precipitation','Precipitation','40eac2e8-71f0-43a6-9ec0-0cdd468e8daf', '0ce77a5a-8283-47cd-9126-c440bcec4ef6', '4ee79a3d-a053-41b8-85b5-bb2eea3c9d1a'),
('e10a5277-4c1c-4633-8ee2-b6d50120e897','voltage','Voltage','40eac2e8-71f0-43a6-9ec0-0cdd468e8daf', '430e5edb-e2b5-4f86-b19f-cda26a27e151', '6b5bd788-8c78-43bb-b5a3-ad544b858a64'),
('cd80a8a3-1fda-446e-a4ae-1f8267226e73','precipitation','Precipitation','779e3e3c-946a-42e1-ae9c-405d41e3d313', '0ce77a5a-8283-47cd-9126-c440bcec4ef6', '4ee79a3d-a053-41b8-85b5-bb2eea3c9d1a'),
('98877a1d-df26-4e0b-9999-66ce25e83c00','voltage','Voltage','779e3e3c-946a-42e1-ae9c-405d41e3d313', '430e5edb-e2b5-4f86-b19f-cda26a27e151', '6b5bd788-8c78-43bb-b5a3-ad544b858a64'),
('d676672b-2e65-42c3-9eaa-9a8ce109421d','precipitation','Precipitation','09c5a8c4-c465-4c8b-b627-eb2877633fe0', '0ce77a5a-8283-47cd-9126-c440bcec4ef6', '4ee79a3d-a053-41b8-85b5-bb2eea3c9d1a'),
('4579ce1d-5b57-4d18-96c6-09399d4fedd6','voltage','Voltage','09c5a8c4-c465-4c8b-b627-eb2877633fe0', '430e5edb-e2b5-4f86-b19f-cda26a27e151', '6b5bd788-8c78-43bb-b5a3-ad544b858a64'),
('28be3d40-3632-4ba5-9665-8686eb860fdf','precipitation','Precipitation','3ee387b2-8be8-4ed6-b1c8-8da97ab429a9', '0ce77a5a-8283-47cd-9126-c440bcec4ef6', '4ee79a3d-a053-41b8-85b5-bb2eea3c9d1a'),
('8b386bf6-9623-44b5-9fb1-d86d87934a6d','voltage','Voltage','3ee387b2-8be8-4ed6-b1c8-8da97ab429a9', '430e5edb-e2b5-4f86-b19f-cda26a27e151', '6b5bd788-8c78-43bb-b5a3-ad544b858a64'),
('a9d1f938-9728-4c16-9f8e-8e52d7ecd5ce','precipitation','Precipitation','37a94b69-379a-4c07-a344-d45a47bd6519', '0ce77a5a-8283-47cd-9126-c440bcec4ef6', '4ee79a3d-a053-41b8-85b5-bb2eea3c9d1a'),
('36aa5a14-6f69-4c20-96b5-03bf45876730','voltage','Voltage','37a94b69-379a-4c07-a344-d45a47bd6519', '430e5edb-e2b5-4f86-b19f-cda26a27e151', '6b5bd788-8c78-43bb-b5a3-ad544b858a64'),
('b9180400-2298-43b8-9abf-ac860b4bb092','precipitation','Precipitation','4afdefcf-5a67-43b9-8122-0f52eca88290', '0ce77a5a-8283-47cd-9126-c440bcec4ef6', '4ee79a3d-a053-41b8-85b5-bb2eea3c9d1a'),
('15a6d45b-fa42-4337-bd2c-db087a600914','voltage','Voltage','4afdefcf-5a67-43b9-8122-0f52eca88290', '430e5edb-e2b5-4f86-b19f-cda26a27e151', '6b5bd788-8c78-43bb-b5a3-ad544b858a64'),
('5d9cda06-1e0c-45ea-94e5-5fb70874c11b','precipitation','Precipitation','e98e960f-26f7-4dd5-ad2a-f8b7e3967110', '0ce77a5a-8283-47cd-9126-c440bcec4ef6', '4ee79a3d-a053-41b8-85b5-bb2eea3c9d1a'),
('d0b096ea-bdc0-4b0e-bade-d6709199b0ce','voltage','Voltage','e98e960f-26f7-4dd5-ad2a-f8b7e3967110', '430e5edb-e2b5-4f86-b19f-cda26a27e151', '6b5bd788-8c78-43bb-b5a3-ad544b858a64'),
('399094e7-77d1-4909-a8b3-4fde7f671bea','precipitation','Precipitation','6c1b7587-aec2-4fbd-a103-d18aefe74386', '0ce77a5a-8283-47cd-9126-c440bcec4ef6', '4ee79a3d-a053-41b8-85b5-bb2eea3c9d1a'),
('ef2e47af-c3eb-448d-84ee-6c2a45c3ddb4','voltage','Voltage','6c1b7587-aec2-4fbd-a103-d18aefe74386', '430e5edb-e2b5-4f86-b19f-cda26a27e151', '6b5bd788-8c78-43bb-b5a3-ad544b858a64'),
('2f9c4089-c2c2-4358-9abb-452306707234','precipitation','Precipitation','64781110-0523-4010-b2cd-d46f4e461af9', '0ce77a5a-8283-47cd-9126-c440bcec4ef6', '4ee79a3d-a053-41b8-85b5-bb2eea3c9d1a'),
('7e526eed-e1b4-4ae5-bda4-1012358d5345','voltage','Voltage','64781110-0523-4010-b2cd-d46f4e461af9', '430e5edb-e2b5-4f86-b19f-cda26a27e151', '6b5bd788-8c78-43bb-b5a3-ad544b858a64'),
('c197012f-7e87-48ba-8130-f778f83171d7','precipitation','Precipitation','d52a37f8-a47c-49d2-8206-ec0c7f2c2dd5', '0ce77a5a-8283-47cd-9126-c440bcec4ef6', '4ee79a3d-a053-41b8-85b5-bb2eea3c9d1a'),
('de724cfb-cd30-4a68-b69b-6a6b12f50896','voltage','Voltage','d52a37f8-a47c-49d2-8206-ec0c7f2c2dd5', '430e5edb-e2b5-4f86-b19f-cda26a27e151', '6b5bd788-8c78-43bb-b5a3-ad544b858a64'),
('eba889db-18a0-47e0-bba7-4afc9826566c','precipitation','Precipitation','bae9c2a1-9952-4376-9247-e8f2a519c7d5', '0ce77a5a-8283-47cd-9126-c440bcec4ef6', '4ee79a3d-a053-41b8-85b5-bb2eea3c9d1a'),
('2c384f5f-1b51-472e-9d17-1b911b95f384','voltage','Voltage','bae9c2a1-9952-4376-9247-e8f2a519c7d5', '430e5edb-e2b5-4f86-b19f-cda26a27e151', '6b5bd788-8c78-43bb-b5a3-ad544b858a64'),
('1e81422d-34fb-4ffc-8e3c-3e408bde0d66','precipitation','Precipitation','16ef8e07-be5a-4ad1-a231-0e62ede14a35', '0ce77a5a-8283-47cd-9126-c440bcec4ef6', '4ee79a3d-a053-41b8-85b5-bb2eea3c9d1a'),
('95971619-7465-4bad-8bdf-8e57d06a9a1e','voltage','Voltage','16ef8e07-be5a-4ad1-a231-0e62ede14a35', '430e5edb-e2b5-4f86-b19f-cda26a27e151', '6b5bd788-8c78-43bb-b5a3-ad544b858a64'),
('bb2d3f72-2d47-47d5-8dc7-ee3a7174f4c9','precipitation','Precipitation','b5223b57-1bc8-4b9e-9cc4-dc5cb7464973', '0ce77a5a-8283-47cd-9126-c440bcec4ef6', '4ee79a3d-a053-41b8-85b5-bb2eea3c9d1a'),
('5e3bfc14-788d-41e0-a550-41d16552b3fd','voltage','Voltage','b5223b57-1bc8-4b9e-9cc4-dc5cb7464973', '430e5edb-e2b5-4f86-b19f-cda26a27e151', '6b5bd788-8c78-43bb-b5a3-ad544b858a64'),
('708880b7-199d-460d-b995-287d9b5843e2','precipitation','Precipitation','0feee5a5-39cb-47e3-960b-d43b59d10b7e', '0ce77a5a-8283-47cd-9126-c440bcec4ef6', '4ee79a3d-a053-41b8-85b5-bb2eea3c9d1a'),
('c6e78c94-8221-4817-928e-b425e92aba89','voltage','Voltage','0feee5a5-39cb-47e3-960b-d43b59d10b7e', '430e5edb-e2b5-4f86-b19f-cda26a27e151', '6b5bd788-8c78-43bb-b5a3-ad544b858a64'),
('32576c16-0ba3-4418-aaf3-8673eeae5394','precipitation','Precipitation','aa5d1c83-62e3-4b77-8a88-6e63f682f4f3', '0ce77a5a-8283-47cd-9126-c440bcec4ef6', '4ee79a3d-a053-41b8-85b5-bb2eea3c9d1a'),
('0bf13772-8862-4c2e-bb40-860e6e79b2be','voltage','Voltage','aa5d1c83-62e3-4b77-8a88-6e63f682f4f3', '430e5edb-e2b5-4f86-b19f-cda26a27e151', '6b5bd788-8c78-43bb-b5a3-ad544b858a64'),
('c530741d-8405-4249-a0e6-bd9f4a3de8da','precipitation','Precipitation','dabb839f-d169-42cb-a779-6b8052a6bd3c', '0ce77a5a-8283-47cd-9126-c440bcec4ef6', '4ee79a3d-a053-41b8-85b5-bb2eea3c9d1a'),
('4183633a-1717-4df7-a285-6914c30d318c','voltage','Voltage','dabb839f-d169-42cb-a779-6b8052a6bd3c', '430e5edb-e2b5-4f86-b19f-cda26a27e151', '6b5bd788-8c78-43bb-b5a3-ad544b858a64'),
('2ee13b75-d917-44ff-8256-b7f6b008838a','precipitation','Precipitation','1bdee4ab-89c7-4f9a-9233-8a55ba9967ab', '0ce77a5a-8283-47cd-9126-c440bcec4ef6', '4ee79a3d-a053-41b8-85b5-bb2eea3c9d1a'),
('a7aac8d3-779d-4ea6-9998-ba4b12888ef2','voltage','Voltage','1bdee4ab-89c7-4f9a-9233-8a55ba9967ab', '430e5edb-e2b5-4f86-b19f-cda26a27e151', '6b5bd788-8c78-43bb-b5a3-ad544b858a64'),
('2a19fbb6-1a42-47fb-8027-5bd978144a2a','precipitation','Precipitation','e1cbfd8a-e6d5-43ab-8718-3bab74163bc1', '0ce77a5a-8283-47cd-9126-c440bcec4ef6', '4ee79a3d-a053-41b8-85b5-bb2eea3c9d1a'),
('c55543e7-2b64-47a2-8335-f5557edfe850','voltage','Voltage','e1cbfd8a-e6d5-43ab-8718-3bab74163bc1', '430e5edb-e2b5-4f86-b19f-cda26a27e151', '6b5bd788-8c78-43bb-b5a3-ad544b858a64'),
('61aa6732-9fbf-42c1-a1a0-fad05066238f','precipitation','Precipitation','0b428b41-1cda-4531-9673-0359cb554212', '0ce77a5a-8283-47cd-9126-c440bcec4ef6', '4ee79a3d-a053-41b8-85b5-bb2eea3c9d1a'),
('048a522d-2c78-414d-af31-d837468915d8','voltage','Voltage','0b428b41-1cda-4531-9673-0359cb554212', '430e5edb-e2b5-4f86-b19f-cda26a27e151', '6b5bd788-8c78-43bb-b5a3-ad544b858a64'),
('152dd48a-bf6e-4835-9afe-92abbd5419ad','precipitation','Precipitation','735ebeb8-df40-4334-956e-efb3ee3db453', '0ce77a5a-8283-47cd-9126-c440bcec4ef6', '4ee79a3d-a053-41b8-85b5-bb2eea3c9d1a'),
('5e959846-a40e-4ca1-8686-7a2eeff751ab','voltage','Voltage','735ebeb8-df40-4334-956e-efb3ee3db453', '430e5edb-e2b5-4f86-b19f-cda26a27e151', '6b5bd788-8c78-43bb-b5a3-ad544b858a64'),
('05469073-bcf6-4a38-b917-e2b33a733597','precipitation','Precipitation','87f853dd-0160-4470-b6e9-31e6dfb8424c', '0ce77a5a-8283-47cd-9126-c440bcec4ef6', '4ee79a3d-a053-41b8-85b5-bb2eea3c9d1a'),
('77cefedb-215b-4a11-8a87-f504249867b5','voltage','Voltage','87f853dd-0160-4470-b6e9-31e6dfb8424c', '430e5edb-e2b5-4f86-b19f-cda26a27e151', '6b5bd788-8c78-43bb-b5a3-ad544b858a64'),
('16fd4e0f-9801-4dd8-8dc3-21b0aede6cfb','precipitation','Precipitation','e965623d-b34e-4734-b731-0a08b43e1213', '0ce77a5a-8283-47cd-9126-c440bcec4ef6', '4ee79a3d-a053-41b8-85b5-bb2eea3c9d1a'),
('8f396dd2-40db-490c-ad41-e0c467f3fb56','voltage','Voltage','e965623d-b34e-4734-b731-0a08b43e1213', '430e5edb-e2b5-4f86-b19f-cda26a27e151', '6b5bd788-8c78-43bb-b5a3-ad544b858a64'),
('079cf3af-a033-478c-aca6-cbb26b0773e7','precipitation','Precipitation','8a111c8d-3ea8-4919-bfe3-711b768aa782', '0ce77a5a-8283-47cd-9126-c440bcec4ef6', '4ee79a3d-a053-41b8-85b5-bb2eea3c9d1a'),
('4a36a97c-ff90-4ed0-805f-351082f40ba3','voltage','Voltage','8a111c8d-3ea8-4919-bfe3-711b768aa782', '430e5edb-e2b5-4f86-b19f-cda26a27e151', '6b5bd788-8c78-43bb-b5a3-ad544b858a64'),
('55f48909-bc2d-4044-b17c-fe953e9f66eb','precipitation','Precipitation','3e3b545b-6e9e-489d-8665-f38e8ceb21a0', '0ce77a5a-8283-47cd-9126-c440bcec4ef6', '4ee79a3d-a053-41b8-85b5-bb2eea3c9d1a'),
('acdbe003-d3a1-4229-aa5a-79486091962d','voltage','Voltage','3e3b545b-6e9e-489d-8665-f38e8ceb21a0', '430e5edb-e2b5-4f86-b19f-cda26a27e151', '6b5bd788-8c78-43bb-b5a3-ad544b858a64'),
('2089f859-2122-4e73-8701-535a519b9e50','precipitation','Precipitation','a3d4555f-1742-4197-9bfc-e63be3391095', '0ce77a5a-8283-47cd-9126-c440bcec4ef6', '4ee79a3d-a053-41b8-85b5-bb2eea3c9d1a'),
('6c794fea-65f9-4660-a7de-4e9d06de861a','voltage','Voltage','a3d4555f-1742-4197-9bfc-e63be3391095', '430e5edb-e2b5-4f86-b19f-cda26a27e151', '6b5bd788-8c78-43bb-b5a3-ad544b858a64'),
('ef5ebcdc-dc59-4cf6-96d5-c3501ab93c4e','precipitation','Precipitation','daf83c5d-8e1b-40a2-93a0-fd87be054a75', '0ce77a5a-8283-47cd-9126-c440bcec4ef6', '4ee79a3d-a053-41b8-85b5-bb2eea3c9d1a'),
('56f70e35-d072-4b16-8767-1e42fa0c9bb4','voltage','Voltage','daf83c5d-8e1b-40a2-93a0-fd87be054a75', '430e5edb-e2b5-4f86-b19f-cda26a27e151', '6b5bd788-8c78-43bb-b5a3-ad544b858a64'),
('bb1d13d1-836c-4d18-95ba-136ad982fbf4','precipitation','Precipitation','fa469069-baf6-4e28-8fac-5a18e4ebf7f9', '0ce77a5a-8283-47cd-9126-c440bcec4ef6', '4ee79a3d-a053-41b8-85b5-bb2eea3c9d1a'),
('0125893a-7cb6-40b9-94a6-776a4d42c2c9','voltage','Voltage','fa469069-baf6-4e28-8fac-5a18e4ebf7f9', '430e5edb-e2b5-4f86-b19f-cda26a27e151', '6b5bd788-8c78-43bb-b5a3-ad544b858a64'),
('6d7b9830-b568-4718-925a-9437fc1f703a','precipitation','Precipitation','21664e71-c273-4c18-83f2-904f6bba3566', '0ce77a5a-8283-47cd-9126-c440bcec4ef6', '4ee79a3d-a053-41b8-85b5-bb2eea3c9d1a'),
('c3eba536-f496-4572-8348-38a8f1604f50','voltage','Voltage','21664e71-c273-4c18-83f2-904f6bba3566', '430e5edb-e2b5-4f86-b19f-cda26a27e151', '6b5bd788-8c78-43bb-b5a3-ad544b858a64'),
('fcf1d85a-4d73-474e-bcfd-326a77cb1436','precipitation','Precipitation','d7644b31-bd43-491b-971f-8c76f16afc5c', '0ce77a5a-8283-47cd-9126-c440bcec4ef6', '4ee79a3d-a053-41b8-85b5-bb2eea3c9d1a'),
('38c8eb69-e366-48b2-b429-cad13ab388d0','voltage','Voltage','d7644b31-bd43-491b-971f-8c76f16afc5c', '430e5edb-e2b5-4f86-b19f-cda26a27e151', '6b5bd788-8c78-43bb-b5a3-ad544b858a64'),
('372a1084-1272-4aaa-86a1-9fdfe4285af5','precipitation','Precipitation','2b8bed18-b9e2-46b6-9f74-a39a474644c3', '0ce77a5a-8283-47cd-9126-c440bcec4ef6', '4ee79a3d-a053-41b8-85b5-bb2eea3c9d1a'),
('bda7a9d4-6c4d-408f-956a-67f78a0f3bf3','voltage','Voltage','2b8bed18-b9e2-46b6-9f74-a39a474644c3', '430e5edb-e2b5-4f86-b19f-cda26a27e151', '6b5bd788-8c78-43bb-b5a3-ad544b858a64'),
('1f724d98-f4a5-4756-bdd6-a0c9e2550522','precipitation','Precipitation','631c7c28-0a09-49ec-8aaf-c5b4d4d880c4', '0ce77a5a-8283-47cd-9126-c440bcec4ef6', '4ee79a3d-a053-41b8-85b5-bb2eea3c9d1a'),
('3f701d25-1d93-417f-ad4b-68e828ffbe3e','voltage','Voltage','631c7c28-0a09-49ec-8aaf-c5b4d4d880c4', '430e5edb-e2b5-4f86-b19f-cda26a27e151', '6b5bd788-8c78-43bb-b5a3-ad544b858a64'),
('233adf95-e915-41e0-a34c-5e4c3b8f89d3','precipitation','Precipitation','c5777ea6-904d-445d-974f-995180d7dabf', '0ce77a5a-8283-47cd-9126-c440bcec4ef6', '4ee79a3d-a053-41b8-85b5-bb2eea3c9d1a'),
('dc53feff-45cc-4c89-868d-133e10c81706','voltage','Voltage','c5777ea6-904d-445d-974f-995180d7dabf', '430e5edb-e2b5-4f86-b19f-cda26a27e151', '6b5bd788-8c78-43bb-b5a3-ad544b858a64'),
('e13b43fe-b90e-4092-882c-54056cb3d048','precipitation','Precipitation','65684ff8-db23-4136-a820-8157ca158899', '0ce77a5a-8283-47cd-9126-c440bcec4ef6', '4ee79a3d-a053-41b8-85b5-bb2eea3c9d1a'),
('58a017e9-5da8-439a-a7bd-f7db05177804','voltage','Voltage','65684ff8-db23-4136-a820-8157ca158899', '430e5edb-e2b5-4f86-b19f-cda26a27e151', '6b5bd788-8c78-43bb-b5a3-ad544b858a64'),
('deac6671-63e6-4736-a22c-4956c76ca4ba','precipitation','Precipitation','26c9af69-77e3-4f47-9f3d-db9c284767b4', '0ce77a5a-8283-47cd-9126-c440bcec4ef6', '4ee79a3d-a053-41b8-85b5-bb2eea3c9d1a'),
('0afbcec0-1fcf-44f4-ae8e-93f8d6836cb4','voltage','Voltage','26c9af69-77e3-4f47-9f3d-db9c284767b4', '430e5edb-e2b5-4f86-b19f-cda26a27e151', '6b5bd788-8c78-43bb-b5a3-ad544b858a64'),
('d83d494b-b81a-4744-977c-ab74520a4926','precipitation','Precipitation','ad1498a1-834e-4eb9-8087-1c75ae9497dd', '0ce77a5a-8283-47cd-9126-c440bcec4ef6', '4ee79a3d-a053-41b8-85b5-bb2eea3c9d1a'),
('7f6905f7-0c2c-44a6-9e63-e25fa06de89f','voltage','Voltage','ad1498a1-834e-4eb9-8087-1c75ae9497dd', '430e5edb-e2b5-4f86-b19f-cda26a27e151', '6b5bd788-8c78-43bb-b5a3-ad544b858a64'),
('b58ae27f-bda2-4c89-8fe9-82df5a0772ba','precipitation','Precipitation','462feb12-f120-4708-a16e-adb0b1255b43', '0ce77a5a-8283-47cd-9126-c440bcec4ef6', '4ee79a3d-a053-41b8-85b5-bb2eea3c9d1a'),
('a3041bfc-0aac-4b66-8138-d0be9eb9f5b5','voltage','Voltage','462feb12-f120-4708-a16e-adb0b1255b43', '430e5edb-e2b5-4f86-b19f-cda26a27e151', '6b5bd788-8c78-43bb-b5a3-ad544b858a64'),
('7a4abb5a-e4ad-4bc1-ba05-5600a49c0dec','precipitation','Precipitation','ff64e9f8-0ebe-4827-8f40-e867761640b0', '0ce77a5a-8283-47cd-9126-c440bcec4ef6', '4ee79a3d-a053-41b8-85b5-bb2eea3c9d1a'),
('965d0ff6-5311-4249-932e-9be6ec5eb766','voltage','Voltage','ff64e9f8-0ebe-4827-8f40-e867761640b0', '430e5edb-e2b5-4f86-b19f-cda26a27e151', '6b5bd788-8c78-43bb-b5a3-ad544b858a64'),
('56cbd22b-37a4-4b41-bc14-39df79c8e1b2','precipitation','Precipitation','54293b67-77d8-4b03-9b83-1cbb5d5b1cd6', '0ce77a5a-8283-47cd-9126-c440bcec4ef6', '4ee79a3d-a053-41b8-85b5-bb2eea3c9d1a'),
('d53814d1-7469-46af-a7a1-a82db10af7ef','voltage','Voltage','54293b67-77d8-4b03-9b83-1cbb5d5b1cd6', '430e5edb-e2b5-4f86-b19f-cda26a27e151', '6b5bd788-8c78-43bb-b5a3-ad544b858a64'),
('730aa24e-767a-42fe-93b8-8e3554fd59a1','precipitation','Precipitation','7eed73f6-ae79-4f28-8b19-f1beb1f16916', '0ce77a5a-8283-47cd-9126-c440bcec4ef6', '4ee79a3d-a053-41b8-85b5-bb2eea3c9d1a'),
('543e88eb-1b43-4249-bee7-b23220674915','voltage','Voltage','7eed73f6-ae79-4f28-8b19-f1beb1f16916', '430e5edb-e2b5-4f86-b19f-cda26a27e151', '6b5bd788-8c78-43bb-b5a3-ad544b858a64'),
('23031f5a-7488-4c8d-9566-40845639747e','precipitation','Precipitation','28f0440d-b8db-4fbf-aae1-928a3c855749', '0ce77a5a-8283-47cd-9126-c440bcec4ef6', '4ee79a3d-a053-41b8-85b5-bb2eea3c9d1a'),
('e506ef65-0d97-4d5b-9f74-7302e967d924','voltage','Voltage','28f0440d-b8db-4fbf-aae1-928a3c855749', '430e5edb-e2b5-4f86-b19f-cda26a27e151', '6b5bd788-8c78-43bb-b5a3-ad544b858a64'),
('38eb6db2-49f3-45b2-b800-deda37866a3c','precipitation','Precipitation','b5fc264e-412c-48fd-a6e5-c4423773b5d5', '0ce77a5a-8283-47cd-9126-c440bcec4ef6', '4ee79a3d-a053-41b8-85b5-bb2eea3c9d1a'),
('63bd2b5d-b433-4d01-b07a-7f7882035ef3','voltage','Voltage','b5fc264e-412c-48fd-a6e5-c4423773b5d5', '430e5edb-e2b5-4f86-b19f-cda26a27e151', '6b5bd788-8c78-43bb-b5a3-ad544b858a64'),
('1378a6c1-b35b-4668-b21a-a4be65e1ace1','precipitation','Precipitation','dbcd9b33-f64d-4971-b3b2-b0d051f38f75', '0ce77a5a-8283-47cd-9126-c440bcec4ef6', '4ee79a3d-a053-41b8-85b5-bb2eea3c9d1a'),
('fa246f62-bdb0-4c9b-9517-cbe10149c105','voltage','Voltage','dbcd9b33-f64d-4971-b3b2-b0d051f38f75', '430e5edb-e2b5-4f86-b19f-cda26a27e151', '6b5bd788-8c78-43bb-b5a3-ad544b858a64'),
('ebb90776-0501-4c1d-a33c-d0f2f8e7dfe3','precipitation','Precipitation','37ea4183-4fff-4847-8fbf-1f19b3e8d33f', '0ce77a5a-8283-47cd-9126-c440bcec4ef6', '4ee79a3d-a053-41b8-85b5-bb2eea3c9d1a'),
('0154eff5-3e3f-4e81-8a9b-8b5ae1e2d2f0','voltage','Voltage','37ea4183-4fff-4847-8fbf-1f19b3e8d33f', '430e5edb-e2b5-4f86-b19f-cda26a27e151', '6b5bd788-8c78-43bb-b5a3-ad544b858a64'),
('e7ee07d8-fb87-4907-b894-170e7f21fcfe','precipitation','Precipitation','04cf4bac-4b43-404e-a1b7-2399fb65f081', '0ce77a5a-8283-47cd-9126-c440bcec4ef6', '4ee79a3d-a053-41b8-85b5-bb2eea3c9d1a'),
('bd6d84af-df3f-412b-91a8-c2e54eb0ae1a','voltage','Voltage','04cf4bac-4b43-404e-a1b7-2399fb65f081', '430e5edb-e2b5-4f86-b19f-cda26a27e151', '6b5bd788-8c78-43bb-b5a3-ad544b858a64'),
('433783aa-4017-4932-b202-e962c2cdb5bd','precipitation','Precipitation','33306822-12ed-428e-aafe-a2c6817063cb', '0ce77a5a-8283-47cd-9126-c440bcec4ef6', '4ee79a3d-a053-41b8-85b5-bb2eea3c9d1a'),
('2dcd7771-8ac8-4849-b246-9bcfe82aaa9f','voltage','Voltage','33306822-12ed-428e-aafe-a2c6817063cb', '430e5edb-e2b5-4f86-b19f-cda26a27e151', '6b5bd788-8c78-43bb-b5a3-ad544b858a64'),
('70e3ef7f-349f-4907-b7ca-72158ba2ae01','precipitation','Precipitation','b6efff31-eb5a-47a5-a012-9579b760cbbb', '0ce77a5a-8283-47cd-9126-c440bcec4ef6', '4ee79a3d-a053-41b8-85b5-bb2eea3c9d1a'),
('4021edb9-c921-46af-ac19-3294b6a47a02','voltage','Voltage','b6efff31-eb5a-47a5-a012-9579b760cbbb', '430e5edb-e2b5-4f86-b19f-cda26a27e151', '6b5bd788-8c78-43bb-b5a3-ad544b858a64'),
('e373bdb6-9b16-4e32-9705-94a23cbae587','precipitation','Precipitation','2b40ce5e-ed05-47ab-ae0b-b86d3dc073b2', '0ce77a5a-8283-47cd-9126-c440bcec4ef6', '4ee79a3d-a053-41b8-85b5-bb2eea3c9d1a'),
('4c21f044-687c-497a-894f-28a5624e979b','voltage','Voltage','2b40ce5e-ed05-47ab-ae0b-b86d3dc073b2', '430e5edb-e2b5-4f86-b19f-cda26a27e151', '6b5bd788-8c78-43bb-b5a3-ad544b858a64'),
('bfb75940-4cb6-4dc0-841a-67372c26eabf','precipitation','Precipitation','6361dc32-0103-4fd7-85ec-6153049c9d18', '0ce77a5a-8283-47cd-9126-c440bcec4ef6', '4ee79a3d-a053-41b8-85b5-bb2eea3c9d1a'),
('b0e454d8-ca59-4efc-82e2-e1cf60d5f038','voltage','Voltage','6361dc32-0103-4fd7-85ec-6153049c9d18', '430e5edb-e2b5-4f86-b19f-cda26a27e151', '6b5bd788-8c78-43bb-b5a3-ad544b858a64'),
('a1e084ac-c7e6-4920-b23b-af76fb105332','precipitation','Precipitation','44e32a5a-d562-4a4a-b046-a4b048098cf9', '0ce77a5a-8283-47cd-9126-c440bcec4ef6', '4ee79a3d-a053-41b8-85b5-bb2eea3c9d1a'),
('fe4a029b-e6c8-4354-b466-8f32b942da8d','voltage','Voltage','44e32a5a-d562-4a4a-b046-a4b048098cf9', '430e5edb-e2b5-4f86-b19f-cda26a27e151', '6b5bd788-8c78-43bb-b5a3-ad544b858a64'),
('b5249b75-a409-4e93-be96-0fdaa0293b3b','precipitation','Precipitation','797b6026-6193-49ff-9eeb-ace2d8a5bbee', '0ce77a5a-8283-47cd-9126-c440bcec4ef6', '4ee79a3d-a053-41b8-85b5-bb2eea3c9d1a'),
('3bb392b8-dec6-45d1-89cc-2b6bab9966ec','voltage','Voltage','797b6026-6193-49ff-9eeb-ace2d8a5bbee', '430e5edb-e2b5-4f86-b19f-cda26a27e151', '6b5bd788-8c78-43bb-b5a3-ad544b858a64'),
('3c254fc3-5028-4e1b-8b7e-fb425b328d85','precipitation','Precipitation','20e34fab-e101-4f12-b358-5a3373a4f509', '0ce77a5a-8283-47cd-9126-c440bcec4ef6', '4ee79a3d-a053-41b8-85b5-bb2eea3c9d1a'),
('b9017fcf-4c23-4969-ae33-b017443d5f52','voltage','Voltage','20e34fab-e101-4f12-b358-5a3373a4f509', '430e5edb-e2b5-4f86-b19f-cda26a27e151', '6b5bd788-8c78-43bb-b5a3-ad544b858a64'),
('9e87e7d7-827c-4fd4-b57f-fab72287b428','precipitation','Precipitation','5cfaacd6-6663-4a1c-b273-d891a45fb3fa', '0ce77a5a-8283-47cd-9126-c440bcec4ef6', '4ee79a3d-a053-41b8-85b5-bb2eea3c9d1a'),
('c9b30ab8-b7a0-4865-a82b-77936a991f46','voltage','Voltage','5cfaacd6-6663-4a1c-b273-d891a45fb3fa', '430e5edb-e2b5-4f86-b19f-cda26a27e151', '6b5bd788-8c78-43bb-b5a3-ad544b858a64'),
('fef51cd2-bba0-4055-adcc-3c8dc2ab8d0c','precipitation','Precipitation','ea303996-318b-4c91-9cb5-8ec930a798ba', '0ce77a5a-8283-47cd-9126-c440bcec4ef6', '4ee79a3d-a053-41b8-85b5-bb2eea3c9d1a'),
('1c347d3b-ccd6-4c21-bb10-cc61549e1ca8','voltage','Voltage','ea303996-318b-4c91-9cb5-8ec930a798ba', '430e5edb-e2b5-4f86-b19f-cda26a27e151', '6b5bd788-8c78-43bb-b5a3-ad544b858a64'),
('24419672-5d57-41c5-be15-8564237f4ccc','precipitation','Precipitation','1cb91d49-b27f-4154-9330-b12d027e9eca', '0ce77a5a-8283-47cd-9126-c440bcec4ef6', '4ee79a3d-a053-41b8-85b5-bb2eea3c9d1a'),
('e37d2542-f658-4838-8775-aedf02d1af23','voltage','Voltage','1cb91d49-b27f-4154-9330-b12d027e9eca', '430e5edb-e2b5-4f86-b19f-cda26a27e151', '6b5bd788-8c78-43bb-b5a3-ad544b858a64'),
('aa95be36-9607-4021-b736-3528eb86441e','precipitation','Precipitation','2dad09ab-4c35-4bbd-97b9-248bf0c491ec', '0ce77a5a-8283-47cd-9126-c440bcec4ef6', '4ee79a3d-a053-41b8-85b5-bb2eea3c9d1a'),
('2702ad3d-bc3d-4701-9e5d-52d00b597072','voltage','Voltage','2dad09ab-4c35-4bbd-97b9-248bf0c491ec', '430e5edb-e2b5-4f86-b19f-cda26a27e151', '6b5bd788-8c78-43bb-b5a3-ad544b858a64'),
('47e48046-16e6-46ce-8f8a-0bed6492e432','precipitation','Precipitation','b5aa9d15-fa29-4171-9c73-6a5f07b0000f', '0ce77a5a-8283-47cd-9126-c440bcec4ef6', '4ee79a3d-a053-41b8-85b5-bb2eea3c9d1a'),
('49848861-6d27-4618-a814-91c9b23c6fa2','voltage','Voltage','b5aa9d15-fa29-4171-9c73-6a5f07b0000f', '430e5edb-e2b5-4f86-b19f-cda26a27e151', '6b5bd788-8c78-43bb-b5a3-ad544b858a64'),
('1cef02a2-b55d-45ef-b009-54d01e006301','precipitation','Precipitation','edbe96ae-03ff-423b-afcc-ac0ebadae0cf', '0ce77a5a-8283-47cd-9126-c440bcec4ef6', '4ee79a3d-a053-41b8-85b5-bb2eea3c9d1a'),
('19c43624-e2ec-49bf-8d36-4cca40f53429','voltage','Voltage','edbe96ae-03ff-423b-afcc-ac0ebadae0cf', '430e5edb-e2b5-4f86-b19f-cda26a27e151', '6b5bd788-8c78-43bb-b5a3-ad544b858a64'),
('4e00e469-2172-4dbd-b50c-f1d2d7122f0c','precipitation','Precipitation','db064dac-6cff-47ee-80dc-28a216ad53e1', '0ce77a5a-8283-47cd-9126-c440bcec4ef6', '4ee79a3d-a053-41b8-85b5-bb2eea3c9d1a'),
('701aff50-133a-4d7f-ac84-e7c0f166f478','voltage','Voltage','db064dac-6cff-47ee-80dc-28a216ad53e1', '430e5edb-e2b5-4f86-b19f-cda26a27e151', '6b5bd788-8c78-43bb-b5a3-ad544b858a64'),
('f998e6c8-b830-4f3e-bd8f-6e5131057b77','precipitation','Precipitation','8e305e48-9ebe-448f-9218-e2394c1777fa', '0ce77a5a-8283-47cd-9126-c440bcec4ef6', '4ee79a3d-a053-41b8-85b5-bb2eea3c9d1a'),
('a6ad0826-f969-486f-b231-41eb25cdcb1f','voltage','Voltage','8e305e48-9ebe-448f-9218-e2394c1777fa', '430e5edb-e2b5-4f86-b19f-cda26a27e151', '6b5bd788-8c78-43bb-b5a3-ad544b858a64'),
('563f3225-f62b-4311-9609-95137435f9cb','precipitation','Precipitation','8c2153f1-ae64-458e-bca1-b298eee58026', '0ce77a5a-8283-47cd-9126-c440bcec4ef6', '4ee79a3d-a053-41b8-85b5-bb2eea3c9d1a'),
('8fdc4ac1-1ac4-483c-bdab-b072dc4ea124','voltage','Voltage','8c2153f1-ae64-458e-bca1-b298eee58026', '430e5edb-e2b5-4f86-b19f-cda26a27e151', '6b5bd788-8c78-43bb-b5a3-ad544b858a64'),
('fc6ef6b3-e250-45fe-8754-df17c68a1893','precipitation','Precipitation','fc831455-2cc5-4b29-b82c-289b2cc756dd', '0ce77a5a-8283-47cd-9126-c440bcec4ef6', '4ee79a3d-a053-41b8-85b5-bb2eea3c9d1a'),
('90130443-05b2-4112-bd4f-e0e74aabde93','voltage','Voltage','fc831455-2cc5-4b29-b82c-289b2cc756dd', '430e5edb-e2b5-4f86-b19f-cda26a27e151', '6b5bd788-8c78-43bb-b5a3-ad544b858a64'),
('d9df8008-8739-439b-97c2-888ee6f28811','precipitation','Precipitation','f7f47ca2-7747-41f6-9946-e2863d2d2545', '0ce77a5a-8283-47cd-9126-c440bcec4ef6', '4ee79a3d-a053-41b8-85b5-bb2eea3c9d1a'),
('c252f9c5-aafc-4a00-a02a-f2cd28b23b62','voltage','Voltage','f7f47ca2-7747-41f6-9946-e2863d2d2545', '430e5edb-e2b5-4f86-b19f-cda26a27e151', '6b5bd788-8c78-43bb-b5a3-ad544b858a64'),
('3dd681c6-c580-4e17-9554-686ee35caa0a','precipitation','Precipitation','13ca7835-d50a-49a8-b4d2-96e2d6b2af99', '0ce77a5a-8283-47cd-9126-c440bcec4ef6', '4ee79a3d-a053-41b8-85b5-bb2eea3c9d1a'),
('76aea400-0030-436a-93cc-8553742691e5','voltage','Voltage','13ca7835-d50a-49a8-b4d2-96e2d6b2af99', '430e5edb-e2b5-4f86-b19f-cda26a27e151', '6b5bd788-8c78-43bb-b5a3-ad544b858a64'),
('9c0ca78f-a34d-4066-a35a-0ce7b7a6be0c','precipitation','Precipitation','7fdeafa2-84d6-4f30-8b16-23943c42eb50', '0ce77a5a-8283-47cd-9126-c440bcec4ef6', '4ee79a3d-a053-41b8-85b5-bb2eea3c9d1a'),
('2cc89d17-5e53-4709-9f2a-f7cecfe796e6','voltage','Voltage','7fdeafa2-84d6-4f30-8b16-23943c42eb50', '430e5edb-e2b5-4f86-b19f-cda26a27e151', '6b5bd788-8c78-43bb-b5a3-ad544b858a64'),
('f4fb345c-d4eb-4eac-ae00-a4f3d4b0404d','precipitation','Precipitation','c34690c1-3458-4a1c-a2a6-589d167a5262', '0ce77a5a-8283-47cd-9126-c440bcec4ef6', '4ee79a3d-a053-41b8-85b5-bb2eea3c9d1a'),
('512d37e3-06d4-4b07-a61b-edee857a9e6a','voltage','Voltage','c34690c1-3458-4a1c-a2a6-589d167a5262', '430e5edb-e2b5-4f86-b19f-cda26a27e151', '6b5bd788-8c78-43bb-b5a3-ad544b858a64'),
('7ab6f002-9519-4ad4-92ae-5820ae8774cb','precipitation','Precipitation','8118ee71-ca6f-4d66-99a8-e696a8017f47', '0ce77a5a-8283-47cd-9126-c440bcec4ef6', '4ee79a3d-a053-41b8-85b5-bb2eea3c9d1a'),
('113b3f38-e96c-40ec-9b24-eb2238733c3b','voltage','Voltage','8118ee71-ca6f-4d66-99a8-e696a8017f47', '430e5edb-e2b5-4f86-b19f-cda26a27e151', '6b5bd788-8c78-43bb-b5a3-ad544b858a64'),
('7f8a991a-3cf0-4a7c-9b14-dfcbb35a0508','precipitation','Precipitation','9b7b7ead-8095-4ddb-8ead-13dcc7193ad5', '0ce77a5a-8283-47cd-9126-c440bcec4ef6', '4ee79a3d-a053-41b8-85b5-bb2eea3c9d1a'),
('bea43630-5560-43b4-931d-932fd04cbb4c','voltage','Voltage','9b7b7ead-8095-4ddb-8ead-13dcc7193ad5', '430e5edb-e2b5-4f86-b19f-cda26a27e151', '6b5bd788-8c78-43bb-b5a3-ad544b858a64'),
('b5b03f62-4fda-48fa-a303-7c8d5410967c','precipitation','Precipitation','54371694-49dd-4538-a80b-c0a7957ef47d', '0ce77a5a-8283-47cd-9126-c440bcec4ef6', '4ee79a3d-a053-41b8-85b5-bb2eea3c9d1a'),
('be98721d-6314-4ccc-ac01-3662f7d6926a','voltage','Voltage','54371694-49dd-4538-a80b-c0a7957ef47d', '430e5edb-e2b5-4f86-b19f-cda26a27e151', '6b5bd788-8c78-43bb-b5a3-ad544b858a64'),
('559575c6-430e-4880-9e46-1f47dfd74ff0','precipitation','Precipitation','ba77f258-c0f6-4c0b-a9e1-965fbcc1f59d', '0ce77a5a-8283-47cd-9126-c440bcec4ef6', '4ee79a3d-a053-41b8-85b5-bb2eea3c9d1a'),
('46c6b6a0-6609-41af-a737-899378376d3a','voltage','Voltage','ba77f258-c0f6-4c0b-a9e1-965fbcc1f59d', '430e5edb-e2b5-4f86-b19f-cda26a27e151', '6b5bd788-8c78-43bb-b5a3-ad544b858a64'),
('ba370bb0-4f32-4c21-acc1-417dc34771eb','precipitation','Precipitation','4bc398fe-350a-4dfe-98c8-a305f2b4dfd5', '0ce77a5a-8283-47cd-9126-c440bcec4ef6', '4ee79a3d-a053-41b8-85b5-bb2eea3c9d1a'),
('f2dcc123-0f22-44c5-8a9e-b092509bfb18','voltage','Voltage','4bc398fe-350a-4dfe-98c8-a305f2b4dfd5', '430e5edb-e2b5-4f86-b19f-cda26a27e151', '6b5bd788-8c78-43bb-b5a3-ad544b858a64'),
('8abfb7b7-1e51-4e59-9390-3dba655b55f2','precipitation','Precipitation','dfb6d402-55a0-4cc6-b354-0167a546972f', '0ce77a5a-8283-47cd-9126-c440bcec4ef6', '4ee79a3d-a053-41b8-85b5-bb2eea3c9d1a'),
('5bbaa259-5cb0-4726-806c-1e6a104f1c44','voltage','Voltage','dfb6d402-55a0-4cc6-b354-0167a546972f', '430e5edb-e2b5-4f86-b19f-cda26a27e151', '6b5bd788-8c78-43bb-b5a3-ad544b858a64'),
('d7c46016-a803-43f5-8e46-c3b7135e048d','precipitation','Precipitation','157457d3-7511-4a2f-870b-058ac60456c5', '0ce77a5a-8283-47cd-9126-c440bcec4ef6', '4ee79a3d-a053-41b8-85b5-bb2eea3c9d1a'),
('979edf2f-d374-4fe7-b15a-eba2cc5bdd2d','voltage','Voltage','157457d3-7511-4a2f-870b-058ac60456c5', '430e5edb-e2b5-4f86-b19f-cda26a27e151', '6b5bd788-8c78-43bb-b5a3-ad544b858a64'),
('d0fe44d5-75bc-4d5b-8e97-3f3129c818b0','precipitation','Precipitation','e4855877-4a91-4788-a56b-a07ed68b70bd', '0ce77a5a-8283-47cd-9126-c440bcec4ef6', '4ee79a3d-a053-41b8-85b5-bb2eea3c9d1a'),
('e46213f3-84c7-4fa1-8991-dc310220ca3f','voltage','Voltage','e4855877-4a91-4788-a56b-a07ed68b70bd', '430e5edb-e2b5-4f86-b19f-cda26a27e151', '6b5bd788-8c78-43bb-b5a3-ad544b858a64'),
('c28fcef6-6b06-42fd-b92e-3afdea90261b','precipitation','Precipitation','2f0e900c-46d6-43b7-860d-97c5f926087a', '0ce77a5a-8283-47cd-9126-c440bcec4ef6', '4ee79a3d-a053-41b8-85b5-bb2eea3c9d1a'),
('94bd1cc3-c542-4a3c-b749-82ad7de35431','voltage','Voltage','2f0e900c-46d6-43b7-860d-97c5f926087a', '430e5edb-e2b5-4f86-b19f-cda26a27e151', '6b5bd788-8c78-43bb-b5a3-ad544b858a64'),
('35a85081-f149-4f7c-8f0b-a06811130e3f','precipitation','Precipitation','64872cb0-3cee-4401-ab82-07dacec94332', '0ce77a5a-8283-47cd-9126-c440bcec4ef6', '4ee79a3d-a053-41b8-85b5-bb2eea3c9d1a'),
('ecc5a3f3-4d21-4c4a-a9e7-b4aabd6eb7f5','voltage','Voltage','64872cb0-3cee-4401-ab82-07dacec94332', '430e5edb-e2b5-4f86-b19f-cda26a27e151', '6b5bd788-8c78-43bb-b5a3-ad544b858a64'),
('23e434cf-b8fd-4978-9a23-2504540e5551','precipitation','Precipitation','296cdc3f-33d8-4bb4-b635-19c9220bff21', '0ce77a5a-8283-47cd-9126-c440bcec4ef6', '4ee79a3d-a053-41b8-85b5-bb2eea3c9d1a'),
('fe51ac5b-27d7-4184-abd7-d844fb5d5e93','voltage','Voltage','296cdc3f-33d8-4bb4-b635-19c9220bff21', '430e5edb-e2b5-4f86-b19f-cda26a27e151', '6b5bd788-8c78-43bb-b5a3-ad544b858a64'),
('9076857d-44fd-46c2-a2de-03c788797358','precipitation','Precipitation','d5d7aa92-f322-4f57-8ae9-5370c7003a22', '0ce77a5a-8283-47cd-9126-c440bcec4ef6', '4ee79a3d-a053-41b8-85b5-bb2eea3c9d1a'),
('e20fe792-6256-4496-a345-550a5d53d910','voltage','Voltage','d5d7aa92-f322-4f57-8ae9-5370c7003a22', '430e5edb-e2b5-4f86-b19f-cda26a27e151', '6b5bd788-8c78-43bb-b5a3-ad544b858a64'),
('80db43a3-71a0-4c53-bc3d-68696edc6f0c','precipitation','Precipitation','110788eb-58a4-455f-a42e-46b63166594b', '0ce77a5a-8283-47cd-9126-c440bcec4ef6', '4ee79a3d-a053-41b8-85b5-bb2eea3c9d1a'),
('89e4bf93-fcfa-432c-adf8-80b20e91f793','voltage','Voltage','110788eb-58a4-455f-a42e-46b63166594b', '430e5edb-e2b5-4f86-b19f-cda26a27e151', '6b5bd788-8c78-43bb-b5a3-ad544b858a64'),
('2c87d0ca-906b-40aa-bf6f-06554d71a507','stage','Stage','b86f6057-5868-4dba-bfbb-656a2162ec98', 'b49f214e-f69f-43da-9ce3-ad96042268d0', 'f777f2e2-5e32-424e-a1ca-19d16cd8abce'),
('7f073372-2ab8-438c-8fcc-3def65f55938','stage','Stage','ab5d663c-de4f-4a1e-88f0-639e564ad0cc', 'b49f214e-f69f-43da-9ce3-ad96042268d0', 'f777f2e2-5e32-424e-a1ca-19d16cd8abce'),
('bee69b4f-84e9-4212-8f00-20df59faceb3','stage','Stage','075cae49-3711-403c-ad4e-b8a82089644c', 'b49f214e-f69f-43da-9ce3-ad96042268d0', 'f777f2e2-5e32-424e-a1ca-19d16cd8abce'),
('8e198a1c-e05c-4151-bba3-875dbf28bcd6','stage','Stage','0e79ac93-8e79-4848-9379-9e489a47dcc2', 'b49f214e-f69f-43da-9ce3-ad96042268d0', 'f777f2e2-5e32-424e-a1ca-19d16cd8abce'),
('74d02a48-14b5-4e9f-a939-20044ecbd553','stage','Stage','35f1ba1e-b1b6-4833-bf9a-879ce11064df', 'b49f214e-f69f-43da-9ce3-ad96042268d0', 'f777f2e2-5e32-424e-a1ca-19d16cd8abce'),
('65bdb163-747e-47d4-9d8d-404778c1ef2b','stage','Stage','920a85e9-4359-46bd-b50a-68a5cf4eb33d', 'b49f214e-f69f-43da-9ce3-ad96042268d0', 'f777f2e2-5e32-424e-a1ca-19d16cd8abce'),
('2df4fff8-2578-4768-b5c5-aaac31d7d253','stage','Stage','fa538300-9734-4173-b0c6-872e7f56529d', 'b49f214e-f69f-43da-9ce3-ad96042268d0', 'f777f2e2-5e32-424e-a1ca-19d16cd8abce'),
('728e2a01-487d-40a5-a420-dd7c594bf6f6','elevation','Elevation','fe20f70e-14d4-4af7-981e-de83eb6edbdd', '83b5a1f7-948b-4373-a47c-d73ff622aafd', 'f777f2e2-5e32-424e-a1ca-19d16cd8abce'),
('6fec5432-625c-4c84-88a8-8250801f236d','stage','Stage','c25aacf9-8a4c-4424-a57f-cea575deeac7', 'b49f214e-f69f-43da-9ce3-ad96042268d0', 'f777f2e2-5e32-424e-a1ca-19d16cd8abce'),
('3ba95c24-df08-46e0-9d33-04fc0a5e107d','stage','Stage','dbd0124e-ca79-4819-9e49-cd486ba854ef', 'b49f214e-f69f-43da-9ce3-ad96042268d0', 'f777f2e2-5e32-424e-a1ca-19d16cd8abce'),
('a6473a6f-4d36-4938-9008-f6f5f6ce25a0','precipitation','Precipitation','dbd0124e-ca79-4819-9e49-cd486ba854ef', '0ce77a5a-8283-47cd-9126-c440bcec4ef6', '4ee79a3d-a053-41b8-85b5-bb2eea3c9d1a'),
('ccec0b13-cc34-4378-8c46-1fba48840918','stage','Stage','b21e5c78-d0f1-4fb5-9b3e-e4b3a8b6906b', 'b49f214e-f69f-43da-9ce3-ad96042268d0', 'f777f2e2-5e32-424e-a1ca-19d16cd8abce'),
('a6b8db6a-34cf-4d10-8aeb-6d790edcb98a','precipitation','Precipitation','b21e5c78-d0f1-4fb5-9b3e-e4b3a8b6906b', '0ce77a5a-8283-47cd-9126-c440bcec4ef6', '4ee79a3d-a053-41b8-85b5-bb2eea3c9d1a'),
('a1ad8f6b-30cb-4d79-ac0a-726a313cb796','stage','Stage','2e7c6699-8253-4a8e-84b9-72c135be137a', 'b49f214e-f69f-43da-9ce3-ad96042268d0', 'f777f2e2-5e32-424e-a1ca-19d16cd8abce'),
('b7ed86f8-8e4f-4a87-b804-0b3e6038eb83','stage','Stage','5c7d40b8-035e-4312-aad0-17c62f51f776', 'b49f214e-f69f-43da-9ce3-ad96042268d0', 'f777f2e2-5e32-424e-a1ca-19d16cd8abce'),
('b6b7746e-5fd6-4758-b832-8e00c288a6ae','precipitation','Precipitation','5c7d40b8-035e-4312-aad0-17c62f51f776', '0ce77a5a-8283-47cd-9126-c440bcec4ef6', '4ee79a3d-a053-41b8-85b5-bb2eea3c9d1a'),
('523c9712-5ff3-42ba-823c-76a24c89a32a','stage','Stage','cc2a8374-113d-42d5-9403-f4938cb49b68', 'b49f214e-f69f-43da-9ce3-ad96042268d0', 'f777f2e2-5e32-424e-a1ca-19d16cd8abce'),
('35d30f96-c1d8-451c-83ef-8cef5bedb0fb','precipitation','Precipitation','cc2a8374-113d-42d5-9403-f4938cb49b68', '0ce77a5a-8283-47cd-9126-c440bcec4ef6', '4ee79a3d-a053-41b8-85b5-bb2eea3c9d1a'),
('1c4e7b3f-94ef-43d1-8443-cb3656b5b872','stage','Stage','961a6c04-7020-4b8e-aa0c-64205cc544cc', 'b49f214e-f69f-43da-9ce3-ad96042268d0', 'f777f2e2-5e32-424e-a1ca-19d16cd8abce'),
('92e3ce3f-df70-4919-8f85-2939083f9501','precipitation','Precipitation','961a6c04-7020-4b8e-aa0c-64205cc544cc', '0ce77a5a-8283-47cd-9126-c440bcec4ef6', '4ee79a3d-a053-41b8-85b5-bb2eea3c9d1a'),
('00d88b2c-7b30-4c1f-b4da-3fadaaa8d7db','stage','Stage','fddf8697-d3f4-4cc9-8393-e0cdd7a8f55d', 'b49f214e-f69f-43da-9ce3-ad96042268d0', 'f777f2e2-5e32-424e-a1ca-19d16cd8abce'),
('d446731a-e0af-470f-ba69-559752623854','stage','Stage','3298617d-22b8-49d5-8cb0-082ab27b8b60', 'b49f214e-f69f-43da-9ce3-ad96042268d0', 'f777f2e2-5e32-424e-a1ca-19d16cd8abce'),
('42154340-b77b-415a-b942-023ae94ff076','stage','Stage','5581265e-fa12-4631-afdc-32821e6ca604', 'b49f214e-f69f-43da-9ce3-ad96042268d0', 'f777f2e2-5e32-424e-a1ca-19d16cd8abce'),
('cf336d64-60ed-4b21-ac5b-465f35b210f7','stage','Stage','f01f6b6e-1e94-4a49-8a98-8e804386393c', 'b49f214e-f69f-43da-9ce3-ad96042268d0', 'f777f2e2-5e32-424e-a1ca-19d16cd8abce'),
('44ccdb43-14ed-41bf-bb28-8181f2eb54a7','stage','Stage','24a2a109-c98b-4e35-9edc-2fef17293800', 'b49f214e-f69f-43da-9ce3-ad96042268d0', 'f777f2e2-5e32-424e-a1ca-19d16cd8abce'),
('4e487c87-7c05-4dc1-a0f8-6a1ccbf6c0da','stage','Stage','0af25a49-849d-4390-a68b-4e12e8c3ebb6', 'b49f214e-f69f-43da-9ce3-ad96042268d0', 'f777f2e2-5e32-424e-a1ca-19d16cd8abce'),
('d2e0a934-98b4-4edc-9608-5838e0c3b934','stage','Stage','1709861a-cdbe-42a0-9ad0-e9ada5c3224f', 'b49f214e-f69f-43da-9ce3-ad96042268d0', 'f777f2e2-5e32-424e-a1ca-19d16cd8abce'),
('df10c6ef-a212-4abd-9fdb-0fdb48feab9c','stage','Stage','5223a08f-351a-4220-b5a4-765ad2f4c61e', 'b49f214e-f69f-43da-9ce3-ad96042268d0', 'f777f2e2-5e32-424e-a1ca-19d16cd8abce'),
('a75e2c22-ecf9-44bc-8291-6e1ada52a90f','stage','Stage','e133e4de-82e9-4698-8f6a-f0ddd17236af', 'b49f214e-f69f-43da-9ce3-ad96042268d0', 'f777f2e2-5e32-424e-a1ca-19d16cd8abce'),
('ada5cb2d-995d-4aef-970b-561469220263','elevation','Elevation','f76b8659-da4b-493e-8b4f-c7c76a78edf6', '83b5a1f7-948b-4373-a47c-d73ff622aafd', 'f777f2e2-5e32-424e-a1ca-19d16cd8abce'),
('4b939fed-720a-4d53-ab77-2cd15d45d48e','stage','Stage','3906bc22-205e-41e0-a101-1c2394a1d851', 'b49f214e-f69f-43da-9ce3-ad96042268d0', 'f777f2e2-5e32-424e-a1ca-19d16cd8abce'),
('5d759b95-ffbf-4872-8e26-000e73cc4efc','stage','Stage','835d4931-4b3b-4e05-bc7e-f0f719d60713', 'b49f214e-f69f-43da-9ce3-ad96042268d0', 'f777f2e2-5e32-424e-a1ca-19d16cd8abce'),
('1f9fbaa8-38c9-43d4-98ae-3d83f91969fc','elevation','Elevation','9a4c1b7d-6fa8-4d77-9b49-a0c4ba3bd242', '83b5a1f7-948b-4373-a47c-d73ff622aafd', 'f777f2e2-5e32-424e-a1ca-19d16cd8abce'),
('6016f470-9c84-4bc8-9393-a18f75c94286','stage','Stage','9a4c1b7d-6fa8-4d77-9b49-a0c4ba3bd242', 'b49f214e-f69f-43da-9ce3-ad96042268d0', 'f777f2e2-5e32-424e-a1ca-19d16cd8abce'),
('46795fe6-f632-4e20-b96d-e9b3ca593dc3','stage','Stage','753288b8-5b1d-4e71-89b0-733a7e7996d4', 'b49f214e-f69f-43da-9ce3-ad96042268d0', 'f777f2e2-5e32-424e-a1ca-19d16cd8abce'),
('4f5e5f20-48dc-4203-b7df-cc578a9a49bc','stage','Stage','88aea7e3-4390-4cf0-b298-e45d54fdea96', 'b49f214e-f69f-43da-9ce3-ad96042268d0', 'f777f2e2-5e32-424e-a1ca-19d16cd8abce'),
('bc6ef19f-3f6d-4535-b370-1df950efebc2','stage','Stage','d0d543e1-6acd-4743-9a7f-7d708f477e03', 'b49f214e-f69f-43da-9ce3-ad96042268d0', 'f777f2e2-5e32-424e-a1ca-19d16cd8abce'),
('86b166a4-00a0-413b-b942-6c28d441b750','stage','Stage','a1d87917-e2c3-47ed-8d45-7cdf8a5f74f9', 'b49f214e-f69f-43da-9ce3-ad96042268d0', 'f777f2e2-5e32-424e-a1ca-19d16cd8abce'),
('b47981ff-e7f1-4885-aae7-c3c02fe0be28','precipitation','Precipitation','a1d87917-e2c3-47ed-8d45-7cdf8a5f74f9', '0ce77a5a-8283-47cd-9126-c440bcec4ef6', '4ee79a3d-a053-41b8-85b5-bb2eea3c9d1a'),
('6f548143-fd62-47b9-80d8-255d4df136ff','elevation','Elevation','635f626f-5f82-421c-8433-c018ba59ee72', '83b5a1f7-948b-4373-a47c-d73ff622aafd', 'f777f2e2-5e32-424e-a1ca-19d16cd8abce'),
('8a452d04-3ec6-4f12-9e05-a9f7d827e0bb','stage','Stage','1d86025b-be61-4051-b444-e3d10bd8087d', 'b49f214e-f69f-43da-9ce3-ad96042268d0', 'f777f2e2-5e32-424e-a1ca-19d16cd8abce'),
('12f51ddf-bf84-4a59-8847-2d1f346f48a4','stage','Stage','2ffbdcef-f1f7-4b87-bf78-4149380110ec', 'b49f214e-f69f-43da-9ce3-ad96042268d0', 'f777f2e2-5e32-424e-a1ca-19d16cd8abce'),
('50dd2419-006e-41a1-a231-629e70b4c5d7','stage','Stage','6160c5f3-840c-4546-a070-147ce1f912db', 'b49f214e-f69f-43da-9ce3-ad96042268d0', 'f777f2e2-5e32-424e-a1ca-19d16cd8abce'),
('4ba36495-2c28-461b-9c73-871c3a973b4d','stage','Stage','fdb09f84-16d2-4df0-b15e-d6c6e032a330', 'b49f214e-f69f-43da-9ce3-ad96042268d0', 'f777f2e2-5e32-424e-a1ca-19d16cd8abce'),
('02c756e1-cde7-41a6-8c7f-d0392032bbdd','stage','Stage','0e8afb77-242a-4c9a-ac53-ba6374bcd69a', 'b49f214e-f69f-43da-9ce3-ad96042268d0', 'f777f2e2-5e32-424e-a1ca-19d16cd8abce'),
('825ed2f0-174b-4c81-97a1-9e6cf9a26fb5','stage','Stage','b0710c91-037e-43c2-835b-50a8e886641c', 'b49f214e-f69f-43da-9ce3-ad96042268d0', 'f777f2e2-5e32-424e-a1ca-19d16cd8abce'),
('4ecdfa32-87d1-46e0-a155-bceae6413d9b','precipitation','Precipitation','b0710c91-037e-43c2-835b-50a8e886641c', '0ce77a5a-8283-47cd-9126-c440bcec4ef6', '4ee79a3d-a053-41b8-85b5-bb2eea3c9d1a'),
('438cb20b-f75c-417b-b6f5-341bb34d4209','stage','Stage','cc93dd61-eb3c-4533-8c8f-c3a00a3f34b5', 'b49f214e-f69f-43da-9ce3-ad96042268d0', 'f777f2e2-5e32-424e-a1ca-19d16cd8abce'),
('2205864c-9337-4e5c-8866-086531d2912f','precipitation','Precipitation','cc93dd61-eb3c-4533-8c8f-c3a00a3f34b5', '0ce77a5a-8283-47cd-9126-c440bcec4ef6', '4ee79a3d-a053-41b8-85b5-bb2eea3c9d1a'),
('a69663bf-a079-4fa7-a4e4-f9f46243fece','stage','Stage','cd360bbc-1a07-440f-b829-c1fc9434c6f9', 'b49f214e-f69f-43da-9ce3-ad96042268d0', 'f777f2e2-5e32-424e-a1ca-19d16cd8abce'),
('044fce93-d3e5-4ec4-8ded-5fd0fc3d8c8b','stage','Stage','25c68087-a418-4db4-b24a-9c23257ca85d', 'b49f214e-f69f-43da-9ce3-ad96042268d0', 'f777f2e2-5e32-424e-a1ca-19d16cd8abce'),
('92aa5501-a635-43b7-9b28-f0078e04d256','precipitation','Precipitation','25c68087-a418-4db4-b24a-9c23257ca85d', '0ce77a5a-8283-47cd-9126-c440bcec4ef6', '4ee79a3d-a053-41b8-85b5-bb2eea3c9d1a'),
('7c859f45-e3ab-41fa-9472-5bf0be7a8744','stage','Stage','8ffd1a0d-e4ac-4047-a025-666809a2db77', 'b49f214e-f69f-43da-9ce3-ad96042268d0', 'f777f2e2-5e32-424e-a1ca-19d16cd8abce'),
('d3a9cb20-420a-4eed-8cd8-ea7cc57545b0','precipitation','Precipitation','8ffd1a0d-e4ac-4047-a025-666809a2db77', '0ce77a5a-8283-47cd-9126-c440bcec4ef6', '4ee79a3d-a053-41b8-85b5-bb2eea3c9d1a'),
('15a42388-7520-4d75-be0d-b05728393f6a','stage','Stage','da88203f-2166-4612-8d62-8df5370ad149', 'b49f214e-f69f-43da-9ce3-ad96042268d0', 'f777f2e2-5e32-424e-a1ca-19d16cd8abce'),
('7d5a532a-8aff-4cab-bc80-2ce838d9be75','precipitation','Precipitation','da88203f-2166-4612-8d62-8df5370ad149', '0ce77a5a-8283-47cd-9126-c440bcec4ef6', '4ee79a3d-a053-41b8-85b5-bb2eea3c9d1a'),
('2ad87ea9-4e03-409e-93dc-7ae923213edb','stage','Stage','07106257-d553-485c-8b23-eaab7bf1afa5', 'b49f214e-f69f-43da-9ce3-ad96042268d0', 'f777f2e2-5e32-424e-a1ca-19d16cd8abce'),
('4ab61545-a699-483a-bc6e-87fc06440333','precipitation','Precipitation','07106257-d553-485c-8b23-eaab7bf1afa5', '0ce77a5a-8283-47cd-9126-c440bcec4ef6', '4ee79a3d-a053-41b8-85b5-bb2eea3c9d1a'),
('f6f0a59c-ce90-4758-bc32-2ee9a19c5642','stage','Stage','24aa2d2f-0cfb-4c62-9cf5-e895c95f2cf6', 'b49f214e-f69f-43da-9ce3-ad96042268d0', 'f777f2e2-5e32-424e-a1ca-19d16cd8abce'),
('6775b1ef-a482-4162-8732-afe3830365bc','stage','Stage','085917e0-6b5b-4830-bf47-b8566c3302f0', 'b49f214e-f69f-43da-9ce3-ad96042268d0', 'f777f2e2-5e32-424e-a1ca-19d16cd8abce'),
('a532bdd3-85fb-4996-b5f1-060798ab8c94','stage','Stage','86152f13-f4e1-4579-aea8-07e114bfcbec', 'b49f214e-f69f-43da-9ce3-ad96042268d0', 'f777f2e2-5e32-424e-a1ca-19d16cd8abce'),
('d8451a19-9785-4efa-a88a-dceda2003d0b','precipitation','Precipitation','86152f13-f4e1-4579-aea8-07e114bfcbec', '0ce77a5a-8283-47cd-9126-c440bcec4ef6', '4ee79a3d-a053-41b8-85b5-bb2eea3c9d1a'),
('54e8e52a-bbda-4423-aea0-2e6c26867ec0','stage','Stage','f11e33fc-a3ee-4b80-9605-9347432e5df3', 'b49f214e-f69f-43da-9ce3-ad96042268d0', 'f777f2e2-5e32-424e-a1ca-19d16cd8abce'),
('a0d0a68a-1fdb-4525-a5e9-03cc82d171b6','precipitation','Precipitation','f11e33fc-a3ee-4b80-9605-9347432e5df3', '0ce77a5a-8283-47cd-9126-c440bcec4ef6', '4ee79a3d-a053-41b8-85b5-bb2eea3c9d1a'),
('bae87204-3d8c-4c5f-9f5b-2d990c13de02','stage','Stage','5bdee068-26ac-4ff3-839d-9ef105e50726', 'b49f214e-f69f-43da-9ce3-ad96042268d0', 'f777f2e2-5e32-424e-a1ca-19d16cd8abce'),
('5fe6663e-0d70-4d5f-8283-57d8afc19078','elevation','Elevation','9a620f85-958c-4de8-801a-9b072ee4036d', '83b5a1f7-948b-4373-a47c-d73ff622aafd', 'f777f2e2-5e32-424e-a1ca-19d16cd8abce'),
('f8ab1c99-ff10-4d1e-9759-74eea41be196','stage','Stage','9a620f85-958c-4de8-801a-9b072ee4036d', 'b49f214e-f69f-43da-9ce3-ad96042268d0', 'f777f2e2-5e32-424e-a1ca-19d16cd8abce'),
('4c4f3409-7e94-417b-b2ee-e9477c96e06a','elevation','Elevation','d9a6229e-0cd9-45a4-95de-ed1dd70e29aa', '83b5a1f7-948b-4373-a47c-d73ff622aafd', 'f777f2e2-5e32-424e-a1ca-19d16cd8abce'),
('bfa644d0-f3f5-4f10-9b47-293804af3ba9','stage','Stage','90de9154-14a2-4879-999d-d32b24613df9', 'b49f214e-f69f-43da-9ce3-ad96042268d0', 'f777f2e2-5e32-424e-a1ca-19d16cd8abce'),
('78ab99f5-58ac-4e12-b555-8a653d997aef','precipitation','Precipitation','90de9154-14a2-4879-999d-d32b24613df9', '0ce77a5a-8283-47cd-9126-c440bcec4ef6', '4ee79a3d-a053-41b8-85b5-bb2eea3c9d1a'),
('b1db6c42-c890-4141-968f-a31d1fc4e596','stage','Stage','5d4634fb-d9df-4301-91db-77e15b899faa', 'b49f214e-f69f-43da-9ce3-ad96042268d0', 'f777f2e2-5e32-424e-a1ca-19d16cd8abce'),
('d06e4369-f2b5-4866-b9ea-4abfae4172e4','precipitation','Precipitation','5d4634fb-d9df-4301-91db-77e15b899faa', '0ce77a5a-8283-47cd-9126-c440bcec4ef6', '4ee79a3d-a053-41b8-85b5-bb2eea3c9d1a'),
('fa5fe0ba-e8f1-4ee2-b1e7-d4c0dfa633a2','stage','Stage','4a0fbbb9-d0cf-49cf-839b-01bf851602a0', 'b49f214e-f69f-43da-9ce3-ad96042268d0', 'f777f2e2-5e32-424e-a1ca-19d16cd8abce'),
('9d5c64e4-3ebc-447d-ad49-a62ce7d7371e','stage','Stage','6098b9e5-23f5-459a-8cdc-624f57642fe9', 'b49f214e-f69f-43da-9ce3-ad96042268d0', 'f777f2e2-5e32-424e-a1ca-19d16cd8abce'),
('d265c261-dcbc-4e83-827e-307aba3ec50f','stage','Stage','80005a8a-6265-43f8-992a-e4f154c47867', 'b49f214e-f69f-43da-9ce3-ad96042268d0', 'f777f2e2-5e32-424e-a1ca-19d16cd8abce'),
('88621fb6-ced5-461c-bba3-20cbf01dab05','stage','Stage','f33c5172-e4e4-40d5-b1cb-d2d76827efa7', 'b49f214e-f69f-43da-9ce3-ad96042268d0', 'f777f2e2-5e32-424e-a1ca-19d16cd8abce'),
('f8d57a0b-a56d-4067-934f-1c272b716d3e','stage','Stage','679b966f-2ad6-4318-8d7e-85ce1cd1d837', 'b49f214e-f69f-43da-9ce3-ad96042268d0', 'f777f2e2-5e32-424e-a1ca-19d16cd8abce'),
('9c11ab84-a694-41c3-b863-bb22406248ea','precipitation','Precipitation','679b966f-2ad6-4318-8d7e-85ce1cd1d837', '0ce77a5a-8283-47cd-9126-c440bcec4ef6', '4ee79a3d-a053-41b8-85b5-bb2eea3c9d1a'),
('685a6739-4a14-4018-8ad4-23aa0bbd6435','stage','Stage','34dd678e-1be8-48f9-be99-aabde5aee463', 'b49f214e-f69f-43da-9ce3-ad96042268d0', 'f777f2e2-5e32-424e-a1ca-19d16cd8abce'),
('9e8ad043-e153-4924-b8dc-f3f0653e0095','precipitation','Precipitation','34dd678e-1be8-48f9-be99-aabde5aee463', '0ce77a5a-8283-47cd-9126-c440bcec4ef6', '4ee79a3d-a053-41b8-85b5-bb2eea3c9d1a'),
('7b7f49c0-041c-4f4c-a26b-f9afd377ac9a','stage','Stage','d224fa32-7937-4471-91d4-4116ec1a06c2', 'b49f214e-f69f-43da-9ce3-ad96042268d0', 'f777f2e2-5e32-424e-a1ca-19d16cd8abce'),
('bf1cb5cb-2621-413c-9595-f58631ce6a7c','stage','Stage','1dbef7be-5328-4bff-aafa-f0f379ad0305', 'b49f214e-f69f-43da-9ce3-ad96042268d0', 'f777f2e2-5e32-424e-a1ca-19d16cd8abce'),
('fe302ca0-e1e7-476d-9747-c37976df6210','stage','Stage','e1335024-0a0d-4047-a1e4-492256a9b7c2', 'b49f214e-f69f-43da-9ce3-ad96042268d0', 'f777f2e2-5e32-424e-a1ca-19d16cd8abce'),
('0fb6085a-b576-4f6e-b680-17afbaa6808e','stage','Stage','30f39465-009d-4fc3-8cc3-d5c42df0d985', 'b49f214e-f69f-43da-9ce3-ad96042268d0', 'f777f2e2-5e32-424e-a1ca-19d16cd8abce'),
('0f9fc71b-51c4-48fc-9d87-95bcfcafc94a','stage','Stage','807cb3c5-d1ea-4da3-aa6d-223c1cf64e13', 'b49f214e-f69f-43da-9ce3-ad96042268d0', 'f777f2e2-5e32-424e-a1ca-19d16cd8abce'),
('5cd04e95-c49c-4b7d-9035-c48291ae4ede','stage','Stage','1a7bdbd8-225f-4766-b72f-0c9d7057ef89', 'b49f214e-f69f-43da-9ce3-ad96042268d0', 'f777f2e2-5e32-424e-a1ca-19d16cd8abce'),
('b8b7078f-5969-497c-b530-7e65894e1c81','stage','Stage','06d201c5-3a8f-46d9-ae08-04415d990b5a', 'b49f214e-f69f-43da-9ce3-ad96042268d0', 'f777f2e2-5e32-424e-a1ca-19d16cd8abce'),
('00d91062-180e-487a-b346-92d3c1fb515d','stage','Stage','0d4cdf2f-9dcf-4644-b4e2-d5d30c1c3073', 'b49f214e-f69f-43da-9ce3-ad96042268d0', 'f777f2e2-5e32-424e-a1ca-19d16cd8abce'),
('e692de79-a6cd-48a2-b6b6-947e31a0befe','stage','Stage','95b4184b-ef18-4dff-9e12-419ce82fbdb9', 'b49f214e-f69f-43da-9ce3-ad96042268d0', 'f777f2e2-5e32-424e-a1ca-19d16cd8abce'),
('509611f0-5c0a-42be-aafa-720c0d8edae4','precipitation','Precipitation','08ad4f95-1f66-4b54-9134-dc07ee9dc786', '0ce77a5a-8283-47cd-9126-c440bcec4ef6', '4ee79a3d-a053-41b8-85b5-bb2eea3c9d1a'),
('09e08a78-4832-4678-b468-51e7fe647d17','voltage','Voltage','08ad4f95-1f66-4b54-9134-dc07ee9dc786', '430e5edb-e2b5-4f86-b19f-cda26a27e151', '6b5bd788-8c78-43bb-b5a3-ad544b858a64'),
('7081f584-6314-491e-8c9d-65831102e99b','stage','Stage','36407ff2-3b57-4a55-a1a0-5b23713159ae', 'b49f214e-f69f-43da-9ce3-ad96042268d0', 'f777f2e2-5e32-424e-a1ca-19d16cd8abce'),
('83e93823-0f7a-4625-abc4-6f7fb4dfed0b','precipitation','Precipitation','36407ff2-3b57-4a55-a1a0-5b23713159ae', '0ce77a5a-8283-47cd-9126-c440bcec4ef6', '4ee79a3d-a053-41b8-85b5-bb2eea3c9d1a'),
('1e8968ad-c038-4114-a4df-eed1403cfacb','precipitation','Precipitation','b488b503-87b9-4eee-9393-39da4f2a8f36', '0ce77a5a-8283-47cd-9126-c440bcec4ef6', '4ee79a3d-a053-41b8-85b5-bb2eea3c9d1a'),
('0a3719a3-c6e7-4e41-afac-21e960a836b0','voltage','Voltage','b488b503-87b9-4eee-9393-39da4f2a8f36', '430e5edb-e2b5-4f86-b19f-cda26a27e151', '6b5bd788-8c78-43bb-b5a3-ad544b858a64');
