

--INSERT INSTRUMENTS--COUNT:161
INSERT INTO public.instrument(id, deleted, slug, name, formula, geometry, station, station_offset, create_date, update_date, type_id, project_id, creator, updater)
 VALUES 
('67d96da5-d1ee-4600-9e22-9262abb151b8', False, 'big-bend-np', 'Big Bend NP', null, ST_GeomFromText('POINT(-102.975 29.1833)',4326), null, null, '2021-02-14T13:56:30.508309Z', null, '98a61f29-18a8-430a-9d02-0f53486e0984', 'f124c61e-f5c2-441f-adb1-9acb1484f8c0', '00000000-0000-0000-0000-000000000000', null),
('3130d868-9806-4bde-9e2c-654677a43718', False, 'aadn5', 'AADN5', null, ST_GeomFromText('POINT(-106.5731 35.1511)',4326), null, null, '2021-02-14T13:56:30.508425Z', null, '98a61f29-18a8-430a-9d02-0f53486e0984', 'f124c61e-f5c2-441f-adb1-9acb1484f8c0', '00000000-0000-0000-0000-000000000000', null),
('da7e6c92-cdd6-490f-adf0-c50c69cd715b', False, 'redford', 'Redford', null, ST_GeomFromText('POINT(-104.2161 29.4856)',4326), null, null, '2021-02-14T13:56:30.508511Z', null, '98a61f29-18a8-430a-9d02-0f53486e0984', 'f124c61e-f5c2-441f-adb1-9acb1484f8c0', '00000000-0000-0000-0000-000000000000', null),
('8072c4a7-5709-493a-b171-ed3edcdab3cb', False, 'rawsacon5', 'RawsACON5', null, ST_GeomFromText('POINT(-107.8483 34.7197)',4326), null, null, '2021-02-14T13:56:30.508540Z', null, '98a61f29-18a8-430a-9d02-0f53486e0984', 'f124c61e-f5c2-441f-adb1-9acb1484f8c0', '00000000-0000-0000-0000-000000000000', null),
('41e521ff-bf31-45e3-bcbe-2d4c4b362437', False, 'rawsbatn5', 'RawsBATN5', null, ST_GeomFromText('POINT(-104.4406 32.1786)',4326), null, null, '2021-02-14T13:56:30.508678Z', null, '98a61f29-18a8-430a-9d02-0f53486e0984', 'f124c61e-f5c2-441f-adb1-9acb1484f8c0', '00000000-0000-0000-0000-000000000000', null),
('562fcd67-1d8c-4cd6-9443-b9a039d8b097', False, 'rawsbbrc2', 'RawsBBRC2', null, ST_GeomFromText('POINT(-107.7294 37.4961)',4326), null, null, '2021-02-14T13:56:30.508833Z', null, '98a61f29-18a8-430a-9d02-0f53486e0984', 'f124c61e-f5c2-441f-adb1-9acb1484f8c0', '00000000-0000-0000-0000-000000000000', null),
('389786f9-5aa5-4eca-b395-77e7166268fc', False, 'rawsbchn5', 'RawsBCHN5', null, ST_GeomFromText('POINT(-106.0986 33.7731)',4326), null, null, '2021-02-14T13:56:30.508971Z', null, '98a61f29-18a8-430a-9d02-0f53486e0984', 'f124c61e-f5c2-441f-adb1-9acb1484f8c0', '00000000-0000-0000-0000-000000000000', null),
('c722d4f3-a0ad-46f5-a17f-c10326a525de', False, 'rawsbdan5', 'RawsBDAN5', null, ST_GeomFromText('POINT(-106.8819 33.8211)',4326), null, null, '2021-02-14T13:56:30.509178Z', null, '98a61f29-18a8-430a-9d02-0f53486e0984', 'f124c61e-f5c2-441f-adb1-9acb1484f8c0', '00000000-0000-0000-0000-000000000000', null),
('f5f35408-a622-4fb0-a2d0-ca80082b3cc4', False, 'rawsbhrc2', 'RawsBHRC2', null, ST_GeomFromText('POINT(-106.2011 37.0208)',4326), null, null, '2021-02-14T13:56:30.509330Z', null, '98a61f29-18a8-430a-9d02-0f53486e0984', 'f124c61e-f5c2-441f-adb1-9acb1484f8c0', '00000000-0000-0000-0000-000000000000', null),
('40eac2e8-71f0-43a6-9ec0-0cdd468e8daf', False, 'rawsblpc2', 'RawsBLPC2', null, ST_GeomFromText('POINT(-106.7786 37.7931)',4326), null, null, '2021-02-14T13:56:30.509404Z', null, '98a61f29-18a8-430a-9d02-0f53486e0984', 'f124c61e-f5c2-441f-adb1-9acb1484f8c0', '00000000-0000-0000-0000-000000000000', null),
('779e3e3c-946a-42e1-ae9c-405d41e3d313', False, 'rawsblwn5', 'RawsBLWN5', null, ST_GeomFromText('POINT(-108.1631 35.1942)',4326), null, null, '2021-02-14T13:56:30.509557Z', null, '98a61f29-18a8-430a-9d02-0f53486e0984', 'f124c61e-f5c2-441f-adb1-9acb1484f8c0', '00000000-0000-0000-0000-000000000000', null),
('09c5a8c4-c465-4c8b-b627-eb2877633fe0', False, 'rawsbmoc2', 'RawsBMOC2', null, ST_GeomFromText('POINT(-105.2842 37.8614)',4326), null, null, '2021-02-14T13:56:30.509792Z', null, '98a61f29-18a8-430a-9d02-0f53486e0984', 'f124c61e-f5c2-441f-adb1-9acb1484f8c0', '00000000-0000-0000-0000-000000000000', null),
('3ee387b2-8be8-4ed6-b1c8-8da97ab429a9', False, 'rawsbnht2', 'RawsBNHT2', null, ST_GeomFromText('POINT(-101.1578 30.9856)',4326), null, null, '2021-02-14T13:56:30.510039Z', null, '98a61f29-18a8-430a-9d02-0f53486e0984', 'f124c61e-f5c2-441f-adb1-9acb1484f8c0', '00000000-0000-0000-0000-000000000000', null),
('37a94b69-379a-4c07-a344-d45a47bd6519', False, 'rawsbvrn5', 'RawsBVRN5', null, ST_GeomFromText('POINT(-108.11 33.4236)',4326), null, null, '2021-02-14T13:56:30.510240Z', null, '98a61f29-18a8-430a-9d02-0f53486e0984', 'f124c61e-f5c2-441f-adb1-9acb1484f8c0', '00000000-0000-0000-0000-000000000000', null),
('4afdefcf-5a67-43b9-8122-0f52eca88290', False, 'rawscbbn5', 'RawsCBBN5', null, ST_GeomFromText('POINT(-107.0772 35.9419)',4326), null, null, '2021-02-14T13:56:30.510451Z', null, '98a61f29-18a8-430a-9d02-0f53486e0984', 'f124c61e-f5c2-441f-adb1-9acb1484f8c0', '00000000-0000-0000-0000-000000000000', null),
('e98e960f-26f7-4dd5-ad2a-f8b7e3967110', False, 'rawsccec2', 'RawsCCEC2', null, ST_GeomFromText('POINT(-104.0319 37.5425)',4326), null, null, '2021-02-14T13:56:30.510663Z', null, '98a61f29-18a8-430a-9d02-0f53486e0984', 'f124c61e-f5c2-441f-adb1-9acb1484f8c0', '00000000-0000-0000-0000-000000000000', null),
('6c1b7587-aec2-4fbd-a103-d18aefe74386', False, 'rawsccyc2', 'RawsCCYC2', null, ST_GeomFromText('POINT(-104.8692 37.9478)',4326), null, null, '2021-02-14T13:56:30.510859Z', null, '98a61f29-18a8-430a-9d02-0f53486e0984', 'f124c61e-f5c2-441f-adb1-9acb1484f8c0', '00000000-0000-0000-0000-000000000000', null),
('64781110-0523-4010-b2cd-d46f4e461af9', False, 'rawscglk1', 'RawsCGLK1', null, ST_GeomFromText('POINT(-101.9014 37.1408)',4326), null, null, '2021-02-14T13:56:30.511039Z', null, '98a61f29-18a8-430a-9d02-0f53486e0984', 'f124c61e-f5c2-441f-adb1-9acb1484f8c0', '00000000-0000-0000-0000-000000000000', null),
('d52a37f8-a47c-49d2-8206-ec0c7f2c2dd5', False, 'rawscgrc2', 'RawsCGRC2', null, ST_GeomFromText('POINT(-105.4519 38.3456)',4326), null, null, '2021-02-14T13:56:30.511199Z', null, '98a61f29-18a8-430a-9d02-0f53486e0984', 'f124c61e-f5c2-441f-adb1-9acb1484f8c0', '00000000-0000-0000-0000-000000000000', null),
('bae9c2a1-9952-4376-9247-e8f2a519c7d5', False, 'rawschac2', 'RawsCHAC2', null, ST_GeomFromText('POINT(-108.4892 37.1994)',4326), null, null, '2021-02-14T13:56:30.511379Z', null, '98a61f29-18a8-430a-9d02-0f53486e0984', 'f124c61e-f5c2-441f-adb1-9acb1484f8c0', '00000000-0000-0000-0000-000000000000', null),
('16ef8e07-be5a-4ad1-a231-0e62ede14a35', False, 'rawscimn5', 'RawsCIMN5', null, ST_GeomFromText('POINT(-105.1203 36.6061)',4326), null, null, '2021-02-14T13:56:30.511548Z', null, '98a61f29-18a8-430a-9d02-0f53486e0984', 'f124c61e-f5c2-441f-adb1-9acb1484f8c0', '00000000-0000-0000-0000-000000000000', null),
('b5223b57-1bc8-4b9e-9cc4-dc5cb7464973', False, 'rawscopn5', 'RawsCOPN5', null, ST_GeomFromText('POINT(-105.6861 33.3503)',4326), null, null, '2021-02-14T13:56:30.511714Z', null, '98a61f29-18a8-430a-9d02-0f53486e0984', 'f124c61e-f5c2-441f-adb1-9acb1484f8c0', '00000000-0000-0000-0000-000000000000', null),
('0feee5a5-39cb-47e3-960b-d43b59d10b7e', False, 'rawscoyn5', 'RawsCOYN5', null, ST_GeomFromText('POINT(-106.6572 36.0731)',4326), null, null, '2021-02-14T13:56:30.511880Z', null, '98a61f29-18a8-430a-9d02-0f53486e0984', 'f124c61e-f5c2-441f-adb1-9acb1484f8c0', '00000000-0000-0000-0000-000000000000', null),
('aa5d1c83-62e3-4b77-8a88-6e63f682f4f3', False, 'rawscppc2', 'RawsCPPC2', null, ST_GeomFromText('POINT(-105.2675 38.7422)',4326), null, null, '2021-02-14T13:56:30.512048Z', null, '98a61f29-18a8-430a-9d02-0f53486e0984', 'f124c61e-f5c2-441f-adb1-9acb1484f8c0', '00000000-0000-0000-0000-000000000000', null),
('dabb839f-d169-42cb-a779-6b8052a6bd3c', False, 'rawscppn5', 'RawsCPPN5', null, ST_GeomFromText('POINT(-103.8567 32.9278)',4326), null, null, '2021-02-14T13:56:30.512228Z', null, '98a61f29-18a8-430a-9d02-0f53486e0984', 'f124c61e-f5c2-441f-adb1-9acb1484f8c0', '00000000-0000-0000-0000-000000000000', null),
('1bdee4ab-89c7-4f9a-9233-8a55ba9967ab', False, 'rawscsmn5', 'RawsCSMN5', null, ST_GeomFromText('POINT(-105.82 32.7792)',4326), null, null, '2021-02-14T13:56:30.512385Z', null, '98a61f29-18a8-430a-9d02-0f53486e0984', 'f124c61e-f5c2-441f-adb1-9acb1484f8c0', '00000000-0000-0000-0000-000000000000', null),
('e1cbfd8a-e6d5-43ab-8718-3bab74163bc1', False, 'rawscuhc2', 'RawsCUHC2', null, ST_GeomFromText('POINT(-104.9194 37.0919)',4326), null, null, '2021-02-14T13:56:30.512512Z', null, '98a61f29-18a8-430a-9d02-0f53486e0984', 'f124c61e-f5c2-441f-adb1-9acb1484f8c0', '00000000-0000-0000-0000-000000000000', null),
('0b428b41-1cda-4531-9673-0359cb554212', False, 'rawscwrn5', 'RawsCWRN5', null, ST_GeomFromText('POINT(-107.6289 36.9767)',4326), null, null, '2021-02-14T13:56:30.512675Z', null, '98a61f29-18a8-430a-9d02-0f53486e0984', 'f124c61e-f5c2-441f-adb1-9acb1484f8c0', '00000000-0000-0000-0000-000000000000', null),
('735ebeb8-df40-4334-956e-efb3ee3db453', False, 'rawscync2', 'RawsCYNC2', null, ST_GeomFromText('POINT(-105.1181 38.0167)',4326), null, null, '2021-02-14T13:56:30.512851Z', null, '98a61f29-18a8-430a-9d02-0f53486e0984', 'f124c61e-f5c2-441f-adb1-9acb1484f8c0', '00000000-0000-0000-0000-000000000000', null),
('87f853dd-0160-4470-b6e9-31e6dfb8424c', False, 'rawsdgct2', 'RawsDGCT2', null, ST_GeomFromText('POINT(-104.8339 31.9961)',4326), null, null, '2021-02-14T13:56:30.513020Z', null, '98a61f29-18a8-430a-9d02-0f53486e0984', 'f124c61e-f5c2-441f-adb1-9acb1484f8c0', '00000000-0000-0000-0000-000000000000', null),
('e965623d-b34e-4734-b731-0a08b43e1213', False, 'rawsdlcn5', 'RawsDLCN5', null, ST_GeomFromText('POINT(-107.0 36.9353)',4326), null, null, '2021-02-14T13:56:30.513142Z', null, '98a61f29-18a8-430a-9d02-0f53486e0984', 'f124c61e-f5c2-441f-adb1-9acb1484f8c0', '00000000-0000-0000-0000-000000000000', null),
('8a111c8d-3ea8-4919-bfe3-711b768aa782', False, 'rawsdpkn5', 'RawsDPKN5', null, ST_GeomFromText('POINT(-106.7719 36.4228)',4326), null, null, '2021-02-14T13:56:30.513281Z', null, '98a61f29-18a8-430a-9d02-0f53486e0984', 'f124c61e-f5c2-441f-adb1-9acb1484f8c0', '00000000-0000-0000-0000-000000000000', null),
('3e3b545b-6e9e-489d-8665-f38e8ceb21a0', False, 'rawsdprn5', 'RawsDPRN5', null, ST_GeomFromText('POINT(-108.0617 33.6939)',4326), null, null, '2021-02-14T13:56:30.513404Z', null, '98a61f29-18a8-430a-9d02-0f53486e0984', 'f124c61e-f5c2-441f-adb1-9acb1484f8c0', '00000000-0000-0000-0000-000000000000', null),
('a3d4555f-1742-4197-9bfc-e63be3391095', False, 'rawsdtln5', 'RawsDTLN5', null, ST_GeomFromText('POINT(-107.7681 34.2925)',4326), null, null, '2021-02-14T13:56:30.513556Z', null, '98a61f29-18a8-430a-9d02-0f53486e0984', 'f124c61e-f5c2-441f-adb1-9acb1484f8c0', '00000000-0000-0000-0000-000000000000', null),
('daf83c5d-8e1b-40a2-93a0-fd87be054a75', False, 'rawsdufc2', 'RawsDUFC2', null, ST_GeomFromText('POINT(-108.3267 37.4942)',4326), null, null, '2021-02-14T13:56:30.513717Z', null, '98a61f29-18a8-430a-9d02-0f53486e0984', 'f124c61e-f5c2-441f-adb1-9acb1484f8c0', '00000000-0000-0000-0000-000000000000', null),
('fa469069-baf6-4e28-8fac-5a18e4ebf7f9', False, 'rawsdunn5', 'RawsDUNN5', null, ST_GeomFromText('POINT(-105.1825 32.8247)',4326), null, null, '2021-02-14T13:56:30.513872Z', null, '98a61f29-18a8-430a-9d02-0f53486e0984', 'f124c61e-f5c2-441f-adb1-9acb1484f8c0', '00000000-0000-0000-0000-000000000000', null),
('21664e71-c273-4c18-83f2-904f6bba3566', False, 'rawsdykc2', 'RawsDYKC2', null, ST_GeomFromText('POINT(-107.3053 37.2269)',4326), null, null, '2021-02-14T13:56:30.514055Z', null, '98a61f29-18a8-430a-9d02-0f53486e0984', 'f124c61e-f5c2-441f-adb1-9acb1484f8c0', '00000000-0000-0000-0000-000000000000', null),
('d7644b31-bd43-491b-971f-8c76f16afc5c', False, 'rawsfcrc2', 'RawsFCRC2', null, ST_GeomFromText('POINT(-104.8539 38.6589)',4326), null, null, '2021-02-14T13:56:30.514210Z', null, '98a61f29-18a8-430a-9d02-0f53486e0984', 'f124c61e-f5c2-441f-adb1-9acb1484f8c0', '00000000-0000-0000-0000-000000000000', null),
('2b8bed18-b9e2-46b6-9f74-a39a474644c3', False, 'rawsfdst2', 'RawsFDST2', null, ST_GeomFromText('POINT(-103.8867 30.6006)',4326), null, null, '2021-02-14T13:56:30.514389Z', null, '98a61f29-18a8-430a-9d02-0f53486e0984', 'f124c61e-f5c2-441f-adb1-9acb1484f8c0', '00000000-0000-0000-0000-000000000000', null),
('631c7c28-0a09-49ec-8aaf-c5b4d4d880c4', False, 'rawsgdbt2', 'RawsGDBT2', null, ST_GeomFromText('POINT(-104.8253 31.925)',4326), null, null, '2021-02-14T13:56:30.514539Z', null, '98a61f29-18a8-430a-9d02-0f53486e0984', 'f124c61e-f5c2-441f-adb1-9acb1484f8c0', '00000000-0000-0000-0000-000000000000', null),
('c5777ea6-904d-445d-974f-995180d7dabf', False, 'rawsgmln5', 'RawsGMLN5', null, ST_GeomFromText('POINT(-108.1744 34.8519)',4326), null, null, '2021-02-14T13:56:30.514683Z', null, '98a61f29-18a8-430a-9d02-0f53486e0984', 'f124c61e-f5c2-441f-adb1-9acb1484f8c0', '00000000-0000-0000-0000-000000000000', null),
('65684ff8-db23-4136-a820-8157ca158899', False, 'rawsgnmn5', 'RawsGNMN5', null, ST_GeomFromText('POINT(-108.2403 33.2236)',4326), null, null, '2021-02-14T13:56:30.514868Z', null, '98a61f29-18a8-430a-9d02-0f53486e0984', 'f124c61e-f5c2-441f-adb1-9acb1484f8c0', '00000000-0000-0000-0000-000000000000', null),
('26c9af69-77e3-4f47-9f3d-db9c284767b4', False, 'rawsgrsn5', 'RawsGRSN5', null, ST_GeomFromText('POINT(-107.6653 35.2428)',4326), null, null, '2021-02-14T13:56:30.515042Z', null, '98a61f29-18a8-430a-9d02-0f53486e0984', 'f124c61e-f5c2-441f-adb1-9acb1484f8c0', '00000000-0000-0000-0000-000000000000', null),
('ad1498a1-834e-4eb9-8087-1c75ae9497dd', False, 'rawsgscn5', 'RawsGSCN5', null, ST_GeomFromText('POINT(-105.4619 35.8939)',4326), null, null, '2021-02-14T13:56:30.515222Z', null, '98a61f29-18a8-430a-9d02-0f53486e0984', 'f124c61e-f5c2-441f-adb1-9acb1484f8c0', '00000000-0000-0000-0000-000000000000', null),
('462feb12-f120-4708-a16e-adb0b1255b43', False, 'rawshhrn5', 'RawsHHRN5', null, ST_GeomFromText('POINT(-108.3417 31.7019)',4326), null, null, '2021-02-14T13:56:30.515370Z', null, '98a61f29-18a8-430a-9d02-0f53486e0984', 'f124c61e-f5c2-441f-adb1-9acb1484f8c0', '00000000-0000-0000-0000-000000000000', null),
('ff64e9f8-0ebe-4827-8f40-e867761640b0', False, 'rawsjarn5', 'RawsJARN5', null, ST_GeomFromText('POINT(-106.1031 36.5558)',4326), null, null, '2021-02-14T13:56:30.515557Z', null, '98a61f29-18a8-430a-9d02-0f53486e0984', 'f124c61e-f5c2-441f-adb1-9acb1484f8c0', '00000000-0000-0000-0000-000000000000', null),
('54293b67-77d8-4b03-9b83-1cbb5d5b1cd6', False, 'rawsjesn5', 'RawsJESN5', null, ST_GeomFromText('POINT(-106.6197 35.8406)',4326), null, null, '2021-02-14T13:56:30.515710Z', null, '98a61f29-18a8-430a-9d02-0f53486e0984', 'f124c61e-f5c2-441f-adb1-9acb1484f8c0', '00000000-0000-0000-0000-000000000000', null),
('7eed73f6-ae79-4f28-8b19-f1beb1f16916', False, 'rawslomn5', 'RawsLOMN5', null, ST_GeomFromText('POINT(-106.5867 32.3222)',4326), null, null, '2021-02-14T13:56:30.515842Z', null, '98a61f29-18a8-430a-9d02-0f53486e0984', 'f124c61e-f5c2-441f-adb1-9acb1484f8c0', '00000000-0000-0000-0000-000000000000', null),
('28f0440d-b8db-4fbf-aae1-928a3c855749', False, 'rawslpfc2', 'RawsLPFC2', null, ST_GeomFromText('POINT(-106.3497 39.1536)',4326), null, null, '2021-02-14T13:56:30.516019Z', null, '98a61f29-18a8-430a-9d02-0f53486e0984', 'f124c61e-f5c2-441f-adb1-9acb1484f8c0', '00000000-0000-0000-0000-000000000000', null),
('b5fc264e-412c-48fd-a6e5-c4423773b5d5', False, 'rawslujc2', 'RawsLUJC2', null, ST_GeomFromText('POINT(-106.5678 38.2547)',4326), null, null, '2021-02-14T13:56:30.516210Z', null, '98a61f29-18a8-430a-9d02-0f53486e0984', 'f124c61e-f5c2-441f-adb1-9acb1484f8c0', '00000000-0000-0000-0000-000000000000', null),
('dbcd9b33-f64d-4971-b3b2-b0d051f38f75', False, 'rawslvpn5', 'RawsLVPN5', null, ST_GeomFromText('POINT(-105.4942 35.5458)',4326), null, null, '2021-02-14T13:56:30.516416Z', null, '98a61f29-18a8-430a-9d02-0f53486e0984', 'f124c61e-f5c2-441f-adb1-9acb1484f8c0', '00000000-0000-0000-0000-000000000000', null),
('37ea4183-4fff-4847-8fbf-1f19b3e8d33f', False, 'rawsmayn5', 'RawsMAYN5', null, ST_GeomFromText('POINT(-105.4697 32.9097)',4326), null, null, '2021-02-14T13:56:30.516576Z', null, '98a61f29-18a8-430a-9d02-0f53486e0984', 'f124c61e-f5c2-441f-adb1-9acb1484f8c0', '00000000-0000-0000-0000-000000000000', null),
('04cf4bac-4b43-404e-a1b7-2399fb65f081', False, 'rawsmcrn5', 'RawsMCRN5', null, ST_GeomFromText('POINT(-105.6217 32.4314)',4326), null, null, '2021-02-14T13:56:30.516791Z', null, '98a61f29-18a8-430a-9d02-0f53486e0984', 'f124c61e-f5c2-441f-adb1-9acb1484f8c0', '00000000-0000-0000-0000-000000000000', null),
('33306822-12ed-428e-aafe-a2c6817063cb', False, 'rawsmgln5', 'RawsMGLN5', null, ST_GeomFromText('POINT(-107.5392 33.8511)',4326), null, null, '2021-02-14T13:56:30.516973Z', null, '98a61f29-18a8-430a-9d02-0f53486e0984', 'f124c61e-f5c2-441f-adb1-9acb1484f8c0', '00000000-0000-0000-0000-000000000000', null),
('b6efff31-eb5a-47a5-a012-9579b760cbbb', False, 'rawsmgnn5', 'RawsMGNN5', null, ST_GeomFromText('POINT(-108.8067 33.3906)',4326), null, null, '2021-02-14T13:56:30.523172Z', null, '98a61f29-18a8-430a-9d02-0f53486e0984', 'f124c61e-f5c2-441f-adb1-9acb1484f8c0', '00000000-0000-0000-0000-000000000000', null),
('2b40ce5e-ed05-47ab-ae0b-b86d3dc073b2', False, 'rawsmlcn5', 'RawsMLCN5', null, ST_GeomFromText('POINT(-104.3244 36.055)',4326), null, null, '2021-02-14T13:56:30.523365Z', null, '98a61f29-18a8-430a-9d02-0f53486e0984', 'f124c61e-f5c2-441f-adb1-9acb1484f8c0', '00000000-0000-0000-0000-000000000000', null),
('6361dc32-0103-4fd7-85ec-6153049c9d18', False, 'rawsmmrc2', 'RawsMMRC2', null, ST_GeomFromText('POINT(-107.7086 37.0564)',4326), null, null, '2021-02-14T13:56:30.523532Z', null, '98a61f29-18a8-430a-9d02-0f53486e0984', 'f124c61e-f5c2-441f-adb1-9acb1484f8c0', '00000000-0000-0000-0000-000000000000', null),
('44e32a5a-d562-4a4a-b046-a4b048098cf9', False, 'rawsmndt2', 'RawsMNDT2', null, ST_GeomFromText('POINT(-102.1897 31.9431)',4326), null, null, '2021-02-14T13:56:30.523680Z', null, '98a61f29-18a8-430a-9d02-0f53486e0984', 'f124c61e-f5c2-441f-adb1-9acb1484f8c0', '00000000-0000-0000-0000-000000000000', null),
('797b6026-6193-49ff-9eeb-ace2d8a5bbee', False, 'rawsmpan5', 'RawsMPAN5', null, ST_GeomFromText('POINT(-103.7217 32.1797)',4326), null, null, '2021-02-14T13:56:30.523853Z', null, '98a61f29-18a8-430a-9d02-0f53486e0984', 'f124c61e-f5c2-441f-adb1-9acb1484f8c0', '00000000-0000-0000-0000-000000000000', null),
('20e34fab-e101-4f12-b358-5a3373a4f509', False, 'rawsmrfc2', 'RawsMRFC2', null, ST_GeomFromText('POINT(-108.4128 37.2972)',4326), null, null, '2021-02-14T13:56:30.524042Z', null, '98a61f29-18a8-430a-9d02-0f53486e0984', 'f124c61e-f5c2-441f-adb1-9acb1484f8c0', '00000000-0000-0000-0000-000000000000', null),
('5cfaacd6-6663-4a1c-b273-d891a45fb3fa', False, 'rawsmrrn5', 'RawsMRRN5', null, ST_GeomFromText('POINT(-103.8 34.3)',4326), null, null, '2021-02-14T13:56:30.524219Z', null, '98a61f29-18a8-430a-9d02-0f53486e0984', 'f124c61e-f5c2-441f-adb1-9acb1484f8c0', '00000000-0000-0000-0000-000000000000', null),
('ea303996-318b-4c91-9cb5-8ec930a798ba', False, 'rawsmscn5', 'RawsMSCN5', null, ST_GeomFromText('POINT(-105.7689 33.1581)',4326), null, null, '2021-02-14T13:56:30.524390Z', null, '98a61f29-18a8-430a-9d02-0f53486e0984', 'f124c61e-f5c2-441f-adb1-9acb1484f8c0', '00000000-0000-0000-0000-000000000000', null),
('1cb91d49-b27f-4154-9330-b12d027e9eca', False, 'rawsmtnn5', 'RawsMTNN5', null, ST_GeomFromText('POINT(-106.2617 34.5206)',4326), null, null, '2021-02-14T13:56:30.524544Z', null, '98a61f29-18a8-430a-9d02-0f53486e0984', 'f124c61e-f5c2-441f-adb1-9acb1484f8c0', '00000000-0000-0000-0000-000000000000', null),
('2dad09ab-4c35-4bbd-97b9-248bf0c491ec', False, 'rawspsgt2', 'RawsPSGT2', null, ST_GeomFromText('POINT(-104.7978 31.8944)',4326), null, null, '2021-02-14T13:56:30.524742Z', null, '98a61f29-18a8-430a-9d02-0f53486e0984', 'f124c61e-f5c2-441f-adb1-9acb1484f8c0', '00000000-0000-0000-0000-000000000000', null),
('b5aa9d15-fa29-4171-9c73-6a5f07b0000f', False, 'rawspxwt2', 'RawsPXWT2', null, ST_GeomFromText('POINT(-104.9478 31.9722)',4326), null, null, '2021-02-14T13:56:30.575759Z', null, '98a61f29-18a8-430a-9d02-0f53486e0984', 'f124c61e-f5c2-441f-adb1-9acb1484f8c0', '00000000-0000-0000-0000-000000000000', null),
('edbe96ae-03ff-423b-afcc-ac0ebadae0cf', False, 'rawsqenn5', 'RawsQENN5', null, ST_GeomFromText('POINT(-104.6903 32.2036)',4326), null, null, '2021-02-14T13:56:30.575957Z', null, '98a61f29-18a8-430a-9d02-0f53486e0984', 'f124c61e-f5c2-441f-adb1-9acb1484f8c0', '00000000-0000-0000-0000-000000000000', null),
('db064dac-6cff-47ee-80dc-28a216ad53e1', False, 'rawsrddc2', 'RawsRDDC2', null, ST_GeomFromText('POINT(-104.9978 38.2072)',4326), null, null, '2021-02-14T13:56:30.576079Z', null, '98a61f29-18a8-430a-9d02-0f53486e0984', 'f124c61e-f5c2-441f-adb1-9acb1484f8c0', '00000000-0000-0000-0000-000000000000', null),
('8e305e48-9ebe-448f-9218-e2394c1777fa', False, 'rawsrdkc2', 'RawsRDKC2', null, ST_GeomFromText('POINT(-106.2117 38.8272)',4326), null, null, '2021-02-14T13:56:30.576296Z', null, '98a61f29-18a8-430a-9d02-0f53486e0984', 'f124c61e-f5c2-441f-adb1-9acb1484f8c0', '00000000-0000-0000-0000-000000000000', null),
('8c2153f1-ae64-458e-bca1-b298eee58026', False, 'rawsremn5', 'RawsREMN5', null, ST_GeomFromText('POINT(-104.3211 33.6506)',4326), null, null, '2021-02-14T13:56:30.576582Z', null, '98a61f29-18a8-430a-9d02-0f53486e0984', 'f124c61e-f5c2-441f-adb1-9acb1484f8c0', '00000000-0000-0000-0000-000000000000', null),
('fc831455-2cc5-4b29-b82c-289b2cc756dd', False, 'rawsrgmn5', 'RawsRGMN5', null, ST_GeomFromText('POINT(-106.6808 35.1458)',4326), null, null, '2021-02-14T13:56:30.576915Z', null, '98a61f29-18a8-430a-9d02-0f53486e0984', 'f124c61e-f5c2-441f-adb1-9acb1484f8c0', '00000000-0000-0000-0000-000000000000', null),
('f7f47ca2-7747-41f6-9946-e2863d2d2545', False, 'rawsrrac2', 'RawsRRAC2', null, ST_GeomFromText('POINT(-104.9528 38.9586)',4326), null, null, '2021-02-14T13:56:30.577129Z', null, '98a61f29-18a8-430a-9d02-0f53486e0984', 'f124c61e-f5c2-441f-adb1-9acb1484f8c0', '00000000-0000-0000-0000-000000000000', null),
('13ca7835-d50a-49a8-b4d2-96e2d6b2af99', False, 'rawssdnc2', 'RawsSDNC2', null, ST_GeomFromText('POINT(-105.5108 37.7267)',4326), null, null, '2021-02-14T13:56:30.577494Z', null, '98a61f29-18a8-430a-9d02-0f53486e0984', 'f124c61e-f5c2-441f-adb1-9acb1484f8c0', '00000000-0000-0000-0000-000000000000', null),
('7fdeafa2-84d6-4f30-8b16-23943c42eb50', False, 'rawssdvc2', 'RawsSDVC2', null, ST_GeomFromText('POINT(-107.3028 37.0994)',4326), null, null, '2021-02-14T13:56:30.577801Z', null, '98a61f29-18a8-430a-9d02-0f53486e0984', 'f124c61e-f5c2-441f-adb1-9acb1484f8c0', '00000000-0000-0000-0000-000000000000', null),
('c34690c1-3458-4a1c-a2a6-589d167a5262', False, 'rawssevn5', 'RawsSEVN5', null, ST_GeomFromText('POINT(-106.7981 34.3769)',4326), null, null, '2021-02-14T13:56:30.578110Z', null, '98a61f29-18a8-430a-9d02-0f53486e0984', 'f124c61e-f5c2-441f-adb1-9acb1484f8c0', '00000000-0000-0000-0000-000000000000', null),
('8118ee71-ca6f-4d66-99a8-e696a8017f47', False, 'rawssfwn5', 'RawsSFWN5', null, ST_GeomFromText('POINT(-105.8603 35.6869)',4326), null, null, '2021-02-14T13:56:30.578399Z', null, '98a61f29-18a8-430a-9d02-0f53486e0984', 'f124c61e-f5c2-441f-adb1-9acb1484f8c0', '00000000-0000-0000-0000-000000000000', null),
('9b7b7ead-8095-4ddb-8ead-13dcc7193ad5', False, 'rawssidc2', 'RawsSIDC2', null, ST_GeomFromText('POINT(-106.17 38.5933)',4326), null, null, '2021-02-14T13:56:30.578703Z', null, '98a61f29-18a8-430a-9d02-0f53486e0984', 'f124c61e-f5c2-441f-adb1-9acb1484f8c0', '00000000-0000-0000-0000-000000000000', null),
('54371694-49dd-4538-a80b-c0a7957ef47d', False, 'rawsslmn5', 'RawsSLMN5', null, ST_GeomFromText('POINT(-108.4447 34.0606)',4326), null, null, '2021-02-14T13:56:30.578961Z', null, '98a61f29-18a8-430a-9d02-0f53486e0984', 'f124c61e-f5c2-441f-adb1-9acb1484f8c0', '00000000-0000-0000-0000-000000000000', null),
('ba77f258-c0f6-4c0b-a9e1-965fbcc1f59d', False, 'rawssndn5', 'RawsSNDN5', null, ST_GeomFromText('POINT(-106.525 32.58)',4326), null, null, '2021-02-14T13:56:30.579156Z', null, '98a61f29-18a8-430a-9d02-0f53486e0984', 'f124c61e-f5c2-441f-adb1-9acb1484f8c0', '00000000-0000-0000-0000-000000000000', null),
('4bc398fe-350a-4dfe-98c8-a305f2b4dfd5', False, 'rawssnln5', 'RawsSNLN5', null, ST_GeomFromText('POINT(-106.5906 35.2297)',4326), null, null, '2021-02-14T13:56:30.579376Z', null, '98a61f29-18a8-430a-9d02-0f53486e0984', 'f124c61e-f5c2-441f-adb1-9acb1484f8c0', '00000000-0000-0000-0000-000000000000', null),
('dfb6d402-55a0-4cc6-b354-0167a546972f', False, 'rawsstln5', 'RawsSTLN5', null, ST_GeomFromText('POINT(-106.8658 36.7317)',4326), null, null, '2021-02-14T13:56:30.579607Z', null, '98a61f29-18a8-430a-9d02-0f53486e0984', 'f124c61e-f5c2-441f-adb1-9acb1484f8c0', '00000000-0000-0000-0000-000000000000', null),
('157457d3-7511-4a2f-870b-058ac60456c5', False, 'rawstjrn5', 'RawsTJRN5', null, ST_GeomFromText('POINT(-106.3158 35.0061)',4326), null, null, '2021-02-14T13:56:30.579777Z', null, '98a61f29-18a8-430a-9d02-0f53486e0984', 'f124c61e-f5c2-441f-adb1-9acb1484f8c0', '00000000-0000-0000-0000-000000000000', null),
('e4855877-4a91-4788-a56b-a07ed68b70bd', False, 'rawstrun5', 'RawsTRUN5', null, ST_GeomFromText('POINT(-105.7694 36.0589)',4326), null, null, '2021-02-14T13:56:30.580047Z', null, '98a61f29-18a8-430a-9d02-0f53486e0984', 'f124c61e-f5c2-441f-adb1-9acb1484f8c0', '00000000-0000-0000-0000-000000000000', null),
('2f0e900c-46d6-43b7-860d-97c5f926087a', False, 'rawstwrn5', 'RawsTWRN5', null, ST_GeomFromText('POINT(-106.2661 35.7789)',4326), null, null, '2021-02-14T13:56:30.580265Z', null, '98a61f29-18a8-430a-9d02-0f53486e0984', 'f124c61e-f5c2-441f-adb1-9acb1484f8c0', '00000000-0000-0000-0000-000000000000', null),
('64872cb0-3cee-4401-ab82-07dacec94332', False, 'rawsucnc2', 'RawsUCNC2', null, ST_GeomFromText('POINT(-102.6303 37.0608)',4326), null, null, '2021-02-14T13:56:30.580513Z', null, '98a61f29-18a8-430a-9d02-0f53486e0984', 'f124c61e-f5c2-441f-adb1-9acb1484f8c0', '00000000-0000-0000-0000-000000000000', null),
('296cdc3f-33d8-4bb4-b635-19c9220bff21', False, 'rawswlcc2', 'RawsWLCC2', null, ST_GeomFromText('POINT(-105.0561 38.0028)',4326), null, null, '2021-02-14T13:56:30.580854Z', null, '98a61f29-18a8-430a-9d02-0f53486e0984', 'f124c61e-f5c2-441f-adb1-9acb1484f8c0', '00000000-0000-0000-0000-000000000000', null),
('d5d7aa92-f322-4f57-8ae9-5370c7003a22', False, 'rawswpsn5', 'RawsWPSN5', null, ST_GeomFromText('POINT(-108.8608 36.0767)',4326), null, null, '2021-02-14T13:56:30.581152Z', null, '98a61f29-18a8-430a-9d02-0f53486e0984', 'f124c61e-f5c2-441f-adb1-9acb1484f8c0', '00000000-0000-0000-0000-000000000000', null),
('110788eb-58a4-455f-a42e-46b63166594b', False, 'rawsznrn5', 'RawsZNRN5', null, ST_GeomFromText('POINT(-108.9414 35.1392)',4326), null, null, '2021-02-14T13:56:30.581462Z', null, '98a61f29-18a8-430a-9d02-0f53486e0984', 'f124c61e-f5c2-441f-adb1-9acb1484f8c0', '00000000-0000-0000-0000-000000000000', null),
('b86f6057-5868-4dba-bfbb-656a2162ec98', False, 'wightman-fork', 'Wightman Fork', null, ST_GeomFromText('POINT(-106.5217 37.4039)',4326), null, null, '2021-02-14T13:56:30.581828Z', null, '98a61f29-18a8-430a-9d02-0f53486e0984', 'f124c61e-f5c2-441f-adb1-9acb1484f8c0', '00000000-0000-0000-0000-000000000000', null),
('ab5d663c-de4f-4a1e-88f0-639e564ad0cc', False, 'ft-garland-s-d-c', 'FT Garland S D C', null, ST_GeomFromText('POINT(-105.415 37.425)',4326), null, null, '2021-02-14T13:56:30.581933Z', null, '98a61f29-18a8-430a-9d02-0f53486e0984', 'f124c61e-f5c2-441f-adb1-9acb1484f8c0', '00000000-0000-0000-0000-000000000000', null),
('075cae49-3711-403c-ad4e-b8a82089644c', False, 'costilla-us', 'Costilla US', null, ST_GeomFromText('POINT(-105.2547 36.8984)',4326), null, null, '2021-02-14T13:56:30.581986Z', null, '98a61f29-18a8-430a-9d02-0f53486e0984', 'f124c61e-f5c2-441f-adb1-9acb1484f8c0', '00000000-0000-0000-0000-000000000000', null),
('0e79ac93-8e79-4848-9379-9e489a47dcc2', False, 'costilla-santvan', 'Costilla Santvan', null, ST_GeomFromText('POINT(-105.2811 36.8842)',4326), null, null, '2021-02-14T13:56:30.582032Z', null, '98a61f29-18a8-430a-9d02-0f53486e0984', 'f124c61e-f5c2-441f-adb1-9acb1484f8c0', '00000000-0000-0000-0000-000000000000', null),
('35f1ba1e-b1b6-4833-bf9a-879ce11064df', False, 'cundiyo', 'Cundiyo', null, ST_GeomFromText('POINT(-105.9047 35.9647)',4326), null, null, '2021-02-14T13:56:30.582074Z', null, '98a61f29-18a8-430a-9d02-0f53486e0984', 'f124c61e-f5c2-441f-adb1-9acb1484f8c0', '00000000-0000-0000-0000-000000000000', null),
('920a85e9-4359-46bd-b50a-68a5cf4eb33d', False, 'narrows', 'Narrows', null, ST_GeomFromText('POINT(-107.1625 33.3861)',4326), null, null, '2021-02-14T13:56:30.582116Z', null, '98a61f29-18a8-430a-9d02-0f53486e0984', 'f124c61e-f5c2-441f-adb1-9acb1484f8c0', '00000000-0000-0000-0000-000000000000', null),
('fa538300-9734-4173-b0c6-872e7f56529d', False, 'santa-fe', 'Santa Fe', null, ST_GeomFromText('POINT(-105.8436 35.6864)',4326), null, null, '2021-02-14T13:56:30.582158Z', null, '98a61f29-18a8-430a-9d02-0f53486e0984', 'f124c61e-f5c2-441f-adb1-9acb1484f8c0', '00000000-0000-0000-0000-000000000000', null),
('fe20f70e-14d4-4af7-981e-de83eb6edbdd', False, 'nichols', 'Nichols', null, ST_GeomFromText('POINT(-105.88 35.6894)',4326), null, null, '2021-02-14T13:56:30.582200Z', null, '98a61f29-18a8-430a-9d02-0f53486e0984', 'f124c61e-f5c2-441f-adb1-9acb1484f8c0', '00000000-0000-0000-0000-000000000000', null),
('c25aacf9-8a4c-4424-a57f-cea575deeac7', False, 'prairie-dtch', 'Prairie Dtch', null, ST_GeomFromText('POINT(-106.2315 37.6455)',4326), null, null, '2021-02-14T13:56:30.582245Z', null, '98a61f29-18a8-430a-9d02-0f53486e0984', 'f124c61e-f5c2-441f-adb1-9acb1484f8c0', '00000000-0000-0000-0000-000000000000', null),
('dbd0124e-ca79-4819-9e49-cd486ba854ef', False, 'dryden', 'Dryden', null, ST_GeomFromText('POINT(-102.1667 29.8236)',4326), null, null, '2021-02-14T13:56:30.582283Z', null, '98a61f29-18a8-430a-9d02-0f53486e0984', 'f124c61e-f5c2-441f-adb1-9acb1484f8c0', '00000000-0000-0000-0000-000000000000', null),
('b21e5c78-d0f1-4fb5-9b3e-e4b3a8b6906b', False, 'foster-ranch', 'Foster Ranch', null, ST_GeomFromText('POINT(-101.7556 29.7806)',4326), null, null, '2021-02-14T13:56:30.582331Z', null, '98a61f29-18a8-430a-9d02-0f53486e0984', 'f124c61e-f5c2-441f-adb1-9acb1484f8c0', '00000000-0000-0000-0000-000000000000', null),
('2e7c6699-8253-4a8e-84b9-72c135be137a', False, 'summitville', 'Summitville', null, ST_GeomFromText('POINT(-106.5842 37.4292)',4326), null, null, '2021-02-14T13:56:30.582377Z', null, '98a61f29-18a8-430a-9d02-0f53486e0984', 'f124c61e-f5c2-441f-adb1-9acb1484f8c0', '00000000-0000-0000-0000-000000000000', null),
('5c7d40b8-035e-4312-aad0-17c62f51f776', False, 'terlingua', 'Terlingua', null, ST_GeomFromText('POINT(-103.6194 29.2028)',4326), null, null, '2021-02-14T13:56:30.582416Z', null, '98a61f29-18a8-430a-9d02-0f53486e0984', 'f124c61e-f5c2-441f-adb1-9acb1484f8c0', '00000000-0000-0000-0000-000000000000', null),
('cc2a8374-113d-42d5-9403-f4938cb49b68', False, 'ft-garland-ute', 'Ft Garland Ute', null, ST_GeomFromText('POINT(-105.4258 37.4471)',4326), null, null, '2021-02-14T13:56:30.582460Z', null, '98a61f29-18a8-430a-9d02-0f53486e0984', 'f124c61e-f5c2-441f-adb1-9acb1484f8c0', '00000000-0000-0000-0000-000000000000', null),
('961a6c04-7020-4b8e-aa0c-64205cc544cc', False, 'el-paso', 'El Paso', null, ST_GeomFromText('POINT(-106.5403 31.8028)',4326), null, null, '2021-02-14T13:56:30.582527Z', null, '98a61f29-18a8-430a-9d02-0f53486e0984', 'f124c61e-f5c2-441f-adb1-9acb1484f8c0', '00000000-0000-0000-0000-000000000000', null),
('fddf8697-d3f4-4cc9-8393-e0cdd7a8f55d', False, 'castolon', 'Castolon', null, ST_GeomFromText('POINT(-103.5244 29.1378)',4326), null, null, '2021-02-14T13:56:30.582592Z', null, '98a61f29-18a8-430a-9d02-0f53486e0984', 'f124c61e-f5c2-441f-adb1-9acb1484f8c0', '00000000-0000-0000-0000-000000000000', null),
('3298617d-22b8-49d5-8cb0-082ab27b8b60', False, 'talpa', 'Talpa', null, ST_GeomFromText('POINT(-105.5811 36.3031)',4326), null, null, '2021-02-14T13:56:30.582649Z', null, '98a61f29-18a8-430a-9d02-0f53486e0984', 'f124c61e-f5c2-441f-adb1-9acb1484f8c0', '00000000-0000-0000-0000-000000000000', null),
('5581265e-fa12-4631-afdc-32821e6ca604', False, 'cochiti-santa-fe', 'Cochiti Santa Fe', null, ST_GeomFromText('POINT(-106.2289 35.5472)',4326), null, null, '2021-02-14T13:56:30.582696Z', null, '98a61f29-18a8-430a-9d02-0f53486e0984', 'f124c61e-f5c2-441f-adb1-9acb1484f8c0', '00000000-0000-0000-0000-000000000000', null),
('f01f6b6e-1e94-4a49-8a98-8e804386393c', False, 'fishtail-rd', 'Fishtail rd', null, ST_GeomFromText('POINT(-106.4708 36.7381)',4326), null, null, '2021-02-14T13:56:30.582738Z', null, '98a61f29-18a8-430a-9d02-0f53486e0984', 'f124c61e-f5c2-441f-adb1-9acb1484f8c0', '00000000-0000-0000-0000-000000000000', null),
('24a2a109-c98b-4e35-9edc-2fef17293800', False, 'romero-dtch', 'Romero Dtch', null, ST_GeomFromText('POINT(-106.0384 37.0869)',4326), null, null, '2021-02-14T13:56:30.582779Z', null, '98a61f29-18a8-430a-9d02-0f53486e0984', 'f124c61e-f5c2-441f-adb1-9acb1484f8c0', '00000000-0000-0000-0000-000000000000', null),
('0af25a49-849d-4390-a68b-4e12e8c3ebb6', False, 'manassa-dtch', 'Manassa Dtch', null, ST_GeomFromText('POINT(-106.0054 37.1054)',4326), null, null, '2021-02-14T13:56:30.582914Z', null, '98a61f29-18a8-430a-9d02-0f53486e0984', 'f124c61e-f5c2-441f-adb1-9acb1484f8c0', '00000000-0000-0000-0000-000000000000', null),
('1709861a-cdbe-42a0-9ad0-e9ada5c3224f', False, 'san-luis-val-cn', 'San Luis Val Cn', null, ST_GeomFromText('POINT(-106.0513 37.5767)',4326), null, null, '2021-02-14T13:56:30.582986Z', null, '98a61f29-18a8-430a-9d02-0f53486e0984', 'f124c61e-f5c2-441f-adb1-9acb1484f8c0', '00000000-0000-0000-0000-000000000000', null),
('5223a08f-351a-4220-b5a4-765ad2f4c61e', False, 'prwp-dtch', 'PRWP Dtch', null, ST_GeomFromText('POINT(-107.3214 37.6669)',4326), null, null, '2021-02-14T13:56:30.583030Z', null, '98a61f29-18a8-430a-9d02-0f53486e0984', 'f124c61e-f5c2-441f-adb1-9acb1484f8c0', '00000000-0000-0000-0000-000000000000', null),
('e133e4de-82e9-4698-8f6a-f0ddd17236af', False, 'south-fork-bear', 'South Fork Bear', null, ST_GeomFromText('POINT(-106.6082 37.6798)',4326), null, null, '2021-02-14T13:56:30.583075Z', null, '98a61f29-18a8-430a-9d02-0f53486e0984', 'f124c61e-f5c2-441f-adb1-9acb1484f8c0', '00000000-0000-0000-0000-000000000000', null),
('f76b8659-da4b-493e-8b4f-c7c76a78edf6', False, 'bluewater', 'Bluewater', null, ST_GeomFromText('POINT(-108.1114 35.2925)',4326), null, null, '2021-02-14T13:56:30.583118Z', null, '98a61f29-18a8-430a-9d02-0f53486e0984', 'f124c61e-f5c2-441f-adb1-9acb1484f8c0', '00000000-0000-0000-0000-000000000000', null),
('3906bc22-205e-41e0-a101-1c2394a1d851', False, 'conejos', 'Conejos', null, ST_GeomFromText('POINT(-106.0069 37.1015)',4326), null, null, '2021-02-14T13:56:30.583160Z', null, '98a61f29-18a8-430a-9d02-0f53486e0984', 'f124c61e-f5c2-441f-adb1-9acb1484f8c0', '00000000-0000-0000-0000-000000000000', null),
('835d4931-4b3b-4e05-bc7e-f0f719d60713', False, 'monte-vista-cn', 'Monte Vista Cn', null, ST_GeomFromText('POINT(-106.222 37.616)',4326), null, null, '2021-02-14T13:56:30.583202Z', null, '98a61f29-18a8-430a-9d02-0f53486e0984', 'f124c61e-f5c2-441f-adb1-9acb1484f8c0', '00000000-0000-0000-0000-000000000000', null),
('9a4c1b7d-6fa8-4d77-9b49-a0c4ba3bd242', False, 'mountain-home', 'Mountain Home', null, ST_GeomFromText('POINT(-105.3936 37.3931)',4326), null, null, '2021-02-14T13:56:30.583243Z', null, '98a61f29-18a8-430a-9d02-0f53486e0984', 'f124c61e-f5c2-441f-adb1-9acb1484f8c0', '00000000-0000-0000-0000-000000000000', null),
('8a0da115-8a3c-4307-8fbe-bf96d12a4d18', False, 'mountain-home-ds', 'Mountain Home DS', null, ST_GeomFromText('POINT(-105.395 37.394)',4326), null, null, '2021-02-14T13:56:30.583243Z', null, '98a61f29-18a8-430a-9d02-0f53486e0984', 'f124c61e-f5c2-441f-adb1-9acb1484f8c0', '00000000-0000-0000-0000-000000000000', null),
('753288b8-5b1d-4e71-89b0-733a7e7996d4', False, 'jasper-ds', 'Jasper DS', null, ST_GeomFromText('POINT(-106.3773 37.3889)',4326), null, null, '2021-02-14T13:56:30.583328Z', null, '98a61f29-18a8-430a-9d02-0f53486e0984', 'f124c61e-f5c2-441f-adb1-9acb1484f8c0', '00000000-0000-0000-0000-000000000000', null),
('88aea7e3-4390-4cf0-b298-e45d54fdea96', False, 'jasper-us', 'Jasper US', null, ST_GeomFromText('POINT(-106.522 37.4025)',4326), null, null, '2021-02-14T13:56:30.583376Z', null, '98a61f29-18a8-430a-9d02-0f53486e0984', 'f124c61e-f5c2-441f-adb1-9acb1484f8c0', '00000000-0000-0000-0000-000000000000', null),
('d0d543e1-6acd-4743-9a7f-7d708f477e03', False, 'marshall-park-cg', 'Marshall Park CG', null, ST_GeomFromText('POINT(-106.9819 37.7932)',4326), null, null, '2021-02-14T13:56:30.583428Z', null, '98a61f29-18a8-430a-9d02-0f53486e0984', 'f124c61e-f5c2-441f-adb1-9acb1484f8c0', '00000000-0000-0000-0000-000000000000', null),
('a1d87917-e2c3-47ed-8d45-7cdf8a5f74f9', False, 'humphreys-us', 'Humphreys US', null, ST_GeomFromText('POINT(-106.8593 37.6764)',4326), null, null, '2021-02-14T13:56:30.583474Z', null, '98a61f29-18a8-430a-9d02-0f53486e0984', 'f124c61e-f5c2-441f-adb1-9acb1484f8c0', '00000000-0000-0000-0000-000000000000', null),
('635f626f-5f82-421c-8433-c018ba59ee72', False, 'terrace', 'Terrace', null, ST_GeomFromText('POINT(-106.285 37.3572)',4326), null, null, '2021-02-14T13:56:30.583526Z', null, '98a61f29-18a8-430a-9d02-0f53486e0984', 'f124c61e-f5c2-441f-adb1-9acb1484f8c0', '00000000-0000-0000-0000-000000000000', null),
('1d86025b-be61-4051-b444-e3d10bd8087d', False, 'conejos-n-b', 'Conejos N B', null, ST_GeomFromText('POINT(-106.0091 37.1018)',4326), null, null, '2021-02-14T13:56:30.583571Z', null, '98a61f29-18a8-430a-9d02-0f53486e0984', 'f124c61e-f5c2-441f-adb1-9acb1484f8c0', '00000000-0000-0000-0000-000000000000', null),
('2ffbdcef-f1f7-4b87-bf78-4149380110ec', False, 'tabor-dtch', 'Tabor Dtch', null, ST_GeomFromText('POINT(-107.1587 37.8728)',4326), null, null, '2021-02-14T13:56:30.583612Z', null, '98a61f29-18a8-430a-9d02-0f53486e0984', 'f124c61e-f5c2-441f-adb1-9acb1484f8c0', '00000000-0000-0000-0000-000000000000', null),
('6160c5f3-840c-4546-a070-147ce1f912db', False, 'beaver-creek-ds', 'Beaver Creek DS', null, ST_GeomFromText('POINT(-106.6675 37.5989)',4326), null, null, '2021-02-14T13:56:30.583651Z', null, '98a61f29-18a8-430a-9d02-0f53486e0984', 'f124c61e-f5c2-441f-adb1-9acb1484f8c0', '00000000-0000-0000-0000-000000000000', null),
('fdb09f84-16d2-4df0-b15e-d6c6e032a330', False, 'wagon-wg-goose', 'Wagon WG Goose', null, ST_GeomFromText('POINT(-106.83 37.7519)',4326), null, null, '2021-02-14T13:56:30.583701Z', null, '98a61f29-18a8-430a-9d02-0f53486e0984', 'f124c61e-f5c2-441f-adb1-9acb1484f8c0', '00000000-0000-0000-0000-000000000000', null),
('0e8afb77-242a-4c9a-ac53-ba6374bcd69a', False, 'del-norte-san-fr', 'Del Norte San Fr', null, ST_GeomFromText('POINT(-106.3702 37.5793)',4326), null, null, '2021-02-14T13:56:30.583744Z', null, '98a61f29-18a8-430a-9d02-0f53486e0984', 'f124c61e-f5c2-441f-adb1-9acb1484f8c0', '00000000-0000-0000-0000-000000000000', null),
('b0710c91-037e-43c2-835b-50a8e886641c', False, 'hayner-bridge', 'Hayner Bridge', null, ST_GeomFromText('POINT(-107.0194 32.6133)',4326), null, null, '2021-02-14T13:56:30.583783Z', null, '98a61f29-18a8-430a-9d02-0f53486e0984', 'f124c61e-f5c2-441f-adb1-9acb1484f8c0', '00000000-0000-0000-0000-000000000000', null),
('cc93dd61-eb3c-4533-8c8f-c3a00a3f34b5', False, 'anthony', 'Anthony', null, ST_GeomFromText('POINT(-106.6014 31.915)',4326), null, null, '2021-02-14T13:56:30.583843Z', null, '98a61f29-18a8-430a-9d02-0f53486e0984', 'f124c61e-f5c2-441f-adb1-9acb1484f8c0', '00000000-0000-0000-0000-000000000000', null),
('cd360bbc-1a07-440f-b829-c1fc9434c6f9', False, 'american-cn', 'American Cn', null, ST_GeomFromText('POINT(-106.5264 31.7778)',4326), null, null, '2021-02-14T13:56:30.583899Z', null, '98a61f29-18a8-430a-9d02-0f53486e0984', 'f124c61e-f5c2-441f-adb1-9acb1484f8c0', '00000000-0000-0000-0000-000000000000', null),
('25c68087-a418-4db4-b24a-9c23257ca85d', False, 'ft-quitman', 'Ft Quitman', null, ST_GeomFromText('POINT(-105.6083 31.0861)',4326), null, null, '2021-02-14T13:56:30.583954Z', null, '98a61f29-18a8-430a-9d02-0f53486e0984', 'f124c61e-f5c2-441f-adb1-9acb1484f8c0', '00000000-0000-0000-0000-000000000000', null),
('8ffd1a0d-e4ac-4047-a025-666809a2db77', False, 'candelaria', 'Candelaria', null, ST_GeomFromText('POINT(-104.6861 30.175)',4326), null, null, '2021-02-14T13:56:30.584010Z', null, '98a61f29-18a8-430a-9d02-0f53486e0984', 'f124c61e-f5c2-441f-adb1-9acb1484f8c0', '00000000-0000-0000-0000-000000000000', null),
('da88203f-2166-4612-8d62-8df5370ad149', False, 'presidio-us', 'Presidio US', null, ST_GeomFromText('POINT(-104.4514 29.6042)',4326), null, null, '2021-02-14T13:56:30.584062Z', null, '98a61f29-18a8-430a-9d02-0f53486e0984', 'f124c61e-f5c2-441f-adb1-9acb1484f8c0', '00000000-0000-0000-0000-000000000000', null),
('07106257-d553-485c-8b23-eaab7bf1afa5', False, 'presidio', 'Presidio', null, ST_GeomFromText('POINT(-104.3936 29.5578)',4326), null, null, '2021-02-14T13:56:30.584127Z', null, '98a61f29-18a8-430a-9d02-0f53486e0984', 'f124c61e-f5c2-441f-adb1-9acb1484f8c0', '00000000-0000-0000-0000-000000000000', null),
('24aa2d2f-0cfb-4c62-9cf5-e895c95f2cf6', False, 'american-ds', 'American DS', null, ST_GeomFromText('POINT(-106.5222 31.7761)',4326), null, null, '2021-02-14T13:56:30.584191Z', null, '98a61f29-18a8-430a-9d02-0f53486e0984', 'f124c61e-f5c2-441f-adb1-9acb1484f8c0', '00000000-0000-0000-0000-000000000000', null),
('085917e0-6b5b-4830-bf47-b8566c3302f0', False, 'mesilla-ds', 'Mesilla DS', null, ST_GeomFromText('POINT(-106.7717 32.2103)',4326), null, null, '2021-02-14T13:56:30.584234Z', null, '98a61f29-18a8-430a-9d02-0f53486e0984', 'f124c61e-f5c2-441f-adb1-9acb1484f8c0', '00000000-0000-0000-0000-000000000000', null),
('86152f13-f4e1-4579-aea8-07e114bfcbec', False, 'rio-conchos', 'Rio Conchos', null, ST_GeomFromText('POINT(-104.43 29.5833)',4326), null, null, '2021-02-14T13:56:30.584328Z', null, '98a61f29-18a8-430a-9d02-0f53486e0984', 'f124c61e-f5c2-441f-adb1-9acb1484f8c0', '00000000-0000-0000-0000-000000000000', null),
('f11e33fc-a3ee-4b80-9605-9347432e5df3', False, 'leasburg-ds', 'Leasburg DS', null, ST_GeomFromText('POINT(-106.9194 32.4764)',4326), null, null, '2021-02-14T13:56:30.584392Z', null, '98a61f29-18a8-430a-9d02-0f53486e0984', 'f124c61e-f5c2-441f-adb1-9acb1484f8c0', '00000000-0000-0000-0000-000000000000', null),
('5bdee068-26ac-4ff3-839d-9ef105e50726', False, 'presidio-alamito', 'Presidio Alamito', null, ST_GeomFromText('POINT(-104.2875 29.5236)',4326), null, null, '2021-02-14T13:56:30.584444Z', null, '98a61f29-18a8-430a-9d02-0f53486e0984', 'f124c61e-f5c2-441f-adb1-9acb1484f8c0', '00000000-0000-0000-0000-000000000000', null),
('9a620f85-958c-4de8-801a-9b072ee4036d', False, 'sanchez-res', 'Sanchez Res', null, ST_GeomFromText('POINT(-105.4125 37.1136)',4326), null, null, '2021-02-14T13:56:30.584488Z', null, '98a61f29-18a8-430a-9d02-0f53486e0984', 'f124c61e-f5c2-441f-adb1-9acb1484f8c0', '00000000-0000-0000-0000-000000000000', null),
('1eab880c-491a-4977-9728-adbe7b62fcd0', False, 'sanchez-res-ds', 'Sanchez Res DS', null, ST_GeomFromText('POINT(-105.4092 37.1143)',4326), null, null, '2021-02-14T13:56:30.584488Z', null, '98a61f29-18a8-430a-9d02-0f53486e0984', 'f124c61e-f5c2-441f-adb1-9acb1484f8c0', '00000000-0000-0000-0000-000000000000', null),
('d9a6229e-0cd9-45a4-95de-ed1dd70e29aa', False, 'rio-grande-res', 'Rio Grande Res', null, ST_GeomFromText('POINT(-107.2676 37.7219)',4326), null, null, '2021-02-14T13:56:30.584567Z', null, '98a61f29-18a8-430a-9d02-0f53486e0984', 'f124c61e-f5c2-441f-adb1-9acb1484f8c0', '00000000-0000-0000-0000-000000000000', null),
('90de9154-14a2-4879-999d-d32b24613df9', False, 'johnson-ranch', 'Johnson Ranch', null, ST_GeomFromText('POINT(-103.3903 29.0347)',4326), null, null, '2021-02-14T13:56:30.584669Z', null, '98a61f29-18a8-430a-9d02-0f53486e0984', 'f124c61e-f5c2-441f-adb1-9acb1484f8c0', '00000000-0000-0000-0000-000000000000', null),
('5d4634fb-d9df-4301-91db-77e15b899faa', False, 'presidio-ds', 'Presidio DS', null, ST_GeomFromText('POINT(-104.2864 29.5192)',4326), null, null, '2021-02-14T13:56:30.584731Z', null, '98a61f29-18a8-430a-9d02-0f53486e0984', 'f124c61e-f5c2-441f-adb1-9acb1484f8c0', '00000000-0000-0000-0000-000000000000', null),
('4a0fbbb9-d0cf-49cf-839b-01bf851602a0', False, 'mcclure-us', 'McClure US', null, ST_GeomFromText('POINT(-105.8228 35.6889)',4326), null, null, '2021-02-14T13:56:30.584782Z', null, '98a61f29-18a8-430a-9d02-0f53486e0984', 'f124c61e-f5c2-441f-adb1-9acb1484f8c0', '00000000-0000-0000-0000-000000000000', null),
('6098b9e5-23f5-459a-8cdc-624f57642fe9', False, 'tijeras-arroyo', 'Tijeras Arroyo', null, ST_GeomFromText('POINT(-106.6575 35.0019)',4326), null, null, '2021-02-14T13:56:30.584833Z', null, '98a61f29-18a8-430a-9d02-0f53486e0984', 'f124c61e-f5c2-441f-adb1-9acb1484f8c0', '00000000-0000-0000-0000-000000000000', null),
('80005a8a-6265-43f8-992a-e4f154c47867', False, 'santa-fe-tesq', 'Santa Fe Tesq', null, ST_GeomFromText('POINT(-105.905 35.7394)',4326), null, null, '2021-02-14T13:56:30.584875Z', null, '98a61f29-18a8-430a-9d02-0f53486e0984', 'f124c61e-f5c2-441f-adb1-9acb1484f8c0', '00000000-0000-0000-0000-000000000000', null),
('f33c5172-e4e4-40d5-b1cb-d2d76827efa7', False, 'costilla-ds', 'Costilla DS', null, ST_GeomFromText('POINT(-105.2837 36.8728)',4326), null, null, '2021-02-14T13:56:30.584915Z', null, '98a61f29-18a8-430a-9d02-0f53486e0984', 'f124c61e-f5c2-441f-adb1-9acb1484f8c0', '00000000-0000-0000-0000-000000000000', null),
('679b966f-2ad6-4318-8d7e-85ce1cd1d837', False, 'south-fork-us', 'South Fork US', null, ST_GeomFromText('POINT(-106.7534 37.5744)',4326), null, null, '2021-02-14T13:56:30.584966Z', null, '98a61f29-18a8-430a-9d02-0f53486e0984', 'f124c61e-f5c2-441f-adb1-9acb1484f8c0', '00000000-0000-0000-0000-000000000000', null),
('34dd678e-1be8-48f9-be99-aabde5aee463', False, 'box-canyon', 'Box Canyon', null, ST_GeomFromText('POINT(-107.1413 37.7746)',4326), null, null, '2021-02-14T13:56:30.585031Z', null, '98a61f29-18a8-430a-9d02-0f53486e0984', 'f124c61e-f5c2-441f-adb1-9acb1484f8c0', '00000000-0000-0000-0000-000000000000', null),
('d224fa32-7937-4471-91d4-4116ec1a06c2', False, 'farmers-union-cn', 'Farmers Union Cn', null, ST_GeomFromText('POINT(-106.2639 37.6659)',4326), null, null, '2021-02-14T13:56:30.585080Z', null, '98a61f29-18a8-430a-9d02-0f53486e0984', 'f124c61e-f5c2-441f-adb1-9acb1484f8c0', '00000000-0000-0000-0000-000000000000', null),
('1dbef7be-5328-4bff-aafa-f0f379ad0305', False, 'empire-cn', 'Empire Cn', null, ST_GeomFromText('POINT(-106.1055 37.5808)',4326), null, null, '2021-02-14T13:56:30.585122Z', null, '98a61f29-18a8-430a-9d02-0f53486e0984', 'f124c61e-f5c2-441f-adb1-9acb1484f8c0', '00000000-0000-0000-0000-000000000000', null),
('e1335024-0a0d-4047-a1e4-492256a9b7c2', False, 'garcia', 'Garcia', null, ST_GeomFromText('POINT(-105.5325 36.989)',4326), null, null, '2021-02-14T13:56:30.585175Z', null, '98a61f29-18a8-430a-9d02-0f53486e0984', 'f124c61e-f5c2-441f-adb1-9acb1484f8c0', '00000000-0000-0000-0000-000000000000', null),
('30f39465-009d-4fc3-8cc3-d5c42df0d985', False, 'chama', 'Chama', null, ST_GeomFromText('POINT(-106.5547 36.935)',4326), null, null, '2021-02-14T13:56:30.585228Z', null, '98a61f29-18a8-430a-9d02-0f53486e0984', 'f124c61e-f5c2-441f-adb1-9acb1484f8c0', '00000000-0000-0000-0000-000000000000', null),
('807cb3c5-d1ea-4da3-aa6d-223c1cf64e13', False, 'norton-drain', 'Norton Drain', null, ST_GeomFromText('POINT(-105.7715 37.3346)',4326), null, null, '2021-02-14T13:56:30.585285Z', null, '98a61f29-18a8-430a-9d02-0f53486e0984', 'f124c61e-f5c2-441f-adb1-9acb1484f8c0', '00000000-0000-0000-0000-000000000000', null),
('1a7bdbd8-225f-4766-b72f-0c9d7057ef89', False, 'norton-drain-s', 'Norton Drain S', null, ST_GeomFromText('POINT(-105.8547 37.2986)',4326), null, null, '2021-02-14T13:56:30.585353Z', null, '98a61f29-18a8-430a-9d02-0f53486e0984', 'f124c61e-f5c2-441f-adb1-9acb1484f8c0', '00000000-0000-0000-0000-000000000000', null),
('06d201c5-3a8f-46d9-ae08-04415d990b5a', False, 'mountain-home-us', 'Mountain Home US', null, ST_GeomFromText('POINT(-105.3689 37.3947)',4326), null, null, '2021-02-14T13:56:30.585531Z', null, '98a61f29-18a8-430a-9d02-0f53486e0984', 'f124c61e-f5c2-441f-adb1-9acb1484f8c0', '00000000-0000-0000-0000-000000000000', null),
('0d4cdf2f-9dcf-4644-b4e2-d5d30c1c3073', False, 'costilla-dtch-al', 'Costilla Dtch Al', null, ST_GeomFromText('POINT(-105.9488 37.5527)',4326), null, null, '2021-02-14T13:56:30.585640Z', null, '98a61f29-18a8-430a-9d02-0f53486e0984', 'f124c61e-f5c2-441f-adb1-9acb1484f8c0', '00000000-0000-0000-0000-000000000000', null),
('95b4184b-ef18-4dff-9e12-419ce82fbdb9', False, 'centennial-cn', 'Centennial Cn', null, ST_GeomFromText('POINT(-106.0704 37.5719)',4326), null, null, '2021-02-14T13:56:30.585716Z', null, '98a61f29-18a8-430a-9d02-0f53486e0984', 'f124c61e-f5c2-441f-adb1-9acb1484f8c0', '00000000-0000-0000-0000-000000000000', null),
('08ad4f95-1f66-4b54-9134-dc07ee9dc786', False, 'rawsrget2', 'RawsRGET2', null, ST_GeomFromText('POINT(-102.9631 29.1858)',4326), null, null, '2021-02-14T13:56:30.585764Z', null, '98a61f29-18a8-430a-9d02-0f53486e0984', 'f124c61e-f5c2-441f-adb1-9acb1484f8c0', '00000000-0000-0000-0000-000000000000', null),
('36407ff2-3b57-4a55-a1a0-5b23713159ae', False, 'langtry', 'Langtry', null, ST_GeomFromText('POINT(-101.4458 29.8028)',4326), null, null, '2021-02-14T13:56:30.586423Z', null, '98a61f29-18a8-430a-9d02-0f53486e0984', 'f124c61e-f5c2-441f-adb1-9acb1484f8c0', '00000000-0000-0000-0000-000000000000', null),
('b488b503-87b9-4eee-9393-39da4f2a8f36', False, 'rawswdrn5', 'RawsWDRN5', null, ST_GeomFromText('POINT(-105.6689 36.695)',4326), null, null, '2021-02-14T13:56:30.586540Z', null, '98a61f29-18a8-430a-9d02-0f53486e0984', 'f124c61e-f5c2-441f-adb1-9acb1484f8c0', '00000000-0000-0000-0000-000000000000', null);

--INSERT INSTRUMENT STATUS--
INSERT INTO public.instrument_status(id, instrument_id, status_id, "time")
 VALUES 
('6d5aaf58-b919-4fc7-b108-627d02835e73', '67d96da5-d1ee-4600-9e22-9262abb151b8', 'e26ba2ef-9b52-4c71-97df-9e4b6cf4174d', '2021-02-14T13:56:30.508309Z'),
('07581e7c-20a4-492a-a8eb-d9cb06582df3', '3130d868-9806-4bde-9e2c-654677a43718', 'e26ba2ef-9b52-4c71-97df-9e4b6cf4174d', '2021-02-14T13:56:30.508425Z'),
('10264cc0-8de8-4c86-94d4-8a31824c6667', 'da7e6c92-cdd6-490f-adf0-c50c69cd715b', 'e26ba2ef-9b52-4c71-97df-9e4b6cf4174d', '2021-02-14T13:56:30.508511Z'),
('f3600d53-650f-44ef-a4f0-06301d982e12', '8072c4a7-5709-493a-b171-ed3edcdab3cb', 'e26ba2ef-9b52-4c71-97df-9e4b6cf4174d', '2021-02-14T13:56:30.508540Z'),
('63570bc0-b719-4865-a615-9cb5dd469b84', '41e521ff-bf31-45e3-bcbe-2d4c4b362437', 'e26ba2ef-9b52-4c71-97df-9e4b6cf4174d', '2021-02-14T13:56:30.508678Z'),
('ff98ac6d-d4b5-467f-a120-b85e255b8b9a', '562fcd67-1d8c-4cd6-9443-b9a039d8b097', 'e26ba2ef-9b52-4c71-97df-9e4b6cf4174d', '2021-02-14T13:56:30.508833Z'),
('3a1f2f06-7155-4944-9aa1-23626d3bc3a8', '389786f9-5aa5-4eca-b395-77e7166268fc', 'e26ba2ef-9b52-4c71-97df-9e4b6cf4174d', '2021-02-14T13:56:30.508971Z'),
('146eca7e-83c7-4e7a-94f5-cdf00477f75d', 'c722d4f3-a0ad-46f5-a17f-c10326a525de', 'e26ba2ef-9b52-4c71-97df-9e4b6cf4174d', '2021-02-14T13:56:30.509178Z'),
('9c978b75-2d0b-49ba-bfd2-d528ffa0ce14', 'f5f35408-a622-4fb0-a2d0-ca80082b3cc4', 'e26ba2ef-9b52-4c71-97df-9e4b6cf4174d', '2021-02-14T13:56:30.509330Z'),
('8c3ecd17-a195-4110-a878-c8dafcd4c4a3', '40eac2e8-71f0-43a6-9ec0-0cdd468e8daf', 'e26ba2ef-9b52-4c71-97df-9e4b6cf4174d', '2021-02-14T13:56:30.509404Z'),
('70e0eb0e-eab6-4ccb-95d4-aee93e2cc66c', '779e3e3c-946a-42e1-ae9c-405d41e3d313', 'e26ba2ef-9b52-4c71-97df-9e4b6cf4174d', '2021-02-14T13:56:30.509557Z'),
('446a474f-e2d7-4a54-8769-ca1f921fe51b', '09c5a8c4-c465-4c8b-b627-eb2877633fe0', 'e26ba2ef-9b52-4c71-97df-9e4b6cf4174d', '2021-02-14T13:56:30.509792Z'),
('a314d972-086c-4efd-9d6f-340b03eeea80', '3ee387b2-8be8-4ed6-b1c8-8da97ab429a9', 'e26ba2ef-9b52-4c71-97df-9e4b6cf4174d', '2021-02-14T13:56:30.510039Z'),
('8d7a6ee1-e7f4-4923-aa55-6215b383209e', '37a94b69-379a-4c07-a344-d45a47bd6519', 'e26ba2ef-9b52-4c71-97df-9e4b6cf4174d', '2021-02-14T13:56:30.510240Z'),
('327591ca-d4f0-4c9d-b13e-904e4b42488f', '4afdefcf-5a67-43b9-8122-0f52eca88290', 'e26ba2ef-9b52-4c71-97df-9e4b6cf4174d', '2021-02-14T13:56:30.510451Z'),
('1fd73a00-d7cc-4df4-9c60-1390f63f8a02', 'e98e960f-26f7-4dd5-ad2a-f8b7e3967110', 'e26ba2ef-9b52-4c71-97df-9e4b6cf4174d', '2021-02-14T13:56:30.510663Z'),
('1855b81d-46e2-4cc0-b1b9-d2fd752a949e', '6c1b7587-aec2-4fbd-a103-d18aefe74386', 'e26ba2ef-9b52-4c71-97df-9e4b6cf4174d', '2021-02-14T13:56:30.510859Z'),
('653f1742-fcf1-4e41-b155-0bc1bd08b7a2', '64781110-0523-4010-b2cd-d46f4e461af9', 'e26ba2ef-9b52-4c71-97df-9e4b6cf4174d', '2021-02-14T13:56:30.511039Z'),
('35a22073-a83f-4c10-8b54-78b86cbde59b', 'd52a37f8-a47c-49d2-8206-ec0c7f2c2dd5', 'e26ba2ef-9b52-4c71-97df-9e4b6cf4174d', '2021-02-14T13:56:30.511199Z'),
('97f6463d-912d-4f64-b3f5-a8196f9dc69d', 'bae9c2a1-9952-4376-9247-e8f2a519c7d5', 'e26ba2ef-9b52-4c71-97df-9e4b6cf4174d', '2021-02-14T13:56:30.511379Z'),
('ace457bd-42aa-4b0d-b46b-38f30970a3b5', '16ef8e07-be5a-4ad1-a231-0e62ede14a35', 'e26ba2ef-9b52-4c71-97df-9e4b6cf4174d', '2021-02-14T13:56:30.511548Z'),
('9ef74105-885d-47b3-85e4-65d6f86507b4', 'b5223b57-1bc8-4b9e-9cc4-dc5cb7464973', 'e26ba2ef-9b52-4c71-97df-9e4b6cf4174d', '2021-02-14T13:56:30.511714Z'),
('a552780c-8a89-4188-9abf-5f0bb4a86b0e', '0feee5a5-39cb-47e3-960b-d43b59d10b7e', 'e26ba2ef-9b52-4c71-97df-9e4b6cf4174d', '2021-02-14T13:56:30.511880Z'),
('83b01aad-e1b0-4f34-a999-beb8a961eb35', 'aa5d1c83-62e3-4b77-8a88-6e63f682f4f3', 'e26ba2ef-9b52-4c71-97df-9e4b6cf4174d', '2021-02-14T13:56:30.512048Z'),
('2663674f-252c-43b8-ae42-4c6e3249f3ad', 'dabb839f-d169-42cb-a779-6b8052a6bd3c', 'e26ba2ef-9b52-4c71-97df-9e4b6cf4174d', '2021-02-14T13:56:30.512228Z'),
('a4ea4a2d-280e-4a12-8738-03fb52306033', '1bdee4ab-89c7-4f9a-9233-8a55ba9967ab', 'e26ba2ef-9b52-4c71-97df-9e4b6cf4174d', '2021-02-14T13:56:30.512385Z'),
('38b9b945-7662-4901-a1c6-1b1726278e6c', 'e1cbfd8a-e6d5-43ab-8718-3bab74163bc1', 'e26ba2ef-9b52-4c71-97df-9e4b6cf4174d', '2021-02-14T13:56:30.512512Z'),
('3339baff-fe51-44b3-8a5a-96881fa0ca8f', '0b428b41-1cda-4531-9673-0359cb554212', 'e26ba2ef-9b52-4c71-97df-9e4b6cf4174d', '2021-02-14T13:56:30.512675Z'),
('2c3523cf-88d6-42e5-a0eb-a0883eb01d43', '735ebeb8-df40-4334-956e-efb3ee3db453', 'e26ba2ef-9b52-4c71-97df-9e4b6cf4174d', '2021-02-14T13:56:30.512851Z'),
('1517a8e9-1c1d-49f9-8b6e-2e01336e03a0', '87f853dd-0160-4470-b6e9-31e6dfb8424c', 'e26ba2ef-9b52-4c71-97df-9e4b6cf4174d', '2021-02-14T13:56:30.513020Z'),
('ac0894e3-b281-45e1-ae2e-76220566a426', 'e965623d-b34e-4734-b731-0a08b43e1213', 'e26ba2ef-9b52-4c71-97df-9e4b6cf4174d', '2021-02-14T13:56:30.513142Z'),
('fe6897aa-2de4-4df5-a936-91de66f0d016', '8a111c8d-3ea8-4919-bfe3-711b768aa782', 'e26ba2ef-9b52-4c71-97df-9e4b6cf4174d', '2021-02-14T13:56:30.513281Z'),
('be769ef8-4ef2-42d4-abe0-bdac431364cc', '3e3b545b-6e9e-489d-8665-f38e8ceb21a0', 'e26ba2ef-9b52-4c71-97df-9e4b6cf4174d', '2021-02-14T13:56:30.513404Z'),
('48956758-7816-433c-a022-60a761702409', 'a3d4555f-1742-4197-9bfc-e63be3391095', 'e26ba2ef-9b52-4c71-97df-9e4b6cf4174d', '2021-02-14T13:56:30.513556Z'),
('2409c47e-2364-4d23-aa9f-dbaec0baead6', 'daf83c5d-8e1b-40a2-93a0-fd87be054a75', 'e26ba2ef-9b52-4c71-97df-9e4b6cf4174d', '2021-02-14T13:56:30.513717Z'),
('73d9a9a3-778c-4f92-8d28-79b1b4591f02', 'fa469069-baf6-4e28-8fac-5a18e4ebf7f9', 'e26ba2ef-9b52-4c71-97df-9e4b6cf4174d', '2021-02-14T13:56:30.513872Z'),
('9fc34c57-3747-46b7-9758-0b3a1bd6cae8', '21664e71-c273-4c18-83f2-904f6bba3566', 'e26ba2ef-9b52-4c71-97df-9e4b6cf4174d', '2021-02-14T13:56:30.514055Z'),
('a21a728f-75b3-4357-a40c-3b8f61d5514e', 'd7644b31-bd43-491b-971f-8c76f16afc5c', 'e26ba2ef-9b52-4c71-97df-9e4b6cf4174d', '2021-02-14T13:56:30.514210Z'),
('3537e63d-aa4b-4b52-9f2c-38a1c4a8adf6', '2b8bed18-b9e2-46b6-9f74-a39a474644c3', 'e26ba2ef-9b52-4c71-97df-9e4b6cf4174d', '2021-02-14T13:56:30.514389Z'),
('015f47a2-9a30-412a-925d-b3e3dc91a713', '631c7c28-0a09-49ec-8aaf-c5b4d4d880c4', 'e26ba2ef-9b52-4c71-97df-9e4b6cf4174d', '2021-02-14T13:56:30.514539Z'),
('849149fb-a818-41a9-9b53-2c603e06395d', 'c5777ea6-904d-445d-974f-995180d7dabf', 'e26ba2ef-9b52-4c71-97df-9e4b6cf4174d', '2021-02-14T13:56:30.514683Z'),
('54c24e62-3167-4833-8d31-d105b0974acb', '65684ff8-db23-4136-a820-8157ca158899', 'e26ba2ef-9b52-4c71-97df-9e4b6cf4174d', '2021-02-14T13:56:30.514868Z'),
('8f6b8944-8d5f-4fd9-a400-f5b2bb53d35b', '26c9af69-77e3-4f47-9f3d-db9c284767b4', 'e26ba2ef-9b52-4c71-97df-9e4b6cf4174d', '2021-02-14T13:56:30.515042Z'),
('06c0a143-61a1-403e-8152-4431b25302bb', 'ad1498a1-834e-4eb9-8087-1c75ae9497dd', 'e26ba2ef-9b52-4c71-97df-9e4b6cf4174d', '2021-02-14T13:56:30.515222Z'),
('4c0d07a9-98a2-42dc-b1e1-be30cc07faf8', '462feb12-f120-4708-a16e-adb0b1255b43', 'e26ba2ef-9b52-4c71-97df-9e4b6cf4174d', '2021-02-14T13:56:30.515370Z'),
('99966d25-2fac-4c4c-a771-7b09b3382d2b', 'ff64e9f8-0ebe-4827-8f40-e867761640b0', 'e26ba2ef-9b52-4c71-97df-9e4b6cf4174d', '2021-02-14T13:56:30.515557Z'),
('f9261bb6-d46f-4743-9867-9490b935602e', '54293b67-77d8-4b03-9b83-1cbb5d5b1cd6', 'e26ba2ef-9b52-4c71-97df-9e4b6cf4174d', '2021-02-14T13:56:30.515710Z'),
('898bff2f-e8ed-4d54-8b26-c87b775fb98f', '7eed73f6-ae79-4f28-8b19-f1beb1f16916', 'e26ba2ef-9b52-4c71-97df-9e4b6cf4174d', '2021-02-14T13:56:30.515842Z'),
('cd3956b6-42ec-4896-8132-357164bd7601', '28f0440d-b8db-4fbf-aae1-928a3c855749', 'e26ba2ef-9b52-4c71-97df-9e4b6cf4174d', '2021-02-14T13:56:30.516019Z'),
('b84663c9-e7ac-4236-a6c1-c829dd27fbd9', 'b5fc264e-412c-48fd-a6e5-c4423773b5d5', 'e26ba2ef-9b52-4c71-97df-9e4b6cf4174d', '2021-02-14T13:56:30.516210Z'),
('f488d66f-025e-4cda-b394-e7ab43053f4e', 'dbcd9b33-f64d-4971-b3b2-b0d051f38f75', 'e26ba2ef-9b52-4c71-97df-9e4b6cf4174d', '2021-02-14T13:56:30.516416Z'),
('37cd5e78-dad7-449b-9cc0-837f5d2aed88', '37ea4183-4fff-4847-8fbf-1f19b3e8d33f', 'e26ba2ef-9b52-4c71-97df-9e4b6cf4174d', '2021-02-14T13:56:30.516576Z'),
('3feb4433-1745-4e92-95e5-c3cf69bf1a5e', '04cf4bac-4b43-404e-a1b7-2399fb65f081', 'e26ba2ef-9b52-4c71-97df-9e4b6cf4174d', '2021-02-14T13:56:30.516791Z'),
('b1d7b1a2-8dff-4638-83cd-a3e368674bd3', '33306822-12ed-428e-aafe-a2c6817063cb', 'e26ba2ef-9b52-4c71-97df-9e4b6cf4174d', '2021-02-14T13:56:30.516973Z'),
('520900b8-7a58-40f4-82ba-14164b00131e', 'b6efff31-eb5a-47a5-a012-9579b760cbbb', 'e26ba2ef-9b52-4c71-97df-9e4b6cf4174d', '2021-02-14T13:56:30.523172Z'),
('ce793049-6656-4f2d-bdaa-d586aba8aff9', '2b40ce5e-ed05-47ab-ae0b-b86d3dc073b2', 'e26ba2ef-9b52-4c71-97df-9e4b6cf4174d', '2021-02-14T13:56:30.523365Z'),
('19d4b69d-9b6a-4da9-a4a8-3b6acff5e300', '6361dc32-0103-4fd7-85ec-6153049c9d18', 'e26ba2ef-9b52-4c71-97df-9e4b6cf4174d', '2021-02-14T13:56:30.523532Z'),
('d16573e1-bdb2-4956-8116-e6ab77ce9881', '44e32a5a-d562-4a4a-b046-a4b048098cf9', 'e26ba2ef-9b52-4c71-97df-9e4b6cf4174d', '2021-02-14T13:56:30.523680Z'),
('3ee13eab-66aa-4afd-b865-c96ebe62b1d0', '797b6026-6193-49ff-9eeb-ace2d8a5bbee', 'e26ba2ef-9b52-4c71-97df-9e4b6cf4174d', '2021-02-14T13:56:30.523853Z'),
('956a0d7d-dfe8-44ab-9f78-92b4d59bbf1e', '20e34fab-e101-4f12-b358-5a3373a4f509', 'e26ba2ef-9b52-4c71-97df-9e4b6cf4174d', '2021-02-14T13:56:30.524042Z'),
('09e2c15a-ef2c-4b0d-ad5f-c201fd61aad4', '5cfaacd6-6663-4a1c-b273-d891a45fb3fa', 'e26ba2ef-9b52-4c71-97df-9e4b6cf4174d', '2021-02-14T13:56:30.524219Z'),
('fafec3b7-6d1d-46e8-881c-c87d97b06871', 'ea303996-318b-4c91-9cb5-8ec930a798ba', 'e26ba2ef-9b52-4c71-97df-9e4b6cf4174d', '2021-02-14T13:56:30.524390Z'),
('1465af3c-51d4-4bb2-bf88-3068cc2e83ef', '1cb91d49-b27f-4154-9330-b12d027e9eca', 'e26ba2ef-9b52-4c71-97df-9e4b6cf4174d', '2021-02-14T13:56:30.524544Z'),
('6ccc7ca8-2c9d-4ec5-8b2a-92ffc52ad896', '2dad09ab-4c35-4bbd-97b9-248bf0c491ec', 'e26ba2ef-9b52-4c71-97df-9e4b6cf4174d', '2021-02-14T13:56:30.524742Z'),
('8c0373b9-ad96-435b-be7b-9bf123f9b094', 'b5aa9d15-fa29-4171-9c73-6a5f07b0000f', 'e26ba2ef-9b52-4c71-97df-9e4b6cf4174d', '2021-02-14T13:56:30.575759Z'),
('1c6ae596-e5b0-4a6c-9b7d-4757a1c3c22b', 'edbe96ae-03ff-423b-afcc-ac0ebadae0cf', 'e26ba2ef-9b52-4c71-97df-9e4b6cf4174d', '2021-02-14T13:56:30.575957Z'),
('0b1df95e-d0d5-4d8d-921a-eb7a1fe216b2', 'db064dac-6cff-47ee-80dc-28a216ad53e1', 'e26ba2ef-9b52-4c71-97df-9e4b6cf4174d', '2021-02-14T13:56:30.576079Z'),
('933196cf-030b-4f84-a7b5-f350b193cce2', '8e305e48-9ebe-448f-9218-e2394c1777fa', 'e26ba2ef-9b52-4c71-97df-9e4b6cf4174d', '2021-02-14T13:56:30.576296Z'),
('886f12b3-54c0-4a24-9567-17514d980267', '8c2153f1-ae64-458e-bca1-b298eee58026', 'e26ba2ef-9b52-4c71-97df-9e4b6cf4174d', '2021-02-14T13:56:30.576582Z'),
('61d7d7c3-898d-4aba-ac6b-279178b4c07f', 'fc831455-2cc5-4b29-b82c-289b2cc756dd', 'e26ba2ef-9b52-4c71-97df-9e4b6cf4174d', '2021-02-14T13:56:30.576915Z'),
('9df7841e-7606-420d-9f75-3e042f405851', 'f7f47ca2-7747-41f6-9946-e2863d2d2545', 'e26ba2ef-9b52-4c71-97df-9e4b6cf4174d', '2021-02-14T13:56:30.577129Z'),
('5279fb28-c588-49bf-969a-703e024c7fa6', '13ca7835-d50a-49a8-b4d2-96e2d6b2af99', 'e26ba2ef-9b52-4c71-97df-9e4b6cf4174d', '2021-02-14T13:56:30.577494Z'),
('e810c35c-8887-49f0-9637-c9086594bea3', '7fdeafa2-84d6-4f30-8b16-23943c42eb50', 'e26ba2ef-9b52-4c71-97df-9e4b6cf4174d', '2021-02-14T13:56:30.577801Z'),
('ea893a98-7baa-4554-a447-bd1335056482', 'c34690c1-3458-4a1c-a2a6-589d167a5262', 'e26ba2ef-9b52-4c71-97df-9e4b6cf4174d', '2021-02-14T13:56:30.578110Z'),
('42cf40dd-71e0-41d1-8f89-cf130bdfdef0', '8118ee71-ca6f-4d66-99a8-e696a8017f47', 'e26ba2ef-9b52-4c71-97df-9e4b6cf4174d', '2021-02-14T13:56:30.578399Z'),
('8df3184a-c950-4f80-b86b-2a2ebefef5f9', '9b7b7ead-8095-4ddb-8ead-13dcc7193ad5', 'e26ba2ef-9b52-4c71-97df-9e4b6cf4174d', '2021-02-14T13:56:30.578703Z'),
('e081b5d2-bc47-4c0b-af22-87e7d1c589c0', '54371694-49dd-4538-a80b-c0a7957ef47d', 'e26ba2ef-9b52-4c71-97df-9e4b6cf4174d', '2021-02-14T13:56:30.578961Z'),
('7da2a1cd-f75e-4050-a46c-9cf05a2cebf0', 'ba77f258-c0f6-4c0b-a9e1-965fbcc1f59d', 'e26ba2ef-9b52-4c71-97df-9e4b6cf4174d', '2021-02-14T13:56:30.579156Z'),
('c0fbc2d0-d02a-4d71-ae33-0845d61ce5e7', '4bc398fe-350a-4dfe-98c8-a305f2b4dfd5', 'e26ba2ef-9b52-4c71-97df-9e4b6cf4174d', '2021-02-14T13:56:30.579376Z'),
('5093735a-64ce-4239-8dcd-c28cb97d3b58', 'dfb6d402-55a0-4cc6-b354-0167a546972f', 'e26ba2ef-9b52-4c71-97df-9e4b6cf4174d', '2021-02-14T13:56:30.579607Z'),
('e20b7e6c-ee16-475b-bb33-86e6c1f4e3e8', '157457d3-7511-4a2f-870b-058ac60456c5', 'e26ba2ef-9b52-4c71-97df-9e4b6cf4174d', '2021-02-14T13:56:30.579777Z'),
('4028d62b-b0c1-46ff-bbee-bc9ea06862da', 'e4855877-4a91-4788-a56b-a07ed68b70bd', 'e26ba2ef-9b52-4c71-97df-9e4b6cf4174d', '2021-02-14T13:56:30.580047Z'),
('ff25c4c5-73dc-4eb7-8d3a-81e7653051a4', '2f0e900c-46d6-43b7-860d-97c5f926087a', 'e26ba2ef-9b52-4c71-97df-9e4b6cf4174d', '2021-02-14T13:56:30.580265Z'),
('40513bf3-751d-4005-a52f-4589d460788f', '64872cb0-3cee-4401-ab82-07dacec94332', 'e26ba2ef-9b52-4c71-97df-9e4b6cf4174d', '2021-02-14T13:56:30.580513Z'),
('637576f5-a3a9-4ea4-8de6-92780faff832', '296cdc3f-33d8-4bb4-b635-19c9220bff21', 'e26ba2ef-9b52-4c71-97df-9e4b6cf4174d', '2021-02-14T13:56:30.580854Z'),
('06be7f1d-e089-4d1c-b8be-22526bf2691b', 'd5d7aa92-f322-4f57-8ae9-5370c7003a22', 'e26ba2ef-9b52-4c71-97df-9e4b6cf4174d', '2021-02-14T13:56:30.581152Z'),
('c2b80c64-2f8f-474c-9fc0-92d4eff93152', '110788eb-58a4-455f-a42e-46b63166594b', 'e26ba2ef-9b52-4c71-97df-9e4b6cf4174d', '2021-02-14T13:56:30.581462Z'),
('d7c5226c-f99e-4f75-992f-ac0535d85df0', 'b86f6057-5868-4dba-bfbb-656a2162ec98', 'e26ba2ef-9b52-4c71-97df-9e4b6cf4174d', '2021-02-14T13:56:30.581828Z'),
('fe0ae5a3-6615-4e4e-921f-2dd27317bf54', 'ab5d663c-de4f-4a1e-88f0-639e564ad0cc', 'e26ba2ef-9b52-4c71-97df-9e4b6cf4174d', '2021-02-14T13:56:30.581933Z'),
('5171acf4-0d7d-4ae2-804b-d78a6826eeef', '075cae49-3711-403c-ad4e-b8a82089644c', 'e26ba2ef-9b52-4c71-97df-9e4b6cf4174d', '2021-02-14T13:56:30.581986Z'),
('377b9012-f4b7-48fe-8392-f1ed1618e4a7', '0e79ac93-8e79-4848-9379-9e489a47dcc2', 'e26ba2ef-9b52-4c71-97df-9e4b6cf4174d', '2021-02-14T13:56:30.582032Z'),
('f9b8f460-0089-433f-933d-be8d1e5cfc22', '35f1ba1e-b1b6-4833-bf9a-879ce11064df', 'e26ba2ef-9b52-4c71-97df-9e4b6cf4174d', '2021-02-14T13:56:30.582074Z'),
('be99f9bc-e145-4bfc-8962-c612ce2927d0', '920a85e9-4359-46bd-b50a-68a5cf4eb33d', 'e26ba2ef-9b52-4c71-97df-9e4b6cf4174d', '2021-02-14T13:56:30.582116Z'),
('49e8aeed-020e-4a9f-86dd-462e402199d8', 'fa538300-9734-4173-b0c6-872e7f56529d', 'e26ba2ef-9b52-4c71-97df-9e4b6cf4174d', '2021-02-14T13:56:30.582158Z'),
('6f14bf01-f71d-4228-ad25-fca1e9d0da56', 'fe20f70e-14d4-4af7-981e-de83eb6edbdd', 'e26ba2ef-9b52-4c71-97df-9e4b6cf4174d', '2021-02-14T13:56:30.582200Z'),
('16f55c47-1b55-48ea-8286-0a5bb3869617', 'c25aacf9-8a4c-4424-a57f-cea575deeac7', 'e26ba2ef-9b52-4c71-97df-9e4b6cf4174d', '2021-02-14T13:56:30.582245Z'),
('55953939-3e5a-4b37-a1a6-333c2d915d4c', 'dbd0124e-ca79-4819-9e49-cd486ba854ef', 'e26ba2ef-9b52-4c71-97df-9e4b6cf4174d', '2021-02-14T13:56:30.582283Z'),
('82250847-f9b6-40a2-a1c0-66ce6a5090cf', 'b21e5c78-d0f1-4fb5-9b3e-e4b3a8b6906b', 'e26ba2ef-9b52-4c71-97df-9e4b6cf4174d', '2021-02-14T13:56:30.582331Z'),
('23a16219-ee6a-4e52-9576-7ac2262c3859', '2e7c6699-8253-4a8e-84b9-72c135be137a', 'e26ba2ef-9b52-4c71-97df-9e4b6cf4174d', '2021-02-14T13:56:30.582377Z'),
('8eb69c04-0975-4a86-8861-7a0d6d716ee0', '5c7d40b8-035e-4312-aad0-17c62f51f776', 'e26ba2ef-9b52-4c71-97df-9e4b6cf4174d', '2021-02-14T13:56:30.582416Z'),
('ea9e0af5-499f-4d97-b971-b5d8486bb0cb', 'cc2a8374-113d-42d5-9403-f4938cb49b68', 'e26ba2ef-9b52-4c71-97df-9e4b6cf4174d', '2021-02-14T13:56:30.582460Z'),
('b0f8324f-1c6a-443d-b67b-dd6f18000bc1', '961a6c04-7020-4b8e-aa0c-64205cc544cc', 'e26ba2ef-9b52-4c71-97df-9e4b6cf4174d', '2021-02-14T13:56:30.582527Z'),
('365bdeb5-3438-45e3-8464-c3dc0b208b2f', 'fddf8697-d3f4-4cc9-8393-e0cdd7a8f55d', 'e26ba2ef-9b52-4c71-97df-9e4b6cf4174d', '2021-02-14T13:56:30.582592Z'),
('c45ce6ac-cad5-4ba8-a16c-964bd90b4d0e', '3298617d-22b8-49d5-8cb0-082ab27b8b60', 'e26ba2ef-9b52-4c71-97df-9e4b6cf4174d', '2021-02-14T13:56:30.582649Z'),
('b497b4a2-6dd9-4941-8515-450d781023f6', '5581265e-fa12-4631-afdc-32821e6ca604', 'e26ba2ef-9b52-4c71-97df-9e4b6cf4174d', '2021-02-14T13:56:30.582696Z'),
('e10aa5da-9d22-4089-ac33-816516b08403', 'f01f6b6e-1e94-4a49-8a98-8e804386393c', 'e26ba2ef-9b52-4c71-97df-9e4b6cf4174d', '2021-02-14T13:56:30.582738Z'),
('c8648751-2b4c-4f72-8970-2d95611d1f5f', '24a2a109-c98b-4e35-9edc-2fef17293800', 'e26ba2ef-9b52-4c71-97df-9e4b6cf4174d', '2021-02-14T13:56:30.582779Z'),
('d45cea99-b976-4804-b059-f84dacecbaf5', '0af25a49-849d-4390-a68b-4e12e8c3ebb6', 'e26ba2ef-9b52-4c71-97df-9e4b6cf4174d', '2021-02-14T13:56:30.582914Z'),
('5e146a44-f76b-417c-869e-da72b17e2e34', '1709861a-cdbe-42a0-9ad0-e9ada5c3224f', 'e26ba2ef-9b52-4c71-97df-9e4b6cf4174d', '2021-02-14T13:56:30.582986Z'),
('8ca29aae-693c-42f3-8a7f-36408e20fa8b', '5223a08f-351a-4220-b5a4-765ad2f4c61e', 'e26ba2ef-9b52-4c71-97df-9e4b6cf4174d', '2021-02-14T13:56:30.583030Z'),
('7144d23d-9620-46f7-9685-63132da6250b', 'e133e4de-82e9-4698-8f6a-f0ddd17236af', 'e26ba2ef-9b52-4c71-97df-9e4b6cf4174d', '2021-02-14T13:56:30.583075Z'),
('5248d32d-c087-4d17-94b0-bce7c2517150', 'f76b8659-da4b-493e-8b4f-c7c76a78edf6', 'e26ba2ef-9b52-4c71-97df-9e4b6cf4174d', '2021-02-14T13:56:30.583118Z'),
('69751263-1e08-42fa-a3c9-b8f764a7b300', '3906bc22-205e-41e0-a101-1c2394a1d851', 'e26ba2ef-9b52-4c71-97df-9e4b6cf4174d', '2021-02-14T13:56:30.583160Z'),
('1ce7e668-713f-468b-bae7-215f27ffed73', '835d4931-4b3b-4e05-bc7e-f0f719d60713', 'e26ba2ef-9b52-4c71-97df-9e4b6cf4174d', '2021-02-14T13:56:30.583202Z'),
('869c5657-100c-4dc3-a05c-f018fd8ffc4d', '9a4c1b7d-6fa8-4d77-9b49-a0c4ba3bd242', 'e26ba2ef-9b52-4c71-97df-9e4b6cf4174d', '2021-02-14T13:56:30.583243Z'),
('901e3eb9-2ec3-42f0-a506-fe113c0dfde8', '8a0da115-8a3c-4307-8fbe-bf96d12a4d18', 'e26ba2ef-9b52-4c71-97df-9e4b6cf4174d', '2021-02-14T13:56:30.583243Z'),
('91b4e938-1b3f-4226-8f23-828b963b058f', '753288b8-5b1d-4e71-89b0-733a7e7996d4', 'e26ba2ef-9b52-4c71-97df-9e4b6cf4174d', '2021-02-14T13:56:30.583328Z'),
('2d84b179-a0c3-4178-9c43-ab71b0b73c13', '88aea7e3-4390-4cf0-b298-e45d54fdea96', 'e26ba2ef-9b52-4c71-97df-9e4b6cf4174d', '2021-02-14T13:56:30.583376Z'),
('2b66901f-127f-4ef0-86f3-1773600f8588', 'd0d543e1-6acd-4743-9a7f-7d708f477e03', 'e26ba2ef-9b52-4c71-97df-9e4b6cf4174d', '2021-02-14T13:56:30.583428Z'),
('4bce2094-4098-467b-b3ac-460abace0084', 'a1d87917-e2c3-47ed-8d45-7cdf8a5f74f9', 'e26ba2ef-9b52-4c71-97df-9e4b6cf4174d', '2021-02-14T13:56:30.583474Z'),
('81ed03d8-0c7f-4605-bc2d-5eb442dfc9fd', '635f626f-5f82-421c-8433-c018ba59ee72', 'e26ba2ef-9b52-4c71-97df-9e4b6cf4174d', '2021-02-14T13:56:30.583526Z'),
('39e29621-3fee-4b8b-80c2-cb8ce69b4ed1', '1d86025b-be61-4051-b444-e3d10bd8087d', 'e26ba2ef-9b52-4c71-97df-9e4b6cf4174d', '2021-02-14T13:56:30.583571Z'),
('f9a17c65-068e-4386-a08f-df1455e60d61', '2ffbdcef-f1f7-4b87-bf78-4149380110ec', 'e26ba2ef-9b52-4c71-97df-9e4b6cf4174d', '2021-02-14T13:56:30.583612Z'),
('eabaab86-0ac8-4746-9a05-6948d2e600e1', '6160c5f3-840c-4546-a070-147ce1f912db', 'e26ba2ef-9b52-4c71-97df-9e4b6cf4174d', '2021-02-14T13:56:30.583651Z'),
('0121de36-bd7b-4084-940e-3f317fe85ceb', 'fdb09f84-16d2-4df0-b15e-d6c6e032a330', 'e26ba2ef-9b52-4c71-97df-9e4b6cf4174d', '2021-02-14T13:56:30.583701Z'),
('d4af4282-3e7f-4ee7-aeb2-446614e4d741', '0e8afb77-242a-4c9a-ac53-ba6374bcd69a', 'e26ba2ef-9b52-4c71-97df-9e4b6cf4174d', '2021-02-14T13:56:30.583744Z'),
('65fa2f4d-63eb-4859-877b-293c3c3ea114', 'b0710c91-037e-43c2-835b-50a8e886641c', 'e26ba2ef-9b52-4c71-97df-9e4b6cf4174d', '2021-02-14T13:56:30.583783Z'),
('0e73ae80-9944-4c98-a83f-e937fbab4208', 'cc93dd61-eb3c-4533-8c8f-c3a00a3f34b5', 'e26ba2ef-9b52-4c71-97df-9e4b6cf4174d', '2021-02-14T13:56:30.583843Z'),
('5fde68e9-f2aa-4281-8e42-376d336b6aee', 'cd360bbc-1a07-440f-b829-c1fc9434c6f9', 'e26ba2ef-9b52-4c71-97df-9e4b6cf4174d', '2021-02-14T13:56:30.583899Z'),
('c3c334cb-fb37-4d9c-a665-6375803089e9', '25c68087-a418-4db4-b24a-9c23257ca85d', 'e26ba2ef-9b52-4c71-97df-9e4b6cf4174d', '2021-02-14T13:56:30.583954Z'),
('553466ac-4371-493f-b9f1-ea69eae2e23d', '8ffd1a0d-e4ac-4047-a025-666809a2db77', 'e26ba2ef-9b52-4c71-97df-9e4b6cf4174d', '2021-02-14T13:56:30.584010Z'),
('b1075111-d34c-4b97-bac0-58c36cb32159', 'da88203f-2166-4612-8d62-8df5370ad149', 'e26ba2ef-9b52-4c71-97df-9e4b6cf4174d', '2021-02-14T13:56:30.584062Z'),
('0a9439e3-ea1b-4c62-8588-f54ed83afdcc', '07106257-d553-485c-8b23-eaab7bf1afa5', 'e26ba2ef-9b52-4c71-97df-9e4b6cf4174d', '2021-02-14T13:56:30.584127Z'),
('ce7752bc-d34c-4e61-a0bd-68cdc6bbd33f', '24aa2d2f-0cfb-4c62-9cf5-e895c95f2cf6', 'e26ba2ef-9b52-4c71-97df-9e4b6cf4174d', '2021-02-14T13:56:30.584191Z'),
('83d84ae6-d228-4626-96fe-9bda04c53371', '085917e0-6b5b-4830-bf47-b8566c3302f0', 'e26ba2ef-9b52-4c71-97df-9e4b6cf4174d', '2021-02-14T13:56:30.584234Z'),
('778781e0-97b3-48ab-bf66-0127986a13dd', '86152f13-f4e1-4579-aea8-07e114bfcbec', 'e26ba2ef-9b52-4c71-97df-9e4b6cf4174d', '2021-02-14T13:56:30.584328Z'),
('65dfa220-fe3e-4bc4-8e18-ac1dc6eff97e', 'f11e33fc-a3ee-4b80-9605-9347432e5df3', 'e26ba2ef-9b52-4c71-97df-9e4b6cf4174d', '2021-02-14T13:56:30.584392Z'),
('bb424379-d2a1-4c1c-9db6-acf7e25ce99f', '5bdee068-26ac-4ff3-839d-9ef105e50726', 'e26ba2ef-9b52-4c71-97df-9e4b6cf4174d', '2021-02-14T13:56:30.584444Z'),
('95641fd5-d9da-435b-b5f9-9024372aa220', '9a620f85-958c-4de8-801a-9b072ee4036d', 'e26ba2ef-9b52-4c71-97df-9e4b6cf4174d', '2021-02-14T13:56:30.584488Z'),
('f2cff811-ea29-4bd5-8e96-8a8d56942d3e', '1eab880c-491a-4977-9728-adbe7b62fcd0', 'e26ba2ef-9b52-4c71-97df-9e4b6cf4174d', '2021-02-14T13:56:30.584488Z'),
('edb5963e-cb52-4ae4-8012-182c792d03b8', 'd9a6229e-0cd9-45a4-95de-ed1dd70e29aa', 'e26ba2ef-9b52-4c71-97df-9e4b6cf4174d', '2021-02-14T13:56:30.584567Z'),
('6f07fb1c-179f-45d8-a2f5-561bce5934c3', '90de9154-14a2-4879-999d-d32b24613df9', 'e26ba2ef-9b52-4c71-97df-9e4b6cf4174d', '2021-02-14T13:56:30.584669Z'),
('d7ca1d6e-610e-4070-857f-9287c9a70c66', '5d4634fb-d9df-4301-91db-77e15b899faa', 'e26ba2ef-9b52-4c71-97df-9e4b6cf4174d', '2021-02-14T13:56:30.584731Z'),
('a246e0cf-bbc8-4940-8b7e-73b14eb67626', '4a0fbbb9-d0cf-49cf-839b-01bf851602a0', 'e26ba2ef-9b52-4c71-97df-9e4b6cf4174d', '2021-02-14T13:56:30.584782Z'),
('35af87fb-9bd5-4ba6-924a-f1a4b102105f', '6098b9e5-23f5-459a-8cdc-624f57642fe9', 'e26ba2ef-9b52-4c71-97df-9e4b6cf4174d', '2021-02-14T13:56:30.584833Z'),
('67c04ef3-ef33-4806-b898-6d5bc8c4b9c8', '80005a8a-6265-43f8-992a-e4f154c47867', 'e26ba2ef-9b52-4c71-97df-9e4b6cf4174d', '2021-02-14T13:56:30.584875Z'),
('04f49c30-b69f-4cee-884b-54d231c9b5f0', 'f33c5172-e4e4-40d5-b1cb-d2d76827efa7', 'e26ba2ef-9b52-4c71-97df-9e4b6cf4174d', '2021-02-14T13:56:30.584915Z'),
('2762408c-7d6e-4edb-aa44-a19bddb16c71', '679b966f-2ad6-4318-8d7e-85ce1cd1d837', 'e26ba2ef-9b52-4c71-97df-9e4b6cf4174d', '2021-02-14T13:56:30.584966Z'),
('0e26104c-1206-4aed-a1cc-e681516676fb', '34dd678e-1be8-48f9-be99-aabde5aee463', 'e26ba2ef-9b52-4c71-97df-9e4b6cf4174d', '2021-02-14T13:56:30.585031Z'),
('b7775a59-8790-4252-8b22-ed96a6fadefb', 'd224fa32-7937-4471-91d4-4116ec1a06c2', 'e26ba2ef-9b52-4c71-97df-9e4b6cf4174d', '2021-02-14T13:56:30.585080Z'),
('c643b9bc-9256-46ce-8b8f-46d12f4ab5a1', '1dbef7be-5328-4bff-aafa-f0f379ad0305', 'e26ba2ef-9b52-4c71-97df-9e4b6cf4174d', '2021-02-14T13:56:30.585122Z'),
('0b9b9a3c-4c5e-4aa7-a4f3-0910ad43cc71', 'e1335024-0a0d-4047-a1e4-492256a9b7c2', 'e26ba2ef-9b52-4c71-97df-9e4b6cf4174d', '2021-02-14T13:56:30.585175Z'),
('1c441e46-d779-404c-9b70-b206059d068d', '30f39465-009d-4fc3-8cc3-d5c42df0d985', 'e26ba2ef-9b52-4c71-97df-9e4b6cf4174d', '2021-02-14T13:56:30.585228Z'),
('742916a9-cb4a-4f9a-b35b-cb4aad11bbde', '807cb3c5-d1ea-4da3-aa6d-223c1cf64e13', 'e26ba2ef-9b52-4c71-97df-9e4b6cf4174d', '2021-02-14T13:56:30.585285Z'),
('f7521835-0024-40ee-91ac-0e7791d2d9e1', '1a7bdbd8-225f-4766-b72f-0c9d7057ef89', 'e26ba2ef-9b52-4c71-97df-9e4b6cf4174d', '2021-02-14T13:56:30.585353Z'),
('20c8be37-7575-4d1c-9e70-3c1499f4d666', '06d201c5-3a8f-46d9-ae08-04415d990b5a', 'e26ba2ef-9b52-4c71-97df-9e4b6cf4174d', '2021-02-14T13:56:30.585531Z'),
('3d28a02f-f8c1-4158-9591-c590c43bfd8d', '0d4cdf2f-9dcf-4644-b4e2-d5d30c1c3073', 'e26ba2ef-9b52-4c71-97df-9e4b6cf4174d', '2021-02-14T13:56:30.585640Z'),
('a1093a9a-72de-4389-8a37-f584fe72b69e', '95b4184b-ef18-4dff-9e12-419ce82fbdb9', 'e26ba2ef-9b52-4c71-97df-9e4b6cf4174d', '2021-02-14T13:56:30.585716Z'),
('f6e450e1-55d0-410a-b658-48422f32fd22', '08ad4f95-1f66-4b54-9134-dc07ee9dc786', 'e26ba2ef-9b52-4c71-97df-9e4b6cf4174d', '2021-02-14T13:56:30.585764Z'),
('de989c42-2d35-4f0e-9ebf-3e2b913177d5', '36407ff2-3b57-4a55-a1a0-5b23713159ae', 'e26ba2ef-9b52-4c71-97df-9e4b6cf4174d', '2021-02-14T13:56:30.586423Z'),
('00a569cc-5bb6-4da6-8a82-c72f3701f589', 'b488b503-87b9-4eee-9393-39da4f2a8f36', 'e26ba2ef-9b52-4c71-97df-9e4b6cf4174d', '2021-02-14T13:56:30.586540Z');

--INSERT TELEMETRY_GOES--COUNT:159
INSERT INTO public.telemetry_goes (id, nesdis_id) 
VALUES
('a98ff079-a9a0-4f24-8f56-bc55323424d3', 'D10346FE'),
('6ccd5bc5-6570-4742-a3d7-349b70a84220', '16F6E360'),
('34e7d012-99ce-40b9-8023-a1d0ae6624cf', '0093F7AC'),
('96f5a3b2-5fc9-414d-b1ae-405830697bdb', '5210D682'),
('dafc7f68-b9f5-4577-bc59-7c657496ed9e', 'FA623058'),
('a2c05a19-8854-4e25-adee-fef2f65a48f4', '3276A080'),
('f65c31df-0840-4b05-b078-1836c84b82a1', '325B376A'),
('867fb4b1-e5c7-4508-8c37-ffbd8f400356', '837141D2'),
('f44e951f-b700-4eab-8cc7-bc6a865f0df7', '32302586'),
('ba6a235c-c350-44bc-b252-2652be0e308e', '3234F6D4'),
('11105108-5844-4ca4-bcba-b3fbd99a0b8a', '3333B648'),
('2531c3f6-9130-4c4a-bd6b-bbe5b774bf5a', '3230101C'),
('7fba99bb-2a69-4a52-a37b-3ee180b58d85', '8841731C'),
('5fc153af-ad80-4454-a3d5-d8554d7186d5', '3276130E'),
('b7540515-078e-42b8-bb90-79a4d53510d1', '325B84E4'),
('04fc3399-47f5-4b16-8c35-cf538e82f9c3', '3241E7CE'),
('ae6ab530-bccf-4ec6-84a5-93a0d71a51cd', '6200012A'),
('b4d39292-d47f-42f0-ab96-995e78228857', '33337356'),
('1dfa47cf-b62d-4f08-b3c5-7abdb9edb597', '32599266'),
('428b93e7-01e5-4343-8a19-05b25785e6b1', 'FA62F546'),
('8e9a2827-498d-4c44-8b53-29e46be2770b', '3333A53E'),
('2d8917e2-7679-4ba8-b6af-2007bb35e911', '32340650'),
('7a6e3c59-4e36-4256-8465-8ffce51fcfe6', '3232D0F6'),
('3e07306e-3fc6-45a7-b398-07c6ca6154dc', '32644118'),
('103eb643-a127-4fab-8251-7aac85fc846a', '325B241C'),
('de0a6cc3-9b4f-470b-9b80-8289e683add0', '326FF13E'),
('cb25c9a2-f560-449f-bbb2-c603758c045a', '325D1148'),
('f41b3cce-08ce-42b9-8c38-d7304738e5f9', '324BF5EA'),
('ede4e408-0cbd-42f9-b9a1-b28b2ff254f1', '327260A4'),
('cbbe696f-8968-4512-a9e2-a7b22ba33192', '326C06B4'),
('421dee8f-ad7b-43da-8574-b4c98b55bd95', '52146036'),
('97cb6441-7ff0-4229-bbff-d8122564cc73', '326EB0CE'),
('07082702-847f-4051-9657-8fa8ae8c5fe9', '324BE69C'),
('0fa2bb17-5658-46f2-a5cc-88ea187f43ab', '3283F528'),
('91cb27c4-e3d6-49af-b554-3c3173af2cef', '328097C0'),
('08feb8ac-b3c6-4e6b-9174-04f408cae2d7', '325B41FA'),
('5e335159-f177-4c62-93ca-be7b3e588037', '323A37A2'),
('bcdce6fe-19ef-4266-a47e-a8b3facd065d', '32673086'),
('3764ef87-8bd7-4005-86ae-7d3eefae2891', '8841B602'),
('e8026a39-1300-4a67-9d89-b484ab00f4d0', 'FA61E13E'),
('6d0d8647-5ea6-4f2f-8c37-91c305872c98', '324B837A'),
('4caa1571-87c4-4917-9179-7332c519ce54', '3232F61A'),
('132b6ee3-d31a-4531-8f22-4e2726068aa3', '3283B622'),
('7fc83c99-047a-44fc-8dc8-2811a9d00725', '32881572'),
('542c836d-f96b-421b-b08c-305691d686d2', '3243D7A0'),
('b5f5454d-37ec-40f8-bcee-bda90cd029bc', '32814352'),
('c041c91e-e5c4-4a3e-a19c-c428f50f64a7', '328390CE'),
('6feb3f7f-2f23-4141-8a68-9bd696765791', '324B900C'),
('2104eb08-1464-4b5f-9ffd-fd9153e13c17', '328F9152'),
('0bbaceaa-9cf2-41b8-b4dd-c26d37de81cb', '3240D0AE'),
('29c688f4-ac86-4009-95d6-473a6acc6f31', '3246E5FA'),
('6d64aecf-5f93-4277-9f2b-5fda5c7ebd3e', '3283C0B2'),
('502b7693-674d-41e6-8878-4ab4c5a1da49', '326335BC'),
('8b490803-6618-4da6-afd4-a78f4cf11adc', '32336182'),
('8a8fb248-fc6b-4119-8796-056d4472f37b', '326C15C2'),
('ab9e0a69-1179-4bd3-9a33-1d227f2ac8de', '328904FE'),
('cdfaa40c-bd21-47f7-a0d7-27ab6bee1029', '5210A012'),
('65820508-5a55-49f5-b516-2f20365dc7f8', '8841C092'),
('cd9b49da-aad6-4f91-9786-edbd7d25953d', '325B6716'),
('7d6e1b0d-deb5-416f-a3b6-93ef8effae3f', 'FA630738'),
('f6f29595-a835-4c57-9cfb-acdbe4bc1b9f', 'AF100680'),
('b7e48ce1-78fd-4b3b-8d00-79e0749b6716', '5212B690'),
('4938bf9c-70ca-4567-a6b0-66692fcbcccb', '3283A554'),
('ea7204c0-4c4f-44ae-a74c-68186b708b83', 'FA40D7B0'),
('2640bb07-bf9c-4667-b36c-965e107d2cd5', '3241A4C4'),
('c43449a8-e192-418e-a320-5780bb0cc92a', '3287C588'),
('d1a1170c-1492-42ff-83c4-ebfc55497eae', '328D345E'),
('3fa2a8a0-739d-4938-adb0-a01159ab7704', '3241C122'),
('e51e41e5-96d8-43a4-87fd-95600bfaacb6', '327CA1D2'),
('2144135d-89b2-4648-b15c-224a43f847f8', '333221D0'),
('6a73ba6e-e1a5-462b-ba9c-a0d7e574e7f3', '329295AA'),
('6507b6af-d985-4b9b-9aee-bd05bd10912a', '8378E776'),
('034208fb-86dc-45ad-be57-b34eb50177cc', '32661490'),
('7a965434-4732-4f07-8155-6383cdda6375', '837933E4'),
('ab5c4201-39fb-4f31-96bc-b69cbd9dc62b', '324172AC'),
('bb974872-b942-4605-b666-c7d82bca8b9e', '323EF786'),
('fe7d170e-979a-4ad7-bbe5-3e40bb4f3605', '3233D20C'),
('d82f5e9f-edd3-49eb-96fe-5f1d4b317973', '83709540'),
('706401ee-792d-4114-8a81-acecdbe2c25d', '327AE216'),
('430de22e-978c-4d98-8210-64a0e73b0e53', '52139286'),
('a95a4e06-ac78-4e1d-80d8-d3e8a0afb3d8', '323372F4'),
('34798382-c11f-4169-88dc-5edea5d88cc5', '328383B8'),
('14efadc4-7ee1-4a13-98b9-10914ac95afb', 'FA6362DE'),
('9e1dcf5e-c99b-48e9-a40d-af898b6198fa', '3236F320'),
('b90d6d3f-5d63-4caa-ad6f-c82e79c83ec9', '3240B548'),
('b0875e5e-89a3-40b8-9f92-30c136bde0ac', '3279F66E'),
('cfc566f4-2820-47dc-ae90-115b4df4d217', '327B25F2'),
('34eed7da-d08b-4b50-b629-93b0354c39d6', '5144D51C'),
('15274ed5-4df2-49f9-84fc-914d82cd4088', '5164F21E'),
('d00d8062-764b-47fd-8878-f9e3a0bfd1ed', 'DD647628'),
('88a10c44-a111-4c49-8875-0e1dfe3ac0ff', 'DD7B12C2'),
('6f5738de-9273-4f78-baa8-8891be929cba', 'F0004188'),
('14e14c1c-c660-4243-91a7-36021d72a93f', 'DE60446E'),
('28afd79f-48d8-42cc-b97c-36abcd98b00b', 'F0006764'),
('3ccf5f7e-70ea-440d-b2a8-c3a73e68a2ed', 'F0007412'),
('3c493d6d-f8b7-4220-8afc-5ca580f02b85', '51412258'),
('47c41c9c-bd18-454f-946a-15d33dca3cb4', '00900026'),
('46420b50-cc9e-4860-921b-c76c07086426', '00901350'),
('8c2868da-164a-422a-8b0e-9d7dbdda4ce3', '515C8658'),
('667ccfc0-d567-406c-8fb4-8669c60cc6f2', '009102DC'),
('a76e65f1-cd4d-4402-bf96-5eec403397e9', '515AB30C'),
('35485b2f-83fc-4143-913b-e7c2a3401d8c', '00900EF4'),
('bed52ac5-bfca-4ce4-8156-e8607e517626', '1684D6A2'),
('a0b30994-09c8-4bcd-928c-65a4e8b7532c', '17494560'),
('bfcb0f7a-2b26-4f3f-a779-9c62800c981d', '1749B5E4'),
('7eb61ae2-1944-4a5c-9fc8-17313b7b2d40', '16DB748A'),
('477d72fd-db9f-44d1-8709-a69641e4bcb5', '5140805A'),
('ae436609-fb28-40f3-86aa-76194432dbd4', '5140B5C0'),
('f1d6c32c-610e-459b-bf1d-280fc91e9b3d', '514104B4'),
('10835093-a075-4144-bb65-96833cf900c9', '5141C1AA'),
('fa0d9f0d-57f4-46b7-98fe-27380e5188df', '514F653A'),
('1882c55c-e34e-46c2-b401-800f63eac313', '17CEC6F8'),
('e2d2f05c-bbbd-4a55-b8c0-288b8155700d', '5140932C'),
('6b5607f3-6e5a-4489-8536-0e939b60ac85', '514147BE'),
('21370744-65e8-49a7-881b-1f44ab27746e', '5141D2DC'),
('28e7af13-e538-48c6-aee6-8357d967d64f', '514475E4'),
('0c771323-6ba4-488c-966d-be5a4a9a2674', '5144C66A'),
('2d599705-7f47-4119-8ccf-33a23f7573d9', '514C07D2'),
('8a601ab8-c9df-4c3c-8d21-a4078d570bcd', '514BF562'),
('3590ede6-59b0-4847-b162-ba74d5611094', '5163B320'),
('e6f02a9d-0a58-4db8-8857-727e5aac7e8c', '5143C45E'),
('3d8c5a50-72c7-45cc-aa2e-9228d0ded1a7', '5164C784'),
('3759fd7d-ba05-4d2e-96fe-0cb8a558fa81', '5164D4F2'),
('a9b27a6a-24ed-46de-a2f7-45fe7ba1a4bc', '5145E27C'),
('fe9a452e-9f4b-457c-9542-d254ece2e1d7', '5163D6C6'),
('a07b5185-2c96-4d5a-840a-f78a09b57a0c', '0090432C'),
('1d73ccab-ef08-4968-b200-b3c4dd7bbeb1', '009065C0'),
('2a7403f7-6f00-4bb2-904b-62017aedce87', '00909544'),
('51a932af-76ea-496e-9de4-5dd2997a3b8f', '0090A0DE'),
('eb05dd0c-4c17-40c4-9f40-aa2781303916', '0090B3A8'),
('1ceb7566-b097-45f6-914a-325d02dfc9f0', '0090C538'),
('f5e7de5a-5b8a-48f3-a344-35b0f5ac9c66', '0090D64E'),
('04ed05a5-173b-4d47-a5a8-418a8a87c05d', '0094D374'),
('346800af-65c5-4785-9524-b5753e5fdd6b', '0093C236'),
('8cfd8cd2-551c-409a-88b3-338bb8f683e3', '00945560'),
('51068709-fd63-4842-977d-95c4d49d60f6', '009088E0'),
('7abd6354-291e-45d3-854b-136d00ab4369', '0090E3D4'),
('407c3b07-a369-4701-86b1-a021f7ddeefd', '51650060'),
('85f165ee-5e21-46a6-a25a-7bb3c5aefd8a', '516A1584'),
('e9685e69-a8d9-45fa-8df3-cb02202ec890', '009111AA'),
('12e56516-e9c1-4246-bc12-18ff3bd08b53', '0090F0A2'),
('5e7e1ffb-669f-4267-bab4-f938ec78d91c', '17895272'),
('3fbea70e-8376-43a8-9b5b-1393ae1d5e75', 'DE51B060'),
('0ab1cec1-13d1-45b4-9114-7b7ac42a10af', '178C6028'),
('89d0fc47-f49c-44e2-829c-b038b55e1091', '179233A2'),
('c65d9835-86d5-4836-bed3-491fc1cc3632', '514C213E'),
('b7201f10-bcce-45ec-a32b-6064a777eaba', '514C14A4'),
('32bbd95d-b458-421e-a46e-7b39bf0d27d7', '5141312E'),
('5f2f2ec5-653e-4909-a181-e3c97e900a5d', '5157367E'),
('cebc900a-fd29-4896-9363-edc940099406', 'D106C72A'),
('4e6261ea-a94a-4591-baf0-df2056ae9898', '168226E8'),
('fa0c8d5c-2d77-4fad-9cce-4fd767e0cbad', '5145771E'),
('9a05e5b0-aeb3-45a3-9946-e5b74f40a895', '5151853E'),
('84c93cdc-2329-46db-be72-13d60feb929b', '51651316'),
('fb14019c-19ef-47af-a70e-8cc4495ef11a', '5165268C'),
('66e9383b-3ae3-4878-9b27-7baddd25e760', '516576F0'),
('cf2d548b-c618-4cf1-a766-cfa5a24f019d', '3237015E'),
('88eed016-8e7d-4ac7-9dd5-18e811235b41', '009035BC'),
('9a4a0b5d-1a46-4f56-9ce6-5fbded4a4a48', '3291212A');

--INSERT INSTRUMENT_TELEMETRY--COUNT:159
INSERT INTO public.instrument_telemetry (instrument_id, telemetry_type_id, telemetry_id) 
VALUES
('67d96da5-d1ee-4600-9e22-9262abb151b8', '10a32652-af43-4451-bd52-4980c5690cc9', 'a98ff079-a9a0-4f24-8f56-bc55323424d3'),
('3130d868-9806-4bde-9e2c-654677a43718', '10a32652-af43-4451-bd52-4980c5690cc9', '6ccd5bc5-6570-4742-a3d7-349b70a84220'),
('da7e6c92-cdd6-490f-adf0-c50c69cd715b', '10a32652-af43-4451-bd52-4980c5690cc9', '34e7d012-99ce-40b9-8023-a1d0ae6624cf'),
('8072c4a7-5709-493a-b171-ed3edcdab3cb', '10a32652-af43-4451-bd52-4980c5690cc9', '96f5a3b2-5fc9-414d-b1ae-405830697bdb'),
('41e521ff-bf31-45e3-bcbe-2d4c4b362437', '10a32652-af43-4451-bd52-4980c5690cc9', 'dafc7f68-b9f5-4577-bc59-7c657496ed9e'),
('562fcd67-1d8c-4cd6-9443-b9a039d8b097', '10a32652-af43-4451-bd52-4980c5690cc9', 'a2c05a19-8854-4e25-adee-fef2f65a48f4'),
('389786f9-5aa5-4eca-b395-77e7166268fc', '10a32652-af43-4451-bd52-4980c5690cc9', 'f65c31df-0840-4b05-b078-1836c84b82a1'),
('c722d4f3-a0ad-46f5-a17f-c10326a525de', '10a32652-af43-4451-bd52-4980c5690cc9', '867fb4b1-e5c7-4508-8c37-ffbd8f400356'),
('f5f35408-a622-4fb0-a2d0-ca80082b3cc4', '10a32652-af43-4451-bd52-4980c5690cc9', 'f44e951f-b700-4eab-8cc7-bc6a865f0df7'),
('40eac2e8-71f0-43a6-9ec0-0cdd468e8daf', '10a32652-af43-4451-bd52-4980c5690cc9', 'ba6a235c-c350-44bc-b252-2652be0e308e'),
('779e3e3c-946a-42e1-ae9c-405d41e3d313', '10a32652-af43-4451-bd52-4980c5690cc9', '11105108-5844-4ca4-bcba-b3fbd99a0b8a'),
('09c5a8c4-c465-4c8b-b627-eb2877633fe0', '10a32652-af43-4451-bd52-4980c5690cc9', '2531c3f6-9130-4c4a-bd6b-bbe5b774bf5a'),
('3ee387b2-8be8-4ed6-b1c8-8da97ab429a9', '10a32652-af43-4451-bd52-4980c5690cc9', '7fba99bb-2a69-4a52-a37b-3ee180b58d85'),
('37a94b69-379a-4c07-a344-d45a47bd6519', '10a32652-af43-4451-bd52-4980c5690cc9', '5fc153af-ad80-4454-a3d5-d8554d7186d5'),
('4afdefcf-5a67-43b9-8122-0f52eca88290', '10a32652-af43-4451-bd52-4980c5690cc9', 'b7540515-078e-42b8-bb90-79a4d53510d1'),
('e98e960f-26f7-4dd5-ad2a-f8b7e3967110', '10a32652-af43-4451-bd52-4980c5690cc9', '04fc3399-47f5-4b16-8c35-cf538e82f9c3'),
('6c1b7587-aec2-4fbd-a103-d18aefe74386', '10a32652-af43-4451-bd52-4980c5690cc9', 'ae6ab530-bccf-4ec6-84a5-93a0d71a51cd'),
('64781110-0523-4010-b2cd-d46f4e461af9', '10a32652-af43-4451-bd52-4980c5690cc9', 'b4d39292-d47f-42f0-ab96-995e78228857'),
('d52a37f8-a47c-49d2-8206-ec0c7f2c2dd5', '10a32652-af43-4451-bd52-4980c5690cc9', '1dfa47cf-b62d-4f08-b3c5-7abdb9edb597'),
('bae9c2a1-9952-4376-9247-e8f2a519c7d5', '10a32652-af43-4451-bd52-4980c5690cc9', '428b93e7-01e5-4343-8a19-05b25785e6b1'),
('16ef8e07-be5a-4ad1-a231-0e62ede14a35', '10a32652-af43-4451-bd52-4980c5690cc9', '8e9a2827-498d-4c44-8b53-29e46be2770b'),
('b5223b57-1bc8-4b9e-9cc4-dc5cb7464973', '10a32652-af43-4451-bd52-4980c5690cc9', '2d8917e2-7679-4ba8-b6af-2007bb35e911'),
('0feee5a5-39cb-47e3-960b-d43b59d10b7e', '10a32652-af43-4451-bd52-4980c5690cc9', '7a6e3c59-4e36-4256-8465-8ffce51fcfe6'),
('aa5d1c83-62e3-4b77-8a88-6e63f682f4f3', '10a32652-af43-4451-bd52-4980c5690cc9', '3e07306e-3fc6-45a7-b398-07c6ca6154dc'),
('dabb839f-d169-42cb-a779-6b8052a6bd3c', '10a32652-af43-4451-bd52-4980c5690cc9', '103eb643-a127-4fab-8251-7aac85fc846a'),
('1bdee4ab-89c7-4f9a-9233-8a55ba9967ab', '10a32652-af43-4451-bd52-4980c5690cc9', 'de0a6cc3-9b4f-470b-9b80-8289e683add0'),
('e1cbfd8a-e6d5-43ab-8718-3bab74163bc1', '10a32652-af43-4451-bd52-4980c5690cc9', 'cb25c9a2-f560-449f-bbb2-c603758c045a'),
('0b428b41-1cda-4531-9673-0359cb554212', '10a32652-af43-4451-bd52-4980c5690cc9', 'f41b3cce-08ce-42b9-8c38-d7304738e5f9'),
('735ebeb8-df40-4334-956e-efb3ee3db453', '10a32652-af43-4451-bd52-4980c5690cc9', 'ede4e408-0cbd-42f9-b9a1-b28b2ff254f1'),
('87f853dd-0160-4470-b6e9-31e6dfb8424c', '10a32652-af43-4451-bd52-4980c5690cc9', 'cbbe696f-8968-4512-a9e2-a7b22ba33192'),
('e965623d-b34e-4734-b731-0a08b43e1213', '10a32652-af43-4451-bd52-4980c5690cc9', '421dee8f-ad7b-43da-8574-b4c98b55bd95'),
('8a111c8d-3ea8-4919-bfe3-711b768aa782', '10a32652-af43-4451-bd52-4980c5690cc9', '97cb6441-7ff0-4229-bbff-d8122564cc73'),
('3e3b545b-6e9e-489d-8665-f38e8ceb21a0', '10a32652-af43-4451-bd52-4980c5690cc9', '07082702-847f-4051-9657-8fa8ae8c5fe9'),
('a3d4555f-1742-4197-9bfc-e63be3391095', '10a32652-af43-4451-bd52-4980c5690cc9', '0fa2bb17-5658-46f2-a5cc-88ea187f43ab'),
('daf83c5d-8e1b-40a2-93a0-fd87be054a75', '10a32652-af43-4451-bd52-4980c5690cc9', '91cb27c4-e3d6-49af-b554-3c3173af2cef'),
('fa469069-baf6-4e28-8fac-5a18e4ebf7f9', '10a32652-af43-4451-bd52-4980c5690cc9', '08feb8ac-b3c6-4e6b-9174-04f408cae2d7'),
('21664e71-c273-4c18-83f2-904f6bba3566', '10a32652-af43-4451-bd52-4980c5690cc9', '5e335159-f177-4c62-93ca-be7b3e588037'),
('d7644b31-bd43-491b-971f-8c76f16afc5c', '10a32652-af43-4451-bd52-4980c5690cc9', 'bcdce6fe-19ef-4266-a47e-a8b3facd065d'),
('2b8bed18-b9e2-46b6-9f74-a39a474644c3', '10a32652-af43-4451-bd52-4980c5690cc9', '3764ef87-8bd7-4005-86ae-7d3eefae2891'),
('631c7c28-0a09-49ec-8aaf-c5b4d4d880c4', '10a32652-af43-4451-bd52-4980c5690cc9', 'e8026a39-1300-4a67-9d89-b484ab00f4d0'),
('c5777ea6-904d-445d-974f-995180d7dabf', '10a32652-af43-4451-bd52-4980c5690cc9', '6d0d8647-5ea6-4f2f-8c37-91c305872c98'),
('65684ff8-db23-4136-a820-8157ca158899', '10a32652-af43-4451-bd52-4980c5690cc9', '4caa1571-87c4-4917-9179-7332c519ce54'),
('26c9af69-77e3-4f47-9f3d-db9c284767b4', '10a32652-af43-4451-bd52-4980c5690cc9', '132b6ee3-d31a-4531-8f22-4e2726068aa3'),
('ad1498a1-834e-4eb9-8087-1c75ae9497dd', '10a32652-af43-4451-bd52-4980c5690cc9', '7fc83c99-047a-44fc-8dc8-2811a9d00725'),
('462feb12-f120-4708-a16e-adb0b1255b43', '10a32652-af43-4451-bd52-4980c5690cc9', '542c836d-f96b-421b-b08c-305691d686d2'),
('ff64e9f8-0ebe-4827-8f40-e867761640b0', '10a32652-af43-4451-bd52-4980c5690cc9', 'b5f5454d-37ec-40f8-bcee-bda90cd029bc'),
('54293b67-77d8-4b03-9b83-1cbb5d5b1cd6', '10a32652-af43-4451-bd52-4980c5690cc9', 'c041c91e-e5c4-4a3e-a19c-c428f50f64a7'),
('7eed73f6-ae79-4f28-8b19-f1beb1f16916', '10a32652-af43-4451-bd52-4980c5690cc9', '6feb3f7f-2f23-4141-8a68-9bd696765791'),
('28f0440d-b8db-4fbf-aae1-928a3c855749', '10a32652-af43-4451-bd52-4980c5690cc9', '2104eb08-1464-4b5f-9ffd-fd9153e13c17'),
('b5fc264e-412c-48fd-a6e5-c4423773b5d5', '10a32652-af43-4451-bd52-4980c5690cc9', '0bbaceaa-9cf2-41b8-b4dd-c26d37de81cb'),
('dbcd9b33-f64d-4971-b3b2-b0d051f38f75', '10a32652-af43-4451-bd52-4980c5690cc9', '29c688f4-ac86-4009-95d6-473a6acc6f31'),
('37ea4183-4fff-4847-8fbf-1f19b3e8d33f', '10a32652-af43-4451-bd52-4980c5690cc9', '6d64aecf-5f93-4277-9f2b-5fda5c7ebd3e'),
('04cf4bac-4b43-404e-a1b7-2399fb65f081', '10a32652-af43-4451-bd52-4980c5690cc9', '502b7693-674d-41e6-8878-4ab4c5a1da49'),
('33306822-12ed-428e-aafe-a2c6817063cb', '10a32652-af43-4451-bd52-4980c5690cc9', '8b490803-6618-4da6-afd4-a78f4cf11adc'),
('b6efff31-eb5a-47a5-a012-9579b760cbbb', '10a32652-af43-4451-bd52-4980c5690cc9', '8a8fb248-fc6b-4119-8796-056d4472f37b'),
('2b40ce5e-ed05-47ab-ae0b-b86d3dc073b2', '10a32652-af43-4451-bd52-4980c5690cc9', 'ab9e0a69-1179-4bd3-9a33-1d227f2ac8de'),
('6361dc32-0103-4fd7-85ec-6153049c9d18', '10a32652-af43-4451-bd52-4980c5690cc9', 'cdfaa40c-bd21-47f7-a0d7-27ab6bee1029'),
('44e32a5a-d562-4a4a-b046-a4b048098cf9', '10a32652-af43-4451-bd52-4980c5690cc9', '65820508-5a55-49f5-b516-2f20365dc7f8'),
('797b6026-6193-49ff-9eeb-ace2d8a5bbee', '10a32652-af43-4451-bd52-4980c5690cc9', 'cd9b49da-aad6-4f91-9786-edbd7d25953d'),
('20e34fab-e101-4f12-b358-5a3373a4f509', '10a32652-af43-4451-bd52-4980c5690cc9', '7d6e1b0d-deb5-416f-a3b6-93ef8effae3f'),
('5cfaacd6-6663-4a1c-b273-d891a45fb3fa', '10a32652-af43-4451-bd52-4980c5690cc9', 'f6f29595-a835-4c57-9cfb-acdbe4bc1b9f'),
('ea303996-318b-4c91-9cb5-8ec930a798ba', '10a32652-af43-4451-bd52-4980c5690cc9', 'b7e48ce1-78fd-4b3b-8d00-79e0749b6716'),
('1cb91d49-b27f-4154-9330-b12d027e9eca', '10a32652-af43-4451-bd52-4980c5690cc9', '4938bf9c-70ca-4567-a6b0-66692fcbcccb'),
('2dad09ab-4c35-4bbd-97b9-248bf0c491ec', '10a32652-af43-4451-bd52-4980c5690cc9', 'ea7204c0-4c4f-44ae-a74c-68186b708b83'),
('b5aa9d15-fa29-4171-9c73-6a5f07b0000f', '10a32652-af43-4451-bd52-4980c5690cc9', '2640bb07-bf9c-4667-b36c-965e107d2cd5'),
('edbe96ae-03ff-423b-afcc-ac0ebadae0cf', '10a32652-af43-4451-bd52-4980c5690cc9', 'c43449a8-e192-418e-a320-5780bb0cc92a'),
('db064dac-6cff-47ee-80dc-28a216ad53e1', '10a32652-af43-4451-bd52-4980c5690cc9', 'd1a1170c-1492-42ff-83c4-ebfc55497eae'),
('8e305e48-9ebe-448f-9218-e2394c1777fa', '10a32652-af43-4451-bd52-4980c5690cc9', '3fa2a8a0-739d-4938-adb0-a01159ab7704'),
('8c2153f1-ae64-458e-bca1-b298eee58026', '10a32652-af43-4451-bd52-4980c5690cc9', 'e51e41e5-96d8-43a4-87fd-95600bfaacb6'),
('fc831455-2cc5-4b29-b82c-289b2cc756dd', '10a32652-af43-4451-bd52-4980c5690cc9', '2144135d-89b2-4648-b15c-224a43f847f8'),
('f7f47ca2-7747-41f6-9946-e2863d2d2545', '10a32652-af43-4451-bd52-4980c5690cc9', '6a73ba6e-e1a5-462b-ba9c-a0d7e574e7f3'),
('13ca7835-d50a-49a8-b4d2-96e2d6b2af99', '10a32652-af43-4451-bd52-4980c5690cc9', '6507b6af-d985-4b9b-9aee-bd05bd10912a'),
('7fdeafa2-84d6-4f30-8b16-23943c42eb50', '10a32652-af43-4451-bd52-4980c5690cc9', '034208fb-86dc-45ad-be57-b34eb50177cc'),
('c34690c1-3458-4a1c-a2a6-589d167a5262', '10a32652-af43-4451-bd52-4980c5690cc9', '7a965434-4732-4f07-8155-6383cdda6375'),
('8118ee71-ca6f-4d66-99a8-e696a8017f47', '10a32652-af43-4451-bd52-4980c5690cc9', 'ab5c4201-39fb-4f31-96bc-b69cbd9dc62b'),
('9b7b7ead-8095-4ddb-8ead-13dcc7193ad5', '10a32652-af43-4451-bd52-4980c5690cc9', 'bb974872-b942-4605-b666-c7d82bca8b9e'),
('54371694-49dd-4538-a80b-c0a7957ef47d', '10a32652-af43-4451-bd52-4980c5690cc9', 'fe7d170e-979a-4ad7-bbe5-3e40bb4f3605'),
('ba77f258-c0f6-4c0b-a9e1-965fbcc1f59d', '10a32652-af43-4451-bd52-4980c5690cc9', 'd82f5e9f-edd3-49eb-96fe-5f1d4b317973'),
('4bc398fe-350a-4dfe-98c8-a305f2b4dfd5', '10a32652-af43-4451-bd52-4980c5690cc9', '706401ee-792d-4114-8a81-acecdbe2c25d'),
('dfb6d402-55a0-4cc6-b354-0167a546972f', '10a32652-af43-4451-bd52-4980c5690cc9', '430de22e-978c-4d98-8210-64a0e73b0e53'),
('157457d3-7511-4a2f-870b-058ac60456c5', '10a32652-af43-4451-bd52-4980c5690cc9', 'a95a4e06-ac78-4e1d-80d8-d3e8a0afb3d8'),
('e4855877-4a91-4788-a56b-a07ed68b70bd', '10a32652-af43-4451-bd52-4980c5690cc9', '34798382-c11f-4169-88dc-5edea5d88cc5'),
('2f0e900c-46d6-43b7-860d-97c5f926087a', '10a32652-af43-4451-bd52-4980c5690cc9', '14efadc4-7ee1-4a13-98b9-10914ac95afb'),
('64872cb0-3cee-4401-ab82-07dacec94332', '10a32652-af43-4451-bd52-4980c5690cc9', '9e1dcf5e-c99b-48e9-a40d-af898b6198fa'),
('296cdc3f-33d8-4bb4-b635-19c9220bff21', '10a32652-af43-4451-bd52-4980c5690cc9', 'b90d6d3f-5d63-4caa-ad6f-c82e79c83ec9'),
('d5d7aa92-f322-4f57-8ae9-5370c7003a22', '10a32652-af43-4451-bd52-4980c5690cc9', 'b0875e5e-89a3-40b8-9f92-30c136bde0ac'),
('110788eb-58a4-455f-a42e-46b63166594b', '10a32652-af43-4451-bd52-4980c5690cc9', 'cfc566f4-2820-47dc-ae90-115b4df4d217'),
('b86f6057-5868-4dba-bfbb-656a2162ec98', '10a32652-af43-4451-bd52-4980c5690cc9', '34eed7da-d08b-4b50-b629-93b0354c39d6'),
('ab5d663c-de4f-4a1e-88f0-639e564ad0cc', '10a32652-af43-4451-bd52-4980c5690cc9', '15274ed5-4df2-49f9-84fc-914d82cd4088'),
('075cae49-3711-403c-ad4e-b8a82089644c', '10a32652-af43-4451-bd52-4980c5690cc9', 'd00d8062-764b-47fd-8878-f9e3a0bfd1ed'),
('0e79ac93-8e79-4848-9379-9e489a47dcc2', '10a32652-af43-4451-bd52-4980c5690cc9', '88a10c44-a111-4c49-8875-0e1dfe3ac0ff'),
('35f1ba1e-b1b6-4833-bf9a-879ce11064df', '10a32652-af43-4451-bd52-4980c5690cc9', '6f5738de-9273-4f78-baa8-8891be929cba'),
('920a85e9-4359-46bd-b50a-68a5cf4eb33d', '10a32652-af43-4451-bd52-4980c5690cc9', '14e14c1c-c660-4243-91a7-36021d72a93f'),
('fa538300-9734-4173-b0c6-872e7f56529d', '10a32652-af43-4451-bd52-4980c5690cc9', '28afd79f-48d8-42cc-b97c-36abcd98b00b'),
('fe20f70e-14d4-4af7-981e-de83eb6edbdd', '10a32652-af43-4451-bd52-4980c5690cc9', '3ccf5f7e-70ea-440d-b2a8-c3a73e68a2ed'),
('c25aacf9-8a4c-4424-a57f-cea575deeac7', '10a32652-af43-4451-bd52-4980c5690cc9', '3c493d6d-f8b7-4220-8afc-5ca580f02b85'),
('dbd0124e-ca79-4819-9e49-cd486ba854ef', '10a32652-af43-4451-bd52-4980c5690cc9', '47c41c9c-bd18-454f-946a-15d33dca3cb4'),
('b21e5c78-d0f1-4fb5-9b3e-e4b3a8b6906b', '10a32652-af43-4451-bd52-4980c5690cc9', '46420b50-cc9e-4860-921b-c76c07086426'),
('2e7c6699-8253-4a8e-84b9-72c135be137a', '10a32652-af43-4451-bd52-4980c5690cc9', '8c2868da-164a-422a-8b0e-9d7dbdda4ce3'),
('5c7d40b8-035e-4312-aad0-17c62f51f776', '10a32652-af43-4451-bd52-4980c5690cc9', '667ccfc0-d567-406c-8fb4-8669c60cc6f2'),
('cc2a8374-113d-42d5-9403-f4938cb49b68', '10a32652-af43-4451-bd52-4980c5690cc9', 'a76e65f1-cd4d-4402-bf96-5eec403397e9'),
('961a6c04-7020-4b8e-aa0c-64205cc544cc', '10a32652-af43-4451-bd52-4980c5690cc9', '35485b2f-83fc-4143-913b-e7c2a3401d8c'),
('fddf8697-d3f4-4cc9-8393-e0cdd7a8f55d', '10a32652-af43-4451-bd52-4980c5690cc9', 'bed52ac5-bfca-4ce4-8156-e8607e517626'),
('3298617d-22b8-49d5-8cb0-082ab27b8b60', '10a32652-af43-4451-bd52-4980c5690cc9', 'a0b30994-09c8-4bcd-928c-65a4e8b7532c'),
('5581265e-fa12-4631-afdc-32821e6ca604', '10a32652-af43-4451-bd52-4980c5690cc9', 'bfcb0f7a-2b26-4f3f-a779-9c62800c981d'),
('f01f6b6e-1e94-4a49-8a98-8e804386393c', '10a32652-af43-4451-bd52-4980c5690cc9', '7eb61ae2-1944-4a5c-9fc8-17313b7b2d40'),
('24a2a109-c98b-4e35-9edc-2fef17293800', '10a32652-af43-4451-bd52-4980c5690cc9', '477d72fd-db9f-44d1-8709-a69641e4bcb5'),
('0af25a49-849d-4390-a68b-4e12e8c3ebb6', '10a32652-af43-4451-bd52-4980c5690cc9', 'ae436609-fb28-40f3-86aa-76194432dbd4'),
('1709861a-cdbe-42a0-9ad0-e9ada5c3224f', '10a32652-af43-4451-bd52-4980c5690cc9', 'f1d6c32c-610e-459b-bf1d-280fc91e9b3d'),
('5223a08f-351a-4220-b5a4-765ad2f4c61e', '10a32652-af43-4451-bd52-4980c5690cc9', '10835093-a075-4144-bb65-96833cf900c9'),
('e133e4de-82e9-4698-8f6a-f0ddd17236af', '10a32652-af43-4451-bd52-4980c5690cc9', 'fa0d9f0d-57f4-46b7-98fe-27380e5188df'),
('f76b8659-da4b-493e-8b4f-c7c76a78edf6', '10a32652-af43-4451-bd52-4980c5690cc9', '1882c55c-e34e-46c2-b401-800f63eac313'),
('3906bc22-205e-41e0-a101-1c2394a1d851', '10a32652-af43-4451-bd52-4980c5690cc9', 'e2d2f05c-bbbd-4a55-b8c0-288b8155700d'),
('835d4931-4b3b-4e05-bc7e-f0f719d60713', '10a32652-af43-4451-bd52-4980c5690cc9', '6b5607f3-6e5a-4489-8536-0e939b60ac85'),
('9a4c1b7d-6fa8-4d77-9b49-a0c4ba3bd242', '10a32652-af43-4451-bd52-4980c5690cc9', '21370744-65e8-49a7-881b-1f44ab27746e'),
('753288b8-5b1d-4e71-89b0-733a7e7996d4', '10a32652-af43-4451-bd52-4980c5690cc9', '28e7af13-e538-48c6-aee6-8357d967d64f'),
('88aea7e3-4390-4cf0-b298-e45d54fdea96', '10a32652-af43-4451-bd52-4980c5690cc9', '0c771323-6ba4-488c-966d-be5a4a9a2674'),
('d0d543e1-6acd-4743-9a7f-7d708f477e03', '10a32652-af43-4451-bd52-4980c5690cc9', '2d599705-7f47-4119-8ccf-33a23f7573d9'),
('a1d87917-e2c3-47ed-8d45-7cdf8a5f74f9', '10a32652-af43-4451-bd52-4980c5690cc9', '8a601ab8-c9df-4c3c-8d21-a4078d570bcd'),
('635f626f-5f82-421c-8433-c018ba59ee72', '10a32652-af43-4451-bd52-4980c5690cc9', '3590ede6-59b0-4847-b162-ba74d5611094'),
('1d86025b-be61-4051-b444-e3d10bd8087d', '10a32652-af43-4451-bd52-4980c5690cc9', 'e6f02a9d-0a58-4db8-8857-727e5aac7e8c'),
('2ffbdcef-f1f7-4b87-bf78-4149380110ec', '10a32652-af43-4451-bd52-4980c5690cc9', '3d8c5a50-72c7-45cc-aa2e-9228d0ded1a7'),
('6160c5f3-840c-4546-a070-147ce1f912db', '10a32652-af43-4451-bd52-4980c5690cc9', '3759fd7d-ba05-4d2e-96fe-0cb8a558fa81'),
('fdb09f84-16d2-4df0-b15e-d6c6e032a330', '10a32652-af43-4451-bd52-4980c5690cc9', 'a9b27a6a-24ed-46de-a2f7-45fe7ba1a4bc'),
('0e8afb77-242a-4c9a-ac53-ba6374bcd69a', '10a32652-af43-4451-bd52-4980c5690cc9', 'fe9a452e-9f4b-457c-9542-d254ece2e1d7'),
('b0710c91-037e-43c2-835b-50a8e886641c', '10a32652-af43-4451-bd52-4980c5690cc9', 'a07b5185-2c96-4d5a-840a-f78a09b57a0c'),
('cc93dd61-eb3c-4533-8c8f-c3a00a3f34b5', '10a32652-af43-4451-bd52-4980c5690cc9', '1d73ccab-ef08-4968-b200-b3c4dd7bbeb1'),
('cd360bbc-1a07-440f-b829-c1fc9434c6f9', '10a32652-af43-4451-bd52-4980c5690cc9', '2a7403f7-6f00-4bb2-904b-62017aedce87'),
('25c68087-a418-4db4-b24a-9c23257ca85d', '10a32652-af43-4451-bd52-4980c5690cc9', '51a932af-76ea-496e-9de4-5dd2997a3b8f'),
('8ffd1a0d-e4ac-4047-a025-666809a2db77', '10a32652-af43-4451-bd52-4980c5690cc9', 'eb05dd0c-4c17-40c4-9f40-aa2781303916'),
('da88203f-2166-4612-8d62-8df5370ad149', '10a32652-af43-4451-bd52-4980c5690cc9', '1ceb7566-b097-45f6-914a-325d02dfc9f0'),
('07106257-d553-485c-8b23-eaab7bf1afa5', '10a32652-af43-4451-bd52-4980c5690cc9', 'f5e7de5a-5b8a-48f3-a344-35b0f5ac9c66'),
('24aa2d2f-0cfb-4c62-9cf5-e895c95f2cf6', '10a32652-af43-4451-bd52-4980c5690cc9', '04ed05a5-173b-4d47-a5a8-418a8a87c05d'),
('085917e0-6b5b-4830-bf47-b8566c3302f0', '10a32652-af43-4451-bd52-4980c5690cc9', '346800af-65c5-4785-9524-b5753e5fdd6b'),
('86152f13-f4e1-4579-aea8-07e114bfcbec', '10a32652-af43-4451-bd52-4980c5690cc9', '8cfd8cd2-551c-409a-88b3-338bb8f683e3'),
('f11e33fc-a3ee-4b80-9605-9347432e5df3', '10a32652-af43-4451-bd52-4980c5690cc9', '51068709-fd63-4842-977d-95c4d49d60f6'),
('5bdee068-26ac-4ff3-839d-9ef105e50726', '10a32652-af43-4451-bd52-4980c5690cc9', '7abd6354-291e-45d3-854b-136d00ab4369'),
('9a620f85-958c-4de8-801a-9b072ee4036d', '10a32652-af43-4451-bd52-4980c5690cc9', '407c3b07-a369-4701-86b1-a021f7ddeefd'),
('d9a6229e-0cd9-45a4-95de-ed1dd70e29aa', '10a32652-af43-4451-bd52-4980c5690cc9', '85f165ee-5e21-46a6-a25a-7bb3c5aefd8a'),
('90de9154-14a2-4879-999d-d32b24613df9', '10a32652-af43-4451-bd52-4980c5690cc9', 'e9685e69-a8d9-45fa-8df3-cb02202ec890'),
('5d4634fb-d9df-4301-91db-77e15b899faa', '10a32652-af43-4451-bd52-4980c5690cc9', '12e56516-e9c1-4246-bc12-18ff3bd08b53'),
('4a0fbbb9-d0cf-49cf-839b-01bf851602a0', '10a32652-af43-4451-bd52-4980c5690cc9', '5e7e1ffb-669f-4267-bab4-f938ec78d91c'),
('6098b9e5-23f5-459a-8cdc-624f57642fe9', '10a32652-af43-4451-bd52-4980c5690cc9', '3fbea70e-8376-43a8-9b5b-1393ae1d5e75'),
('80005a8a-6265-43f8-992a-e4f154c47867', '10a32652-af43-4451-bd52-4980c5690cc9', '0ab1cec1-13d1-45b4-9114-7b7ac42a10af'),
('f33c5172-e4e4-40d5-b1cb-d2d76827efa7', '10a32652-af43-4451-bd52-4980c5690cc9', '89d0fc47-f49c-44e2-829c-b038b55e1091'),
('679b966f-2ad6-4318-8d7e-85ce1cd1d837', '10a32652-af43-4451-bd52-4980c5690cc9', 'c65d9835-86d5-4836-bed3-491fc1cc3632'),
('34dd678e-1be8-48f9-be99-aabde5aee463', '10a32652-af43-4451-bd52-4980c5690cc9', 'b7201f10-bcce-45ec-a32b-6064a777eaba'),
('d224fa32-7937-4471-91d4-4116ec1a06c2', '10a32652-af43-4451-bd52-4980c5690cc9', '32bbd95d-b458-421e-a46e-7b39bf0d27d7'),
('1dbef7be-5328-4bff-aafa-f0f379ad0305', '10a32652-af43-4451-bd52-4980c5690cc9', '5f2f2ec5-653e-4909-a181-e3c97e900a5d'),
('e1335024-0a0d-4047-a1e4-492256a9b7c2', '10a32652-af43-4451-bd52-4980c5690cc9', 'cebc900a-fd29-4896-9363-edc940099406'),
('30f39465-009d-4fc3-8cc3-d5c42df0d985', '10a32652-af43-4451-bd52-4980c5690cc9', '4e6261ea-a94a-4591-baf0-df2056ae9898'),
('807cb3c5-d1ea-4da3-aa6d-223c1cf64e13', '10a32652-af43-4451-bd52-4980c5690cc9', 'fa0c8d5c-2d77-4fad-9cce-4fd767e0cbad'),
('1a7bdbd8-225f-4766-b72f-0c9d7057ef89', '10a32652-af43-4451-bd52-4980c5690cc9', '9a05e5b0-aeb3-45a3-9946-e5b74f40a895'),
('06d201c5-3a8f-46d9-ae08-04415d990b5a', '10a32652-af43-4451-bd52-4980c5690cc9', '84c93cdc-2329-46db-be72-13d60feb929b'),
('0d4cdf2f-9dcf-4644-b4e2-d5d30c1c3073', '10a32652-af43-4451-bd52-4980c5690cc9', 'fb14019c-19ef-47af-a70e-8cc4495ef11a'),
('95b4184b-ef18-4dff-9e12-419ce82fbdb9', '10a32652-af43-4451-bd52-4980c5690cc9', '66e9383b-3ae3-4878-9b27-7baddd25e760'),
('08ad4f95-1f66-4b54-9134-dc07ee9dc786', '10a32652-af43-4451-bd52-4980c5690cc9', 'cf2d548b-c618-4cf1-a766-cfa5a24f019d'),
('36407ff2-3b57-4a55-a1a0-5b23713159ae', '10a32652-af43-4451-bd52-4980c5690cc9', '88eed016-8e7d-4ac7-9dd5-18e811235b41'),
('b488b503-87b9-4eee-9393-39da4f2a8f36', '10a32652-af43-4451-bd52-4980c5690cc9', '9a4a0b5d-1a46-4f56-9ce6-5fbded4a4a48');

--INSERT TIMESERIES--COUNT:159
INSERT INTO public.timeseries(id, slug, name, instrument_id, parameter_id, unit_id) 
VALUES
('062d289f-376c-45f9-96e8-4f9967a01d26','stage','Stage','67d96da5-d1ee-4600-9e22-9262abb151b8', 'b49f214e-f69f-43da-9ce3-ad96042268d0', 'f777f2e2-5e32-424e-a1ca-19d16cd8abce'),
('57c311fc-1750-4baa-aeb0-05e45089db90','water-temperature','Water Temperature','67d96da5-d1ee-4600-9e22-9262abb151b8', 'de6112da-8489-4286-ae56-ec72aa09974d', '10e05b5c-7e96-434b-9182-a547333e1c52'),
('5851a379-a60d-4e35-8cd3-fd2f51cdfc89','conductivity','Conductivity','67d96da5-d1ee-4600-9e22-9262abb151b8', '377ecec0-f785-46ab-b0e2-5fd8c682dfea', '633bd96c-5bdb-436f-b464-f18d90b7d736'),
('4238d22d-dfd7-486b-aba8-e9fb1b100bbf','ph','pH','67d96da5-d1ee-4600-9e22-9262abb151b8', '5d0b2c85-6a4c-4d82-aed3-193b066349f1', 'cfac3e61-64e1-456d-890e-0655038e8218'),
('4229eab3-5ae2-49da-8ce4-b81d6ed9bd72','dissolved-oxygen','Dissolved Oxygen','67d96da5-d1ee-4600-9e22-9262abb151b8', '98007857-d027-4524-9a63-d07ae93e5fa2', '67d75ccd-6bf7-4086-a970-5ed65a5c30f3'),
('fba43db5-387f-4544-b7f0-f37d971adbf0','precipitation','Precipitation','67d96da5-d1ee-4600-9e22-9262abb151b8', '0ce77a5a-8283-47cd-9126-c440bcec4ef6', '4ee79a3d-a053-41b8-85b5-bb2eea3c9d1a'),
('336fa0d2-254e-4f67-9aa9-28c32c5b8578','precipitation','Precipitation','3130d868-9806-4bde-9e2c-654677a43718', '0ce77a5a-8283-47cd-9126-c440bcec4ef6', '4ee79a3d-a053-41b8-85b5-bb2eea3c9d1a'),
('77917c3e-e518-4030-8602-269c57936c01','stage','Stage','da7e6c92-cdd6-490f-adf0-c50c69cd715b', 'b49f214e-f69f-43da-9ce3-ad96042268d0', 'f777f2e2-5e32-424e-a1ca-19d16cd8abce'),
('9862d32b-38b2-4267-9412-6e84d38da91a','precipitation','Precipitation','8072c4a7-5709-493a-b171-ed3edcdab3cb', '0ce77a5a-8283-47cd-9126-c440bcec4ef6', '4ee79a3d-a053-41b8-85b5-bb2eea3c9d1a'),
('f7a4c047-aece-4af5-9234-7d6509d43bfb','wind-speed','Wind Sspeed','8072c4a7-5709-493a-b171-ed3edcdab3cb', 'e46deb1d-e7e4-4d49-a874-18306991ecfe', 'e142d705-9eb6-4965-91d0-af55739189b0'),
('5ae398d6-3adb-4d66-ae5e-75b7c5a9d1a7','air-temperature','Air Temperature','8072c4a7-5709-493a-b171-ed3edcdab3cb', 'de6112da-8489-4286-ae56-ec72aa09974d', '10e05b5c-7e96-434b-9182-a547333e1c52'),
('0c51ac77-4a82-4751-8e85-9c647b314106','voltage','Voltage','8072c4a7-5709-493a-b171-ed3edcdab3cb', '430e5edb-e2b5-4f86-b19f-cda26a27e151', '6b5bd788-8c78-43bb-b5a3-ad544b858a64'),
('bae2a93e-b672-4b53-9f17-3900834f7a61','precipitation','Precipitation','41e521ff-bf31-45e3-bcbe-2d4c4b362437', '0ce77a5a-8283-47cd-9126-c440bcec4ef6', '4ee79a3d-a053-41b8-85b5-bb2eea3c9d1a'),
('ea2506d1-e1bd-4ac2-a0e9-f0ea2c27c3a2','wind-speed','Wind Sspeed','41e521ff-bf31-45e3-bcbe-2d4c4b362437', 'e46deb1d-e7e4-4d49-a874-18306991ecfe', 'e142d705-9eb6-4965-91d0-af55739189b0'),
('f1f05f04-5e6d-4cc1-8ada-af0eb4017e46','air-temperature','Air Temperature','41e521ff-bf31-45e3-bcbe-2d4c4b362437', 'de6112da-8489-4286-ae56-ec72aa09974d', '10e05b5c-7e96-434b-9182-a547333e1c52'),
('5cf9174c-8dc8-480e-9f7b-a906db528507','voltage','Voltage','41e521ff-bf31-45e3-bcbe-2d4c4b362437', '430e5edb-e2b5-4f86-b19f-cda26a27e151', '6b5bd788-8c78-43bb-b5a3-ad544b858a64'),
('786c1e55-8a78-48fb-931c-d155a88dc047','precipitation','Precipitation','562fcd67-1d8c-4cd6-9443-b9a039d8b097', '0ce77a5a-8283-47cd-9126-c440bcec4ef6', '4ee79a3d-a053-41b8-85b5-bb2eea3c9d1a'),
('2e02c489-8ea9-4dc1-b75d-5d4f9e4b8b6b','wind-speed','Wind Sspeed','562fcd67-1d8c-4cd6-9443-b9a039d8b097', 'e46deb1d-e7e4-4d49-a874-18306991ecfe', 'e142d705-9eb6-4965-91d0-af55739189b0'),
('6b12f9c3-1c13-430c-83be-2dc158140062','air-temperature','Air Temperature','562fcd67-1d8c-4cd6-9443-b9a039d8b097', 'de6112da-8489-4286-ae56-ec72aa09974d', '10e05b5c-7e96-434b-9182-a547333e1c52'),
('cd305614-349c-4dd3-b3ed-180ceb732fc7','voltage','Voltage','562fcd67-1d8c-4cd6-9443-b9a039d8b097', '430e5edb-e2b5-4f86-b19f-cda26a27e151', '6b5bd788-8c78-43bb-b5a3-ad544b858a64'),
('3e6ee26d-e257-44fb-a705-ec6144eb3af0','precipitation','Precipitation','389786f9-5aa5-4eca-b395-77e7166268fc', '0ce77a5a-8283-47cd-9126-c440bcec4ef6', '4ee79a3d-a053-41b8-85b5-bb2eea3c9d1a'),
('19e91c11-e2d6-43be-9941-795b6d80addc','wind-speed','Wind Sspeed','389786f9-5aa5-4eca-b395-77e7166268fc', 'e46deb1d-e7e4-4d49-a874-18306991ecfe', 'e142d705-9eb6-4965-91d0-af55739189b0'),
('3022158b-7f70-4dc9-8ca5-674d289e3b42','air-temperature','Air Temperature','389786f9-5aa5-4eca-b395-77e7166268fc', 'de6112da-8489-4286-ae56-ec72aa09974d', '10e05b5c-7e96-434b-9182-a547333e1c52'),
('3cdc5d68-a258-41aa-add6-3d3417ca08bf','voltage','Voltage','389786f9-5aa5-4eca-b395-77e7166268fc', '430e5edb-e2b5-4f86-b19f-cda26a27e151', '6b5bd788-8c78-43bb-b5a3-ad544b858a64'),
('4f6e6179-2a79-470e-9cac-6aba1d506024','precipitation','Precipitation','c722d4f3-a0ad-46f5-a17f-c10326a525de', '0ce77a5a-8283-47cd-9126-c440bcec4ef6', '4ee79a3d-a053-41b8-85b5-bb2eea3c9d1a'),
('d55f9d14-c9b4-40ce-9e13-5207731c4ce6','wind-speed','Wind Sspeed','c722d4f3-a0ad-46f5-a17f-c10326a525de', 'e46deb1d-e7e4-4d49-a874-18306991ecfe', 'e142d705-9eb6-4965-91d0-af55739189b0'),
('263586fa-48cf-470b-97cd-65b4ca99834e','air-temperature','Air Temperature','c722d4f3-a0ad-46f5-a17f-c10326a525de', 'de6112da-8489-4286-ae56-ec72aa09974d', '10e05b5c-7e96-434b-9182-a547333e1c52'),
('42acc3a4-bbfe-4775-9d5d-c0e041c4507e','voltage','Voltage','c722d4f3-a0ad-46f5-a17f-c10326a525de', '430e5edb-e2b5-4f86-b19f-cda26a27e151', '6b5bd788-8c78-43bb-b5a3-ad544b858a64'),
('f3e34048-0e10-45d7-a6c5-8e2a0bb986fc','precipitation','Precipitation','f5f35408-a622-4fb0-a2d0-ca80082b3cc4', '0ce77a5a-8283-47cd-9126-c440bcec4ef6', '4ee79a3d-a053-41b8-85b5-bb2eea3c9d1a'),
('89327864-bc25-427c-a4f4-3572e2ffa55c','wind-speed','Wind Sspeed','f5f35408-a622-4fb0-a2d0-ca80082b3cc4', 'e46deb1d-e7e4-4d49-a874-18306991ecfe', 'e142d705-9eb6-4965-91d0-af55739189b0'),
('69389ff8-ac1f-4272-98c1-a9f3a279c811','air-temperature','Air Temperature','f5f35408-a622-4fb0-a2d0-ca80082b3cc4', 'de6112da-8489-4286-ae56-ec72aa09974d', '10e05b5c-7e96-434b-9182-a547333e1c52'),
('bc9aa881-2935-4331-b218-ca1310f032c6','voltage','Voltage','f5f35408-a622-4fb0-a2d0-ca80082b3cc4', '430e5edb-e2b5-4f86-b19f-cda26a27e151', '6b5bd788-8c78-43bb-b5a3-ad544b858a64'),
('cceca3c1-47e5-4bfd-9604-8f6e5aab89c8','precipitation','Precipitation','40eac2e8-71f0-43a6-9ec0-0cdd468e8daf', '0ce77a5a-8283-47cd-9126-c440bcec4ef6', '4ee79a3d-a053-41b8-85b5-bb2eea3c9d1a'),
('3a93ac76-31bd-4119-bb65-48f1a820cf76','wind-speed','Wind Sspeed','40eac2e8-71f0-43a6-9ec0-0cdd468e8daf', 'e46deb1d-e7e4-4d49-a874-18306991ecfe', 'e142d705-9eb6-4965-91d0-af55739189b0'),
('a09c1eba-fb50-46cf-b414-5b0cad983879','air-temperature','Air Temperature','40eac2e8-71f0-43a6-9ec0-0cdd468e8daf', 'de6112da-8489-4286-ae56-ec72aa09974d', '10e05b5c-7e96-434b-9182-a547333e1c52'),
('a4a6c4f4-07f6-48d6-95c1-dc77d9e90056','voltage','Voltage','40eac2e8-71f0-43a6-9ec0-0cdd468e8daf', '430e5edb-e2b5-4f86-b19f-cda26a27e151', '6b5bd788-8c78-43bb-b5a3-ad544b858a64'),
('b4d4c248-b540-4933-8592-72db2e46431f','precipitation','Precipitation','779e3e3c-946a-42e1-ae9c-405d41e3d313', '0ce77a5a-8283-47cd-9126-c440bcec4ef6', '4ee79a3d-a053-41b8-85b5-bb2eea3c9d1a'),
('214d46f0-71ff-4785-872f-e687ca733a11','wind-speed','Wind Sspeed','779e3e3c-946a-42e1-ae9c-405d41e3d313', 'e46deb1d-e7e4-4d49-a874-18306991ecfe', 'e142d705-9eb6-4965-91d0-af55739189b0'),
('d3028bde-5eca-4168-8d0b-0fae59570d9f','air-temperature','Air Temperature','779e3e3c-946a-42e1-ae9c-405d41e3d313', 'de6112da-8489-4286-ae56-ec72aa09974d', '10e05b5c-7e96-434b-9182-a547333e1c52'),
('aba00fdb-4731-45f4-95c9-2df66b3e3400','voltage','Voltage','779e3e3c-946a-42e1-ae9c-405d41e3d313', '430e5edb-e2b5-4f86-b19f-cda26a27e151', '6b5bd788-8c78-43bb-b5a3-ad544b858a64'),
('8a03c614-aef0-4d99-aed3-23c5a75bbab3','precipitation','Precipitation','09c5a8c4-c465-4c8b-b627-eb2877633fe0', '0ce77a5a-8283-47cd-9126-c440bcec4ef6', '4ee79a3d-a053-41b8-85b5-bb2eea3c9d1a'),
('88ea3dfa-3617-46a1-a5b2-c8690b4e70de','wind-speed','Wind Sspeed','09c5a8c4-c465-4c8b-b627-eb2877633fe0', 'e46deb1d-e7e4-4d49-a874-18306991ecfe', 'e142d705-9eb6-4965-91d0-af55739189b0'),
('065b4317-d970-4c72-9272-bc8f5e37809d','air-temperature','Air Temperature','09c5a8c4-c465-4c8b-b627-eb2877633fe0', 'de6112da-8489-4286-ae56-ec72aa09974d', '10e05b5c-7e96-434b-9182-a547333e1c52'),
('abc62423-f91d-4e0e-9314-032a8ba0ca04','voltage','Voltage','09c5a8c4-c465-4c8b-b627-eb2877633fe0', '430e5edb-e2b5-4f86-b19f-cda26a27e151', '6b5bd788-8c78-43bb-b5a3-ad544b858a64'),
('9bb9e4c8-07c5-415d-8a53-8e3abe85ddc3','precipitation','Precipitation','3ee387b2-8be8-4ed6-b1c8-8da97ab429a9', '0ce77a5a-8283-47cd-9126-c440bcec4ef6', '4ee79a3d-a053-41b8-85b5-bb2eea3c9d1a'),
('f03271ec-074a-4ead-a142-56038bfe4c3f','wind-speed','Wind Sspeed','3ee387b2-8be8-4ed6-b1c8-8da97ab429a9', 'e46deb1d-e7e4-4d49-a874-18306991ecfe', 'e142d705-9eb6-4965-91d0-af55739189b0'),
('10942225-6a5c-4500-92b9-27bc22304b09','air-temperature','Air Temperature','3ee387b2-8be8-4ed6-b1c8-8da97ab429a9', 'de6112da-8489-4286-ae56-ec72aa09974d', '10e05b5c-7e96-434b-9182-a547333e1c52'),
('b221aef4-fa81-4faf-99ca-7b2926c9e2c1','voltage','Voltage','3ee387b2-8be8-4ed6-b1c8-8da97ab429a9', '430e5edb-e2b5-4f86-b19f-cda26a27e151', '6b5bd788-8c78-43bb-b5a3-ad544b858a64'),
('97c5a8fb-851c-4edf-b17e-fc5b71809d98','precipitation','Precipitation','37a94b69-379a-4c07-a344-d45a47bd6519', '0ce77a5a-8283-47cd-9126-c440bcec4ef6', '4ee79a3d-a053-41b8-85b5-bb2eea3c9d1a'),
('29326b07-858a-49a7-8962-9fa14e8dace5','wind-speed','Wind Sspeed','37a94b69-379a-4c07-a344-d45a47bd6519', 'e46deb1d-e7e4-4d49-a874-18306991ecfe', 'e142d705-9eb6-4965-91d0-af55739189b0'),
('675ce8f4-6f94-4e76-a802-a3f1b97198b0','air-temperature','Air Temperature','37a94b69-379a-4c07-a344-d45a47bd6519', 'de6112da-8489-4286-ae56-ec72aa09974d', '10e05b5c-7e96-434b-9182-a547333e1c52'),
('c6767250-a0b1-414b-b1ed-b1ce3936c403','voltage','Voltage','37a94b69-379a-4c07-a344-d45a47bd6519', '430e5edb-e2b5-4f86-b19f-cda26a27e151', '6b5bd788-8c78-43bb-b5a3-ad544b858a64'),
('c6fa0812-54cc-4103-9d7d-b1f16adc09de','precipitation','Precipitation','4afdefcf-5a67-43b9-8122-0f52eca88290', '0ce77a5a-8283-47cd-9126-c440bcec4ef6', '4ee79a3d-a053-41b8-85b5-bb2eea3c9d1a'),
('1645b54c-fbe8-4254-b533-dea11f0d4afe','wind-speed','Wind Sspeed','4afdefcf-5a67-43b9-8122-0f52eca88290', 'e46deb1d-e7e4-4d49-a874-18306991ecfe', 'e142d705-9eb6-4965-91d0-af55739189b0'),
('dfce8140-181c-4bbd-8d9f-b2a4e9e1a41c','air-temperature','Air Temperature','4afdefcf-5a67-43b9-8122-0f52eca88290', 'de6112da-8489-4286-ae56-ec72aa09974d', '10e05b5c-7e96-434b-9182-a547333e1c52'),
('085ba9a1-4fd0-4174-ae24-517e296c0ed2','voltage','Voltage','4afdefcf-5a67-43b9-8122-0f52eca88290', '430e5edb-e2b5-4f86-b19f-cda26a27e151', '6b5bd788-8c78-43bb-b5a3-ad544b858a64'),
('c1cbd4d6-ccf5-4ec8-a23d-c17f14b0b150','precipitation','Precipitation','e98e960f-26f7-4dd5-ad2a-f8b7e3967110', '0ce77a5a-8283-47cd-9126-c440bcec4ef6', '4ee79a3d-a053-41b8-85b5-bb2eea3c9d1a'),
('2521e81e-64bc-4935-90ba-342ca16e2857','wind-speed','Wind Sspeed','e98e960f-26f7-4dd5-ad2a-f8b7e3967110', 'e46deb1d-e7e4-4d49-a874-18306991ecfe', 'e142d705-9eb6-4965-91d0-af55739189b0'),
('b51bf889-f29b-4a51-8b86-228774c5ecdb','air-temperature','Air Temperature','e98e960f-26f7-4dd5-ad2a-f8b7e3967110', 'de6112da-8489-4286-ae56-ec72aa09974d', '10e05b5c-7e96-434b-9182-a547333e1c52'),
('90278990-277c-4e8d-8c86-e38de2c5d587','voltage','Voltage','e98e960f-26f7-4dd5-ad2a-f8b7e3967110', '430e5edb-e2b5-4f86-b19f-cda26a27e151', '6b5bd788-8c78-43bb-b5a3-ad544b858a64'),
('69665477-f2db-4283-864b-1077a1dd3fff','precipitation','Precipitation','6c1b7587-aec2-4fbd-a103-d18aefe74386', '0ce77a5a-8283-47cd-9126-c440bcec4ef6', '4ee79a3d-a053-41b8-85b5-bb2eea3c9d1a'),
('638e2df6-8db4-4a55-b1b8-8fcfdf954943','wind-speed','Wind Sspeed','6c1b7587-aec2-4fbd-a103-d18aefe74386', 'e46deb1d-e7e4-4d49-a874-18306991ecfe', 'e142d705-9eb6-4965-91d0-af55739189b0'),
('9ce3ab14-e0c0-42f0-8d55-cc0c909d9eea','air-temperature','Air Temperature','6c1b7587-aec2-4fbd-a103-d18aefe74386', 'de6112da-8489-4286-ae56-ec72aa09974d', '10e05b5c-7e96-434b-9182-a547333e1c52'),
('e3c561ab-feac-431b-b62c-cffe8f6ec17e','voltage','Voltage','6c1b7587-aec2-4fbd-a103-d18aefe74386', '430e5edb-e2b5-4f86-b19f-cda26a27e151', '6b5bd788-8c78-43bb-b5a3-ad544b858a64'),
('cde5b5ec-b5f8-49c4-a3b1-14c5a78df544','precipitation','Precipitation','64781110-0523-4010-b2cd-d46f4e461af9', '0ce77a5a-8283-47cd-9126-c440bcec4ef6', '4ee79a3d-a053-41b8-85b5-bb2eea3c9d1a'),
('62d48f5c-4b9f-42dc-b081-a5ec6f9f0810','wind-speed','Wind Sspeed','64781110-0523-4010-b2cd-d46f4e461af9', 'e46deb1d-e7e4-4d49-a874-18306991ecfe', 'e142d705-9eb6-4965-91d0-af55739189b0'),
('e0156b5e-d85c-4b81-9f33-2e2ab4b0638c','air-temperature','Air Temperature','64781110-0523-4010-b2cd-d46f4e461af9', 'de6112da-8489-4286-ae56-ec72aa09974d', '10e05b5c-7e96-434b-9182-a547333e1c52'),
('36b37c50-89a5-4fd2-b798-3b58eff37753','voltage','Voltage','64781110-0523-4010-b2cd-d46f4e461af9', '430e5edb-e2b5-4f86-b19f-cda26a27e151', '6b5bd788-8c78-43bb-b5a3-ad544b858a64'),
('098ae17d-06c9-4218-813d-abbde20eaaa7','precipitation','Precipitation','d52a37f8-a47c-49d2-8206-ec0c7f2c2dd5', '0ce77a5a-8283-47cd-9126-c440bcec4ef6', '4ee79a3d-a053-41b8-85b5-bb2eea3c9d1a'),
('b7002ae3-fa72-4dbb-a45a-158bdf8b904f','wind-speed','Wind Sspeed','d52a37f8-a47c-49d2-8206-ec0c7f2c2dd5', 'e46deb1d-e7e4-4d49-a874-18306991ecfe', 'e142d705-9eb6-4965-91d0-af55739189b0'),
('1023ab0b-d96a-454a-ac96-732773bbada3','air-temperature','Air Temperature','d52a37f8-a47c-49d2-8206-ec0c7f2c2dd5', 'de6112da-8489-4286-ae56-ec72aa09974d', '10e05b5c-7e96-434b-9182-a547333e1c52'),
('979c1585-85d4-4f85-8ff9-32e5a522ee8b','voltage','Voltage','d52a37f8-a47c-49d2-8206-ec0c7f2c2dd5', '430e5edb-e2b5-4f86-b19f-cda26a27e151', '6b5bd788-8c78-43bb-b5a3-ad544b858a64'),
('a787f527-fe59-4e67-abd3-85bd0b9a51a8','precipitation','Precipitation','bae9c2a1-9952-4376-9247-e8f2a519c7d5', '0ce77a5a-8283-47cd-9126-c440bcec4ef6', '4ee79a3d-a053-41b8-85b5-bb2eea3c9d1a'),
('71ce2a28-e544-4e6a-af0e-a2abffe8b5f7','wind-speed','Wind Sspeed','bae9c2a1-9952-4376-9247-e8f2a519c7d5', 'e46deb1d-e7e4-4d49-a874-18306991ecfe', 'e142d705-9eb6-4965-91d0-af55739189b0'),
('61575ad6-b381-484e-96e7-20638224232e','air-temperature','Air Temperature','bae9c2a1-9952-4376-9247-e8f2a519c7d5', 'de6112da-8489-4286-ae56-ec72aa09974d', '10e05b5c-7e96-434b-9182-a547333e1c52'),
('0b3d5918-cb05-4dc6-8656-227180bf1901','voltage','Voltage','bae9c2a1-9952-4376-9247-e8f2a519c7d5', '430e5edb-e2b5-4f86-b19f-cda26a27e151', '6b5bd788-8c78-43bb-b5a3-ad544b858a64'),
('530040f7-fba5-4b9a-80d4-e06b009dea15','precipitation','Precipitation','16ef8e07-be5a-4ad1-a231-0e62ede14a35', '0ce77a5a-8283-47cd-9126-c440bcec4ef6', '4ee79a3d-a053-41b8-85b5-bb2eea3c9d1a'),
('1895cfeb-427e-45d8-a0de-ee1640aba7dc','wind-speed','Wind Sspeed','16ef8e07-be5a-4ad1-a231-0e62ede14a35', 'e46deb1d-e7e4-4d49-a874-18306991ecfe', 'e142d705-9eb6-4965-91d0-af55739189b0'),
('7d7fce88-a6ec-40f5-9a7a-0b019a0e0b99','air-temperature','Air Temperature','16ef8e07-be5a-4ad1-a231-0e62ede14a35', 'de6112da-8489-4286-ae56-ec72aa09974d', '10e05b5c-7e96-434b-9182-a547333e1c52'),
('137006a5-8ec3-4ab2-93d2-fcd0861d0ea6','voltage','Voltage','16ef8e07-be5a-4ad1-a231-0e62ede14a35', '430e5edb-e2b5-4f86-b19f-cda26a27e151', '6b5bd788-8c78-43bb-b5a3-ad544b858a64'),
('1989372c-655f-4348-b324-b7f1dc59396d','precipitation','Precipitation','b5223b57-1bc8-4b9e-9cc4-dc5cb7464973', '0ce77a5a-8283-47cd-9126-c440bcec4ef6', '4ee79a3d-a053-41b8-85b5-bb2eea3c9d1a'),
('e7f864b6-5570-4827-a09c-bb141fab740c','wind-speed','Wind Sspeed','b5223b57-1bc8-4b9e-9cc4-dc5cb7464973', 'e46deb1d-e7e4-4d49-a874-18306991ecfe', 'e142d705-9eb6-4965-91d0-af55739189b0'),
('63e0189a-3f7c-499a-a452-80a347706544','air-temperature','Air Temperature','b5223b57-1bc8-4b9e-9cc4-dc5cb7464973', 'de6112da-8489-4286-ae56-ec72aa09974d', '10e05b5c-7e96-434b-9182-a547333e1c52'),
('9ffe0165-5b3d-4685-9038-26c578909e84','voltage','Voltage','b5223b57-1bc8-4b9e-9cc4-dc5cb7464973', '430e5edb-e2b5-4f86-b19f-cda26a27e151', '6b5bd788-8c78-43bb-b5a3-ad544b858a64'),
('db8f3020-8c4e-478d-96cf-0dabf9d0fb24','precipitation','Precipitation','0feee5a5-39cb-47e3-960b-d43b59d10b7e', '0ce77a5a-8283-47cd-9126-c440bcec4ef6', '4ee79a3d-a053-41b8-85b5-bb2eea3c9d1a'),
('bdf91eab-818f-4f99-bc28-5a2712dab575','wind-speed','Wind Sspeed','0feee5a5-39cb-47e3-960b-d43b59d10b7e', 'e46deb1d-e7e4-4d49-a874-18306991ecfe', 'e142d705-9eb6-4965-91d0-af55739189b0'),
('77d312d9-4dd6-40c0-803c-d55fc3ce8766','air-temperature','Air Temperature','0feee5a5-39cb-47e3-960b-d43b59d10b7e', 'de6112da-8489-4286-ae56-ec72aa09974d', '10e05b5c-7e96-434b-9182-a547333e1c52'),
('364b6bbd-b866-4e60-ad0f-e387d419ee68','voltage','Voltage','0feee5a5-39cb-47e3-960b-d43b59d10b7e', '430e5edb-e2b5-4f86-b19f-cda26a27e151', '6b5bd788-8c78-43bb-b5a3-ad544b858a64'),
('ed6b1bfc-d66f-448c-91e9-3c935e46a2be','precipitation','Precipitation','aa5d1c83-62e3-4b77-8a88-6e63f682f4f3', '0ce77a5a-8283-47cd-9126-c440bcec4ef6', '4ee79a3d-a053-41b8-85b5-bb2eea3c9d1a'),
('ab94becd-5ac9-4624-b0cc-fb9e7fa00972','wind-speed','Wind Sspeed','aa5d1c83-62e3-4b77-8a88-6e63f682f4f3', 'e46deb1d-e7e4-4d49-a874-18306991ecfe', 'e142d705-9eb6-4965-91d0-af55739189b0'),
('69365388-eb8f-4d14-b76a-ba728253ae0e','air-temperature','Air Temperature','aa5d1c83-62e3-4b77-8a88-6e63f682f4f3', 'de6112da-8489-4286-ae56-ec72aa09974d', '10e05b5c-7e96-434b-9182-a547333e1c52'),
('d743a825-4035-4c67-b325-e03221569509','voltage','Voltage','aa5d1c83-62e3-4b77-8a88-6e63f682f4f3', '430e5edb-e2b5-4f86-b19f-cda26a27e151', '6b5bd788-8c78-43bb-b5a3-ad544b858a64'),
('c5b1abf1-6ae3-42fe-a2be-b605f16a3273','precipitation','Precipitation','dabb839f-d169-42cb-a779-6b8052a6bd3c', '0ce77a5a-8283-47cd-9126-c440bcec4ef6', '4ee79a3d-a053-41b8-85b5-bb2eea3c9d1a'),
('06f9b585-61e4-4466-8a1c-55843fde5407','wind-speed','Wind Sspeed','dabb839f-d169-42cb-a779-6b8052a6bd3c', 'e46deb1d-e7e4-4d49-a874-18306991ecfe', 'e142d705-9eb6-4965-91d0-af55739189b0'),
('f7392e48-69c6-4d94-a5f9-541bf07d29b3','air-temperature','Air Temperature','dabb839f-d169-42cb-a779-6b8052a6bd3c', 'de6112da-8489-4286-ae56-ec72aa09974d', '10e05b5c-7e96-434b-9182-a547333e1c52'),
('0f47f1f4-0a06-4b22-ba29-b88699107cab','voltage','Voltage','dabb839f-d169-42cb-a779-6b8052a6bd3c', '430e5edb-e2b5-4f86-b19f-cda26a27e151', '6b5bd788-8c78-43bb-b5a3-ad544b858a64'),
('bfdeb903-c81e-4ac2-af49-fda207aca835','precipitation','Precipitation','1bdee4ab-89c7-4f9a-9233-8a55ba9967ab', '0ce77a5a-8283-47cd-9126-c440bcec4ef6', '4ee79a3d-a053-41b8-85b5-bb2eea3c9d1a'),
('937ff23e-9824-4a4e-ac06-5e14a2fa7cc3','wind-speed','Wind Sspeed','1bdee4ab-89c7-4f9a-9233-8a55ba9967ab', 'e46deb1d-e7e4-4d49-a874-18306991ecfe', 'e142d705-9eb6-4965-91d0-af55739189b0'),
('ad32d989-951c-432d-a693-4e8bd12b75ff','air-temperature','Air Temperature','1bdee4ab-89c7-4f9a-9233-8a55ba9967ab', 'de6112da-8489-4286-ae56-ec72aa09974d', '10e05b5c-7e96-434b-9182-a547333e1c52'),
('e14e9d5d-e890-4a3c-b971-30a02e289432','voltage','Voltage','1bdee4ab-89c7-4f9a-9233-8a55ba9967ab', '430e5edb-e2b5-4f86-b19f-cda26a27e151', '6b5bd788-8c78-43bb-b5a3-ad544b858a64'),
('ce8598e2-4911-4882-9fee-d91dd890f6c3','precipitation','Precipitation','e1cbfd8a-e6d5-43ab-8718-3bab74163bc1', '0ce77a5a-8283-47cd-9126-c440bcec4ef6', '4ee79a3d-a053-41b8-85b5-bb2eea3c9d1a'),
('d009b267-1373-4c65-82d9-ec7b54661d36','wind-speed','Wind Sspeed','e1cbfd8a-e6d5-43ab-8718-3bab74163bc1', 'e46deb1d-e7e4-4d49-a874-18306991ecfe', 'e142d705-9eb6-4965-91d0-af55739189b0'),
('d6371eb2-a90b-4f1f-9fe5-91f5a8672be4','air-temperature','Air Temperature','e1cbfd8a-e6d5-43ab-8718-3bab74163bc1', 'de6112da-8489-4286-ae56-ec72aa09974d', '10e05b5c-7e96-434b-9182-a547333e1c52'),
('fab3f10d-5aad-409e-a90d-57c80d6af97e','voltage','Voltage','e1cbfd8a-e6d5-43ab-8718-3bab74163bc1', '430e5edb-e2b5-4f86-b19f-cda26a27e151', '6b5bd788-8c78-43bb-b5a3-ad544b858a64'),
('a66f1c57-610a-4633-a4cf-560f1d60f41c','precipitation','Precipitation','0b428b41-1cda-4531-9673-0359cb554212', '0ce77a5a-8283-47cd-9126-c440bcec4ef6', '4ee79a3d-a053-41b8-85b5-bb2eea3c9d1a'),
('6a2cf2fb-b62d-4d2f-9d30-56c13bd8541a','wind-speed','Wind Sspeed','0b428b41-1cda-4531-9673-0359cb554212', 'e46deb1d-e7e4-4d49-a874-18306991ecfe', 'e142d705-9eb6-4965-91d0-af55739189b0'),
('51e98cc1-8d47-4511-9bca-80138604ce33','air-temperature','Air Temperature','0b428b41-1cda-4531-9673-0359cb554212', 'de6112da-8489-4286-ae56-ec72aa09974d', '10e05b5c-7e96-434b-9182-a547333e1c52'),
('7c40e553-4727-4185-990d-ecfa12ed8f4c','voltage','Voltage','0b428b41-1cda-4531-9673-0359cb554212', '430e5edb-e2b5-4f86-b19f-cda26a27e151', '6b5bd788-8c78-43bb-b5a3-ad544b858a64'),
('b9743248-1727-423f-b0ec-991e8d2a0aec','precipitation','Precipitation','735ebeb8-df40-4334-956e-efb3ee3db453', '0ce77a5a-8283-47cd-9126-c440bcec4ef6', '4ee79a3d-a053-41b8-85b5-bb2eea3c9d1a'),
('ff23d44c-7625-49e0-8c65-f1e56a69e01c','wind-speed','Wind Sspeed','735ebeb8-df40-4334-956e-efb3ee3db453', 'e46deb1d-e7e4-4d49-a874-18306991ecfe', 'e142d705-9eb6-4965-91d0-af55739189b0'),
('9479a069-3cfe-4ff6-9c6b-f3c33144e0ae','air-temperature','Air Temperature','735ebeb8-df40-4334-956e-efb3ee3db453', 'de6112da-8489-4286-ae56-ec72aa09974d', '10e05b5c-7e96-434b-9182-a547333e1c52'),
('e535e98e-d1e1-4f8e-b62f-f9cab61d6a40','voltage','Voltage','735ebeb8-df40-4334-956e-efb3ee3db453', '430e5edb-e2b5-4f86-b19f-cda26a27e151', '6b5bd788-8c78-43bb-b5a3-ad544b858a64'),
('3fc65944-2103-4030-9278-53c1ea49a030','precipitation','Precipitation','87f853dd-0160-4470-b6e9-31e6dfb8424c', '0ce77a5a-8283-47cd-9126-c440bcec4ef6', '4ee79a3d-a053-41b8-85b5-bb2eea3c9d1a'),
('ae9f4254-146f-486d-9093-e8b1d0e6e2a9','wind-speed','Wind Sspeed','87f853dd-0160-4470-b6e9-31e6dfb8424c', 'e46deb1d-e7e4-4d49-a874-18306991ecfe', 'e142d705-9eb6-4965-91d0-af55739189b0'),
('923fdf49-d370-4dd1-a690-447c4bb6c127','air-temperature','Air Temperature','87f853dd-0160-4470-b6e9-31e6dfb8424c', 'de6112da-8489-4286-ae56-ec72aa09974d', '10e05b5c-7e96-434b-9182-a547333e1c52'),
('5f550118-112f-485d-b1a2-ca0ba6389dff','voltage','Voltage','87f853dd-0160-4470-b6e9-31e6dfb8424c', '430e5edb-e2b5-4f86-b19f-cda26a27e151', '6b5bd788-8c78-43bb-b5a3-ad544b858a64'),
('6113389f-a7f1-4313-9ffb-98778adffb14','precipitation','Precipitation','e965623d-b34e-4734-b731-0a08b43e1213', '0ce77a5a-8283-47cd-9126-c440bcec4ef6', '4ee79a3d-a053-41b8-85b5-bb2eea3c9d1a'),
('ebd75b31-0906-425c-abe2-eeda2dcfba5e','wind-speed','Wind Sspeed','e965623d-b34e-4734-b731-0a08b43e1213', 'e46deb1d-e7e4-4d49-a874-18306991ecfe', 'e142d705-9eb6-4965-91d0-af55739189b0'),
('083c77a3-ec7f-4264-9fd0-650ccd8b777a','air-temperature','Air Temperature','e965623d-b34e-4734-b731-0a08b43e1213', 'de6112da-8489-4286-ae56-ec72aa09974d', '10e05b5c-7e96-434b-9182-a547333e1c52'),
('0b278ec2-2b8f-4dc3-9333-961ebc99c5f2','voltage','Voltage','e965623d-b34e-4734-b731-0a08b43e1213', '430e5edb-e2b5-4f86-b19f-cda26a27e151', '6b5bd788-8c78-43bb-b5a3-ad544b858a64'),
('faf77ace-361c-4927-89c1-3b0e33ec2546','precipitation','Precipitation','8a111c8d-3ea8-4919-bfe3-711b768aa782', '0ce77a5a-8283-47cd-9126-c440bcec4ef6', '4ee79a3d-a053-41b8-85b5-bb2eea3c9d1a'),
('167979b2-a31c-4548-96d5-3af9b7ea2b73','wind-speed','Wind Sspeed','8a111c8d-3ea8-4919-bfe3-711b768aa782', 'e46deb1d-e7e4-4d49-a874-18306991ecfe', 'e142d705-9eb6-4965-91d0-af55739189b0'),
('de51d6f6-6a59-4786-b6e7-d21e72c3f3d5','air-temperature','Air Temperature','8a111c8d-3ea8-4919-bfe3-711b768aa782', 'de6112da-8489-4286-ae56-ec72aa09974d', '10e05b5c-7e96-434b-9182-a547333e1c52'),
('f93c371a-f2ba-4051-b8e9-f637bae8398f','voltage','Voltage','8a111c8d-3ea8-4919-bfe3-711b768aa782', '430e5edb-e2b5-4f86-b19f-cda26a27e151', '6b5bd788-8c78-43bb-b5a3-ad544b858a64'),
('f7231c6b-0ae0-41ae-8253-a6097cf338ad','precipitation','Precipitation','3e3b545b-6e9e-489d-8665-f38e8ceb21a0', '0ce77a5a-8283-47cd-9126-c440bcec4ef6', '4ee79a3d-a053-41b8-85b5-bb2eea3c9d1a'),
('6fd222f0-2793-4908-8135-dc352027c8ff','wind-speed','Wind Sspeed','3e3b545b-6e9e-489d-8665-f38e8ceb21a0', 'e46deb1d-e7e4-4d49-a874-18306991ecfe', 'e142d705-9eb6-4965-91d0-af55739189b0'),
('870cea88-9d19-46e4-8339-b8bf60e63a8b','air-temperature','Air Temperature','3e3b545b-6e9e-489d-8665-f38e8ceb21a0', 'de6112da-8489-4286-ae56-ec72aa09974d', '10e05b5c-7e96-434b-9182-a547333e1c52'),
('bf104cc0-b5f1-47de-af2b-5d055843c6e6','voltage','Voltage','3e3b545b-6e9e-489d-8665-f38e8ceb21a0', '430e5edb-e2b5-4f86-b19f-cda26a27e151', '6b5bd788-8c78-43bb-b5a3-ad544b858a64'),
('ebd3ac57-d8c9-47fd-a4b0-35187819aeb2','precipitation','Precipitation','a3d4555f-1742-4197-9bfc-e63be3391095', '0ce77a5a-8283-47cd-9126-c440bcec4ef6', '4ee79a3d-a053-41b8-85b5-bb2eea3c9d1a'),
('50fd6f36-48a8-4217-8835-e7f69a11da24','wind-speed','Wind Sspeed','a3d4555f-1742-4197-9bfc-e63be3391095', 'e46deb1d-e7e4-4d49-a874-18306991ecfe', 'e142d705-9eb6-4965-91d0-af55739189b0'),
('72dc926d-010a-4231-add0-9c031196d8b7','air-temperature','Air Temperature','a3d4555f-1742-4197-9bfc-e63be3391095', 'de6112da-8489-4286-ae56-ec72aa09974d', '10e05b5c-7e96-434b-9182-a547333e1c52'),
('6bfbd199-11d6-40a8-ac26-ef4418e88b3d','voltage','Voltage','a3d4555f-1742-4197-9bfc-e63be3391095', '430e5edb-e2b5-4f86-b19f-cda26a27e151', '6b5bd788-8c78-43bb-b5a3-ad544b858a64'),
('d7375380-91c3-448a-a236-4ab123f4d251','precipitation','Precipitation','daf83c5d-8e1b-40a2-93a0-fd87be054a75', '0ce77a5a-8283-47cd-9126-c440bcec4ef6', '4ee79a3d-a053-41b8-85b5-bb2eea3c9d1a'),
('c22c0905-0ac3-4b22-a788-c88ac242117d','wind-speed','Wind Sspeed','daf83c5d-8e1b-40a2-93a0-fd87be054a75', 'e46deb1d-e7e4-4d49-a874-18306991ecfe', 'e142d705-9eb6-4965-91d0-af55739189b0'),
('651f231a-4b96-4dcc-a819-38c5bf502313','air-temperature','Air Temperature','daf83c5d-8e1b-40a2-93a0-fd87be054a75', 'de6112da-8489-4286-ae56-ec72aa09974d', '10e05b5c-7e96-434b-9182-a547333e1c52'),
('6349fc0e-0f4e-4b50-96a6-fcf6ddd85c57','voltage','Voltage','daf83c5d-8e1b-40a2-93a0-fd87be054a75', '430e5edb-e2b5-4f86-b19f-cda26a27e151', '6b5bd788-8c78-43bb-b5a3-ad544b858a64'),
('5c9bfc45-62d3-4201-b34a-bc754ba293f8','precipitation','Precipitation','fa469069-baf6-4e28-8fac-5a18e4ebf7f9', '0ce77a5a-8283-47cd-9126-c440bcec4ef6', '4ee79a3d-a053-41b8-85b5-bb2eea3c9d1a'),
('27d8a439-32af-4072-8d44-da9908bc8017','wind-speed','Wind Sspeed','fa469069-baf6-4e28-8fac-5a18e4ebf7f9', 'e46deb1d-e7e4-4d49-a874-18306991ecfe', 'e142d705-9eb6-4965-91d0-af55739189b0'),
('71637379-1f25-44ec-8482-c7e590b51a1b','air-temperature','Air Temperature','fa469069-baf6-4e28-8fac-5a18e4ebf7f9', 'de6112da-8489-4286-ae56-ec72aa09974d', '10e05b5c-7e96-434b-9182-a547333e1c52'),
('3e733b54-3379-4cc8-8783-07cd93926252','voltage','Voltage','fa469069-baf6-4e28-8fac-5a18e4ebf7f9', '430e5edb-e2b5-4f86-b19f-cda26a27e151', '6b5bd788-8c78-43bb-b5a3-ad544b858a64'),
('ed44aad7-33ef-4a56-b258-8f876276e897','precipitation','Precipitation','21664e71-c273-4c18-83f2-904f6bba3566', '0ce77a5a-8283-47cd-9126-c440bcec4ef6', '4ee79a3d-a053-41b8-85b5-bb2eea3c9d1a'),
('b50242d1-dc08-424b-a240-1788265261f3','wind-speed','Wind Sspeed','21664e71-c273-4c18-83f2-904f6bba3566', 'e46deb1d-e7e4-4d49-a874-18306991ecfe', 'e142d705-9eb6-4965-91d0-af55739189b0'),
('56223ee7-3a3a-4f6a-9cef-4c86b6cf6c0a','air-temperature','Air Temperature','21664e71-c273-4c18-83f2-904f6bba3566', 'de6112da-8489-4286-ae56-ec72aa09974d', '10e05b5c-7e96-434b-9182-a547333e1c52'),
('87bf06ed-147c-4de4-89ce-8db0a2ef08a5','voltage','Voltage','21664e71-c273-4c18-83f2-904f6bba3566', '430e5edb-e2b5-4f86-b19f-cda26a27e151', '6b5bd788-8c78-43bb-b5a3-ad544b858a64'),
('36002f1f-06f2-4ac9-8f20-8682ac5f52e3','precipitation','Precipitation','d7644b31-bd43-491b-971f-8c76f16afc5c', '0ce77a5a-8283-47cd-9126-c440bcec4ef6', '4ee79a3d-a053-41b8-85b5-bb2eea3c9d1a'),
('2a26c760-9f2a-48f1-b726-07d7d4e2ffb5','wind-speed','Wind Sspeed','d7644b31-bd43-491b-971f-8c76f16afc5c', 'e46deb1d-e7e4-4d49-a874-18306991ecfe', 'e142d705-9eb6-4965-91d0-af55739189b0'),
('b9c13efa-1f19-48d3-835f-cb6a6e56fe7c','air-temperature','Air Temperature','d7644b31-bd43-491b-971f-8c76f16afc5c', 'de6112da-8489-4286-ae56-ec72aa09974d', '10e05b5c-7e96-434b-9182-a547333e1c52'),
('0e016b98-525b-4e09-8616-923bb292b93a','voltage','Voltage','d7644b31-bd43-491b-971f-8c76f16afc5c', '430e5edb-e2b5-4f86-b19f-cda26a27e151', '6b5bd788-8c78-43bb-b5a3-ad544b858a64'),
('079d6474-86b7-426c-b2f7-7b48a3644ce1','precipitation','Precipitation','2b8bed18-b9e2-46b6-9f74-a39a474644c3', '0ce77a5a-8283-47cd-9126-c440bcec4ef6', '4ee79a3d-a053-41b8-85b5-bb2eea3c9d1a'),
('081fa2f2-d88f-4f09-b098-11c2c59c5a02','wind-speed','Wind Sspeed','2b8bed18-b9e2-46b6-9f74-a39a474644c3', 'e46deb1d-e7e4-4d49-a874-18306991ecfe', 'e142d705-9eb6-4965-91d0-af55739189b0'),
('15a52e43-6d0e-4d6c-9385-ccf51c09161a','air-temperature','Air Temperature','2b8bed18-b9e2-46b6-9f74-a39a474644c3', 'de6112da-8489-4286-ae56-ec72aa09974d', '10e05b5c-7e96-434b-9182-a547333e1c52'),
('0201b42b-8ad7-42cf-aece-4d5ff1c218e1','voltage','Voltage','2b8bed18-b9e2-46b6-9f74-a39a474644c3', '430e5edb-e2b5-4f86-b19f-cda26a27e151', '6b5bd788-8c78-43bb-b5a3-ad544b858a64'),
('0d156fbb-ece3-4e96-bc52-6db4353d7d4d','precipitation','Precipitation','631c7c28-0a09-49ec-8aaf-c5b4d4d880c4', '0ce77a5a-8283-47cd-9126-c440bcec4ef6', '4ee79a3d-a053-41b8-85b5-bb2eea3c9d1a'),
('4c313239-1b7b-4ad5-a839-ba59fba4368a','wind-speed','Wind Sspeed','631c7c28-0a09-49ec-8aaf-c5b4d4d880c4', 'e46deb1d-e7e4-4d49-a874-18306991ecfe', 'e142d705-9eb6-4965-91d0-af55739189b0'),
('e2078ab9-fffa-4202-8eef-a2049cecb7aa','air-temperature','Air Temperature','631c7c28-0a09-49ec-8aaf-c5b4d4d880c4', 'de6112da-8489-4286-ae56-ec72aa09974d', '10e05b5c-7e96-434b-9182-a547333e1c52'),
('e19039b6-07bb-4eb3-991d-791c7f2a22bd','voltage','Voltage','631c7c28-0a09-49ec-8aaf-c5b4d4d880c4', '430e5edb-e2b5-4f86-b19f-cda26a27e151', '6b5bd788-8c78-43bb-b5a3-ad544b858a64'),
('38da9612-8d83-483f-ba55-792b1652f863','precipitation','Precipitation','c5777ea6-904d-445d-974f-995180d7dabf', '0ce77a5a-8283-47cd-9126-c440bcec4ef6', '4ee79a3d-a053-41b8-85b5-bb2eea3c9d1a'),
('7b7a7eb9-6703-4c5d-ae9d-3aac2f4f7c51','wind-speed','Wind Sspeed','c5777ea6-904d-445d-974f-995180d7dabf', 'e46deb1d-e7e4-4d49-a874-18306991ecfe', 'e142d705-9eb6-4965-91d0-af55739189b0'),
('eb690b19-b908-47df-9de9-49b4f248066b','air-temperature','Air Temperature','c5777ea6-904d-445d-974f-995180d7dabf', 'de6112da-8489-4286-ae56-ec72aa09974d', '10e05b5c-7e96-434b-9182-a547333e1c52'),
('3a5c196d-a066-4682-b242-6dd7c27d5d11','voltage','Voltage','c5777ea6-904d-445d-974f-995180d7dabf', '430e5edb-e2b5-4f86-b19f-cda26a27e151', '6b5bd788-8c78-43bb-b5a3-ad544b858a64'),
('3af908c8-3024-493a-846a-3db19a954e52','precipitation','Precipitation','65684ff8-db23-4136-a820-8157ca158899', '0ce77a5a-8283-47cd-9126-c440bcec4ef6', '4ee79a3d-a053-41b8-85b5-bb2eea3c9d1a'),
('a167093d-5aa1-4462-9dd1-b6bd318e70ec','wind-speed','Wind Sspeed','65684ff8-db23-4136-a820-8157ca158899', 'e46deb1d-e7e4-4d49-a874-18306991ecfe', 'e142d705-9eb6-4965-91d0-af55739189b0'),
('baf56daa-e570-4749-a8d3-a1a7dee8845b','air-temperature','Air Temperature','65684ff8-db23-4136-a820-8157ca158899', 'de6112da-8489-4286-ae56-ec72aa09974d', '10e05b5c-7e96-434b-9182-a547333e1c52'),
('5b618979-e394-4e85-9718-6312e1f20517','voltage','Voltage','65684ff8-db23-4136-a820-8157ca158899', '430e5edb-e2b5-4f86-b19f-cda26a27e151', '6b5bd788-8c78-43bb-b5a3-ad544b858a64'),
('1280ac97-4d01-4269-801e-d1f52c298968','precipitation','Precipitation','26c9af69-77e3-4f47-9f3d-db9c284767b4', '0ce77a5a-8283-47cd-9126-c440bcec4ef6', '4ee79a3d-a053-41b8-85b5-bb2eea3c9d1a'),
('d51be957-da17-4b67-bb6b-dba484dd5c27','wind-speed','Wind Sspeed','26c9af69-77e3-4f47-9f3d-db9c284767b4', 'e46deb1d-e7e4-4d49-a874-18306991ecfe', 'e142d705-9eb6-4965-91d0-af55739189b0'),
('38260ce6-1c05-4f2e-be0f-42c931106bbe','air-temperature','Air Temperature','26c9af69-77e3-4f47-9f3d-db9c284767b4', 'de6112da-8489-4286-ae56-ec72aa09974d', '10e05b5c-7e96-434b-9182-a547333e1c52'),
('0064fcee-6ddc-4fb0-a235-bf6419e28bf8','voltage','Voltage','26c9af69-77e3-4f47-9f3d-db9c284767b4', '430e5edb-e2b5-4f86-b19f-cda26a27e151', '6b5bd788-8c78-43bb-b5a3-ad544b858a64'),
('c1f6c2e2-a477-4e06-98cb-d6593bb3ba2b','precipitation','Precipitation','ad1498a1-834e-4eb9-8087-1c75ae9497dd', '0ce77a5a-8283-47cd-9126-c440bcec4ef6', '4ee79a3d-a053-41b8-85b5-bb2eea3c9d1a'),
('9cc40e85-7321-4b79-98c9-00df2819b380','wind-speed','Wind Sspeed','ad1498a1-834e-4eb9-8087-1c75ae9497dd', 'e46deb1d-e7e4-4d49-a874-18306991ecfe', 'e142d705-9eb6-4965-91d0-af55739189b0'),
('d354401a-f0f2-4441-b7c4-eef7814bfc54','air-temperature','Air Temperature','ad1498a1-834e-4eb9-8087-1c75ae9497dd', 'de6112da-8489-4286-ae56-ec72aa09974d', '10e05b5c-7e96-434b-9182-a547333e1c52'),
('e58951f7-5f3a-4cae-bdd3-aef768307741','voltage','Voltage','ad1498a1-834e-4eb9-8087-1c75ae9497dd', '430e5edb-e2b5-4f86-b19f-cda26a27e151', '6b5bd788-8c78-43bb-b5a3-ad544b858a64'),
('9fa16230-7d59-4632-83d5-6132db392cc7','precipitation','Precipitation','462feb12-f120-4708-a16e-adb0b1255b43', '0ce77a5a-8283-47cd-9126-c440bcec4ef6', '4ee79a3d-a053-41b8-85b5-bb2eea3c9d1a'),
('51aabac7-7594-4e2d-a895-1f567b976bd1','wind-speed','Wind Sspeed','462feb12-f120-4708-a16e-adb0b1255b43', 'e46deb1d-e7e4-4d49-a874-18306991ecfe', 'e142d705-9eb6-4965-91d0-af55739189b0'),
('6bc6f69d-8f66-4dbd-9533-0063b0dd6e87','air-temperature','Air Temperature','462feb12-f120-4708-a16e-adb0b1255b43', 'de6112da-8489-4286-ae56-ec72aa09974d', '10e05b5c-7e96-434b-9182-a547333e1c52'),
('919fbed3-be86-4b53-a94a-e7c6814422c3','voltage','Voltage','462feb12-f120-4708-a16e-adb0b1255b43', '430e5edb-e2b5-4f86-b19f-cda26a27e151', '6b5bd788-8c78-43bb-b5a3-ad544b858a64'),
('0f11dd91-476d-4044-90e4-46fc50ed4821','precipitation','Precipitation','ff64e9f8-0ebe-4827-8f40-e867761640b0', '0ce77a5a-8283-47cd-9126-c440bcec4ef6', '4ee79a3d-a053-41b8-85b5-bb2eea3c9d1a'),
('909f9abb-7e70-4d75-8ba9-4bd4b85ecc7f','wind-speed','Wind Sspeed','ff64e9f8-0ebe-4827-8f40-e867761640b0', 'e46deb1d-e7e4-4d49-a874-18306991ecfe', 'e142d705-9eb6-4965-91d0-af55739189b0'),
('ddb33c60-5cdd-40fd-82f6-1cdbe91fc903','air-temperature','Air Temperature','ff64e9f8-0ebe-4827-8f40-e867761640b0', 'de6112da-8489-4286-ae56-ec72aa09974d', '10e05b5c-7e96-434b-9182-a547333e1c52'),
('e9cbbecb-efbc-4c60-929f-fcf3556ac300','voltage','Voltage','ff64e9f8-0ebe-4827-8f40-e867761640b0', '430e5edb-e2b5-4f86-b19f-cda26a27e151', '6b5bd788-8c78-43bb-b5a3-ad544b858a64'),
('9d33ccdc-c9f1-41d1-b3ad-44a5a93bb095','precipitation','Precipitation','54293b67-77d8-4b03-9b83-1cbb5d5b1cd6', '0ce77a5a-8283-47cd-9126-c440bcec4ef6', '4ee79a3d-a053-41b8-85b5-bb2eea3c9d1a'),
('d4c0bb18-8e13-4ccd-877f-d212b0267a0d','wind-speed','Wind Sspeed','54293b67-77d8-4b03-9b83-1cbb5d5b1cd6', 'e46deb1d-e7e4-4d49-a874-18306991ecfe', 'e142d705-9eb6-4965-91d0-af55739189b0'),
('5d90c0b8-618c-4f6c-883b-6da453018468','air-temperature','Air Temperature','54293b67-77d8-4b03-9b83-1cbb5d5b1cd6', 'de6112da-8489-4286-ae56-ec72aa09974d', '10e05b5c-7e96-434b-9182-a547333e1c52'),
('06343373-fedc-4db9-a207-b2477ec1e735','voltage','Voltage','54293b67-77d8-4b03-9b83-1cbb5d5b1cd6', '430e5edb-e2b5-4f86-b19f-cda26a27e151', '6b5bd788-8c78-43bb-b5a3-ad544b858a64'),
('73e456d7-88ba-499c-aeb7-8053ece80880','precipitation','Precipitation','7eed73f6-ae79-4f28-8b19-f1beb1f16916', '0ce77a5a-8283-47cd-9126-c440bcec4ef6', '4ee79a3d-a053-41b8-85b5-bb2eea3c9d1a'),
('29570de1-ad85-4396-8a34-ef6e3aa4c59b','wind-speed','Wind Sspeed','7eed73f6-ae79-4f28-8b19-f1beb1f16916', 'e46deb1d-e7e4-4d49-a874-18306991ecfe', 'e142d705-9eb6-4965-91d0-af55739189b0'),
('dc7ed7e4-b982-41a1-9932-2238e476c8d3','air-temperature','Air Temperature','7eed73f6-ae79-4f28-8b19-f1beb1f16916', 'de6112da-8489-4286-ae56-ec72aa09974d', '10e05b5c-7e96-434b-9182-a547333e1c52'),
('c6284ab5-5180-4c80-bed7-17a695d84790','voltage','Voltage','7eed73f6-ae79-4f28-8b19-f1beb1f16916', '430e5edb-e2b5-4f86-b19f-cda26a27e151', '6b5bd788-8c78-43bb-b5a3-ad544b858a64'),
('201a02f5-d533-4893-998f-24bb31d6a591','precipitation','Precipitation','28f0440d-b8db-4fbf-aae1-928a3c855749', '0ce77a5a-8283-47cd-9126-c440bcec4ef6', '4ee79a3d-a053-41b8-85b5-bb2eea3c9d1a'),
('05ccf400-8a56-42f2-ac76-4c8f2b230f37','wind-speed','Wind Sspeed','28f0440d-b8db-4fbf-aae1-928a3c855749', 'e46deb1d-e7e4-4d49-a874-18306991ecfe', 'e142d705-9eb6-4965-91d0-af55739189b0'),
('1905b8f0-88c3-4d29-a435-ec6dbf75498f','air-temperature','Air Temperature','28f0440d-b8db-4fbf-aae1-928a3c855749', 'de6112da-8489-4286-ae56-ec72aa09974d', '10e05b5c-7e96-434b-9182-a547333e1c52'),
('caf3c245-e523-4a8e-bf57-3a41e5c4149c','voltage','Voltage','28f0440d-b8db-4fbf-aae1-928a3c855749', '430e5edb-e2b5-4f86-b19f-cda26a27e151', '6b5bd788-8c78-43bb-b5a3-ad544b858a64'),
('0eba0725-97fd-48ef-bcdf-cb5e727e58a2','precipitation','Precipitation','b5fc264e-412c-48fd-a6e5-c4423773b5d5', '0ce77a5a-8283-47cd-9126-c440bcec4ef6', '4ee79a3d-a053-41b8-85b5-bb2eea3c9d1a'),
('f061d3fc-a010-4e83-ab6a-2cf762f72164','wind-speed','Wind Sspeed','b5fc264e-412c-48fd-a6e5-c4423773b5d5', 'e46deb1d-e7e4-4d49-a874-18306991ecfe', 'e142d705-9eb6-4965-91d0-af55739189b0'),
('363688d6-5a05-458b-8cb1-406791b22532','air-temperature','Air Temperature','b5fc264e-412c-48fd-a6e5-c4423773b5d5', 'de6112da-8489-4286-ae56-ec72aa09974d', '10e05b5c-7e96-434b-9182-a547333e1c52'),
('fff83bb2-67cf-43cf-b76f-4ef54c7bf91e','voltage','Voltage','b5fc264e-412c-48fd-a6e5-c4423773b5d5', '430e5edb-e2b5-4f86-b19f-cda26a27e151', '6b5bd788-8c78-43bb-b5a3-ad544b858a64'),
('d66d62a8-fe89-48ed-8180-9c2082ef13f5','precipitation','Precipitation','dbcd9b33-f64d-4971-b3b2-b0d051f38f75', '0ce77a5a-8283-47cd-9126-c440bcec4ef6', '4ee79a3d-a053-41b8-85b5-bb2eea3c9d1a'),
('411529eb-2b0f-4836-8fef-35963eb77e0c','wind-speed','Wind Sspeed','dbcd9b33-f64d-4971-b3b2-b0d051f38f75', 'e46deb1d-e7e4-4d49-a874-18306991ecfe', 'e142d705-9eb6-4965-91d0-af55739189b0'),
('2f37e826-165b-4f7f-bcbd-7a851018063e','air-temperature','Air Temperature','dbcd9b33-f64d-4971-b3b2-b0d051f38f75', 'de6112da-8489-4286-ae56-ec72aa09974d', '10e05b5c-7e96-434b-9182-a547333e1c52'),
('d8e9697a-dc3e-42e9-bb45-34d91e3f589c','voltage','Voltage','dbcd9b33-f64d-4971-b3b2-b0d051f38f75', '430e5edb-e2b5-4f86-b19f-cda26a27e151', '6b5bd788-8c78-43bb-b5a3-ad544b858a64'),
('649bd70f-7f8a-4425-8948-23898bc230cc','precipitation','Precipitation','37ea4183-4fff-4847-8fbf-1f19b3e8d33f', '0ce77a5a-8283-47cd-9126-c440bcec4ef6', '4ee79a3d-a053-41b8-85b5-bb2eea3c9d1a'),
('e7f5e82e-5b5c-4c43-b387-ca4cb7361879','wind-speed','Wind Sspeed','37ea4183-4fff-4847-8fbf-1f19b3e8d33f', 'e46deb1d-e7e4-4d49-a874-18306991ecfe', 'e142d705-9eb6-4965-91d0-af55739189b0'),
('267d521a-90cf-48d5-99c8-2cbef1ed57ec','air-temperature','Air Temperature','37ea4183-4fff-4847-8fbf-1f19b3e8d33f', 'de6112da-8489-4286-ae56-ec72aa09974d', '10e05b5c-7e96-434b-9182-a547333e1c52'),
('1a655415-f15e-45d4-a9cb-2b0fd797cbd7','voltage','Voltage','37ea4183-4fff-4847-8fbf-1f19b3e8d33f', '430e5edb-e2b5-4f86-b19f-cda26a27e151', '6b5bd788-8c78-43bb-b5a3-ad544b858a64'),
('79529718-8f5b-4b05-9487-e324a9a02869','precipitation','Precipitation','04cf4bac-4b43-404e-a1b7-2399fb65f081', '0ce77a5a-8283-47cd-9126-c440bcec4ef6', '4ee79a3d-a053-41b8-85b5-bb2eea3c9d1a'),
('aef754c3-9f47-461b-8ee5-47175d4afd47','wind-speed','Wind Sspeed','04cf4bac-4b43-404e-a1b7-2399fb65f081', 'e46deb1d-e7e4-4d49-a874-18306991ecfe', 'e142d705-9eb6-4965-91d0-af55739189b0'),
('ab4b107e-e6be-43b1-8a2d-745a7c129612','air-temperature','Air Temperature','04cf4bac-4b43-404e-a1b7-2399fb65f081', 'de6112da-8489-4286-ae56-ec72aa09974d', '10e05b5c-7e96-434b-9182-a547333e1c52'),
('52c4c79c-b559-487c-8ad1-ef6696d3e504','voltage','Voltage','04cf4bac-4b43-404e-a1b7-2399fb65f081', '430e5edb-e2b5-4f86-b19f-cda26a27e151', '6b5bd788-8c78-43bb-b5a3-ad544b858a64'),
('a58cba23-036f-4f48-9866-036efcd008eb','precipitation','Precipitation','33306822-12ed-428e-aafe-a2c6817063cb', '0ce77a5a-8283-47cd-9126-c440bcec4ef6', '4ee79a3d-a053-41b8-85b5-bb2eea3c9d1a'),
('d2432496-1d91-4fa2-9b14-7141e0d4121e','wind-speed','Wind Sspeed','33306822-12ed-428e-aafe-a2c6817063cb', 'e46deb1d-e7e4-4d49-a874-18306991ecfe', 'e142d705-9eb6-4965-91d0-af55739189b0'),
('792e6d75-66c8-472d-857d-09ae5120ae79','air-temperature','Air Temperature','33306822-12ed-428e-aafe-a2c6817063cb', 'de6112da-8489-4286-ae56-ec72aa09974d', '10e05b5c-7e96-434b-9182-a547333e1c52'),
('4a1c1be3-d5fc-4d75-a724-c7a0adbad45d','voltage','Voltage','33306822-12ed-428e-aafe-a2c6817063cb', '430e5edb-e2b5-4f86-b19f-cda26a27e151', '6b5bd788-8c78-43bb-b5a3-ad544b858a64'),
('a3b8ffa0-e458-452f-b79b-b8502c4d6ab9','precipitation','Precipitation','b6efff31-eb5a-47a5-a012-9579b760cbbb', '0ce77a5a-8283-47cd-9126-c440bcec4ef6', '4ee79a3d-a053-41b8-85b5-bb2eea3c9d1a'),
('1e713532-8eaa-43a3-ae22-4973df33022f','wind-speed','Wind Sspeed','b6efff31-eb5a-47a5-a012-9579b760cbbb', 'e46deb1d-e7e4-4d49-a874-18306991ecfe', 'e142d705-9eb6-4965-91d0-af55739189b0'),
('7585b8b2-01e4-4766-a9b3-c13a953dab28','air-temperature','Air Temperature','b6efff31-eb5a-47a5-a012-9579b760cbbb', 'de6112da-8489-4286-ae56-ec72aa09974d', '10e05b5c-7e96-434b-9182-a547333e1c52'),
('7afb090e-a0c4-41af-a5da-2f02ecebbb8c','voltage','Voltage','b6efff31-eb5a-47a5-a012-9579b760cbbb', '430e5edb-e2b5-4f86-b19f-cda26a27e151', '6b5bd788-8c78-43bb-b5a3-ad544b858a64'),
('c728f020-6b30-47d2-8398-1b79e6e351bd','precipitation','Precipitation','2b40ce5e-ed05-47ab-ae0b-b86d3dc073b2', '0ce77a5a-8283-47cd-9126-c440bcec4ef6', '4ee79a3d-a053-41b8-85b5-bb2eea3c9d1a'),
('3780c825-685c-4995-b7c0-8c904c6dbd72','wind-speed','Wind Sspeed','2b40ce5e-ed05-47ab-ae0b-b86d3dc073b2', 'e46deb1d-e7e4-4d49-a874-18306991ecfe', 'e142d705-9eb6-4965-91d0-af55739189b0'),
('eba69b80-571d-4c92-86a0-a1d2dd758226','air-temperature','Air Temperature','2b40ce5e-ed05-47ab-ae0b-b86d3dc073b2', 'de6112da-8489-4286-ae56-ec72aa09974d', '10e05b5c-7e96-434b-9182-a547333e1c52'),
('6cc219a5-a7f9-4519-868b-512997dc116d','voltage','Voltage','2b40ce5e-ed05-47ab-ae0b-b86d3dc073b2', '430e5edb-e2b5-4f86-b19f-cda26a27e151', '6b5bd788-8c78-43bb-b5a3-ad544b858a64'),
('4857e171-a675-4e51-9aec-cd08fe149c8f','precipitation','Precipitation','6361dc32-0103-4fd7-85ec-6153049c9d18', '0ce77a5a-8283-47cd-9126-c440bcec4ef6', '4ee79a3d-a053-41b8-85b5-bb2eea3c9d1a'),
('97968d37-80de-41a1-abc7-d72dbc99d343','wind-speed','Wind Sspeed','6361dc32-0103-4fd7-85ec-6153049c9d18', 'e46deb1d-e7e4-4d49-a874-18306991ecfe', 'e142d705-9eb6-4965-91d0-af55739189b0'),
('017f54d9-cbaa-46d6-afaa-c4fc8a2d8935','air-temperature','Air Temperature','6361dc32-0103-4fd7-85ec-6153049c9d18', 'de6112da-8489-4286-ae56-ec72aa09974d', '10e05b5c-7e96-434b-9182-a547333e1c52'),
('53609bfe-5114-4d42-8ed0-8c8fe328a485','voltage','Voltage','6361dc32-0103-4fd7-85ec-6153049c9d18', '430e5edb-e2b5-4f86-b19f-cda26a27e151', '6b5bd788-8c78-43bb-b5a3-ad544b858a64'),
('4df8d1e2-2c65-4710-9eff-93a8eb0d1dc3','precipitation','Precipitation','44e32a5a-d562-4a4a-b046-a4b048098cf9', '0ce77a5a-8283-47cd-9126-c440bcec4ef6', '4ee79a3d-a053-41b8-85b5-bb2eea3c9d1a'),
('abf8d8d5-3afc-46d0-b928-c178e48c0d63','wind-speed','Wind Sspeed','44e32a5a-d562-4a4a-b046-a4b048098cf9', 'e46deb1d-e7e4-4d49-a874-18306991ecfe', 'e142d705-9eb6-4965-91d0-af55739189b0'),
('12b4bb0f-bcbe-4acd-b9fa-06f88ce8997e','air-temperature','Air Temperature','44e32a5a-d562-4a4a-b046-a4b048098cf9', 'de6112da-8489-4286-ae56-ec72aa09974d', '10e05b5c-7e96-434b-9182-a547333e1c52'),
('37994804-a67b-422b-be3a-bde52ad4d363','voltage','Voltage','44e32a5a-d562-4a4a-b046-a4b048098cf9', '430e5edb-e2b5-4f86-b19f-cda26a27e151', '6b5bd788-8c78-43bb-b5a3-ad544b858a64'),
('5ce00645-6f9a-40ed-8f9f-9e7bbca0d21e','precipitation','Precipitation','797b6026-6193-49ff-9eeb-ace2d8a5bbee', '0ce77a5a-8283-47cd-9126-c440bcec4ef6', '4ee79a3d-a053-41b8-85b5-bb2eea3c9d1a'),
('cee96bb2-73ba-438a-ae21-d19ce2b276b9','wind-speed','Wind Sspeed','797b6026-6193-49ff-9eeb-ace2d8a5bbee', 'e46deb1d-e7e4-4d49-a874-18306991ecfe', 'e142d705-9eb6-4965-91d0-af55739189b0'),
('3d8726a3-1dad-485e-af9e-b722c985e4b5','air-temperature','Air Temperature','797b6026-6193-49ff-9eeb-ace2d8a5bbee', 'de6112da-8489-4286-ae56-ec72aa09974d', '10e05b5c-7e96-434b-9182-a547333e1c52'),
('799dfa3c-08a5-4a0b-94e7-7af256c9363d','voltage','Voltage','797b6026-6193-49ff-9eeb-ace2d8a5bbee', '430e5edb-e2b5-4f86-b19f-cda26a27e151', '6b5bd788-8c78-43bb-b5a3-ad544b858a64'),
('1d4d8b2d-21dc-48ac-b08b-e3cfa7c6d91d','precipitation','Precipitation','20e34fab-e101-4f12-b358-5a3373a4f509', '0ce77a5a-8283-47cd-9126-c440bcec4ef6', '4ee79a3d-a053-41b8-85b5-bb2eea3c9d1a'),
('9acf4834-dc3b-4c2e-8f26-65cb9fca228d','wind-speed','Wind Sspeed','20e34fab-e101-4f12-b358-5a3373a4f509', 'e46deb1d-e7e4-4d49-a874-18306991ecfe', 'e142d705-9eb6-4965-91d0-af55739189b0'),
('1b7fa980-22cc-49c0-a5f7-592476aa50c6','air-temperature','Air Temperature','20e34fab-e101-4f12-b358-5a3373a4f509', 'de6112da-8489-4286-ae56-ec72aa09974d', '10e05b5c-7e96-434b-9182-a547333e1c52'),
('2a22b49d-231b-4769-ba53-2fd6870149bb','voltage','Voltage','20e34fab-e101-4f12-b358-5a3373a4f509', '430e5edb-e2b5-4f86-b19f-cda26a27e151', '6b5bd788-8c78-43bb-b5a3-ad544b858a64'),
('6b3dfa01-b88b-4035-903b-b707a378950a','precipitation','Precipitation','5cfaacd6-6663-4a1c-b273-d891a45fb3fa', '0ce77a5a-8283-47cd-9126-c440bcec4ef6', '4ee79a3d-a053-41b8-85b5-bb2eea3c9d1a'),
('c625fe6e-31f8-48a3-9a3f-cb8d037da37b','wind-speed','Wind Sspeed','5cfaacd6-6663-4a1c-b273-d891a45fb3fa', 'e46deb1d-e7e4-4d49-a874-18306991ecfe', 'e142d705-9eb6-4965-91d0-af55739189b0'),
('716ec1a4-3348-4855-a703-fa0ce3d5bcdf','air-temperature','Air Temperature','5cfaacd6-6663-4a1c-b273-d891a45fb3fa', 'de6112da-8489-4286-ae56-ec72aa09974d', '10e05b5c-7e96-434b-9182-a547333e1c52'),
('3436e020-e0b2-483b-9319-474d90b3112b','voltage','Voltage','5cfaacd6-6663-4a1c-b273-d891a45fb3fa', '430e5edb-e2b5-4f86-b19f-cda26a27e151', '6b5bd788-8c78-43bb-b5a3-ad544b858a64'),
('cfd4fe37-8072-4a92-a7a9-47701864590d','precipitation','Precipitation','ea303996-318b-4c91-9cb5-8ec930a798ba', '0ce77a5a-8283-47cd-9126-c440bcec4ef6', '4ee79a3d-a053-41b8-85b5-bb2eea3c9d1a'),
('e1a30bb0-f2b5-409b-ae80-1461df7f2ee2','wind-speed','Wind Sspeed','ea303996-318b-4c91-9cb5-8ec930a798ba', 'e46deb1d-e7e4-4d49-a874-18306991ecfe', 'e142d705-9eb6-4965-91d0-af55739189b0'),
('ed967647-d218-4fa9-acd7-cf3f23307d41','air-temperature','Air Temperature','ea303996-318b-4c91-9cb5-8ec930a798ba', 'de6112da-8489-4286-ae56-ec72aa09974d', '10e05b5c-7e96-434b-9182-a547333e1c52'),
('c28b7733-8cc2-4c2f-b3ed-8366cc8a6775','voltage','Voltage','ea303996-318b-4c91-9cb5-8ec930a798ba', '430e5edb-e2b5-4f86-b19f-cda26a27e151', '6b5bd788-8c78-43bb-b5a3-ad544b858a64'),
('ff77198b-f48c-40b1-bfab-72f3ea94300c','precipitation','Precipitation','1cb91d49-b27f-4154-9330-b12d027e9eca', '0ce77a5a-8283-47cd-9126-c440bcec4ef6', '4ee79a3d-a053-41b8-85b5-bb2eea3c9d1a'),
('d45a4789-d4a9-40b4-a90a-3cc093b29cd9','wind-speed','Wind Sspeed','1cb91d49-b27f-4154-9330-b12d027e9eca', 'e46deb1d-e7e4-4d49-a874-18306991ecfe', 'e142d705-9eb6-4965-91d0-af55739189b0'),
('ee142629-8bbd-4856-aa17-921ce51233ca','air-temperature','Air Temperature','1cb91d49-b27f-4154-9330-b12d027e9eca', 'de6112da-8489-4286-ae56-ec72aa09974d', '10e05b5c-7e96-434b-9182-a547333e1c52'),
('88f160fc-7220-485c-92dd-c2ce5cf60c5a','voltage','Voltage','1cb91d49-b27f-4154-9330-b12d027e9eca', '430e5edb-e2b5-4f86-b19f-cda26a27e151', '6b5bd788-8c78-43bb-b5a3-ad544b858a64'),
('cc1a926c-81b5-49e0-b93e-1a8852342da2','precipitation','Precipitation','2dad09ab-4c35-4bbd-97b9-248bf0c491ec', '0ce77a5a-8283-47cd-9126-c440bcec4ef6', '4ee79a3d-a053-41b8-85b5-bb2eea3c9d1a'),
('8175ef33-9312-4dc7-afc6-b3da1875aa35','wind-speed','Wind Sspeed','2dad09ab-4c35-4bbd-97b9-248bf0c491ec', 'e46deb1d-e7e4-4d49-a874-18306991ecfe', 'e142d705-9eb6-4965-91d0-af55739189b0'),
('ea702df9-fa34-402f-8abf-3cb7ff97e298','air-temperature','Air Temperature','2dad09ab-4c35-4bbd-97b9-248bf0c491ec', 'de6112da-8489-4286-ae56-ec72aa09974d', '10e05b5c-7e96-434b-9182-a547333e1c52'),
('79fec2d4-6fcd-402c-ae87-a6137922c062','voltage','Voltage','2dad09ab-4c35-4bbd-97b9-248bf0c491ec', '430e5edb-e2b5-4f86-b19f-cda26a27e151', '6b5bd788-8c78-43bb-b5a3-ad544b858a64'),
('9bc2b49f-e9bb-4f55-8f8b-e9383652f5ce','precipitation','Precipitation','b5aa9d15-fa29-4171-9c73-6a5f07b0000f', '0ce77a5a-8283-47cd-9126-c440bcec4ef6', '4ee79a3d-a053-41b8-85b5-bb2eea3c9d1a'),
('b970b2be-ad10-49eb-9602-55fddc5d57e8','wind-speed','Wind Sspeed','b5aa9d15-fa29-4171-9c73-6a5f07b0000f', 'e46deb1d-e7e4-4d49-a874-18306991ecfe', 'e142d705-9eb6-4965-91d0-af55739189b0'),
('b6bb50a2-4bb3-4612-b870-8f612f0e70c8','air-temperature','Air Temperature','b5aa9d15-fa29-4171-9c73-6a5f07b0000f', 'de6112da-8489-4286-ae56-ec72aa09974d', '10e05b5c-7e96-434b-9182-a547333e1c52'),
('892ea0a4-917b-4591-88f4-166c9d493bb8','voltage','Voltage','b5aa9d15-fa29-4171-9c73-6a5f07b0000f', '430e5edb-e2b5-4f86-b19f-cda26a27e151', '6b5bd788-8c78-43bb-b5a3-ad544b858a64'),
('6a2bd37c-27ac-4633-ac43-e2c60781f234','precipitation','Precipitation','edbe96ae-03ff-423b-afcc-ac0ebadae0cf', '0ce77a5a-8283-47cd-9126-c440bcec4ef6', '4ee79a3d-a053-41b8-85b5-bb2eea3c9d1a'),
('ea729af4-7558-4547-b61e-a420afc21e1b','wind-speed','Wind Sspeed','edbe96ae-03ff-423b-afcc-ac0ebadae0cf', 'e46deb1d-e7e4-4d49-a874-18306991ecfe', 'e142d705-9eb6-4965-91d0-af55739189b0'),
('1fffd43a-4f2b-459b-9035-a5082ffdc6a7','air-temperature','Air Temperature','edbe96ae-03ff-423b-afcc-ac0ebadae0cf', 'de6112da-8489-4286-ae56-ec72aa09974d', '10e05b5c-7e96-434b-9182-a547333e1c52'),
('8be42b74-fa91-49b6-9562-61dfdc325ac4','voltage','Voltage','edbe96ae-03ff-423b-afcc-ac0ebadae0cf', '430e5edb-e2b5-4f86-b19f-cda26a27e151', '6b5bd788-8c78-43bb-b5a3-ad544b858a64'),
('634d41be-6630-4a72-b575-8b10b47db988','precipitation','Precipitation','db064dac-6cff-47ee-80dc-28a216ad53e1', '0ce77a5a-8283-47cd-9126-c440bcec4ef6', '4ee79a3d-a053-41b8-85b5-bb2eea3c9d1a'),
('2dfe861e-19d9-4ff5-a6fd-9f8bad50255f','wind-speed','Wind Sspeed','db064dac-6cff-47ee-80dc-28a216ad53e1', 'e46deb1d-e7e4-4d49-a874-18306991ecfe', 'e142d705-9eb6-4965-91d0-af55739189b0'),
('e89ab8b4-0ea8-4606-b3bd-95587bc62f8b','air-temperature','Air Temperature','db064dac-6cff-47ee-80dc-28a216ad53e1', 'de6112da-8489-4286-ae56-ec72aa09974d', '10e05b5c-7e96-434b-9182-a547333e1c52'),
('d68c0d6d-fa27-4522-b9ab-e53a999da4e9','voltage','Voltage','db064dac-6cff-47ee-80dc-28a216ad53e1', '430e5edb-e2b5-4f86-b19f-cda26a27e151', '6b5bd788-8c78-43bb-b5a3-ad544b858a64'),
('242b43a7-61ec-4c35-ac3f-7a736ed204fd','precipitation','Precipitation','8e305e48-9ebe-448f-9218-e2394c1777fa', '0ce77a5a-8283-47cd-9126-c440bcec4ef6', '4ee79a3d-a053-41b8-85b5-bb2eea3c9d1a'),
('a0b6b746-3d2a-419d-9b82-5ebbbb4ba2c0','wind-speed','Wind Sspeed','8e305e48-9ebe-448f-9218-e2394c1777fa', 'e46deb1d-e7e4-4d49-a874-18306991ecfe', 'e142d705-9eb6-4965-91d0-af55739189b0'),
('3b7bea7c-457f-466a-b429-d2f6fceb8b8c','air-temperature','Air Temperature','8e305e48-9ebe-448f-9218-e2394c1777fa', 'de6112da-8489-4286-ae56-ec72aa09974d', '10e05b5c-7e96-434b-9182-a547333e1c52'),
('ce2640bb-87b0-4789-a4a5-b489af7b464a','voltage','Voltage','8e305e48-9ebe-448f-9218-e2394c1777fa', '430e5edb-e2b5-4f86-b19f-cda26a27e151', '6b5bd788-8c78-43bb-b5a3-ad544b858a64'),
('84b44aee-0057-4355-b9aa-ff4757482260','precipitation','Precipitation','8c2153f1-ae64-458e-bca1-b298eee58026', '0ce77a5a-8283-47cd-9126-c440bcec4ef6', '4ee79a3d-a053-41b8-85b5-bb2eea3c9d1a'),
('2433939c-e370-45bc-852f-e616aeabd38f','wind-speed','Wind Sspeed','8c2153f1-ae64-458e-bca1-b298eee58026', 'e46deb1d-e7e4-4d49-a874-18306991ecfe', 'e142d705-9eb6-4965-91d0-af55739189b0'),
('dbc881c7-e980-4cc3-bb7d-156e16997cbe','air-temperature','Air Temperature','8c2153f1-ae64-458e-bca1-b298eee58026', 'de6112da-8489-4286-ae56-ec72aa09974d', '10e05b5c-7e96-434b-9182-a547333e1c52'),
('c4c015af-60b7-40e3-af70-0cb9a55ac4b1','voltage','Voltage','8c2153f1-ae64-458e-bca1-b298eee58026', '430e5edb-e2b5-4f86-b19f-cda26a27e151', '6b5bd788-8c78-43bb-b5a3-ad544b858a64'),
('815d1ef1-644e-4fdb-9aa9-920d812f0de6','precipitation','Precipitation','fc831455-2cc5-4b29-b82c-289b2cc756dd', '0ce77a5a-8283-47cd-9126-c440bcec4ef6', '4ee79a3d-a053-41b8-85b5-bb2eea3c9d1a'),
('00f65239-1ff6-49af-8768-fac5aec27490','wind-speed','Wind Sspeed','fc831455-2cc5-4b29-b82c-289b2cc756dd', 'e46deb1d-e7e4-4d49-a874-18306991ecfe', 'e142d705-9eb6-4965-91d0-af55739189b0'),
('614c3176-b211-4270-8b30-fa006637f372','air-temperature','Air Temperature','fc831455-2cc5-4b29-b82c-289b2cc756dd', 'de6112da-8489-4286-ae56-ec72aa09974d', '10e05b5c-7e96-434b-9182-a547333e1c52'),
('41270df9-a7fe-4dae-aa98-5c314de9c484','voltage','Voltage','fc831455-2cc5-4b29-b82c-289b2cc756dd', '430e5edb-e2b5-4f86-b19f-cda26a27e151', '6b5bd788-8c78-43bb-b5a3-ad544b858a64'),
('7b8d24bf-9329-4041-8fdf-a4977831092a','precipitation','Precipitation','f7f47ca2-7747-41f6-9946-e2863d2d2545', '0ce77a5a-8283-47cd-9126-c440bcec4ef6', '4ee79a3d-a053-41b8-85b5-bb2eea3c9d1a'),
('1d69b3df-07dc-45b6-96b7-af6b82c2731f','wind-speed','Wind Sspeed','f7f47ca2-7747-41f6-9946-e2863d2d2545', 'e46deb1d-e7e4-4d49-a874-18306991ecfe', 'e142d705-9eb6-4965-91d0-af55739189b0'),
('f8c7a4c7-d35a-4177-b035-dad4e7efa7e2','air-temperature','Air Temperature','f7f47ca2-7747-41f6-9946-e2863d2d2545', 'de6112da-8489-4286-ae56-ec72aa09974d', '10e05b5c-7e96-434b-9182-a547333e1c52'),
('ff629b10-5b48-4666-a9c1-4819c4f1fbcb','voltage','Voltage','f7f47ca2-7747-41f6-9946-e2863d2d2545', '430e5edb-e2b5-4f86-b19f-cda26a27e151', '6b5bd788-8c78-43bb-b5a3-ad544b858a64'),
('b516828b-73e8-484e-88ec-eda3f8023ca2','precipitation','Precipitation','13ca7835-d50a-49a8-b4d2-96e2d6b2af99', '0ce77a5a-8283-47cd-9126-c440bcec4ef6', '4ee79a3d-a053-41b8-85b5-bb2eea3c9d1a'),
('6e7cf1b2-e141-4f0a-ab48-a12964c0f847','wind-speed','Wind Sspeed','13ca7835-d50a-49a8-b4d2-96e2d6b2af99', 'e46deb1d-e7e4-4d49-a874-18306991ecfe', 'e142d705-9eb6-4965-91d0-af55739189b0'),
('8adfce11-f324-49e6-b027-424b536459ab','air-temperature','Air Temperature','13ca7835-d50a-49a8-b4d2-96e2d6b2af99', 'de6112da-8489-4286-ae56-ec72aa09974d', '10e05b5c-7e96-434b-9182-a547333e1c52'),
('5d856e46-c39a-4fd9-a5f9-90ed97d19ddd','voltage','Voltage','13ca7835-d50a-49a8-b4d2-96e2d6b2af99', '430e5edb-e2b5-4f86-b19f-cda26a27e151', '6b5bd788-8c78-43bb-b5a3-ad544b858a64'),
('d1e48d3f-c0c9-4162-8981-9b58ca0ae68c','precipitation','Precipitation','7fdeafa2-84d6-4f30-8b16-23943c42eb50', '0ce77a5a-8283-47cd-9126-c440bcec4ef6', '4ee79a3d-a053-41b8-85b5-bb2eea3c9d1a'),
('346856f8-91ad-4edb-9727-bb5582cb3717','wind-speed','Wind Sspeed','7fdeafa2-84d6-4f30-8b16-23943c42eb50', 'e46deb1d-e7e4-4d49-a874-18306991ecfe', 'e142d705-9eb6-4965-91d0-af55739189b0'),
('47f6ea71-f4d0-45fe-93b6-fd9015591045','air-temperature','Air Temperature','7fdeafa2-84d6-4f30-8b16-23943c42eb50', 'de6112da-8489-4286-ae56-ec72aa09974d', '10e05b5c-7e96-434b-9182-a547333e1c52'),
('fd0f2808-366e-4d80-9b9d-622f92552f67','voltage','Voltage','7fdeafa2-84d6-4f30-8b16-23943c42eb50', '430e5edb-e2b5-4f86-b19f-cda26a27e151', '6b5bd788-8c78-43bb-b5a3-ad544b858a64'),
('9c69b04c-6742-4ab7-bb34-f17300c26328','precipitation','Precipitation','c34690c1-3458-4a1c-a2a6-589d167a5262', '0ce77a5a-8283-47cd-9126-c440bcec4ef6', '4ee79a3d-a053-41b8-85b5-bb2eea3c9d1a'),
('5bab07f1-d97c-48ea-8305-8ecf8cefb5d0','wind-speed','Wind Sspeed','c34690c1-3458-4a1c-a2a6-589d167a5262', 'e46deb1d-e7e4-4d49-a874-18306991ecfe', 'e142d705-9eb6-4965-91d0-af55739189b0'),
('6a82ccc1-6afb-456d-a986-341658dce649','air-temperature','Air Temperature','c34690c1-3458-4a1c-a2a6-589d167a5262', 'de6112da-8489-4286-ae56-ec72aa09974d', '10e05b5c-7e96-434b-9182-a547333e1c52'),
('b6bf6547-5d00-4314-ba3e-0b8e3f1cab67','voltage','Voltage','c34690c1-3458-4a1c-a2a6-589d167a5262', '430e5edb-e2b5-4f86-b19f-cda26a27e151', '6b5bd788-8c78-43bb-b5a3-ad544b858a64'),
('dd2384ca-6829-404a-a602-dda060b5cab6','precipitation','Precipitation','8118ee71-ca6f-4d66-99a8-e696a8017f47', '0ce77a5a-8283-47cd-9126-c440bcec4ef6', '4ee79a3d-a053-41b8-85b5-bb2eea3c9d1a'),
('b11d293f-d213-4345-b8e8-1b3b59799009','wind-speed','Wind Sspeed','8118ee71-ca6f-4d66-99a8-e696a8017f47', 'e46deb1d-e7e4-4d49-a874-18306991ecfe', 'e142d705-9eb6-4965-91d0-af55739189b0'),
('05991d97-3300-45f4-8c1c-a0081f9d028c','air-temperature','Air Temperature','8118ee71-ca6f-4d66-99a8-e696a8017f47', 'de6112da-8489-4286-ae56-ec72aa09974d', '10e05b5c-7e96-434b-9182-a547333e1c52'),
('4a63b0db-8828-4f77-8071-c583a4c75628','voltage','Voltage','8118ee71-ca6f-4d66-99a8-e696a8017f47', '430e5edb-e2b5-4f86-b19f-cda26a27e151', '6b5bd788-8c78-43bb-b5a3-ad544b858a64'),
('19bba30d-dbe1-4554-870c-e3ee4475c0db','precipitation','Precipitation','9b7b7ead-8095-4ddb-8ead-13dcc7193ad5', '0ce77a5a-8283-47cd-9126-c440bcec4ef6', '4ee79a3d-a053-41b8-85b5-bb2eea3c9d1a'),
('a3d62232-a491-492b-b5d6-40d472503ed3','wind-speed','Wind Sspeed','9b7b7ead-8095-4ddb-8ead-13dcc7193ad5', 'e46deb1d-e7e4-4d49-a874-18306991ecfe', 'e142d705-9eb6-4965-91d0-af55739189b0'),
('0f7a4ea1-afe5-4416-b9cc-22304e405743','air-temperature','Air Temperature','9b7b7ead-8095-4ddb-8ead-13dcc7193ad5', 'de6112da-8489-4286-ae56-ec72aa09974d', '10e05b5c-7e96-434b-9182-a547333e1c52'),
('e9effe15-be6c-443f-a852-65b6c4e5c20e','voltage','Voltage','9b7b7ead-8095-4ddb-8ead-13dcc7193ad5', '430e5edb-e2b5-4f86-b19f-cda26a27e151', '6b5bd788-8c78-43bb-b5a3-ad544b858a64'),
('e6cef40d-3ff1-44a5-a858-ab3dace0ddfc','precipitation','Precipitation','54371694-49dd-4538-a80b-c0a7957ef47d', '0ce77a5a-8283-47cd-9126-c440bcec4ef6', '4ee79a3d-a053-41b8-85b5-bb2eea3c9d1a'),
('175c14f9-05d8-4e7e-abd1-914ba56e68dd','wind-speed','Wind Sspeed','54371694-49dd-4538-a80b-c0a7957ef47d', 'e46deb1d-e7e4-4d49-a874-18306991ecfe', 'e142d705-9eb6-4965-91d0-af55739189b0'),
('c754caee-d78d-448b-98eb-d00632d2c1c5','air-temperature','Air Temperature','54371694-49dd-4538-a80b-c0a7957ef47d', 'de6112da-8489-4286-ae56-ec72aa09974d', '10e05b5c-7e96-434b-9182-a547333e1c52'),
('69500af8-82b8-4e2b-a6b0-d7e5d04c4a32','voltage','Voltage','54371694-49dd-4538-a80b-c0a7957ef47d', '430e5edb-e2b5-4f86-b19f-cda26a27e151', '6b5bd788-8c78-43bb-b5a3-ad544b858a64'),
('df91acac-9581-4b0c-a028-88208acbde34','precipitation','Precipitation','ba77f258-c0f6-4c0b-a9e1-965fbcc1f59d', '0ce77a5a-8283-47cd-9126-c440bcec4ef6', '4ee79a3d-a053-41b8-85b5-bb2eea3c9d1a'),
('3c643109-ab3d-4ae1-9113-0ffaa9887d11','wind-speed','Wind Sspeed','ba77f258-c0f6-4c0b-a9e1-965fbcc1f59d', 'e46deb1d-e7e4-4d49-a874-18306991ecfe', 'e142d705-9eb6-4965-91d0-af55739189b0'),
('5f4ff21f-5947-47f1-8d7b-4b7a55a7e13d','air-temperature','Air Temperature','ba77f258-c0f6-4c0b-a9e1-965fbcc1f59d', 'de6112da-8489-4286-ae56-ec72aa09974d', '10e05b5c-7e96-434b-9182-a547333e1c52'),
('0749cec8-b213-45bd-93db-186ff6b9ccfc','voltage','Voltage','ba77f258-c0f6-4c0b-a9e1-965fbcc1f59d', '430e5edb-e2b5-4f86-b19f-cda26a27e151', '6b5bd788-8c78-43bb-b5a3-ad544b858a64'),
('1e716f16-3fd0-4326-b163-aa2793929cb6','precipitation','Precipitation','4bc398fe-350a-4dfe-98c8-a305f2b4dfd5', '0ce77a5a-8283-47cd-9126-c440bcec4ef6', '4ee79a3d-a053-41b8-85b5-bb2eea3c9d1a'),
('4f054d04-bcce-4b37-aeb0-d93eafc4ed85','wind-speed','Wind Sspeed','4bc398fe-350a-4dfe-98c8-a305f2b4dfd5', 'e46deb1d-e7e4-4d49-a874-18306991ecfe', 'e142d705-9eb6-4965-91d0-af55739189b0'),
('8e87f798-b363-4fe2-b276-fc341fec6f8d','air-temperature','Air Temperature','4bc398fe-350a-4dfe-98c8-a305f2b4dfd5', 'de6112da-8489-4286-ae56-ec72aa09974d', '10e05b5c-7e96-434b-9182-a547333e1c52'),
('d7c512c5-cff7-4030-99df-df9bce83ad8a','voltage','Voltage','4bc398fe-350a-4dfe-98c8-a305f2b4dfd5', '430e5edb-e2b5-4f86-b19f-cda26a27e151', '6b5bd788-8c78-43bb-b5a3-ad544b858a64'),
('613118ef-e9e6-41e5-8c35-f8320fcb46ad','precipitation','Precipitation','dfb6d402-55a0-4cc6-b354-0167a546972f', '0ce77a5a-8283-47cd-9126-c440bcec4ef6', '4ee79a3d-a053-41b8-85b5-bb2eea3c9d1a'),
('6ff9e95b-9543-4152-8eab-861469e1d284','wind-speed','Wind Sspeed','dfb6d402-55a0-4cc6-b354-0167a546972f', 'e46deb1d-e7e4-4d49-a874-18306991ecfe', 'e142d705-9eb6-4965-91d0-af55739189b0'),
('d1b5bd1a-aec7-4ea3-ba2d-71f91cc1ca27','air-temperature','Air Temperature','dfb6d402-55a0-4cc6-b354-0167a546972f', 'de6112da-8489-4286-ae56-ec72aa09974d', '10e05b5c-7e96-434b-9182-a547333e1c52'),
('2f6c4fe3-0c9e-4acb-990c-1b8dd2d93271','voltage','Voltage','dfb6d402-55a0-4cc6-b354-0167a546972f', '430e5edb-e2b5-4f86-b19f-cda26a27e151', '6b5bd788-8c78-43bb-b5a3-ad544b858a64'),
('54197e4f-1485-4efa-b4dc-42545d7dcac3','precipitation','Precipitation','157457d3-7511-4a2f-870b-058ac60456c5', '0ce77a5a-8283-47cd-9126-c440bcec4ef6', '4ee79a3d-a053-41b8-85b5-bb2eea3c9d1a'),
('6d701580-0800-45ca-8713-d96b608e3cbb','wind-speed','Wind Sspeed','157457d3-7511-4a2f-870b-058ac60456c5', 'e46deb1d-e7e4-4d49-a874-18306991ecfe', 'e142d705-9eb6-4965-91d0-af55739189b0'),
('80d0cb9e-1d72-463b-ba32-130894ece4c2','air-temperature','Air Temperature','157457d3-7511-4a2f-870b-058ac60456c5', 'de6112da-8489-4286-ae56-ec72aa09974d', '10e05b5c-7e96-434b-9182-a547333e1c52'),
('b8ceb911-d417-449c-a0b4-28ca8edcf451','voltage','Voltage','157457d3-7511-4a2f-870b-058ac60456c5', '430e5edb-e2b5-4f86-b19f-cda26a27e151', '6b5bd788-8c78-43bb-b5a3-ad544b858a64'),
('b3bde674-5f01-42ea-a759-5045458f048c','precipitation','Precipitation','e4855877-4a91-4788-a56b-a07ed68b70bd', '0ce77a5a-8283-47cd-9126-c440bcec4ef6', '4ee79a3d-a053-41b8-85b5-bb2eea3c9d1a'),
('05199225-cb28-4ba1-9c07-1d9c3100f866','wind-speed','Wind Sspeed','e4855877-4a91-4788-a56b-a07ed68b70bd', 'e46deb1d-e7e4-4d49-a874-18306991ecfe', 'e142d705-9eb6-4965-91d0-af55739189b0'),
('d35a47e9-f9c2-4eeb-baa6-91c676dc2969','air-temperature','Air Temperature','e4855877-4a91-4788-a56b-a07ed68b70bd', 'de6112da-8489-4286-ae56-ec72aa09974d', '10e05b5c-7e96-434b-9182-a547333e1c52'),
('49989285-bcd4-4463-995a-3a7e4597c112','voltage','Voltage','e4855877-4a91-4788-a56b-a07ed68b70bd', '430e5edb-e2b5-4f86-b19f-cda26a27e151', '6b5bd788-8c78-43bb-b5a3-ad544b858a64'),
('144c7012-92b7-45c9-8836-93eb87f715cf','precipitation','Precipitation','2f0e900c-46d6-43b7-860d-97c5f926087a', '0ce77a5a-8283-47cd-9126-c440bcec4ef6', '4ee79a3d-a053-41b8-85b5-bb2eea3c9d1a'),
('5f788d47-06eb-44d3-8b6d-9135d6c317f4','wind-speed','Wind Sspeed','2f0e900c-46d6-43b7-860d-97c5f926087a', 'e46deb1d-e7e4-4d49-a874-18306991ecfe', 'e142d705-9eb6-4965-91d0-af55739189b0'),
('7bda33ff-3931-4418-827c-2e69330e9ad7','air-temperature','Air Temperature','2f0e900c-46d6-43b7-860d-97c5f926087a', 'de6112da-8489-4286-ae56-ec72aa09974d', '10e05b5c-7e96-434b-9182-a547333e1c52'),
('71f94817-7af5-465e-88ca-1a102bca74d2','voltage','Voltage','2f0e900c-46d6-43b7-860d-97c5f926087a', '430e5edb-e2b5-4f86-b19f-cda26a27e151', '6b5bd788-8c78-43bb-b5a3-ad544b858a64'),
('fe8f9f87-83c6-4a4d-b36e-9dcff40cf99f','precipitation','Precipitation','64872cb0-3cee-4401-ab82-07dacec94332', '0ce77a5a-8283-47cd-9126-c440bcec4ef6', '4ee79a3d-a053-41b8-85b5-bb2eea3c9d1a'),
('e76c5b55-c63f-41ad-931c-0b4f790b6345','wind-speed','Wind Sspeed','64872cb0-3cee-4401-ab82-07dacec94332', 'e46deb1d-e7e4-4d49-a874-18306991ecfe', 'e142d705-9eb6-4965-91d0-af55739189b0'),
('3882e44d-3f56-4204-802e-527b84bf5146','air-temperature','Air Temperature','64872cb0-3cee-4401-ab82-07dacec94332', 'de6112da-8489-4286-ae56-ec72aa09974d', '10e05b5c-7e96-434b-9182-a547333e1c52'),
('86b40981-dd97-402b-9aec-12afbd7669fd','voltage','Voltage','64872cb0-3cee-4401-ab82-07dacec94332', '430e5edb-e2b5-4f86-b19f-cda26a27e151', '6b5bd788-8c78-43bb-b5a3-ad544b858a64'),
('03516018-dc62-4905-9e01-df6aed652261','precipitation','Precipitation','296cdc3f-33d8-4bb4-b635-19c9220bff21', '0ce77a5a-8283-47cd-9126-c440bcec4ef6', '4ee79a3d-a053-41b8-85b5-bb2eea3c9d1a'),
('a1c0f4a9-33cc-4009-8235-cd0fa7f2ea55','wind-speed','Wind Sspeed','296cdc3f-33d8-4bb4-b635-19c9220bff21', 'e46deb1d-e7e4-4d49-a874-18306991ecfe', 'e142d705-9eb6-4965-91d0-af55739189b0'),
('ce2ce1be-f6e9-4a53-8ee2-cfdaa2cec994','air-temperature','Air Temperature','296cdc3f-33d8-4bb4-b635-19c9220bff21', 'de6112da-8489-4286-ae56-ec72aa09974d', '10e05b5c-7e96-434b-9182-a547333e1c52'),
('70519cd3-3e58-492c-a5e4-8457a241a793','voltage','Voltage','296cdc3f-33d8-4bb4-b635-19c9220bff21', '430e5edb-e2b5-4f86-b19f-cda26a27e151', '6b5bd788-8c78-43bb-b5a3-ad544b858a64'),
('5731f04f-e48f-40f1-b789-d6e96ac0f662','precipitation','Precipitation','d5d7aa92-f322-4f57-8ae9-5370c7003a22', '0ce77a5a-8283-47cd-9126-c440bcec4ef6', '4ee79a3d-a053-41b8-85b5-bb2eea3c9d1a'),
('b8c72a47-3523-4ebb-9aed-f3b3fa6deb94','wind-speed','Wind Sspeed','d5d7aa92-f322-4f57-8ae9-5370c7003a22', 'e46deb1d-e7e4-4d49-a874-18306991ecfe', 'e142d705-9eb6-4965-91d0-af55739189b0'),
('6131bf6a-ca5d-40ba-b357-bcab0e0062cd','air-temperature','Air Temperature','d5d7aa92-f322-4f57-8ae9-5370c7003a22', 'de6112da-8489-4286-ae56-ec72aa09974d', '10e05b5c-7e96-434b-9182-a547333e1c52'),
('4229094b-b8d3-401e-ac11-3731e658c7fb','voltage','Voltage','d5d7aa92-f322-4f57-8ae9-5370c7003a22', '430e5edb-e2b5-4f86-b19f-cda26a27e151', '6b5bd788-8c78-43bb-b5a3-ad544b858a64'),
('57607732-db7b-40d1-b15f-bcb91958ec87','precipitation','Precipitation','110788eb-58a4-455f-a42e-46b63166594b', '0ce77a5a-8283-47cd-9126-c440bcec4ef6', '4ee79a3d-a053-41b8-85b5-bb2eea3c9d1a'),
('3d50867d-2d5c-4f37-ab31-036f0ca39b7d','wind-speed','Wind Sspeed','110788eb-58a4-455f-a42e-46b63166594b', 'e46deb1d-e7e4-4d49-a874-18306991ecfe', 'e142d705-9eb6-4965-91d0-af55739189b0'),
('bfaa1077-f938-4e29-b337-683bcdd576d9','air-temperature','Air Temperature','110788eb-58a4-455f-a42e-46b63166594b', 'de6112da-8489-4286-ae56-ec72aa09974d', '10e05b5c-7e96-434b-9182-a547333e1c52'),
('e81a3be6-bfd0-4abd-9aae-20d0f4c10c7c','voltage','Voltage','110788eb-58a4-455f-a42e-46b63166594b', '430e5edb-e2b5-4f86-b19f-cda26a27e151', '6b5bd788-8c78-43bb-b5a3-ad544b858a64'),
('bcbb6aeb-73f4-43b6-8adc-ff1981aebb6c','stage','Stage','b86f6057-5868-4dba-bfbb-656a2162ec98', 'b49f214e-f69f-43da-9ce3-ad96042268d0', 'f777f2e2-5e32-424e-a1ca-19d16cd8abce'),
('e38dcda7-3e20-407f-a10f-5546cf96c671','stage','Stage','ab5d663c-de4f-4a1e-88f0-639e564ad0cc', 'b49f214e-f69f-43da-9ce3-ad96042268d0', 'f777f2e2-5e32-424e-a1ca-19d16cd8abce'),
('18fe9b7a-42fb-494c-9ec6-0e946846abb8','stage','Stage','075cae49-3711-403c-ad4e-b8a82089644c', 'b49f214e-f69f-43da-9ce3-ad96042268d0', 'f777f2e2-5e32-424e-a1ca-19d16cd8abce'),
('7bb24ef8-dd54-431f-b0ee-1433dcc2632f','stage','Stage','0e79ac93-8e79-4848-9379-9e489a47dcc2', 'b49f214e-f69f-43da-9ce3-ad96042268d0', 'f777f2e2-5e32-424e-a1ca-19d16cd8abce'),
('7b4da8f4-68a8-484e-8196-742c5f389753','stage','Stage','35f1ba1e-b1b6-4833-bf9a-879ce11064df', 'b49f214e-f69f-43da-9ce3-ad96042268d0', 'f777f2e2-5e32-424e-a1ca-19d16cd8abce'),
('c2f2a271-7695-48b1-8938-80a081edb9d9','stage','Stage','920a85e9-4359-46bd-b50a-68a5cf4eb33d', 'b49f214e-f69f-43da-9ce3-ad96042268d0', 'f777f2e2-5e32-424e-a1ca-19d16cd8abce'),
('f9bf97cf-7d24-4774-b193-b8a26a47a9e8','stage','Stage','fa538300-9734-4173-b0c6-872e7f56529d', 'b49f214e-f69f-43da-9ce3-ad96042268d0', 'f777f2e2-5e32-424e-a1ca-19d16cd8abce'),
('633aa431-56c5-44cc-a0a7-15da02c72b59','elevation','Elevation','fe20f70e-14d4-4af7-981e-de83eb6edbdd', '83b5a1f7-948b-4373-a47c-d73ff622aafd', 'f777f2e2-5e32-424e-a1ca-19d16cd8abce'),
('3c14c20d-ec50-4993-945e-c403ac38d41a','stage','Stage','c25aacf9-8a4c-4424-a57f-cea575deeac7', 'b49f214e-f69f-43da-9ce3-ad96042268d0', 'f777f2e2-5e32-424e-a1ca-19d16cd8abce'),
('b095f980-89a1-4255-807b-7e0526790027','stage','Stage','dbd0124e-ca79-4819-9e49-cd486ba854ef', 'b49f214e-f69f-43da-9ce3-ad96042268d0', 'f777f2e2-5e32-424e-a1ca-19d16cd8abce'),
('71ba2cf4-81a9-4a37-9e22-1a8a302a986b','precipitation','Precipitation','dbd0124e-ca79-4819-9e49-cd486ba854ef', '0ce77a5a-8283-47cd-9126-c440bcec4ef6', '4ee79a3d-a053-41b8-85b5-bb2eea3c9d1a'),
('ee4a8d73-cacd-49fe-bf58-8836c1f7ed02','stage','Stage','b21e5c78-d0f1-4fb5-9b3e-e4b3a8b6906b', 'b49f214e-f69f-43da-9ce3-ad96042268d0', 'f777f2e2-5e32-424e-a1ca-19d16cd8abce'),
('97c5968e-9bf9-42bb-b23b-0de979de4500','precipitation','Precipitation','b21e5c78-d0f1-4fb5-9b3e-e4b3a8b6906b', '0ce77a5a-8283-47cd-9126-c440bcec4ef6', '4ee79a3d-a053-41b8-85b5-bb2eea3c9d1a'),
('630068ed-727a-4c73-ab57-a8aa15a70d7d','stage','Stage','2e7c6699-8253-4a8e-84b9-72c135be137a', 'b49f214e-f69f-43da-9ce3-ad96042268d0', 'f777f2e2-5e32-424e-a1ca-19d16cd8abce'),
('0d33af50-a7f4-4c68-b849-f32afe24f478','stage','Stage','5c7d40b8-035e-4312-aad0-17c62f51f776', 'b49f214e-f69f-43da-9ce3-ad96042268d0', 'f777f2e2-5e32-424e-a1ca-19d16cd8abce'),
('58744add-7b18-47bf-9ccf-fc0886d101f7','precipitation','Precipitation','5c7d40b8-035e-4312-aad0-17c62f51f776', '0ce77a5a-8283-47cd-9126-c440bcec4ef6', '4ee79a3d-a053-41b8-85b5-bb2eea3c9d1a'),
('ff16bcfb-1672-418c-b167-f16c9717cb8d','stage','Stage','cc2a8374-113d-42d5-9403-f4938cb49b68', 'b49f214e-f69f-43da-9ce3-ad96042268d0', 'f777f2e2-5e32-424e-a1ca-19d16cd8abce'),
('003a52ad-5fec-49cb-b0c2-3031ab380687','precipitation','Precipitation','cc2a8374-113d-42d5-9403-f4938cb49b68', '0ce77a5a-8283-47cd-9126-c440bcec4ef6', '4ee79a3d-a053-41b8-85b5-bb2eea3c9d1a'),
('f6730bb5-578e-4e46-ac11-ca9838390fdb','stage','Stage','961a6c04-7020-4b8e-aa0c-64205cc544cc', 'b49f214e-f69f-43da-9ce3-ad96042268d0', 'f777f2e2-5e32-424e-a1ca-19d16cd8abce'),
('03c8ce13-697d-4f8a-b6bb-d046b561d396','precipitation','Precipitation','961a6c04-7020-4b8e-aa0c-64205cc544cc', '0ce77a5a-8283-47cd-9126-c440bcec4ef6', '4ee79a3d-a053-41b8-85b5-bb2eea3c9d1a'),
('144e9c5a-45e4-401c-9047-4e98efc6d67a','stage','Stage','fddf8697-d3f4-4cc9-8393-e0cdd7a8f55d', 'b49f214e-f69f-43da-9ce3-ad96042268d0', 'f777f2e2-5e32-424e-a1ca-19d16cd8abce'),
('ef071f3f-6a9c-4885-9098-e8dace16c57a','stage','Stage','3298617d-22b8-49d5-8cb0-082ab27b8b60', 'b49f214e-f69f-43da-9ce3-ad96042268d0', 'f777f2e2-5e32-424e-a1ca-19d16cd8abce'),
('754b7f09-cbf7-4e6a-b647-0a722fd13d30','stage','Stage','5581265e-fa12-4631-afdc-32821e6ca604', 'b49f214e-f69f-43da-9ce3-ad96042268d0', 'f777f2e2-5e32-424e-a1ca-19d16cd8abce'),
('abafad39-1654-4826-bd39-b34a695e6992','stage','Stage','f01f6b6e-1e94-4a49-8a98-8e804386393c', 'b49f214e-f69f-43da-9ce3-ad96042268d0', 'f777f2e2-5e32-424e-a1ca-19d16cd8abce'),
('913e77eb-decb-4cfa-be05-74e0f37784a3','stage','Stage','24a2a109-c98b-4e35-9edc-2fef17293800', 'b49f214e-f69f-43da-9ce3-ad96042268d0', 'f777f2e2-5e32-424e-a1ca-19d16cd8abce'),
('5bb9a565-8a0d-4225-8873-21ce2f00ddba','stage','Stage','0af25a49-849d-4390-a68b-4e12e8c3ebb6', 'b49f214e-f69f-43da-9ce3-ad96042268d0', 'f777f2e2-5e32-424e-a1ca-19d16cd8abce'),
('a4b89ef1-2550-4177-9bc5-ccb25d1ddee0','stage','Stage','1709861a-cdbe-42a0-9ad0-e9ada5c3224f', 'b49f214e-f69f-43da-9ce3-ad96042268d0', 'f777f2e2-5e32-424e-a1ca-19d16cd8abce'),
('7f02a684-ff75-4ed9-a4a1-f3b65e0baacd','stage','Stage','5223a08f-351a-4220-b5a4-765ad2f4c61e', 'b49f214e-f69f-43da-9ce3-ad96042268d0', 'f777f2e2-5e32-424e-a1ca-19d16cd8abce'),
('cedf1e08-efc2-4635-acdc-71a407212e5f','stage','Stage','e133e4de-82e9-4698-8f6a-f0ddd17236af', 'b49f214e-f69f-43da-9ce3-ad96042268d0', 'f777f2e2-5e32-424e-a1ca-19d16cd8abce'),
('75ed04db-9d6d-442c-b394-64414acb3dcf','elevation','Elevation','f76b8659-da4b-493e-8b4f-c7c76a78edf6', '83b5a1f7-948b-4373-a47c-d73ff622aafd', 'f777f2e2-5e32-424e-a1ca-19d16cd8abce'),
('00d7dc6a-fc5c-42e9-ae44-c99ca5fc1162','stage','Stage','3906bc22-205e-41e0-a101-1c2394a1d851', 'b49f214e-f69f-43da-9ce3-ad96042268d0', 'f777f2e2-5e32-424e-a1ca-19d16cd8abce'),
('b4a3f0a9-e026-4b06-bf74-1bcadbd61f4d','stage','Stage','835d4931-4b3b-4e05-bc7e-f0f719d60713', 'b49f214e-f69f-43da-9ce3-ad96042268d0', 'f777f2e2-5e32-424e-a1ca-19d16cd8abce'),
('6cbb1f62-9097-4158-b677-f6349e85f7d5','elevation','Elevation','9a4c1b7d-6fa8-4d77-9b49-a0c4ba3bd242', '83b5a1f7-948b-4373-a47c-d73ff622aafd', 'f777f2e2-5e32-424e-a1ca-19d16cd8abce'),
('f3c75b78-e35a-426c-a33d-553322625fed','stage','Stage','9a4c1b7d-6fa8-4d77-9b49-a0c4ba3bd242', 'b49f214e-f69f-43da-9ce3-ad96042268d0', 'f777f2e2-5e32-424e-a1ca-19d16cd8abce'),
('bc0219b0-6f5d-4aaa-b7df-90dc3e103c99','air-temperature','Air Temperature','9a4c1b7d-6fa8-4d77-9b49-a0c4ba3bd242', 'de6112da-8489-4286-ae56-ec72aa09974d', '10e05b5c-7e96-434b-9182-a547333e1c52'),
('9c93d7e1-104b-413f-ade9-2b577a765f86','stage','Stage','753288b8-5b1d-4e71-89b0-733a7e7996d4', 'b49f214e-f69f-43da-9ce3-ad96042268d0', 'f777f2e2-5e32-424e-a1ca-19d16cd8abce'),
('83229dac-f447-473a-99d3-751f216a05e3','stage','Stage','88aea7e3-4390-4cf0-b298-e45d54fdea96', 'b49f214e-f69f-43da-9ce3-ad96042268d0', 'f777f2e2-5e32-424e-a1ca-19d16cd8abce'),
('eb54acbf-7888-42d9-9a41-94fac52b5b6e','stage','Stage','d0d543e1-6acd-4743-9a7f-7d708f477e03', 'b49f214e-f69f-43da-9ce3-ad96042268d0', 'f777f2e2-5e32-424e-a1ca-19d16cd8abce'),
('93a800cd-147d-47f3-bc53-502d1a506f9d','stage','Stage','a1d87917-e2c3-47ed-8d45-7cdf8a5f74f9', 'b49f214e-f69f-43da-9ce3-ad96042268d0', 'f777f2e2-5e32-424e-a1ca-19d16cd8abce'),
('f68d934d-f326-4250-93bb-a2f7bbfb56ff','precipitation','Precipitation','a1d87917-e2c3-47ed-8d45-7cdf8a5f74f9', '0ce77a5a-8283-47cd-9126-c440bcec4ef6', '4ee79a3d-a053-41b8-85b5-bb2eea3c9d1a'),
('e5e13a79-578f-40e7-8ded-e3d2813ba5d8','elevation','Elevation','635f626f-5f82-421c-8433-c018ba59ee72', '83b5a1f7-948b-4373-a47c-d73ff622aafd', 'f777f2e2-5e32-424e-a1ca-19d16cd8abce'),
('ff939875-3773-4f9e-a29b-a522164302b7','stage','Stage','1d86025b-be61-4051-b444-e3d10bd8087d', 'b49f214e-f69f-43da-9ce3-ad96042268d0', 'f777f2e2-5e32-424e-a1ca-19d16cd8abce'),
('09da6eb2-0573-4a4d-bef9-188482bac60d','stage','Stage','2ffbdcef-f1f7-4b87-bf78-4149380110ec', 'b49f214e-f69f-43da-9ce3-ad96042268d0', 'f777f2e2-5e32-424e-a1ca-19d16cd8abce'),
('50705d50-e474-49d6-aabd-e73c03e97d88','stage','Stage','6160c5f3-840c-4546-a070-147ce1f912db', 'b49f214e-f69f-43da-9ce3-ad96042268d0', 'f777f2e2-5e32-424e-a1ca-19d16cd8abce'),
('917fd2a4-eaf7-4576-ba41-3486dc20be86','stage','Stage','fdb09f84-16d2-4df0-b15e-d6c6e032a330', 'b49f214e-f69f-43da-9ce3-ad96042268d0', 'f777f2e2-5e32-424e-a1ca-19d16cd8abce'),
('a999b668-913f-4597-8d7a-c17fcbaa7349','stage','Stage','0e8afb77-242a-4c9a-ac53-ba6374bcd69a', 'b49f214e-f69f-43da-9ce3-ad96042268d0', 'f777f2e2-5e32-424e-a1ca-19d16cd8abce'),
('3ee7cc70-5905-4aeb-b232-68b53061fc33','stage','Stage','b0710c91-037e-43c2-835b-50a8e886641c', 'b49f214e-f69f-43da-9ce3-ad96042268d0', 'f777f2e2-5e32-424e-a1ca-19d16cd8abce'),
('d547fdf3-bb8d-4fd3-8989-6a69a582eb09','precipitation','Precipitation','b0710c91-037e-43c2-835b-50a8e886641c', '0ce77a5a-8283-47cd-9126-c440bcec4ef6', '4ee79a3d-a053-41b8-85b5-bb2eea3c9d1a'),
('fabb9a79-3b62-4cae-b0e9-7e2d4b739c13','stage','Stage','cc93dd61-eb3c-4533-8c8f-c3a00a3f34b5', 'b49f214e-f69f-43da-9ce3-ad96042268d0', 'f777f2e2-5e32-424e-a1ca-19d16cd8abce'),
('7ebcd746-9a92-447a-aa28-af30f9e5de44','precipitation','Precipitation','cc93dd61-eb3c-4533-8c8f-c3a00a3f34b5', '0ce77a5a-8283-47cd-9126-c440bcec4ef6', '4ee79a3d-a053-41b8-85b5-bb2eea3c9d1a'),
('c8bcc75d-0abf-4f60-a82d-0f5b4516518f','stage','Stage','cd360bbc-1a07-440f-b829-c1fc9434c6f9', 'b49f214e-f69f-43da-9ce3-ad96042268d0', 'f777f2e2-5e32-424e-a1ca-19d16cd8abce'),
('823c33fb-13f8-4821-919d-c20776510abd','stage','Stage','25c68087-a418-4db4-b24a-9c23257ca85d', 'b49f214e-f69f-43da-9ce3-ad96042268d0', 'f777f2e2-5e32-424e-a1ca-19d16cd8abce'),
('4f7b0999-826c-4f3b-8747-f881e46e1f25','precipitation','Precipitation','25c68087-a418-4db4-b24a-9c23257ca85d', '0ce77a5a-8283-47cd-9126-c440bcec4ef6', '4ee79a3d-a053-41b8-85b5-bb2eea3c9d1a'),
('0daeebb4-4367-4133-929c-451b148d2409','stage','Stage','8ffd1a0d-e4ac-4047-a025-666809a2db77', 'b49f214e-f69f-43da-9ce3-ad96042268d0', 'f777f2e2-5e32-424e-a1ca-19d16cd8abce'),
('c2145d57-1992-425d-968b-4b78e3cdd84d','precipitation','Precipitation','8ffd1a0d-e4ac-4047-a025-666809a2db77', '0ce77a5a-8283-47cd-9126-c440bcec4ef6', '4ee79a3d-a053-41b8-85b5-bb2eea3c9d1a'),
('f1d5bced-bbb7-4056-bb7f-a11071dfdec5','stage','Stage','da88203f-2166-4612-8d62-8df5370ad149', 'b49f214e-f69f-43da-9ce3-ad96042268d0', 'f777f2e2-5e32-424e-a1ca-19d16cd8abce'),
('8a3a50a1-b86f-4eb6-b8f7-287ab408c0e2','precipitation','Precipitation','da88203f-2166-4612-8d62-8df5370ad149', '0ce77a5a-8283-47cd-9126-c440bcec4ef6', '4ee79a3d-a053-41b8-85b5-bb2eea3c9d1a'),
('3903aed8-7dd1-4167-9ec8-92b287a88a44','stage','Stage','07106257-d553-485c-8b23-eaab7bf1afa5', 'b49f214e-f69f-43da-9ce3-ad96042268d0', 'f777f2e2-5e32-424e-a1ca-19d16cd8abce'),
('0e6cf0f4-d96e-416b-9efd-9ea31abf05ac','precipitation','Precipitation','07106257-d553-485c-8b23-eaab7bf1afa5', '0ce77a5a-8283-47cd-9126-c440bcec4ef6', '4ee79a3d-a053-41b8-85b5-bb2eea3c9d1a'),
('be95a6db-2468-4c48-a3fe-1542c8261666','stage','Stage','24aa2d2f-0cfb-4c62-9cf5-e895c95f2cf6', 'b49f214e-f69f-43da-9ce3-ad96042268d0', 'f777f2e2-5e32-424e-a1ca-19d16cd8abce'),
('161caece-1955-4c16-ad85-8bfa7a7920a3','stage','Stage','085917e0-6b5b-4830-bf47-b8566c3302f0', 'b49f214e-f69f-43da-9ce3-ad96042268d0', 'f777f2e2-5e32-424e-a1ca-19d16cd8abce'),
('211e13f2-798f-4e56-898c-fa7980e52efd','stage','Stage','86152f13-f4e1-4579-aea8-07e114bfcbec', 'b49f214e-f69f-43da-9ce3-ad96042268d0', 'f777f2e2-5e32-424e-a1ca-19d16cd8abce'),
('6bc113b4-f606-4097-bcbb-82a6063a46c1','precipitation','Precipitation','86152f13-f4e1-4579-aea8-07e114bfcbec', '0ce77a5a-8283-47cd-9126-c440bcec4ef6', '4ee79a3d-a053-41b8-85b5-bb2eea3c9d1a'),
('8c169b6a-a464-4768-942b-3c41718c9a17','stage','Stage','f11e33fc-a3ee-4b80-9605-9347432e5df3', 'b49f214e-f69f-43da-9ce3-ad96042268d0', 'f777f2e2-5e32-424e-a1ca-19d16cd8abce'),
('002d1fbd-1ec0-4d77-a948-0f0b1708c9b3','precipitation','Precipitation','f11e33fc-a3ee-4b80-9605-9347432e5df3', '0ce77a5a-8283-47cd-9126-c440bcec4ef6', '4ee79a3d-a053-41b8-85b5-bb2eea3c9d1a'),
('3ea6e8b2-d23e-400f-8d63-a943d7772486','stage','Stage','5bdee068-26ac-4ff3-839d-9ef105e50726', 'b49f214e-f69f-43da-9ce3-ad96042268d0', 'f777f2e2-5e32-424e-a1ca-19d16cd8abce'),
('f6f94199-21b6-4358-b1ae-0be58f5c8c64','elevation','Elevation','9a620f85-958c-4de8-801a-9b072ee4036d', '83b5a1f7-948b-4373-a47c-d73ff622aafd', 'f777f2e2-5e32-424e-a1ca-19d16cd8abce'),
('5a03828e-b9a8-4eaf-b733-2ff83191f1f3','stage','Stage','9a620f85-958c-4de8-801a-9b072ee4036d', 'b49f214e-f69f-43da-9ce3-ad96042268d0', 'f777f2e2-5e32-424e-a1ca-19d16cd8abce'),
('dae7b37c-694d-4806-b850-dd52355513c0','elevation','Elevation','d9a6229e-0cd9-45a4-95de-ed1dd70e29aa', '83b5a1f7-948b-4373-a47c-d73ff622aafd', 'f777f2e2-5e32-424e-a1ca-19d16cd8abce'),
('854cade6-104f-437e-9d61-b442758b1a3a','stage','Stage','90de9154-14a2-4879-999d-d32b24613df9', 'b49f214e-f69f-43da-9ce3-ad96042268d0', 'f777f2e2-5e32-424e-a1ca-19d16cd8abce'),
('4f454367-7ada-46d4-b906-0f29a2471859','precipitation','Precipitation','90de9154-14a2-4879-999d-d32b24613df9', '0ce77a5a-8283-47cd-9126-c440bcec4ef6', '4ee79a3d-a053-41b8-85b5-bb2eea3c9d1a'),
('aa31b4a7-cd99-4033-b1d6-0805372f1278','stage','Stage','5d4634fb-d9df-4301-91db-77e15b899faa', 'b49f214e-f69f-43da-9ce3-ad96042268d0', 'f777f2e2-5e32-424e-a1ca-19d16cd8abce'),
('8355a3e6-06bf-46d9-a87a-eb864eac9789','precipitation','Precipitation','5d4634fb-d9df-4301-91db-77e15b899faa', '0ce77a5a-8283-47cd-9126-c440bcec4ef6', '4ee79a3d-a053-41b8-85b5-bb2eea3c9d1a'),
('025975f7-882c-4759-bc22-ceade2a87b94','stage','Stage','4a0fbbb9-d0cf-49cf-839b-01bf851602a0', 'b49f214e-f69f-43da-9ce3-ad96042268d0', 'f777f2e2-5e32-424e-a1ca-19d16cd8abce'),
('6173de76-5084-482d-9b5d-ba6490421392','stage','Stage','6098b9e5-23f5-459a-8cdc-624f57642fe9', 'b49f214e-f69f-43da-9ce3-ad96042268d0', 'f777f2e2-5e32-424e-a1ca-19d16cd8abce'),
('88213f2e-d67f-480c-8b7a-3db0dc8b8b5c','stage','Stage','80005a8a-6265-43f8-992a-e4f154c47867', 'b49f214e-f69f-43da-9ce3-ad96042268d0', 'f777f2e2-5e32-424e-a1ca-19d16cd8abce'),
('eb5c8c13-283b-473f-9710-f22dbbc49020','stage','Stage','f33c5172-e4e4-40d5-b1cb-d2d76827efa7', 'b49f214e-f69f-43da-9ce3-ad96042268d0', 'f777f2e2-5e32-424e-a1ca-19d16cd8abce'),
('82e88744-8e23-475c-84c7-c8b358dddfac','stage','Stage','679b966f-2ad6-4318-8d7e-85ce1cd1d837', 'b49f214e-f69f-43da-9ce3-ad96042268d0', 'f777f2e2-5e32-424e-a1ca-19d16cd8abce'),
('1b6c5d6f-f890-4b0d-9484-4d4f172642a0','precipitation','Precipitation','679b966f-2ad6-4318-8d7e-85ce1cd1d837', '0ce77a5a-8283-47cd-9126-c440bcec4ef6', '4ee79a3d-a053-41b8-85b5-bb2eea3c9d1a'),
('8c413ad5-b476-4ec7-adc6-90b18c227c81','stage','Stage','34dd678e-1be8-48f9-be99-aabde5aee463', 'b49f214e-f69f-43da-9ce3-ad96042268d0', 'f777f2e2-5e32-424e-a1ca-19d16cd8abce'),
('e37a603b-8674-44bf-8cea-47f2896b1cbd','precipitation','Precipitation','34dd678e-1be8-48f9-be99-aabde5aee463', '0ce77a5a-8283-47cd-9126-c440bcec4ef6', '4ee79a3d-a053-41b8-85b5-bb2eea3c9d1a'),
('8d689913-f46d-4593-bf0d-90f2cb85c9bb','stage','Stage','d224fa32-7937-4471-91d4-4116ec1a06c2', 'b49f214e-f69f-43da-9ce3-ad96042268d0', 'f777f2e2-5e32-424e-a1ca-19d16cd8abce'),
('7400a171-e560-455f-b597-a7be40f0bf67','stage','Stage','1dbef7be-5328-4bff-aafa-f0f379ad0305', 'b49f214e-f69f-43da-9ce3-ad96042268d0', 'f777f2e2-5e32-424e-a1ca-19d16cd8abce'),
('d1429d2a-b8e4-4200-8113-daa497cd9433','stage','Stage','e1335024-0a0d-4047-a1e4-492256a9b7c2', 'b49f214e-f69f-43da-9ce3-ad96042268d0', 'f777f2e2-5e32-424e-a1ca-19d16cd8abce'),
('b4e2a384-f569-4bc4-a09e-caafc98130de','stage','Stage','30f39465-009d-4fc3-8cc3-d5c42df0d985', 'b49f214e-f69f-43da-9ce3-ad96042268d0', 'f777f2e2-5e32-424e-a1ca-19d16cd8abce'),
('53fee1fb-e4ff-44eb-b6bd-c732f4124a15','stage','Stage','807cb3c5-d1ea-4da3-aa6d-223c1cf64e13', 'b49f214e-f69f-43da-9ce3-ad96042268d0', 'f777f2e2-5e32-424e-a1ca-19d16cd8abce'),
('8c093459-b4f9-4910-abe3-2a513a608aa4','stage','Stage','1a7bdbd8-225f-4766-b72f-0c9d7057ef89', 'b49f214e-f69f-43da-9ce3-ad96042268d0', 'f777f2e2-5e32-424e-a1ca-19d16cd8abce'),
('6b84cd6c-9165-4556-b47c-f5299840aecd','stage','Stage','06d201c5-3a8f-46d9-ae08-04415d990b5a', 'b49f214e-f69f-43da-9ce3-ad96042268d0', 'f777f2e2-5e32-424e-a1ca-19d16cd8abce'),
('16d21818-80ab-44b3-a6d1-da72e6e4e8ba','stage','Stage','0d4cdf2f-9dcf-4644-b4e2-d5d30c1c3073', 'b49f214e-f69f-43da-9ce3-ad96042268d0', 'f777f2e2-5e32-424e-a1ca-19d16cd8abce'),
('6dfa5bc0-6504-4d9b-a452-1fadafc227c7','stage','Stage','95b4184b-ef18-4dff-9e12-419ce82fbdb9', 'b49f214e-f69f-43da-9ce3-ad96042268d0', 'f777f2e2-5e32-424e-a1ca-19d16cd8abce'),
('67b5964c-e839-4f77-8850-72332bec0cb0','precipitation','Precipitation','08ad4f95-1f66-4b54-9134-dc07ee9dc786', '0ce77a5a-8283-47cd-9126-c440bcec4ef6', '4ee79a3d-a053-41b8-85b5-bb2eea3c9d1a'),
('de84e20c-9253-4c26-a773-31dab2f6873b','wind-speed','Wind Sspeed','08ad4f95-1f66-4b54-9134-dc07ee9dc786', 'e46deb1d-e7e4-4d49-a874-18306991ecfe', 'e142d705-9eb6-4965-91d0-af55739189b0'),
('d7e61e47-d952-443d-a6be-582faa247cc3','air-temperature','Air Temperature','08ad4f95-1f66-4b54-9134-dc07ee9dc786', 'de6112da-8489-4286-ae56-ec72aa09974d', '10e05b5c-7e96-434b-9182-a547333e1c52'),
('42beac37-210c-450a-83c2-c4c5bb745c19','voltage','Voltage','08ad4f95-1f66-4b54-9134-dc07ee9dc786', '430e5edb-e2b5-4f86-b19f-cda26a27e151', '6b5bd788-8c78-43bb-b5a3-ad544b858a64'),
('d105ea57-0302-4a3b-89ce-a6ff1260f89d','stage','Stage','36407ff2-3b57-4a55-a1a0-5b23713159ae', 'b49f214e-f69f-43da-9ce3-ad96042268d0', 'f777f2e2-5e32-424e-a1ca-19d16cd8abce'),
('53f1fd9a-f7ab-4278-b061-bc20a48ce6ce','precipitation','Precipitation','36407ff2-3b57-4a55-a1a0-5b23713159ae', '0ce77a5a-8283-47cd-9126-c440bcec4ef6', '4ee79a3d-a053-41b8-85b5-bb2eea3c9d1a'),
('531682c6-5f12-45c2-941f-70e1be4bc48b','precipitation','Precipitation','b488b503-87b9-4eee-9393-39da4f2a8f36', '0ce77a5a-8283-47cd-9126-c440bcec4ef6', '4ee79a3d-a053-41b8-85b5-bb2eea3c9d1a'),
('5068e2bf-8219-4e23-82a2-b0e8ebc4b35c','wind-speed','Wind Sspeed','b488b503-87b9-4eee-9393-39da4f2a8f36', 'e46deb1d-e7e4-4d49-a874-18306991ecfe', 'e142d705-9eb6-4965-91d0-af55739189b0'),
('e2faff3b-11df-4774-9a92-5e43e4befcc1','air-temperature','Air Temperature','b488b503-87b9-4eee-9393-39da4f2a8f36', 'de6112da-8489-4286-ae56-ec72aa09974d', '10e05b5c-7e96-434b-9182-a547333e1c52'),
('540b9dd2-34d5-4062-acf2-f2a4f597c740','voltage','Voltage','b488b503-87b9-4eee-9393-39da4f2a8f36', '430e5edb-e2b5-4f86-b19f-cda26a27e151', '6b5bd788-8c78-43bb-b5a3-ad544b858a64');
