
--Ignoring Barkley-Spillway-Gates site/instrument, already in instruments unique list
--Ignoring MFLK2-MARTINS_FORK site/instrument, already in instruments unique list

--INSERT INSTRUMENTS--COUNT:201
INSERT INTO public.instrument(id, deleted, slug, name, formula, geometry, station, station_offset, create_date, update_date,type_id, project_id, creator, updater)
 VALUES 
('2831ab23-c91a-4338-9cdf-fc96fb844aca', False, '0d112020', '0D112020', null, ST_GeomFromText('POINT(0 0)',4326), null, null, '2021-02-05T09:53:03.892346Z', null, '98a61f29-18a8-430a-9d02-0f53486e0984', '2bd0903c-6e4d-4d83-8558-1eab52079de0', '00000000-0000-0000-0000-000000000000', null),
('fbaae120-0c45-4dd0-8226-8476bfa8ce81', False, 'amok2-clarksr-almoky', 'AMOK2-ClarksR-AlmoKY', null, ST_GeomFromText('POINT(-88.2736 36.6917)',4326), null, null, '2021-02-05T09:53:03.892478Z', null, '98a61f29-18a8-430a-9d02-0f53486e0984', '2bd0903c-6e4d-4d83-8558-1eab52079de0', '00000000-0000-0000-0000-000000000000', null),
('2c735458-03ba-4832-9a0e-6afaf399266a', False, 'csst1-crossvilletn', 'CSST1-CrossvilleTN', null, ST_GeomFromText('POINT(-84.9972 35.9178)',4326), null, null, '2021-02-05T09:53:03.892521Z', null, '98a61f29-18a8-430a-9d02-0f53486e0984', '2bd0903c-6e4d-4d83-8558-1eab52079de0', '00000000-0000-0000-0000-000000000000', null),
('ce4097da-d1e0-432b-a8e7-76f7e9bff1b1', False, 'fcrt1-fortcampbelltn', 'FCRT1-FortCampbellTN', null, ST_GeomFromText('POINT(-87.5369 36.6256)',4326), null, null, '2021-02-05T09:53:03.892551Z', null, '98a61f29-18a8-430a-9d02-0f53486e0984', '2bd0903c-6e4d-4d83-8558-1eab52079de0', '00000000-0000-0000-0000-000000000000', null),
('abe95109-b6b7-4191-a399-d15493e720f1', False, 'albk2-albanyky', 'ALBK2-AlbanyKY', null, ST_GeomFromText('POINT(-85.1217 36.7453)',4326), null, null, '2021-02-05T09:53:03.892576Z', null, '98a61f29-18a8-430a-9d02-0f53486e0984', '2bd0903c-6e4d-4d83-8558-1eab52079de0', '00000000-0000-0000-0000-000000000000', null),
('40705bc0-7a0b-4605-8330-d62a79ca7531', False, 'alpt1-wfkobeyr-alpinetn', 'ALPT1-WFkObeyR-AlpineTN', null, ST_GeomFromText('POINT(-85.1745 36.3973)',4326), null, null, '2021-02-05T09:53:03.892598Z', null, '98a61f29-18a8-430a-9d02-0f53486e0984', '2bd0903c-6e4d-4d83-8558-1eab52079de0', '00000000-0000-0000-0000-000000000000', null),
('695834c0-de82-47a4-bc32-b764f9cd0538', False, 'aplv2-appalachiava', 'APLV2-AppalachiaVA', null, ST_GeomFromText('POINT(-82.7883 36.8983)',4326), null, null, '2021-02-05T09:53:03.892621Z', null, '98a61f29-18a8-430a-9d02-0f53486e0984', '2bd0903c-6e4d-4d83-8558-1eab52079de0', '00000000-0000-0000-0000-000000000000', null),
('e1f07a5f-8d6d-48b9-b953-4c57ec7511e9', False, 'artt1-powellr-arthurtn', 'ARTT1-PowellR-ArthurTN', null, ST_GeomFromText('POINT(-83.6303 36.5419)',4326), null, null, '2021-02-05T09:53:03.892644Z', null, '98a61f29-18a8-430a-9d02-0f53486e0984', '2bd0903c-6e4d-4d83-8558-1eab52079de0', '00000000-0000-0000-0000-000000000000', null),
('3d60ea91-0b79-49a7-8045-a2e00c496386', False, 'bahk2-barkley', 'BAHK2-BARKLEY', null, ST_GeomFromText('POINT(-88.2228 37.0244)',4326), null, null, '2021-02-05T09:53:03.892671Z', null, '98a61f29-18a8-430a-9d02-0f53486e0984', '2bd0903c-6e4d-4d83-8558-1eab52079de0', '00000000-0000-0000-0000-000000000000', null),
('a82e204d-b775-4e37-ad5b-57d10461e1b2', False, 'asht1-cheatham', 'ASHT1-CHEATHAM', null, ST_GeomFromText('POINT(-87.2283 36.3228)',4326), null, null, '2021-02-05T09:53:03.892694Z', null, '98a61f29-18a8-430a-9d02-0f53486e0984', '2bd0903c-6e4d-4d83-8558-1eab52079de0', '00000000-0000-0000-0000-000000000000', null),
('8bbd020d-c496-46c4-85de-ed8dc919a8ca', False, 'coht1-cordell-hull', 'COHT1-CORDELL_HULL', null, ST_GeomFromText('POINT(-85.9389 36.2917)',4326), null, null, '2021-02-05T09:53:03.892717Z', null, '98a61f29-18a8-430a-9d02-0f53486e0984', '2bd0903c-6e4d-4d83-8558-1eab52079de0', '00000000-0000-0000-0000-000000000000', null),
('e7035c37-bab9-40a2-b0ad-b43b8dd0ddb1', False, 'cort1-cordell-hull', 'CORT1-CORDELL_HULL', null, ST_GeomFromText('POINT(-85.9397 36.2853)',4326), null, null, '2021-02-05T09:53:03.892742Z', null, '98a61f29-18a8-430a-9d02-0f53486e0984', '2bd0903c-6e4d-4d83-8558-1eab52079de0', '00000000-0000-0000-0000-000000000000', null),
('4412c873-a8a5-417d-9b94-10c42895fa6c', False, 'dhtt1-dale-hollow', 'DHTT1-DALE_HOLLOW', null, ST_GeomFromText('POINT(-85.4611 63.5472)',4326), null, null, '2021-02-05T09:53:03.892775Z', null, '98a61f29-18a8-430a-9d02-0f53486e0984', '2bd0903c-6e4d-4d83-8558-1eab52079de0', '00000000-0000-0000-0000-000000000000', null),
('08fdc172-6dfa-4b8a-8a28-ac996c5378cc', False, 'dlht1-dale-hollow', 'DLHT1-DALE_HOLLOW', null, ST_GeomFromText('POINT(-85.4564 36.5414)',4326), null, null, '2021-02-05T09:53:03.892808Z', null, '98a61f29-18a8-430a-9d02-0f53486e0984', '2bd0903c-6e4d-4d83-8558-1eab52079de0', '00000000-0000-0000-0000-000000000000', null),
('88fdb36d-00fb-4f79-88f9-832f78e3d2b2', False, 'caft1-calfkillerr-blwspartatn', 'CAFT1-CalfkillerR-blwSpartaTN', null, ST_GeomFromText('POINT(-85.4763 35.9121)',4326), null, null, '2021-02-05T09:53:03.892839Z', null, '98a61f29-18a8-430a-9d02-0f53486e0984', '2bd0903c-6e4d-4d83-8558-1eab52079de0', '00000000-0000-0000-0000-000000000000', null),
('4a3cf67d-aa92-4b25-88b9-c3c376631eb0', False, 'wbnt1-millcr-nrwoodbinetn', 'WBNT1-MillCr-nrWoodbineTN', null, ST_GeomFromText('POINT(-86.719 36.1167)',4326), null, null, '2021-02-05T09:53:03.892864Z', null, '98a61f29-18a8-430a-9d02-0f53486e0984', '2bd0903c-6e4d-4d83-8558-1eab52079de0', '00000000-0000-0000-0000-000000000000', null),
('a9296751-9f0d-4a4b-bd1e-b845e470af26', False, 'wlck2-wolf-creek', 'WLCK2-WOLF_CREEK', null, ST_GeomFromText('POINT(-85.1469 36.8683)',4326), null, null, '2021-02-05T09:53:03.892888Z', null, '98a61f29-18a8-430a-9d02-0f53486e0984', '2bd0903c-6e4d-4d83-8558-1eab52079de0', '00000000-0000-0000-0000-000000000000', null),
('d9af8917-e1da-45c3-9447-32f8fdb85214', False, 'burkesville', 'Burkesville', null, ST_GeomFromText('POINT(-85.3681 36.7953)',4326), null, null, '2021-02-05T09:53:03.892911Z', null, '98a61f29-18a8-430a-9d02-0f53486e0984', '2bd0903c-6e4d-4d83-8558-1eab52079de0', '00000000-0000-0000-0000-000000000000', null),
('b0a86a03-84f5-457c-b988-c4d7fcc730c0', False, 'cfak2-cumberlandr-cumberlandfallsky', 'CFAK2-CumberlandR-CumberlandFallsKY', null, ST_GeomFromText('POINT(-84.3414 36.8358)',4326), null, null, '2021-02-05T09:53:03.892935Z', null, '98a61f29-18a8-430a-9d02-0f53486e0984', '2bd0903c-6e4d-4d83-8558-1eab52079de0', '00000000-0000-0000-0000-000000000000', null),
('904e0751-3f35-4a1b-a40b-0bee65f7afe4', False, 'lbvt1-buffalor-blwlobelvilletn', 'LBVT1-BuffaloR-blwLobelvilleTN', null, ST_GeomFromText('POINT(-87.7803 35.8108)',4326), null, null, '2021-02-05T09:53:03.892958Z', null, '98a61f29-18a8-430a-9d02-0f53486e0984', '2bd0903c-6e4d-4d83-8558-1eab52079de0', '00000000-0000-0000-0000-000000000000', null),
('24824e81-2aab-4c6f-9640-652a82424db2', False, 'ltwt1-sfkcumberlandr-leatherwoodfordtn', 'LTWT1-SFkCumberlandR-LeatherwoodFordTN', null, ST_GeomFromText('POINT(-84.6694 36.4773)',4326), null, null, '2021-02-05T09:53:03.892982Z', null, '98a61f29-18a8-430a-9d02-0f53486e0984', '2bd0903c-6e4d-4d83-8558-1eab52079de0', '00000000-0000-0000-0000-000000000000', null),
('2d7aac87-07e8-4105-8d09-61217ec4acfe', False, 'nast1-cumberlandr-nashvilletn', 'NAST1-CumberlandR-NashvilleTN', null, ST_GeomFromText('POINT(-86.7731 36.1614)',4326), null, null, '2021-02-05T09:53:03.893010Z', null, '98a61f29-18a8-430a-9d02-0f53486e0984', '2bd0903c-6e4d-4d83-8558-1eab52079de0', '00000000-0000-0000-0000-000000000000', null),
('65db2945-fe9b-4f9b-96e6-c6aabe4c91b6', False, 'shet1-duckr-shelbyvilletn', 'SHET1-DuckR-ShelbyvilleTN', null, ST_GeomFromText('POINT(-86.4625 35.4828)',4326), null, null, '2021-02-05T09:53:03.893036Z', null, '98a61f29-18a8-430a-9d02-0f53486e0984', '2bd0903c-6e4d-4d83-8558-1eab52079de0', '00000000-0000-0000-0000-000000000000', null),
('ac4186ae-b6c7-41aa-ab29-db143e74f00f', False, 'smhk2-martinsfk-smithky', 'SMHK2-MartinsFk-SmithKY', null, ST_GeomFromText('POINT(-83.2869 36.7258)',4326), null, null, '2021-02-05T09:53:03.893060Z', null, '98a61f29-18a8-430a-9d02-0f53486e0984', '2bd0903c-6e4d-4d83-8558-1eab52079de0', '00000000-0000-0000-0000-000000000000', null),
('cf12ba0a-8aaa-499a-bbc1-db3f96d66ee4', False, 'ncfk2-martinsfk-harlanky', 'NCFK2-MartinsFk-HarlanKY', null, ST_GeomFromText('POINT(-83.3253 36.8447)',4326), null, null, '2021-02-05T09:53:03.893083Z', null, '98a61f29-18a8-430a-9d02-0f53486e0984', '2bd0903c-6e4d-4d83-8558-1eab52079de0', '00000000-0000-0000-0000-000000000000', null),
('c339ff35-740a-482e-83e8-69dff2a1e50e', False, 'mnlk2-martins-fork', 'MNLK2-MARTINS_FORK', null, ST_GeomFromText('POINT(-83.255 36.7503)',4326), null, null, '2021-02-05T09:53:03.893106Z', null, '98a61f29-18a8-430a-9d02-0f53486e0984', '2bd0903c-6e4d-4d83-8558-1eab52079de0', '00000000-0000-0000-0000-000000000000', null),
('9d8a6654-a994-4d96-9d12-752e4b980ecb', False, 'clat1-cumberlandr-celinatn', 'CLAT1-CumberlandR-CelinaTN', null, ST_GeomFromText('POINT(-85.5156 36.5544)',4326), null, null, '2021-02-05T09:53:03.893128Z', null, '98a61f29-18a8-430a-9d02-0f53486e0984', '2bd0903c-6e4d-4d83-8558-1eab52079de0', '00000000-0000-0000-0000-000000000000', null),
('c20e2c35-6a22-41ba-82eb-8963059d5d6b', False, 'dovt1-cumberlandr-dovertn', 'DOVT1-CumberlandR-DoverTN', null, ST_GeomFromText('POINT(-87.8389 36.4897)',4326), null, null, '2021-02-05T09:53:03.893158Z', null, '98a61f29-18a8-430a-9d02-0f53486e0984', '2bd0903c-6e4d-4d83-8558-1eab52079de0', '00000000-0000-0000-0000-000000000000', null),
('a18f0416-573c-450f-ad35-bd9f174fd1ca', False, 'hntt1-cumberlandr-hunterspointtn', 'HNTT1-CumberlandR-HuntersPointTN', null, ST_GeomFromText('POINT(-86.2642 36.2992)',4326), null, null, '2021-02-05T09:53:03.893187Z', null, '98a61f29-18a8-430a-9d02-0f53486e0984', '2bd0903c-6e4d-4d83-8558-1eab52079de0', '00000000-0000-0000-0000-000000000000', null),
('7e798c02-a4bf-4ce4-a9a8-4057da756baa', False, 'hpkk2-sfklittler-hopkinsvilleky', 'HPKK2-SFkLittleR-HopkinsvilleKY', null, ST_GeomFromText('POINT(-87.4814 36.8394)',4326), null, null, '2021-02-05T09:53:03.893212Z', null, '98a61f29-18a8-430a-9d02-0f53486e0984', '2bd0903c-6e4d-4d83-8558-1eab52079de0', '00000000-0000-0000-0000-000000000000', null),
('ecd58ae6-1048-4bd0-8fb1-6bd2ea74767d', False, 'stwt1-caneyfk-stonewalltn', 'STWT1-CaneyFk-StonewallTN', null, ST_GeomFromText('POINT(-85.9047 36.19)',4326), null, null, '2021-02-05T09:53:03.893237Z', null, '98a61f29-18a8-430a-9d02-0f53486e0984', '2bd0903c-6e4d-4d83-8558-1eab52079de0', '00000000-0000-0000-0000-000000000000', null),
('b9f183b8-3662-4ce3-a09d-3ee22b209c6a', False, 'ckdt1-chickamauga', 'CKDT1-CHICKAMAUGA', null, ST_GeomFromText('POINT(-85.2294 35.1)',4326), null, null, '2021-02-05T09:53:03.893261Z', null, '98a61f29-18a8-430a-9d02-0f53486e0984', '2bd0903c-6e4d-4d83-8558-1eab52079de0', '00000000-0000-0000-0000-000000000000', null),
('acb719c9-c519-43b4-9280-2a0b12ef41b9', False, 'clbt1-columbiatn', 'CLBT1-ColumbiaTN', null, ST_GeomFromText('POINT(-87.0328 35.6636)',4326), null, null, '2021-02-05T09:53:03.893283Z', null, '98a61f29-18a8-430a-9d02-0f53486e0984', '2bd0903c-6e4d-4d83-8558-1eab52079de0', '00000000-0000-0000-0000-000000000000', null),
('a558eba4-3279-45f8-a5d8-17a0db5168df', False, 'clmt1-coalmonttn', 'CLMT1-CoalmontTN', null, ST_GeomFromText('POINT(-85.6964 35.345)',4326), null, null, '2021-02-05T09:53:03.893311Z', null, '98a61f29-18a8-430a-9d02-0f53486e0984', '2bd0903c-6e4d-4d83-8558-1eab52079de0', '00000000-0000-0000-0000-000000000000', null),
('0971c9b6-3ad3-4702-b2df-b2eb0b862be6', False, 'spst1-springfieldtn', 'SPST1-SpringfieldTN', null, ST_GeomFromText('POINT(-86.8417 36.4711)',4326), null, null, '2021-02-05T09:53:03.893334Z', null, '98a61f29-18a8-430a-9d02-0f53486e0984', '2bd0903c-6e4d-4d83-8558-1eab52079de0', '00000000-0000-0000-0000-000000000000', null),
('144191ac-e042-416b-910c-240d3b27bdaf', False, 'dert1-derossettn', 'DERT1-DeRossetTN', null, ST_GeomFromText('POINT(-85.2817 35.9631)',4326), null, null, '2021-02-05T09:53:03.893360Z', null, '98a61f29-18a8-430a-9d02-0f53486e0984', '2bd0903c-6e4d-4d83-8558-1eab52079de0', '00000000-0000-0000-0000-000000000000', null),
('4e790775-62f8-4d6a-ae78-a22df7b66e17', False, 'sstk2-somersetky', 'SSTK2-SomersetKY', null, ST_GeomFromText('POINT(-84.6158 37.1044)',4326), null, null, '2021-02-05T09:53:03.893383Z', null, '98a61f29-18a8-430a-9d02-0f53486e0984', '2bd0903c-6e4d-4d83-8558-1eab52079de0', '00000000-0000-0000-0000-000000000000', null),
('9e05097b-9654-46b1-ba43-68405553d9c8', False, 'sbvt1', 'SBVT1', null, ST_GeomFromText('POINT(86.4622 35.4825)',4326), null, null, '2021-02-05T09:53:03.893411Z', null, '98a61f29-18a8-430a-9d02-0f53486e0984', '2bd0903c-6e4d-4d83-8558-1eab52079de0', '00000000-0000-0000-0000-000000000000', null),
('77220894-f4e4-4629-9eb6-2b9a0d529d59', False, 'isot1-isolinetn', 'ISOT1-IsolineTN', null, ST_GeomFromText('POINT(-85.0611 36.0783)',4326), null, null, '2021-02-05T09:53:03.893434Z', null, '98a61f29-18a8-430a-9d02-0f53486e0984', '2bd0903c-6e4d-4d83-8558-1eab52079de0', '00000000-0000-0000-0000-000000000000', null),
('a13df2e5-f4d0-4925-a4b7-45b0a51344be', False, 'onit1-oneidatn', 'ONIT1-OneidaTN', null, ST_GeomFromText('POINT(-84.5167 36.5)',4326), null, null, '2021-02-05T09:53:03.893457Z', null, '98a61f29-18a8-430a-9d02-0f53486e0984', '2bd0903c-6e4d-4d83-8558-1eab52079de0', '00000000-0000-0000-0000-000000000000', null),
('128d7a35-132e-43f5-8cf7-815493280417', False, 'whla1-wheeler', 'WHLA1-WHEELER', null, ST_GeomFromText('POINT(-87.3836 34.7625)',4326), null, null, '2021-02-05T09:53:03.893480Z', null, '98a61f29-18a8-430a-9d02-0f53486e0984', '2bd0903c-6e4d-4d83-8558-1eab52079de0', '00000000-0000-0000-0000-000000000000', null),
('4933a02b-7365-4c76-b478-c7af8d3a6962', False, 'lftt1-lafayettetn', 'LFTT1-LafayetteTN', null, ST_GeomFromText('POINT(-85.0311 36.5192)',4326), null, null, '2021-02-05T09:53:03.893504Z', null, '98a61f29-18a8-430a-9d02-0f53486e0984', '2bd0903c-6e4d-4d83-8558-1eab52079de0', '00000000-0000-0000-0000-000000000000', null),
('1d099a0e-9bb9-4e3d-8c8c-840324fe3655', False, 'stlt1-statesvilletn', 'STLT1-StatesvilleTN', null, ST_GeomFromText('POINT(-86.1214 36.0183)',4326), null, null, '2021-02-05T09:53:03.893527Z', null, '98a61f29-18a8-430a-9d02-0f53486e0984', '2bd0903c-6e4d-4d83-8558-1eab52079de0', '00000000-0000-0000-0000-000000000000', null),
('e71e8173-d65b-4e7a-a6a4-2a1dd91fdb3a', False, 'pict1-pickwick', 'PICT1-PICKWICK', null, ST_GeomFromText('POINT(-88.2511 3.0681)',4326), null, null, '2021-02-05T09:53:03.893550Z', null, '98a61f29-18a8-430a-9d02-0f53486e0984', '2bd0903c-6e4d-4d83-8558-1eab52079de0', '00000000-0000-0000-0000-000000000000', null),
('924561b1-395e-4222-b4eb-85365e77f9fc', False, 'mant1-manchestertn', 'MANT1-ManchesterTN', null, ST_GeomFromText('POINT(-86.0831 35.4711)',4326), null, null, '2021-02-05T09:53:03.893574Z', null, '98a61f29-18a8-430a-9d02-0f53486e0984', '2bd0903c-6e4d-4d83-8558-1eab52079de0', '00000000-0000-0000-0000-000000000000', null),
('cba2fce6-3760-47da-b3d8-7aeb3ee67ce0', False, 'mnyt1-montereytn', 'MNYT1-MontereyTN', null, ST_GeomFromText('POINT(-85.3 36.1333)',4326), null, null, '2021-02-05T09:53:03.893619Z', null, '98a61f29-18a8-430a-9d02-0f53486e0984', '2bd0903c-6e4d-4d83-8558-1eab52079de0', '00000000-0000-0000-0000-000000000000', null),
('314ac348-1135-417b-8f5c-795cfd058857', False, 'lvlt1', 'LVLT1', null, ST_GeomFromText('POINT(87.7747 35.7828)',4326), null, null, '2021-02-05T09:53:03.893652Z', null, '98a61f29-18a8-430a-9d02-0f53486e0984', '2bd0903c-6e4d-4d83-8558-1eab52079de0', '00000000-0000-0000-0000-000000000000', null),
('f39b5c2f-6ef2-421c-bedf-3c071d490de8', False, 'grtt1-great-falls', 'GRTT1-GREAT_FALLS', null, ST_GeomFromText('POINT(-85.6336 35.8081)',4326), null, null, '2021-02-05T09:53:03.893678Z', null, '98a61f29-18a8-430a-9d02-0f53486e0984', '2bd0903c-6e4d-4d83-8558-1eab52079de0', '00000000-0000-0000-0000-000000000000', null),
('2d1a4206-ca7b-4640-9777-d51caf194171', False, 'ptst1-petrostn', 'PTST1-PetrosTN', null, ST_GeomFromText('POINT(-84.4461 36.0989)',4326), null, null, '2021-02-05T09:53:03.893705Z', null, '98a61f29-18a8-430a-9d02-0f53486e0984', '2bd0903c-6e4d-4d83-8558-1eab52079de0', '00000000-0000-0000-0000-000000000000', null),
('70b84da4-61b4-45f3-8e55-cdd370fe3c19', False, 'newt1-newcombtn', 'NEWT1-NewcombTN', null, ST_GeomFromText('POINT(-84.1731 36.5444)',4326), null, null, '2021-02-05T09:53:03.893731Z', null, '98a61f29-18a8-430a-9d02-0f53486e0984', '2bd0903c-6e4d-4d83-8558-1eab52079de0', '00000000-0000-0000-0000-000000000000', null),
('6dc5dbb1-3ee1-47b3-a039-ec8d1d8ecd03', False, 'gvda1-guntersville', 'GVDA1-GUNTERSVILLE', null, ST_GeomFromText('POINT(-86.3933 34.4211)',4326), null, null, '2021-02-05T09:53:03.893756Z', null, '98a61f29-18a8-430a-9d02-0f53486e0984', '2bd0903c-6e4d-4d83-8558-1eab52079de0', '00000000-0000-0000-0000-000000000000', null),
('0a6f8403-dba0-4d65-a694-4c984581f6d0', False, 'grhk2-mckeeky', 'GRHK2-McKeeKY', null, ST_GeomFromText('POINT(-83.9261 37.3842)',4326), null, null, '2021-02-05T09:53:03.893783Z', null, '98a61f29-18a8-430a-9d02-0f53486e0984', '2bd0903c-6e4d-4d83-8558-1eab52079de0', '00000000-0000-0000-0000-000000000000', null),
('130c3437-3c43-4425-91c5-6b24a859edcd', False, 'snnt1', 'SNNT1', null, ST_GeomFromText('POINT(88.2097 35.1797)',4326), null, null, '2021-02-05T09:53:03.893815Z', null, '98a61f29-18a8-430a-9d02-0f53486e0984', '2bd0903c-6e4d-4d83-8558-1eab52079de0', '00000000-0000-0000-0000-000000000000', null),
('efd9a905-6a03-4c97-9a48-654c3a259bb6', False, 'wsda1-wilson', 'WSDA1-WILSON', null, ST_GeomFromText('POINT(-87.625 34.7925)',4326), null, null, '2021-02-05T09:53:03.893841Z', null, '98a61f29-18a8-430a-9d02-0f53486e0984', '2bd0903c-6e4d-4d83-8558-1eab52079de0', '00000000-0000-0000-0000-000000000000', null),
('0068a62b-04a1-4683-8aa6-0b455a78e889', False, 'bcht1-beechr-nrlexingtontn', 'BCHT1-BeechR-nrLexingtonTN', null, ST_GeomFromText('POINT(-88.4147 35.6342)',4326), null, null, '2021-02-05T09:53:03.893873Z', null, '98a61f29-18a8-430a-9d02-0f53486e0984', '2bd0903c-6e4d-4d83-8558-1eab52079de0', '00000000-0000-0000-0000-000000000000', null),
('e5f3df28-c253-45f2-8bdf-e80912d7db51', False, 'prvt1-tennesseer-perryvilletn', 'PRVT1-TennesseeR-PerryvilleTN', null, ST_GeomFromText('POINT(-88.0389 35.6247)',4326), null, null, '2021-02-05T09:53:03.893911Z', null, '98a61f29-18a8-430a-9d02-0f53486e0984', '2bd0903c-6e4d-4d83-8558-1eab52079de0', '00000000-0000-0000-0000-000000000000', null),
('c98d9f72-5c6f-4ccc-a51b-e6f28ad71f52', False, 'hmlt1-duckr-abvhurricanemillstn', 'HMLT1-DuckR-abvHurricaneMillsTN', null, ST_GeomFromText('POINT(-87.7431 35.9297)',4326), null, null, '2021-02-05T09:53:03.893939Z', null, '98a61f29-18a8-430a-9d02-0f53486e0984', '2bd0903c-6e4d-4d83-8558-1eab52079de0', '00000000-0000-0000-0000-000000000000', null),
('f1f7259e-aa28-458d-a722-a5116e6bcf97', False, 'vert1-pineyr-vernontn', 'VERT1-PineyR-VernonTN', null, ST_GeomFromText('POINT(-87.5014 35.8711)',4326), null, null, '2021-02-05T09:53:03.893964Z', null, '98a61f29-18a8-430a-9d02-0f53486e0984', '2bd0903c-6e4d-4d83-8558-1eab52079de0', '00000000-0000-0000-0000-000000000000', null),
('2bc54c6c-b626-4d77-9e1d-c4afd2688529', False, 'fltt1-buffalor-nrflatwoodstn', 'FLTT1-BuffaloR-nrFlatWoodsTN', null, ST_GeomFromText('POINT(-87.8328 35.4958)',4326), null, null, '2021-02-05T09:53:03.893989Z', null, '98a61f29-18a8-430a-9d02-0f53486e0984', '2bd0903c-6e4d-4d83-8558-1eab52079de0', '00000000-0000-0000-0000-000000000000', null),
('8fb7c9bf-f49e-4f06-8207-b37d25516eff', False, 'blct1-bledsoecr-gallatintn', 'BLCT1-BledsoeCr-GallatinTN', null, ST_GeomFromText('POINT(-86.3494 36.4228)',4326), null, null, '2021-02-05T09:53:03.894015Z', null, '98a61f29-18a8-430a-9d02-0f53486e0984', '2bd0903c-6e4d-4d83-8558-1eab52079de0', '00000000-0000-0000-0000-000000000000', null),
('dc2d5dbe-0eec-4f26-be9a-1bcb4d941306', False, 'jpht1-j-percy-priest', 'JPHT1-J_PERCY_PRIEST', null, ST_GeomFromText('POINT(-86.6194 36.1489)',4326), null, null, '2021-02-05T09:53:03.894039Z', null, '98a61f29-18a8-430a-9d02-0f53486e0984', '2bd0903c-6e4d-4d83-8558-1eab52079de0', '00000000-0000-0000-0000-000000000000', null),
('d35922a1-b79d-4e33-a9ad-529d718e0070', False, 'jppt1-j-percy-priest', 'JPPT1-J_PERCY_PRIEST', null, ST_GeomFromText('POINT(-86.6181 36.1567)',4326), null, null, '2021-02-05T09:53:03.894064Z', null, '98a61f29-18a8-430a-9d02-0f53486e0984', '2bd0903c-6e4d-4d83-8558-1eab52079de0', '00000000-0000-0000-0000-000000000000', null),
('5d469117-c7ab-4d53-a37f-2804e52524c5', False, 'blwk2-rockcastler-billowsky', 'BLWK2-RockcastleR-BillowsKY', null, ST_GeomFromText('POINT(-84.2967 37.1711)',4326), null, null, '2021-02-05T09:53:03.894091Z', null, '98a61f29-18a8-430a-9d02-0f53486e0984', '2bd0903c-6e4d-4d83-8558-1eab52079de0', '00000000-0000-0000-0000-000000000000', null),
('d6b71b90-1259-471e-b3e9-d6c8c997113e', False, 'bygt1-wolfr-byrdstowntn', 'BYGT1-WolfR-ByrdstownTN', null, ST_GeomFromText('POINT(-85.0728 36.8631)',4326), null, null, '2021-02-05T09:53:03.894117Z', null, '98a61f29-18a8-430a-9d02-0f53486e0984', '2bd0903c-6e4d-4d83-8558-1eab52079de0', '00000000-0000-0000-0000-000000000000', null),
('b674d698-0f0c-4019-a31d-8986c7359af7', False, 'cclk2-cranks-creek', 'CCLK2-CRANKS_CREEK', null, ST_GeomFromText('POINT(-83.2383 36.7394)',4326), null, null, '2021-02-05T09:53:03.894140Z', null, '98a61f29-18a8-430a-9d02-0f53486e0984', '2bd0903c-6e4d-4d83-8558-1eab52079de0', '00000000-0000-0000-0000-000000000000', null),
('99a4ff62-6354-4b59-ba20-e3e6f020be03', False, 'cdzk2-littler-cadizky', 'CDZK2-LittleR-CadizKY', null, ST_GeomFromText('POINT(-87.7217 36.7778)',4326), null, null, '2021-02-05T09:53:03.894190Z', null, '98a61f29-18a8-430a-9d02-0f53486e0984', '2bd0903c-6e4d-4d83-8558-1eab52079de0', '00000000-0000-0000-0000-000000000000', null),
('e792d532-6695-4987-953f-70210cdbe785', False, 'last1-efkstonesr-lascassastn', 'LAST1-EFkStonesR-LascassasTN', null, ST_GeomFromText('POINT(-86.3336 35.9183)',4326), null, null, '2021-02-05T09:53:03.894226Z', null, '98a61f29-18a8-430a-9d02-0f53486e0984', '2bd0903c-6e4d-4d83-8558-1eab52079de0', '00000000-0000-0000-0000-000000000000', null),
('c35515ca-d720-432e-b95c-53b52600cccb', False, 'jagt1-efkobeyr-jamestowntn', 'JAGT1-EFkObeyR-JamestownTN', null, ST_GeomFromText('POINT(-85.0261 36.4158)',4326), null, null, '2021-02-05T09:53:03.894251Z', null, '98a61f29-18a8-430a-9d02-0f53486e0984', '2bd0903c-6e4d-4d83-8558-1eab52079de0', '00000000-0000-0000-0000-000000000000', null),
('e12668c2-168d-4d5a-a830-f2adbeae6740', False, 'cfkt1-clearfkr-nrrobinstn', 'CFKT1-ClearFkR-nrRobinsTN', null, ST_GeomFromText('POINT(-84.6302 36.3882)',4326), null, null, '2021-02-05T09:53:03.894275Z', null, '98a61f29-18a8-430a-9d02-0f53486e0984', '2bd0903c-6e4d-4d83-8558-1eab52079de0', '00000000-0000-0000-0000-000000000000', null),
('d317e9c1-df30-4c47-89e4-c6cfbfba81a9', False, 'frat1-harpethr-franklintn', 'FRAT1-HarpethR-FranklinTN', null, ST_GeomFromText('POINT(-86.8656 35.9211)',4326), null, null, '2021-02-05T09:53:03.894298Z', null, '98a61f29-18a8-430a-9d02-0f53486e0984', '2bd0903c-6e4d-4d83-8558-1eab52079de0', '00000000-0000-0000-0000-000000000000', null),
('537cb139-e03c-4196-9996-6b03e623ce43', False, 'lylk2-cumberlandr-loyallky', 'LYLK2-CumberlandR-LoyallKY', null, ST_GeomFromText('POINT(-83.3544 36.8478)',4326), null, null, '2021-02-05T09:53:03.894323Z', null, '98a61f29-18a8-430a-9d02-0f53486e0984', '2bd0903c-6e4d-4d83-8558-1eab52079de0', '00000000-0000-0000-0000-000000000000', null),
('d44e3814-6472-49d4-ab89-a14d62b4eb31', False, 'mugt1-efkstonesr-murfreesborotn', 'MUGT1-EFkStonesR-MurfreesboroTN', null, ST_GeomFromText('POINT(-86.4286 35.9025)',4326), null, null, '2021-02-05T09:53:03.894347Z', null, '98a61f29-18a8-430a-9d02-0f53486e0984', '2bd0903c-6e4d-4d83-8558-1eab52079de0', '00000000-0000-0000-0000-000000000000', null),
('f7a5d66b-6f2a-4b04-90ac-2c46ec3f9813', False, 'port1-redr-portroyaltn', 'PORT1-RedR-PortRoyalTN', null, ST_GeomFromText('POINT(-87.1422 36.5539)',4326), null, null, '2021-02-05T09:53:03.894370Z', null, '98a61f29-18a8-430a-9d02-0f53486e0984', '2bd0903c-6e4d-4d83-8558-1eab52079de0', '00000000-0000-0000-0000-000000000000', null),
('0713fbcf-426c-4a6a-9661-3af7990b2ba7', False, 'strk2-sfkcumberlandr-stearnsky', 'STRK2-SFkCumberlandR-StearnsKY', null, ST_GeomFromText('POINT(-84.5325 36.6292)',4326), null, null, '2021-02-05T09:53:03.894429Z', null, '98a61f29-18a8-430a-9d02-0f53486e0984', '2bd0903c-6e4d-4d83-8558-1eab52079de0', '00000000-0000-0000-0000-000000000000', null),
('b067fb49-80ea-46e7-b7e8-8421ad267d26', False, 'nrvt1-newr-nrrobinstn', 'NRVT1-NewR-nrRobinsTN', null, ST_GeomFromText('POINT(-84.5548 36.3854)',4326), null, null, '2021-02-05T09:53:03.894456Z', null, '98a61f29-18a8-430a-9d02-0f53486e0984', '2bd0903c-6e4d-4d83-8558-1eab52079de0', '00000000-0000-0000-0000-000000000000', null),
('c9560d3c-8774-4914-ad03-b445a0b7da9d', False, 'smlk2-cumberlandr-smithlandky', 'SMLK2-CumberlandR-SmithlandKY', null, ST_GeomFromText('POINT(-88.3997 37.1467)',4326), null, null, '2021-02-05T09:53:03.894481Z', null, '98a61f29-18a8-430a-9d02-0f53486e0984', '2bd0903c-6e4d-4d83-8558-1eab52079de0', '00000000-0000-0000-0000-000000000000', null),
('f76b38fb-4ebd-4342-811f-d6d240f72b63', False, 'mcgt1-collinsr-mcminnvilletn', 'MCGT1-CollinsR-McMinnvilleTN', null, ST_GeomFromText('POINT(-85.7319 35.7083)',4326), null, null, '2021-02-05T09:53:03.894505Z', null, '98a61f29-18a8-430a-9d02-0f53486e0984', '2bd0903c-6e4d-4d83-8558-1eab52079de0', '00000000-0000-0000-0000-000000000000', null),
('1df8f4a4-4fd7-4854-bd6a-9d8223674257', False, 'pvlk2-cumberlandr-pinevilleky', 'PVLK2-CumberlandR-PinevilleKY', null, ST_GeomFromText('POINT(-83.6925 36.7644)',4326), null, null, '2021-02-05T09:53:03.894529Z', null, '98a61f29-18a8-430a-9d02-0f53486e0984', '2bd0903c-6e4d-4d83-8558-1eab52079de0', '00000000-0000-0000-0000-000000000000', null),
('4a909b0e-babf-45a8-86b3-7380de576c8e', False, 'lbst1-springcr-lebanontn', 'LBST1-SpringCr-LebanonTN', null, ST_GeomFromText('POINT(-86.2369 36.2217)',4326), null, null, '2021-02-05T09:53:03.894564Z', null, '98a61f29-18a8-430a-9d02-0f53486e0984', '2bd0903c-6e4d-4d83-8558-1eab52079de0', '00000000-0000-0000-0000-000000000000', null),
('52a2ea78-537d-4bac-84c2-b68c3e369fb8', False, 'pent1-cumberlandr-penitentiarybrtn', 'PENT1-CumberlandR-PenitentiaryBrTN', null, ST_GeomFromText('POINT(-85.5958 36.4394)',4326), null, null, '2021-02-05T09:53:03.894593Z', null, '98a61f29-18a8-430a-9d02-0f53486e0984', '2bd0903c-6e4d-4d83-8558-1eab52079de0', '00000000-0000-0000-0000-000000000000', null),
('8d62c70e-0c4f-4764-a89d-7460a489b264', False, 'mdlk2-yellowcr-middlesboroky', 'MDLK2-YellowCr-MiddlesboroKY', null, ST_GeomFromText('POINT(-83.6881 36.6678)',4326), null, null, '2021-02-05T09:53:03.894618Z', null, '98a61f29-18a8-430a-9d02-0f53486e0984', '2bd0903c-6e4d-4d83-8558-1eab52079de0', '00000000-0000-0000-0000-000000000000', null),
('bdf8606a-cd54-47f5-b300-3dd5f45b6e99', False, 'jnct1-jenningscr-whitleyvilletn', 'JNCT1-JenningsCr-WhitleyvilleTN', null, ST_GeomFromText('POINT(-85.6747 36.4403)',4326), null, null, '2021-02-05T09:53:03.894641Z', null, '98a61f29-18a8-430a-9d02-0f53486e0984', '2bd0903c-6e4d-4d83-8558-1eab52079de0', '00000000-0000-0000-0000-000000000000', null),
('62952458-39ee-4f4a-ada1-8911868d6d68', False, 'gvst1-smithfkcr-temperancehalltn', 'GVST1-SmithFkCr-TemperanceHallTN', null, ST_GeomFromText('POINT(-85.9078 36.0875)',4326), null, null, '2021-02-05T09:53:03.894664Z', null, '98a61f29-18a8-430a-9d02-0f53486e0984', '2bd0903c-6e4d-4d83-8558-1eab52079de0', '00000000-0000-0000-0000-000000000000', null),
('a21f8d4c-41fb-47f7-9a40-7c5f93f85343', False, 'sxtk2-clearfk-saxtonky', 'SXTK2-ClearFk-SaxtonKY', null, ST_GeomFromText('POINT(-84.1144 36.6339)',4326), null, null, '2021-02-05T09:53:03.894688Z', null, '98a61f29-18a8-430a-9d02-0f53486e0984', '2bd0903c-6e4d-4d83-8558-1eab52079de0', '00000000-0000-0000-0000-000000000000', null),
('bd1adf73-944d-4bb1-acf2-ec533f796039', False, 'njnt1-tennesseer-nrnewjohnsonvilletn', 'NJNT1-TennesseeR-nrNewJohnsonvilleTN', null, ST_GeomFromText('POINT(-88.0003 35.0178)',4326), null, null, '2021-02-05T09:53:03.894717Z', null, '98a61f29-18a8-430a-9d02-0f53486e0984', '2bd0903c-6e4d-4d83-8558-1eab52079de0', '00000000-0000-0000-0000-000000000000', null),
('661e34eb-2ace-4d33-9d28-bc62b9fe0f76', False, 'kint1-harpethr-kingstonsprngstn', 'KINT1-HarpethR-KingstonSprngsTN', null, ST_GeomFromText('POINT(-87.0989 36.1222)',4326), null, null, '2021-02-05T09:53:03.894741Z', null, '98a61f29-18a8-430a-9d02-0f53486e0984', '2bd0903c-6e4d-4d83-8558-1eab52079de0', '00000000-0000-0000-0000-000000000000', null),
('6203ad8e-1f17-4320-ba99-5dff4792748a', False, 'hort1-horsecr-nrsavannahtn', 'HORT1-HorseCr-nrSavannahTN', null, ST_GeomFromText('POINT(-88.2094 35.1806)',4326), null, null, '2021-02-05T09:53:03.894764Z', null, '98a61f29-18a8-430a-9d02-0f53486e0984', '2bd0903c-6e4d-4d83-8558-1eab52079de0', '00000000-0000-0000-0000-000000000000', null),
('98b2a65e-22e2-4f55-97b6-477e9f518d96', False, 'emgt1-yellowcr-ellismillstn', 'EMGT1-YellowCr-EllisMillsTN', null, ST_GeomFromText('POINT(-87.5536 36.3108)',4326), null, null, '2021-02-05T09:53:03.894789Z', null, '98a61f29-18a8-430a-9d02-0f53486e0984', '2bd0903c-6e4d-4d83-8558-1eab52079de0', '00000000-0000-0000-0000-000000000000', null),
('0b973d32-1f93-4aa2-a2c8-821552ab2ddd', False, 'mtck2-beavercr-monticelloky', 'MTCK2-BeaverCr-MonticelloKY', null, ST_GeomFromText('POINT(-84.8961 36.7975)',4326), null, null, '2021-02-05T09:53:03.894818Z', null, '98a61f29-18a8-430a-9d02-0f53486e0984', '2bd0903c-6e4d-4d83-8558-1eab52079de0', '00000000-0000-0000-0000-000000000000', null),
('84f90597-a764-4be8-99e2-0ef09212672d', False, 'colt1-duckr-columbiatn', 'COLT1-DuckR-ColumbiaTN', null, ST_GeomFromText('POINT(-87.0325 35.6181)',4326), null, null, '2021-02-05T09:53:03.894844Z', null, '98a61f29-18a8-430a-9d02-0f53486e0984', '2bd0903c-6e4d-4d83-8558-1eab52079de0', '00000000-0000-0000-0000-000000000000', null),
('fb44ae76-02c0-4b91-8756-edac44a51925', False, 'ohit1-old-hickory', 'OHIT1-OLD_HICKORY', null, ST_GeomFromText('POINT(-86.6589 36.2972)',4326), null, null, '2021-02-05T09:53:03.894887Z', null, '98a61f29-18a8-430a-9d02-0f53486e0984', '2bd0903c-6e4d-4d83-8558-1eab52079de0', '00000000-0000-0000-0000-000000000000', null),
('12989fd5-fa1f-46a6-a784-2e784dc18a44', False, 'wlbk2-cumberlandr-williamsburgky', 'WLBK2-CumberlandR-WilliamsburgKY', null, ST_GeomFromText('POINT(-84.1564 36.7436)',4326), null, null, '2021-02-05T09:53:03.894912Z', null, '98a61f29-18a8-430a-9d02-0f53486e0984', '2bd0903c-6e4d-4d83-8558-1eab52079de0', '00000000-0000-0000-0000-000000000000', null),
('328969f6-67b3-4126-92ed-768edc93cefd', False, 'shvt1-duckr-nrshelbyvilletn', 'SHVT1-DuckR-nrShelbyvilleTN', null, ST_GeomFromText('POINT(-86.4992 35.4803)',4326), null, null, '2021-02-05T09:53:03.894935Z', null, '98a61f29-18a8-430a-9d02-0f53486e0984', '2bd0903c-6e4d-4d83-8558-1eab52079de0', '00000000-0000-0000-0000-000000000000', null),
('8dcf5fed-620d-4dc4-be34-1dcf5c95eb0c', False, 'fldt1-fort-loudon', 'FLDT1-FORT_LOUDON', null, ST_GeomFromText('POINT(-84.2456 35.7922)',4326), null, null, '2021-02-05T09:53:03.894958Z', null, '98a61f29-18a8-430a-9d02-0f53486e0984', '2bd0903c-6e4d-4d83-8558-1eab52079de0', '00000000-0000-0000-0000-000000000000', null),
('d1ff93f8-43b0-42ce-a160-eff33a428d47', False, 'lvgt1-livingstontn', 'LVGT1-LivingstonTN', null, ST_GeomFromText('POINT(-85.3167 36.3833)',4326), null, null, '2021-02-05T09:53:03.894981Z', null, '98a61f29-18a8-430a-9d02-0f53486e0984', '2bd0903c-6e4d-4d83-8558-1eab52079de0', '00000000-0000-0000-0000-000000000000', null),
('81998deb-96b1-404f-9aa0-311f5a383938', False, 'jnvt1', 'JNVT1', null, ST_GeomFromText('POINT(87.9758 36.0308)',4326), null, null, '2021-02-05T09:53:03.895017Z', null, '98a61f29-18a8-430a-9d02-0f53486e0984', '2bd0903c-6e4d-4d83-8558-1eab52079de0', '00000000-0000-0000-0000-000000000000', null),
('bed0b812-d4c1-4b54-aab2-b3c58dab76b9', False, 'gbot1-roaringr-gainesborotn', 'GBOT1-RoaringR-GainesboroTN', null, ST_GeomFromText('POINT(-85.5453 36.3514)',4326), null, null, '2021-02-05T09:53:03.895064Z', null, '98a61f29-18a8-430a-9d02-0f53486e0984', '2bd0903c-6e4d-4d83-8558-1eab52079de0', '00000000-0000-0000-0000-000000000000', null),
('579ed4e7-4306-4f5b-99e9-4e469d59fab0', False, 'lebt1-lebanontn', 'LEBT1-LebanonTN', null, ST_GeomFromText('POINT(-86.3178 36.2286)',4326), null, null, '2021-02-05T09:53:03.895090Z', null, '98a61f29-18a8-430a-9d02-0f53486e0984', '2bd0903c-6e4d-4d83-8558-1eab52079de0', '00000000-0000-0000-0000-000000000000', null),
('3778cd69-73cd-4df3-992b-a7fe204e4f3a', False, 'unvt1-unionvilletn', 'UNVT1-UnionvilleTN', null, ST_GeomFromText('POINT(-86.5864 35.6211)',4326), null, null, '2021-02-05T09:53:03.895118Z', null, '98a61f29-18a8-430a-9d02-0f53486e0984', '2bd0903c-6e4d-4d83-8558-1eab52079de0', '00000000-0000-0000-0000-000000000000', null),
('9e468f66-23aa-4397-9268-6d4632d9ee53', False, 'wdbt1-woodburytn', 'WDBT1-WoodburyTN', null, ST_GeomFromText('POINT(-86.0733 35.8292)',4326), null, null, '2021-02-05T09:53:03.895151Z', null, '98a61f29-18a8-430a-9d02-0f53486e0984', '2bd0903c-6e4d-4d83-8558-1eab52079de0', '00000000-0000-0000-0000-000000000000', null),
('a39196f0-fa1e-4312-840b-41d246d92860', False, 'lbyk2-libertyky', 'LBYK2-LibertyKY', null, ST_GeomFromText('POINT(-84.9333 37.3)',4326), null, null, '2021-02-05T09:53:03.895179Z', null, '98a61f29-18a8-430a-9d02-0f53486e0984', '2bd0903c-6e4d-4d83-8558-1eab52079de0', '00000000-0000-0000-0000-000000000000', null),
('ca0c3c9f-03ae-40f6-bb41-5f9f5dff8a15', False, 'nkjt1-nickajack', 'NKJT1-NICKAJACK', null, ST_GeomFromText('POINT(-85.6222 35.0017)',4326), null, null, '2021-02-05T09:53:03.895203Z', null, '98a61f29-18a8-430a-9d02-0f53486e0984', '2bd0903c-6e4d-4d83-8558-1eab52079de0', '00000000-0000-0000-0000-000000000000', null),
('bae5493c-330e-40dd-b248-efb766b0a1e4', False, 'wbot1-watts-bar', 'WBOT1-WATTS_BAR', null, ST_GeomFromText('POINT(-84.7886 35.6086)',4326), null, null, '2021-02-05T09:53:03.895232Z', null, '98a61f29-18a8-430a-9d02-0f53486e0984', '2bd0903c-6e4d-4d83-8558-1eab52079de0', '00000000-0000-0000-0000-000000000000', null),
('7a9fb19b-78bc-45c0-8026-df61c311ac0f', False, 'orlt1-orlindatn', 'ORLT1-OrlindaTN', null, ST_GeomFromText('POINT(-86.7153 36.6025)',4326), null, null, '2021-02-05T09:53:03.895258Z', null, '98a61f29-18a8-430a-9d02-0f53486e0984', '2bd0903c-6e4d-4d83-8558-1eab52079de0', '00000000-0000-0000-0000-000000000000', null),
('8066a682-0c43-43bb-9095-34d8592e6adc', False, 'cntt1', 'CNTT1', null, ST_GeomFromText('POINT(0 0)',4326), null, null, '2021-02-05T09:53:03.895283Z', null, '98a61f29-18a8-430a-9d02-0f53486e0984', '2bd0903c-6e4d-4d83-8558-1eab52079de0', '00000000-0000-0000-0000-000000000000', null),
('10d31320-e970-4b16-b125-424e4c4c448e', False, 'ctnk2-cantonky', 'CTNK2-CantonKY', null, ST_GeomFromText('POINT(-87.9644 36.7942)',4326), null, null, '2021-02-05T09:53:03.895309Z', null, '98a61f29-18a8-430a-9d02-0f53486e0984', '2bd0903c-6e4d-4d83-8558-1eab52079de0', '00000000-0000-0000-0000-000000000000', null),
('af90c532-3648-4b6e-bb86-90979db67729', False, 'coot1-cookevilletn', 'COOT1-CookevilleTN', null, ST_GeomFromText('POINT(-85.5 36.15)',4326), null, null, '2021-02-05T09:53:03.895334Z', null, '98a61f29-18a8-430a-9d02-0f53486e0984', '2bd0903c-6e4d-4d83-8558-1eab52079de0', '00000000-0000-0000-0000-000000000000', null),
('4a61fd9f-216b-4db1-ae85-83e0574d7dfb', False, 'kwtt1-knoxvilletn-wtp', 'KWTT1-KnoxvilleTN-WTP', null, ST_GeomFromText('POINT(-83.9289 5.9456)',4326), null, null, '2021-02-05T09:53:03.895360Z', null, '98a61f29-18a8-430a-9d02-0f53486e0984', '2bd0903c-6e4d-4d83-8558-1eab52079de0', '00000000-0000-0000-0000-000000000000', null),
('72417936-0198-480f-88b1-bc75a2cb11d1', False, 'brak2-bereaky', 'BRAK2-BereaKY', null, ST_GeomFromText('POINT(-84.2525 37.5744)',4326), null, null, '2021-02-05T09:53:03.895384Z', null, '98a61f29-18a8-430a-9d02-0f53486e0984', '2bd0903c-6e4d-4d83-8558-1eab52079de0', '00000000-0000-0000-0000-000000000000', null),
('d9980223-aefb-4dee-a9b8-1fcb6e998773', False, 'cbbk2-cobbky', 'CBBK2-CobbKY', null, ST_GeomFromText('POINT(-87.7781 36.9933)',4326), null, null, '2021-02-05T09:53:03.895410Z', null, '98a61f29-18a8-430a-9d02-0f53486e0984', '2bd0903c-6e4d-4d83-8558-1eab52079de0', '00000000-0000-0000-0000-000000000000', null),
('c3f98550-023a-490e-b7a3-847e8353a061', False, 'ektk2-elktonky', 'EKTK2-ElktonKY', null, ST_GeomFromText('POINT(-87.1022 36.8022)',4326), null, null, '2021-02-05T09:53:03.895435Z', null, '98a61f29-18a8-430a-9d02-0f53486e0984', '2bd0903c-6e4d-4d83-8558-1eab52079de0', '00000000-0000-0000-0000-000000000000', null),
('b090f475-dd3b-449d-9e8a-81ce6bafda39', False, 'hbft1-harpethr-blwfranklin', 'HBFT1-HarpethR-blwFranklin', null, ST_GeomFromText('POINT(-86.8817 35.9481)',4326), null, null, '2021-02-05T09:53:03.895458Z', null, '98a61f29-18a8-430a-9d02-0f53486e0984', '2bd0903c-6e4d-4d83-8558-1eab52079de0', '00000000-0000-0000-0000-000000000000', null),
('0b94b773-4e84-4cad-80ea-492047044870', False, 'bigt1-bigsandyr-brucetontn', 'BIGT1-BigSandyR-BrucetonTN', null, ST_GeomFromText('POINT(-88.2289 36.0369)',4326), null, null, '2021-02-05T09:53:03.895490Z', null, '98a61f29-18a8-430a-9d02-0f53486e0984', '2bd0903c-6e4d-4d83-8558-1eab52079de0', '00000000-0000-0000-0000-000000000000', null),
('3bced85a-304c-470a-9d89-3b0405bfcd63', False, 'mltt1-duckr-avbmilltowntn', 'MLTT1-DuckR-avbMilltownTN', null, ST_GeomFromText('POINT(-86.7789 35.5764)',4326), null, null, '2021-02-05T09:53:03.895516Z', null, '98a61f29-18a8-430a-9d02-0f53486e0984', '2bd0903c-6e4d-4d83-8558-1eab52079de0', '00000000-0000-0000-0000-000000000000', null),
('2bce3be9-1aa2-44d9-b07b-988770bd519b', False, 'chpt1-cheatham', 'CHPT1-CHEATHAM', null, ST_GeomFromText('POINT(-87.2275 36.3144)',4326), null, null, '2021-02-05T09:53:03.895541Z', null, '98a61f29-18a8-430a-9d02-0f53486e0984', '2bd0903c-6e4d-4d83-8558-1eab52079de0', '00000000-0000-0000-0000-000000000000', null),
('0ff0e1e1-7116-43b2-9e67-ec1ec5bf0824', False, 'ceht1-center-hill', 'CEHT1-CENTER_HILL', null, ST_GeomFromText('POINT(-85.8272 36.0939)',4326), null, null, '2021-02-05T09:53:03.895658Z', null, '98a61f29-18a8-430a-9d02-0f53486e0984', '2bd0903c-6e4d-4d83-8558-1eab52079de0', '00000000-0000-0000-0000-000000000000', null),
('bb1af020-f53e-4f4c-9745-138a857d9a96', False, 'lapk2-laurel', 'LAPK2-LAUREL', null, ST_GeomFromText('POINT(-84.2678 36.9625)',4326), null, null, '2021-02-05T09:53:03.895693Z', null, '98a61f29-18a8-430a-9d02-0f53486e0984', '2bd0903c-6e4d-4d83-8558-1eab52079de0', '00000000-0000-0000-0000-000000000000', null),
('13f844b5-f11a-4844-adc4-64cd0c33b8f4', False, 'cmbk2-poorfk-cumberlandky', 'CMBK2-PoorFk-CumberlandKY', null, ST_GeomFromText('POINT(-82.9939 36.9733)',4326), null, null, '2021-02-05T09:53:03.895718Z', null, '98a61f29-18a8-430a-9d02-0f53486e0984', '2bd0903c-6e4d-4d83-8558-1eab52079de0', '00000000-0000-0000-0000-000000000000', null),
('867a2c98-0553-4491-a6de-fb052c1eb9db', False, 'fnht1-fountaincr-nrfountainheightstn', 'FNHT1-FountainCr-nrFountainHeightsTN', null, ST_GeomFromText('POINT(-86.9419 35.5181)',4326), null, null, '2021-02-05T09:53:03.895741Z', null, '98a61f29-18a8-430a-9d02-0f53486e0984', '2bd0903c-6e4d-4d83-8558-1eab52079de0', '00000000-0000-0000-0000-000000000000', null),
('8970d053-bcb5-473f-8d01-269b743378b8', False, 'bpgt1-bethpagetn', 'BPGT1-BethpageTN', null, ST_GeomFromText('POINT(-86.3106 36.4872)',4326), null, null, '2021-02-05T09:53:03.895765Z', null, '98a61f29-18a8-430a-9d02-0f53486e0984', '2bd0903c-6e4d-4d83-8558-1eab52079de0', '00000000-0000-0000-0000-000000000000', null),
('683092b7-8dc9-42fa-938a-9aa2d65ebdd8', False, 'bbvk2-cumberlandr-barbourvilleky', 'BBVK2-CumberlandR-BarbourvilleKY', null, ST_GeomFromText('POINT(-83.8875 36.8631)',4326), null, null, '2021-02-05T09:53:03.895789Z', null, '98a61f29-18a8-430a-9d02-0f53486e0984', '2bd0903c-6e4d-4d83-8558-1eab52079de0', '00000000-0000-0000-0000-000000000000', null),
('ead4b9d0-09c4-45bd-af43-dd123ae95973', False, 'cnvt1-duckr-centervilletn', 'CNVT1-DuckR-CentervilleTN', null, ST_GeomFromText('POINT(-87.46 35.7842)',4326), null, null, '2021-02-05T09:53:03.895812Z', null, '98a61f29-18a8-430a-9d02-0f53486e0984', '2bd0903c-6e4d-4d83-8558-1eab52079de0', '00000000-0000-0000-0000-000000000000', null),
('29e8d3e5-1eb3-40dc-84bf-86c329ebbf57', False, 'dblt1-bigrockcr-nrdoublebridgestn', 'DBLT1-BigRockCr-nrDoubleBridgesTN', null, ST_GeomFromText('POINT(-86.7686 35.5044)',4326), null, null, '2021-02-05T09:53:03.895836Z', null, '98a61f29-18a8-430a-9d02-0f53486e0984', '2bd0903c-6e4d-4d83-8558-1eab52079de0', '00000000-0000-0000-0000-000000000000', null),
('48cc73a8-16bb-4d04-8a6a-899a1980126b', False, 'mcet1-mcewentn', 'MCET1-McEwenTN', null, ST_GeomFromText('POINT(-87.6369 36.1069)',4326), null, null, '2021-02-05T09:53:03.895860Z', null, '98a61f29-18a8-430a-9d02-0f53486e0984', '2bd0903c-6e4d-4d83-8558-1eab52079de0', '00000000-0000-0000-0000-000000000000', null),
('50b60c57-8bb9-4886-a7af-45c931b6b59b', False, 'ohht1-old-hickory', 'OHHT1-OLD_HICKORY', null, ST_GeomFromText('POINT(-86.6589 36.2972)',4326), null, null, '2021-02-05T09:53:03.895891Z', null, '98a61f29-18a8-430a-9d02-0f53486e0984', '2bd0903c-6e4d-4d83-8558-1eab52079de0', '00000000-0000-0000-0000-000000000000', null),
('78ed1c56-2a8a-4f65-9681-7ad3a2c2b817', False, 'ohgt1-old-hickory', 'OHGT1-OLD_HICKORY', null, ST_GeomFromText('POINT(-86.6586 36.2969)',4326), null, null, '2021-02-05T09:53:03.896175Z', null, '98a61f29-18a8-430a-9d02-0f53486e0984', '2bd0903c-6e4d-4d83-8558-1eab52079de0', '00000000-0000-0000-0000-000000000000', null),
('bc257152-d5b8-4cfa-b805-272e559a717e', False, 'barkley-spillway-gates', 'Barkley-Spillway-Gates', null, ST_GeomFromText('POINT(-88.2235 37.0207)',4326), null, null, '2021-02-05T09:53:03.896214Z', null, '98a61f29-18a8-430a-9d02-0f53486e0984', '2bd0903c-6e4d-4d83-8558-1eab52079de0', '00000000-0000-0000-0000-000000000000', null),
('31de340d-4115-4adf-b43b-f3532935a1f4', False, 'cordell-hull-spillway-gates', 'Cordell-Hull-Spillway-Gates', null, ST_GeomFromText('POINT(-85.9432 36.2901)',4326), null, null, '2021-02-05T09:53:03.896243Z', null, '98a61f29-18a8-430a-9d02-0f53486e0984', '2bd0903c-6e4d-4d83-8558-1eab52079de0', '00000000-0000-0000-0000-000000000000', null),
('93c1c2cc-c23e-4a32-b717-a2709103b6c0', False, 'cheatham-spillway-gates', 'Cheatham-Spillway-Gates', null, ST_GeomFromText('POINT(-87.2226 36.3196)',4326), null, null, '2021-02-05T09:53:03.896286Z', null, '98a61f29-18a8-430a-9d02-0f53486e0984', '2bd0903c-6e4d-4d83-8558-1eab52079de0', '00000000-0000-0000-0000-000000000000', null),
('089b25dd-813c-4209-9aa4-90317dfda7ae', False, 'bort1', 'BORT1', null, ST_GeomFromText('POINT(-86.8203 36.2175)',4326), null, null, '2021-02-05T09:53:03.896311Z', null, '98a61f29-18a8-430a-9d02-0f53486e0984', '2bd0903c-6e4d-4d83-8558-1eab52079de0', '00000000-0000-0000-0000-000000000000', null),
('8a456b58-67cb-4d55-8f5e-ff492ab7f27a', False, 'nrct1', 'NRCT1', null, ST_GeomFromText('POINT(-86.8542 36.1511)',4326), null, null, '2021-02-05T09:53:03.896338Z', null, '98a61f29-18a8-430a-9d02-0f53486e0984', '2bd0903c-6e4d-4d83-8558-1eab52079de0', '00000000-0000-0000-0000-000000000000', null),
('dbc17081-a9af-404c-a276-064c0f49f770', False, 'nbct1', 'NBCT1', null, ST_GeomFromText('POINT(-86.7611 36.13)',4326), null, null, '2021-02-05T09:53:03.896365Z', null, '98a61f29-18a8-430a-9d02-0f53486e0984', '2bd0903c-6e4d-4d83-8558-1eab52079de0', '00000000-0000-0000-0000-000000000000', null),
('6487b608-0117-4395-855c-00357c83bc8c', False, 'cumberlandnashville', 'CumberlandNashville', null, ST_GeomFromText('POINT(-86.7764 36.1672)',4326), null, null, '2021-02-05T09:53:03.896392Z', null, '98a61f29-18a8-430a-9d02-0f53486e0984', '2bd0903c-6e4d-4d83-8558-1eab52079de0', '00000000-0000-0000-0000-000000000000', null),
('f4419db2-b033-475c-9b7c-77f875c235d8', False, 'paducah', 'Paducah', null, ST_GeomFromText('POINT(-88.5944 37.0894)',4326), null, null, '2021-02-05T09:53:03.896417Z', null, '98a61f29-18a8-430a-9d02-0f53486e0984', '2bd0903c-6e4d-4d83-8558-1eab52079de0', '00000000-0000-0000-0000-000000000000', null),
('688396ac-99b4-4633-a982-377fbdff5e02', False, 'mflk2-martins-fork', 'MFLK2-MARTINS_FORK', null, ST_GeomFromText('POINT(-83.2597 36.7506)',4326), null, null, '2021-02-05T09:53:03.896443Z', null, '98a61f29-18a8-430a-9d02-0f53486e0984', '2bd0903c-6e4d-4d83-8558-1eab52079de0', '00000000-0000-0000-0000-000000000000', null),
('4e8a3037-d547-467b-870e-ee4d9232274a', False, 'akln6', 'AKLN6', null, ST_GeomFromText('POINT(-77.7167 42.3958)',4326), null, null, '2021-02-05T09:53:03.896859Z', null, '98a61f29-18a8-430a-9d02-0f53486e0984', '2bd0903c-6e4d-4d83-8558-1eab52079de0', '00000000-0000-0000-0000-000000000000', null),
('1fb3a89d-aefa-4b7d-ad05-f312cc938667', False, 'rochesterny-blbn6', 'RochesterNY-BLBN6', null, ST_GeomFromText('POINT(-77.6806 43.0922)',4326), null, null, '2021-02-05T09:53:03.896902Z', null, '98a61f29-18a8-430a-9d02-0f53486e0984', '2bd0903c-6e4d-4d83-8558-1eab52079de0', '00000000-0000-0000-0000-000000000000', null),
('9ccc71c2-55e5-456d-bd38-ecd928413ba7', False, 'churchvilleny-chcn6', 'ChurchvilleNY-CHCN6', null, ST_GeomFromText('POINT(-77.8825 43.1006)',4326), null, null, '2021-02-05T09:53:03.896936Z', null, '98a61f29-18a8-430a-9d02-0f53486e0984', '2bd0903c-6e4d-4d83-8558-1eab52079de0', '00000000-0000-0000-0000-000000000000', null),
('6e888269-61fc-483f-8f8d-10e42e229bfe', False, 'dansvilleny-dsvn6', 'DansvilleNY-DSVN6', null, ST_GeomFromText('POINT(-77.7044 42.5356)',4326), null, null, '2021-02-05T09:53:03.896960Z', null, '98a61f29-18a8-430a-9d02-0f53486e0984', '2bd0903c-6e4d-4d83-8558-1eab52079de0', '00000000-0000-0000-0000-000000000000', null),
('f8e40159-6484-494c-8407-787fccb28b47', False, 'honeoyecreekny-hnyn6', 'HoneoyeCreekNY-HNYN6', null, ST_GeomFromText('POINT(-77.5889 42.9569)',4326), null, null, '2021-02-05T09:53:03.896978Z', null, '98a61f29-18a8-430a-9d02-0f53486e0984', '2bd0903c-6e4d-4d83-8558-1eab52079de0', '00000000-0000-0000-0000-000000000000', null),
('2df711dd-2056-4cb2-934f-f80022d410eb', False, 'jonesbridgeny-jonn6', 'JonesBridgeNY-JONN6', null, ST_GeomFromText('POINT(-77.8392 42.7667)',4326), null, null, '2021-02-05T09:53:03.896995Z', null, '98a61f29-18a8-430a-9d02-0f53486e0984', '2bd0903c-6e4d-4d83-8558-1eab52079de0', '00000000-0000-0000-0000-000000000000', null),
('253202a2-0a8b-4e5a-bddd-a13b2f80c3ff', False, 'wellsvilleny-weln6', 'WellsvilleNY-WELN6', null, ST_GeomFromText('POINT(-77.9575 42.1222)',4326), null, null, '2021-02-05T09:53:03.897012Z', null, '98a61f29-18a8-430a-9d02-0f53486e0984', '2bd0903c-6e4d-4d83-8558-1eab52079de0', '00000000-0000-0000-0000-000000000000', null),
('a2d41306-ee43-4ef1-a3b2-84592b4121e7', False, 'warsawny-wrsn6', 'WarsawNY-WRSN6', null, ST_GeomFromText('POINT(-78.1378 42.7442)',4326), null, null, '2021-02-05T09:53:03.897028Z', null, '98a61f29-18a8-430a-9d02-0f53486e0984', '2bd0903c-6e4d-4d83-8558-1eab52079de0', '00000000-0000-0000-0000-000000000000', null),
('72803fb7-9e3d-4366-86d0-d4e2b3528096', False, 'elkp1', 'ELKP1', null, ST_GeomFromText('POINT(-77.3025 41.9875)',4326), null, null, '2021-02-05T09:53:03.897045Z', null, '98a61f29-18a8-430a-9d02-0f53486e0984', '2bd0903c-6e4d-4d83-8558-1eab52079de0', '00000000-0000-0000-0000-000000000000', null),
('904f3d4b-8e2e-4531-ac2b-de21793a9016', False, 'hrln6', 'HRLN6', null, ST_GeomFromText('POINT(-77.7044 42.3489)',4326), null, null, '2021-02-05T09:53:03.897062Z', null, '98a61f29-18a8-430a-9d02-0f53486e0984', '2bd0903c-6e4d-4d83-8558-1eab52079de0', '00000000-0000-0000-0000-000000000000', null),
('40a6124c-77ca-48de-a5c0-0e9f152b052b', False, 'mbyp1', 'MBYP1', null, ST_GeomFromText('POINT(-77.2767 41.8425)',4326), null, null, '2021-02-05T09:53:03.897079Z', null, '98a61f29-18a8-430a-9d02-0f53486e0984', '2bd0903c-6e4d-4d83-8558-1eab52079de0', '00000000-0000-0000-0000-000000000000', null),
('fa1a6921-eefe-4c99-85c2-00fc597c38e3', False, 'frkn6', 'FRKN6', null, ST_GeomFromText('POINT(-78.4636 42.3294)',4326), null, null, '2021-02-05T09:53:03.897101Z', null, '98a61f29-18a8-430a-9d02-0f53486e0984', '2bd0903c-6e4d-4d83-8558-1eab52079de0', '00000000-0000-0000-0000-000000000000', null),
('c1a5219e-a579-4771-92f4-1f097d3c2766', False, 'olnn6', 'OLNN6', null, ST_GeomFromText('POINT(-78.4511 42.0731)',4326), null, null, '2021-02-05T09:53:03.897117Z', null, '98a61f29-18a8-430a-9d02-0f53486e0984', '2bd0903c-6e4d-4d83-8558-1eab52079de0', '00000000-0000-0000-0000-000000000000', null),
('30542291-5420-4eb3-b5ed-eccc4641873b', False, 'knvn6', 'KNVN6', null, ST_GeomFromText('POINT(-78.3103 43.3011)',4326), null, null, '2021-02-05T09:53:03.897137Z', null, '98a61f29-18a8-430a-9d02-0f53486e0984', '2bd0903c-6e4d-4d83-8558-1eab52079de0', '00000000-0000-0000-0000-000000000000', null),
('c418df64-1989-4b86-a8f3-ca50ef255c50', False, 'shnp1', 'SHNP1', null, ST_GeomFromText('POINT(-78.1983 41.9617)',4326), null, null, '2021-02-05T09:53:03.897153Z', null, '98a61f29-18a8-430a-9d02-0f53486e0984', '2bd0903c-6e4d-4d83-8558-1eab52079de0', '00000000-0000-0000-0000-000000000000', null),
('89d1a9ed-3342-4ebc-9aed-b3e29464ada8', False, 'avon', 'Avon', null, ST_GeomFromText('POINT(-77.7575 42.9178)',4326), null, null, '2021-02-05T09:53:03.897235Z', null, '98a61f29-18a8-430a-9d02-0f53486e0984', '2bd0903c-6e4d-4d83-8558-1eab52079de0', '00000000-0000-0000-0000-000000000000', null),
('cb864d00-4ae7-446a-a975-7cf3d6ba1f02', False, 'oatkacreekgarbutt', 'OatkaCreekGarbutt', null, ST_GeomFromText('POINT(-77.7917 43.01)',4326), null, null, '2021-02-05T09:53:03.897263Z', null, '98a61f29-18a8-430a-9d02-0f53486e0984', '2bd0903c-6e4d-4d83-8558-1eab52079de0', '00000000-0000-0000-0000-000000000000', null),
('4aa66a38-b454-44e0-808a-884b1f7969dd', False, 'mtmorris-lake', 'MtMorris-Lake', null, ST_GeomFromText('POINT(-77.9075 42.7331)',4326), null, null, '2021-02-05T09:53:03.897280Z', null, '98a61f29-18a8-430a-9d02-0f53486e0984', '2bd0903c-6e4d-4d83-8558-1eab52079de0', '00000000-0000-0000-0000-000000000000', null),
('29c05639-1315-4958-808d-003e46c18769', False, 'portageville', 'Portageville', null, ST_GeomFromText('POINT(-78.0425 42.5703)',4326), null, null, '2021-02-05T09:53:03.897326Z', null, '98a61f29-18a8-430a-9d02-0f53486e0984', '2bd0903c-6e4d-4d83-8558-1eab52079de0', '00000000-0000-0000-0000-000000000000', null),
('e7569ec3-0387-47fa-818c-9a9bfad0578b', False, 'ckvt1-cumberlandr-clarksvilletn', 'CKVT1-CumberlandR-ClarksvilleTN', null, ST_GeomFromText('POINT(-87.3678 36.5414)',4326), null, null, '2021-02-05T09:53:03.897381Z', null, '98a61f29-18a8-430a-9d02-0f53486e0984', '2bd0903c-6e4d-4d83-8558-1eab52079de0', '00000000-0000-0000-0000-000000000000', null),
('36a97ba3-fbfc-4e2a-b32e-3843b221d2b9', False, 'ford-street-at-rochester', 'Ford_Street_at_Rochester', null, ST_GeomFromText('POINT(-77.6164 43.1417)',4326), null, null, '2021-02-05T09:53:03.897407Z', null, '98a61f29-18a8-430a-9d02-0f53486e0984', '2bd0903c-6e4d-4d83-8558-1eab52079de0', '00000000-0000-0000-0000-000000000000', null),
('dea3b440-5650-43e0-b8ed-f4dd7a0f9952', False, 'normandy-rain-near-normandy', 'Normandy_Rain_Near_Normandy', null, ST_GeomFromText('POINT(-86.2453 35.4575)',4326), null, null, '2021-02-05T09:53:03.897424Z', null, '98a61f29-18a8-430a-9d02-0f53486e0984', '2bd0903c-6e4d-4d83-8558-1eab52079de0', '00000000-0000-0000-0000-000000000000', null),
('684993ee-a0d0-4a45-8a36-62558a473559', False, 'normandy-tailwater', 'NORMANDY_TAILWATER', null, ST_GeomFromText('POINT(-86.2467 35.4628)',4326), null, null, '2021-02-05T09:53:03.897440Z', null, '98a61f29-18a8-430a-9d02-0f53486e0984', '2bd0903c-6e4d-4d83-8558-1eab52079de0', '00000000-0000-0000-0000-000000000000', null),
('0d68dccf-8a26-40cf-ae46-a299074d0737', False, 'normandy-headwater', 'Normandy_Headwater', null, ST_GeomFromText('POINT(-86.2472 35.4653)',4326), null, null, '2021-02-05T09:53:03.897457Z', null, '98a61f29-18a8-430a-9d02-0f53486e0984', '2bd0903c-6e4d-4d83-8558-1eab52079de0', '00000000-0000-0000-0000-000000000000', null),
('0e81e807-81dc-4547-9d7d-9819bda849f9', False, 'rwnk2-wolf-creek', 'RWNK2-WOLF_CREEK', null, ST_GeomFromText('POINT(-85.1394 36.8836)',4326), null, null, '2021-02-05T09:53:03.897474Z', null, '98a61f29-18a8-430a-9d02-0f53486e0984', '2bd0903c-6e4d-4d83-8558-1eab52079de0', '00000000-0000-0000-0000-000000000000', null),
('ffbb13b3-71e1-4872-9bef-5ddd4d78634d', False, 'smithland-ld', 'Smithland LD', null, ST_GeomFromText('POINT(-88.4261 37.1583)',4326), null, null, '2021-02-05T09:53:03.897491Z', null, '98a61f29-18a8-430a-9d02-0f53486e0984', '2bd0903c-6e4d-4d83-8558-1eab52079de0', '00000000-0000-0000-0000-000000000000', null),
('13b8b34a-3b2b-45ad-833e-c189ffbc3e51', False, 'falt1-fallsstateparktn', 'FALT1-FallsStateParkTN', null, ST_GeomFromText('POINT(-85.3086 35.6825)',4326), null, null, '2021-02-05T09:53:03.897508Z', null, '98a61f29-18a8-430a-9d02-0f53486e0984', '2bd0903c-6e4d-4d83-8558-1eab52079de0', '00000000-0000-0000-0000-000000000000', null),
('05218a85-8dad-49ca-896a-8e1cc79c73da', False, 'fallingwaterr', 'FallingWaterR', null, ST_GeomFromText('POINT(-85.5214 36.0772)',4326), null, null, '2021-02-05T09:53:03.897525Z', null, '98a61f29-18a8-430a-9d02-0f53486e0984', '2bd0903c-6e4d-4d83-8558-1eab52079de0', '00000000-0000-0000-0000-000000000000', null),
('4750d6ee-7b98-4645-8246-678de0373523', False, 'cett1-center-hill', 'CETT1-CENTER_HILL', null, ST_GeomFromText('POINT(-85.8333 36.0917)',4326), null, null, '2021-02-05T09:53:03.897546Z', null, '98a61f29-18a8-430a-9d02-0f53486e0984', '2bd0903c-6e4d-4d83-8558-1eab52079de0', '00000000-0000-0000-0000-000000000000', null),
('1b37b7d5-bb92-491f-b57f-32f5a12d3cc5', False, 'south-chick-cr-near-chattanooga', 'South_Chick_Cr_near_Chattanooga', null, ST_GeomFromText('POINT(-85.2106 35.0136)',4326), null, null, '2021-02-05T09:53:03.897564Z', null, '98a61f29-18a8-430a-9d02-0f53486e0984', '2bd0903c-6e4d-4d83-8558-1eab52079de0', '00000000-0000-0000-0000-000000000000', null),
('f97af627-f44c-4f72-883c-7e2a2df10e44', False, 'tenn-river-at-s-pittsburg', 'Tenn_River_at_S_Pittsburg', null, ST_GeomFromText('POINT(-85.6975 35.0114)',4326), null, null, '2021-02-05T09:53:03.897581Z', null, '98a61f29-18a8-430a-9d02-0f53486e0984', '2bd0903c-6e4d-4d83-8558-1eab52079de0', '00000000-0000-0000-0000-000000000000', null),
('bffef26a-787e-49c0-aa62-c62cfe473c85', False, 'anderson-rain', 'Anderson_Rain', null, ST_GeomFromText('POINT(-85.8972 35.0028)',4326), null, null, '2021-02-05T09:53:03.897598Z', null, '98a61f29-18a8-430a-9d02-0f53486e0984', '2bd0903c-6e4d-4d83-8558-1eab52079de0', '00000000-0000-0000-0000-000000000000', null),
('59807d85-54a5-4db2-b776-f2c8788e9232', False, 'n-chick-cr-at-mile-straight', 'N_Chick_Cr_at_Mile_Straight', null, ST_GeomFromText('POINT(-85.2153 35.2111)',4326), null, null, '2021-02-05T09:53:03.897616Z', null, '98a61f29-18a8-430a-9d02-0f53486e0984', '2bd0903c-6e4d-4d83-8558-1eab52079de0', '00000000-0000-0000-0000-000000000000', null),
('951580aa-0a5f-43f9-9011-74fb1a56281b', False, 'mcdonald', 'McDonald', null, ST_GeomFromText('POINT(-84.9897 35.0967)',4326), null, null, '2021-02-05T09:53:03.897633Z', null, '98a61f29-18a8-430a-9d02-0f53486e0984', '2bd0903c-6e4d-4d83-8558-1eab52079de0', '00000000-0000-0000-0000-000000000000', null),
('cfe75d8d-30a1-45ce-ac43-adeb005a492b', False, 'cleveland', 'Cleveland', null, ST_GeomFromText('POINT(-84.8214 35.1836)',4326), null, null, '2021-02-05T09:53:03.897649Z', null, '98a61f29-18a8-430a-9d02-0f53486e0984', '2bd0903c-6e4d-4d83-8558-1eab52079de0', '00000000-0000-0000-0000-000000000000', null),
('dcbe6e98-96ec-4e02-878d-e37f48d1c8b4', False, 'georgetown', 'Georgetown', null, ST_GeomFromText('POINT(-84.9656 35.3217)',4326), null, null, '2021-02-05T09:53:03.897666Z', null, '98a61f29-18a8-430a-9d02-0f53486e0984', '2bd0903c-6e4d-4d83-8558-1eab52079de0', '00000000-0000-0000-0000-000000000000', null),
('6e7219a2-1866-40aa-98fb-d013c477d9ce', False, 'sequatchie-river-near-whitwell', 'Sequatchie_River_near_Whitwell', null, ST_GeomFromText('POINT(-85.4972 35.2064)',4326), null, null, '2021-02-05T09:53:03.897686Z', null, '98a61f29-18a8-430a-9d02-0f53486e0984', '2bd0903c-6e4d-4d83-8558-1eab52079de0', '00000000-0000-0000-0000-000000000000', null),
('ace9c7b2-ddc5-4c2c-a645-78bc6ca1799e', False, 'whitwell', 'Whitwell', null, ST_GeomFromText('POINT(-85.5194 35.2097)',4326), null, null, '2021-02-05T09:53:03.897705Z', null, '98a61f29-18a8-430a-9d02-0f53486e0984', '2bd0903c-6e4d-4d83-8558-1eab52079de0', '00000000-0000-0000-0000-000000000000', null),
('74c2acc0-ad4f-4b2c-bc87-8358fbce9293', False, 'raccoon-mountain-near-whitwell', 'Raccoon_Mountain_near_Whitwell', null, ST_GeomFromText('POINT(-85.3875 35.0567)',4326), null, null, '2021-02-05T09:53:03.897725Z', null, '98a61f29-18a8-430a-9d02-0f53486e0984', '2bd0903c-6e4d-4d83-8558-1eab52079de0', '00000000-0000-0000-0000-000000000000', null),
('aa10f365-1ac0-4c18-9586-30620560759a', False, 'wckg1-westchickamaugacr-lakeviewga', 'WCKG1-WestChickamaugaCr-LakeviewGA', null, ST_GeomFromText('POINT(-85.2056 34.9572)',4326), null, null, '2021-02-05T09:53:03.897743Z', null, '98a61f29-18a8-430a-9d02-0f53486e0984', '2bd0903c-6e4d-4d83-8558-1eab52079de0', '00000000-0000-0000-0000-000000000000', null),
('1307cf24-fa17-4c05-bef0-dac4390fb051', False, 'ccfg1-chattanoogacr-flintstonega', 'CCFG1-ChattanoogaCr-FlintstoneGA', null, ST_GeomFromText('POINT(-85.3344 34.9572)',4326), null, null, '2021-02-05T09:53:03.897764Z', null, '98a61f29-18a8-430a-9d02-0f53486e0984', '2bd0903c-6e4d-4d83-8558-1eab52079de0', '00000000-0000-0000-0000-000000000000', null),
('a3986bff-1794-4f20-9580-e26f63bf03d1', False, 'sckg1-southchickamaugacr-ringoldga', 'SCKG1-SouthChickamaugaCr-RingoldGA', null, ST_GeomFromText('POINT(-85.1256 34.9189)',4326), null, null, '2021-02-05T09:53:03.897783Z', null, '98a61f29-18a8-430a-9d02-0f53486e0984', '2bd0903c-6e4d-4d83-8558-1eab52079de0', '00000000-0000-0000-0000-000000000000', null),
('d849e0c6-0014-4125-8d57-dab8653314cc', False, 'kydk2-kentucky', 'KYDK2-KENTUCKY', null, ST_GeomFromText('POINT(-88.2678 37.0144)',4326), null, null, '2021-02-05T09:53:03.897801Z', null, '98a61f29-18a8-430a-9d02-0f53486e0984', '2bd0903c-6e4d-4d83-8558-1eab52079de0', '00000000-0000-0000-0000-000000000000', null),
('8d001b01-30b4-4be2-a059-6cf919847121', False, 'ctht1-cumberlandr-carthagetn', 'CTHT1-CumberlandR-CarthageTN', null, ST_GeomFromText('POINT(-85.9564 36.2475)',4326), null, null, '2021-02-05T09:53:03.897822Z', null, '98a61f29-18a8-430a-9d02-0f53486e0984', '2bd0903c-6e4d-4d83-8558-1eab52079de0', '00000000-0000-0000-0000-000000000000', null),
('a772ddf2-c2f5-483c-b52b-7130a2e23a7c', False, 'antt1-millcr-antiochtn', 'ANTT1-MillCr-AntiochTN', null, ST_GeomFromText('POINT(-86.6808 36.0817)',4326), null, null, '2021-02-05T09:53:03.897839Z', null, '98a61f29-18a8-430a-9d02-0f53486e0984', '2bd0903c-6e4d-4d83-8558-1eab52079de0', '00000000-0000-0000-0000-000000000000', null),
('290a6af1-222f-4154-907f-f8e7ed6b6712', False, 'yamacraw', 'Yamacraw', null, ST_GeomFromText('POINT(-84.5631 36.7028)',4326), null, null, '2021-02-05T09:53:03.897856Z', null, '98a61f29-18a8-430a-9d02-0f53486e0984', '2bd0903c-6e4d-4d83-8558-1eab52079de0', '00000000-0000-0000-0000-000000000000', null),
('0dac7069-29da-4491-ba6c-dfb5ecddc54e', False, 'cumbr-ashlandcity', 'CumbR_AshlandCity', null, ST_GeomFromText('POINT(-87.0761 36.2706)',4326), null, null, '2021-02-05T09:53:03.897884Z', null, '98a61f29-18a8-430a-9d02-0f53486e0984', '2bd0903c-6e4d-4d83-8558-1eab52079de0', '00000000-0000-0000-0000-000000000000', null),
('3cef1bec-9713-4f13-89eb-012d84aee9f6', False, 'bledsoe-cr-nr-bethpage', 'Bledsoe_Cr_nr_Bethpage', null, ST_GeomFromText('POINT(0 0)',4326), null, null, '2021-02-05T09:53:03.897901Z', null, '98a61f29-18a8-430a-9d02-0f53486e0984', '2bd0903c-6e4d-4d83-8558-1eab52079de0', '00000000-0000-0000-0000-000000000000', null),
('ba98f546-0e3f-4a99-acc6-84bf5e1feb63', False, 'duckr-blw-manchester', 'DuckR_blw_Manchester', null, ST_GeomFromText('POINT(0 0)',4326), null, null, '2021-02-05T09:53:03.897970Z', null, '98a61f29-18a8-430a-9d02-0f53486e0984', '2bd0903c-6e4d-4d83-8558-1eab52079de0', '00000000-0000-0000-0000-000000000000', null),
('a1ecda79-af10-4bea-8962-746541f085c6', False, 'duckr-nr-pottsville', 'DuckR_nr_Pottsville', null, ST_GeomFromText('POINT(0 0)',4326), null, null, '2021-02-05T09:53:03.897992Z', null, '98a61f29-18a8-430a-9d02-0f53486e0984', '2bd0903c-6e4d-4d83-8558-1eab52079de0', '00000000-0000-0000-0000-000000000000', null),
('2cf143e6-cb7c-4219-8624-f0d3e6e4b122', False, 'duckr-nr-shadygrove', 'DuckR_nr_ShadyGrove', null, ST_GeomFromText('POINT(0 0)',4326), null, null, '2021-02-05T09:53:03.898006Z', null, '98a61f29-18a8-430a-9d02-0f53486e0984', '2bd0903c-6e4d-4d83-8558-1eab52079de0', '00000000-0000-0000-0000-000000000000', null),
('5772cf35-3df6-4043-b1eb-ff6d889b6627', False, 'redr-at-dot', 'RedR_at_Dot', null, ST_GeomFromText('POINT(0 0)',4326), null, null, '2021-02-05T09:53:03.898021Z', null, '98a61f29-18a8-430a-9d02-0f53486e0984', '2bd0903c-6e4d-4d83-8558-1eab52079de0', '00000000-0000-0000-0000-000000000000', null),
('cc88e930-24e5-43af-ae09-2824580b3667', False, 'roaringr-nr-hilham', 'RoaringR_nr_Hilham', null, ST_GeomFromText('POINT(0 0)',4326), null, null, '2021-02-05T09:53:03.898035Z', null, '98a61f29-18a8-430a-9d02-0f53486e0984', '2bd0903c-6e4d-4d83-8558-1eab52079de0', '00000000-0000-0000-0000-000000000000', null),
('dd0af1cc-ad57-4d24-9cd7-f64fff40531e', False, 'wartracecr-at-wartrace', 'WartraceCr_at_Wartrace', null, ST_GeomFromText('POINT(0 0)',4326), null, null, '2021-02-05T09:53:03.898054Z', null, '98a61f29-18a8-430a-9d02-0f53486e0984', '2bd0903c-6e4d-4d83-8558-1eab52079de0', '00000000-0000-0000-0000-000000000000', null),
('98ffc2ca-a196-43cf-bf3c-433553ac5082', False, 'buckcr-shopville', 'BuckCr_Shopville', null, ST_GeomFromText('POINT(-84.4644 37.2106)',4326), null, null, '2021-02-05T09:53:03.898073Z', null, '98a61f29-18a8-430a-9d02-0f53486e0984', '2bd0903c-6e4d-4d83-8558-1eab52079de0', '00000000-0000-0000-0000-000000000000', null),
('d8367707-78d8-4e98-a82b-762ebfe33761', False, 'millcr-nolensvll', 'MillCr_Nolensvll', null, ST_GeomFromText('POINT(0 0)',4326), null, null, '2021-02-05T09:53:03.898088Z', null, '98a61f29-18a8-430a-9d02-0f53486e0984', '2bd0903c-6e4d-4d83-8558-1eab52079de0', '00000000-0000-0000-0000-000000000000', null),
('25328875-4206-4766-a0c1-bdec8e7d039e', False, 'drycr-edenwold', 'DryCr_Edenwold', null, ST_GeomFromText('POINT(-86.7063 36.2845)',4326), null, null, '2021-02-05T09:53:03.898104Z', null, '98a61f29-18a8-430a-9d02-0f53486e0984', '2bd0903c-6e4d-4d83-8558-1eab52079de0', '00000000-0000-0000-0000-000000000000', null),
('08a16d78-a9be-4f14-8e7a-7dde8e03d625', False, 'sflittler-hopkin', 'SFLittleR Hopkin', null, ST_GeomFromText('POINT(-87.4289 36.8494)',4326), null, null, '2021-02-05T09:53:03.898122Z', null, '98a61f29-18a8-430a-9d02-0f53486e0984', '2bd0903c-6e4d-4d83-8558-1eab52079de0', '00000000-0000-0000-0000-000000000000', null),
('1dfa54b9-baff-4767-9ed2-d685e6b2ade8', False, 'acst1-sycamorecr-ashlandcitytn', 'ACST1-SycamoreCr-AshlandCityTN', null, ST_GeomFromText('POINT(-87.0539 36.3231)',4326), null, null, '2021-02-05T09:53:03.898140Z', null, '98a61f29-18a8-430a-9d02-0f53486e0984', '2bd0903c-6e4d-4d83-8558-1eab52079de0', '00000000-0000-0000-0000-000000000000', null),
('19f3ac23-24f3-4e7a-adea-81ccc78bc2a7', False, 'cork2-lynncampcr-corbinky', 'CORK2-LynnCampCr-CorbinKY', null, ST_GeomFromText('POINT(-84.0875 36.945)',4326), null, null, '2021-02-05T09:53:03.898194Z', null, '98a61f29-18a8-430a-9d02-0f53486e0984', '2bd0903c-6e4d-4d83-8558-1eab52079de0', '00000000-0000-0000-0000-000000000000', null),
('8deed16a-4f78-4b4e-9a84-8ea7c0813bc3', False, 'cbnk2-laurelr-corbinky', 'CBNK2-LaurelR-CorbinKY', null, ST_GeomFromText('POINT(-84.1194 36.9706)',4326), null, null, '2021-02-05T09:53:03.898225Z', null, '98a61f29-18a8-430a-9d02-0f53486e0984', '2bd0903c-6e4d-4d83-8558-1eab52079de0', '00000000-0000-0000-0000-000000000000', null),
('806e0339-a84e-4e45-98ed-690abcde19d3', False, 'duckr-abv-williamsport', 'DuckR_abv_Williamsport', null, ST_GeomFromText('POINT(0 0)',4326), null, null, '2021-02-05T09:53:03.898249Z', null, '98a61f29-18a8-430a-9d02-0f53486e0984', '2bd0903c-6e4d-4d83-8558-1eab52079de0', '00000000-0000-0000-0000-000000000000', null),
('6673114a-d1bf-4b3c-b085-51bac92fccaf', False, 'belt1-harpethr-bellevuetn', 'BELT1-HarpethR-BellevueTN', null, ST_GeomFromText('POINT(-86.9286 35.0547)',4326), null, null, '2021-02-05T09:53:03.898268Z', null, '98a61f29-18a8-430a-9d02-0f53486e0984', '2bd0903c-6e4d-4d83-8558-1eab52079de0', '00000000-0000-0000-0000-000000000000', null),
('d1d68ab1-98ac-472f-96a8-680220aaa7bd', False, 'cmtt1-cypresscr-camdentn', 'CMTT1-CypressCr-CamdenTN', null, ST_GeomFromText('POINT(-88.0758 36.0469)',4326), null, null, '2021-02-05T09:53:03.898286Z', null, '98a61f29-18a8-430a-9d02-0f53486e0984', '2bd0903c-6e4d-4d83-8558-1eab52079de0', '00000000-0000-0000-0000-000000000000', null),
('4ef4247f-6829-43c2-9bc4-cb0f3996cbb6', False, 'crocus-cr', 'Crocus Cr', null, ST_GeomFromText('POINT(-85.3107 36.8967)',4326), null, null, '2021-02-05T09:53:03.898303Z', null, '98a61f29-18a8-430a-9d02-0f53486e0984', '2bd0903c-6e4d-4d83-8558-1eab52079de0', '00000000-0000-0000-0000-000000000000', null),
('46749244-f2df-43c1-8f71-74438c87e47c', False, 'stonesr-donelson', 'StonesR_Donelson', null, ST_GeomFromText('POINT(-86.6334 36.1862)',4326), null, null, '2021-02-05T09:53:03.898320Z', null, '98a61f29-18a8-430a-9d02-0f53486e0984', '2bd0903c-6e4d-4d83-8558-1eab52079de0', '00000000-0000-0000-0000-000000000000', null);

--INSERT INSTRUMENT STATUS--
INSERT INTO public.instrument_status(id, instrument_id, status_id, "time")
VALUES 
('22988857-f8ad-4c89-a978-876caf3b083e', '2831ab23-c91a-4338-9cdf-fc96fb844aca', 'e26ba2ef-9b52-4c71-97df-9e4b6cf4174d', '2021-02-05T09:53:03.892346Z'),
('9bdf021e-19de-40ac-8d8a-d9f2d2f133ea', 'fbaae120-0c45-4dd0-8226-8476bfa8ce81', 'e26ba2ef-9b52-4c71-97df-9e4b6cf4174d', '2021-02-05T09:53:03.892478Z'),
('f7d0fcc2-7ee3-406d-b07e-524c684d6151', '2c735458-03ba-4832-9a0e-6afaf399266a', 'e26ba2ef-9b52-4c71-97df-9e4b6cf4174d', '2021-02-05T09:53:03.892521Z'),
('c013f179-1fc1-404c-93c7-85cb2cf25169', 'ce4097da-d1e0-432b-a8e7-76f7e9bff1b1', 'e26ba2ef-9b52-4c71-97df-9e4b6cf4174d', '2021-02-05T09:53:03.892551Z'),
('62bf62c2-bfa0-4dc3-981d-f4bd9d2549e2', 'abe95109-b6b7-4191-a399-d15493e720f1', 'e26ba2ef-9b52-4c71-97df-9e4b6cf4174d', '2021-02-05T09:53:03.892576Z'),
('58878a30-a024-4878-9f3c-4775e4d8d6a8', '40705bc0-7a0b-4605-8330-d62a79ca7531', 'e26ba2ef-9b52-4c71-97df-9e4b6cf4174d', '2021-02-05T09:53:03.892598Z'),
('4c00458d-02eb-45ee-afba-c5364792f7b0', '695834c0-de82-47a4-bc32-b764f9cd0538', 'e26ba2ef-9b52-4c71-97df-9e4b6cf4174d', '2021-02-05T09:53:03.892621Z'),
('5264843d-d40d-474d-b520-a03f8a128bd1', 'e1f07a5f-8d6d-48b9-b953-4c57ec7511e9', 'e26ba2ef-9b52-4c71-97df-9e4b6cf4174d', '2021-02-05T09:53:03.892644Z'),
('6380fa3c-44dd-4e91-9321-18fedf2fc052', '3d60ea91-0b79-49a7-8045-a2e00c496386', 'e26ba2ef-9b52-4c71-97df-9e4b6cf4174d', '2021-02-05T09:53:03.892671Z'),
('35186129-1497-4bb0-b04a-db576dda5acd', 'a82e204d-b775-4e37-ad5b-57d10461e1b2', 'e26ba2ef-9b52-4c71-97df-9e4b6cf4174d', '2021-02-05T09:53:03.892694Z'),
('1b2f5b3c-25f1-48cd-987b-dc0f62d42420', '8bbd020d-c496-46c4-85de-ed8dc919a8ca', 'e26ba2ef-9b52-4c71-97df-9e4b6cf4174d', '2021-02-05T09:53:03.892717Z'),
('2f03b557-4563-4cba-8f96-bc3eb808c292', 'e7035c37-bab9-40a2-b0ad-b43b8dd0ddb1', 'e26ba2ef-9b52-4c71-97df-9e4b6cf4174d', '2021-02-05T09:53:03.892742Z'),
('ed723c90-22da-4976-828b-34309271df3c', '4412c873-a8a5-417d-9b94-10c42895fa6c', 'e26ba2ef-9b52-4c71-97df-9e4b6cf4174d', '2021-02-05T09:53:03.892775Z'),
('604edee5-9ad1-4140-9626-1c9ecd85aa11', '08fdc172-6dfa-4b8a-8a28-ac996c5378cc', 'e26ba2ef-9b52-4c71-97df-9e4b6cf4174d', '2021-02-05T09:53:03.892808Z'),
('ca5365fd-3785-4912-b57c-87f012737456', '88fdb36d-00fb-4f79-88f9-832f78e3d2b2', 'e26ba2ef-9b52-4c71-97df-9e4b6cf4174d', '2021-02-05T09:53:03.892839Z'),
('a7bb9a02-d32c-4921-a191-915336556cd8', '4a3cf67d-aa92-4b25-88b9-c3c376631eb0', 'e26ba2ef-9b52-4c71-97df-9e4b6cf4174d', '2021-02-05T09:53:03.892864Z'),
('491ff7fb-5369-4cd3-b698-2d53c74c067a', 'a9296751-9f0d-4a4b-bd1e-b845e470af26', 'e26ba2ef-9b52-4c71-97df-9e4b6cf4174d', '2021-02-05T09:53:03.892888Z'),
('dd5a712f-5037-46b8-a1df-b08fca3a4e88', 'd9af8917-e1da-45c3-9447-32f8fdb85214', 'e26ba2ef-9b52-4c71-97df-9e4b6cf4174d', '2021-02-05T09:53:03.892911Z'),
('70ca60f1-7f43-491f-8e9d-3aee2e38e14d', 'b0a86a03-84f5-457c-b988-c4d7fcc730c0', 'e26ba2ef-9b52-4c71-97df-9e4b6cf4174d', '2021-02-05T09:53:03.892935Z'),
('41c50804-ca88-4979-94f4-7c75721be803', '904e0751-3f35-4a1b-a40b-0bee65f7afe4', 'e26ba2ef-9b52-4c71-97df-9e4b6cf4174d', '2021-02-05T09:53:03.892958Z'),
('549eef06-25e5-4596-9df3-f1bcca54adbb', '24824e81-2aab-4c6f-9640-652a82424db2', 'e26ba2ef-9b52-4c71-97df-9e4b6cf4174d', '2021-02-05T09:53:03.892982Z'),
('54366b4a-486a-4bba-aa4e-e537f46c13ed', '2d7aac87-07e8-4105-8d09-61217ec4acfe', 'e26ba2ef-9b52-4c71-97df-9e4b6cf4174d', '2021-02-05T09:53:03.893010Z'),
('2a5c9d48-3051-4de6-8b2b-e289f6350d40', '65db2945-fe9b-4f9b-96e6-c6aabe4c91b6', 'e26ba2ef-9b52-4c71-97df-9e4b6cf4174d', '2021-02-05T09:53:03.893036Z'),
('f2eb8be5-df90-4dd9-a097-f00f3079256a', 'ac4186ae-b6c7-41aa-ab29-db143e74f00f', 'e26ba2ef-9b52-4c71-97df-9e4b6cf4174d', '2021-02-05T09:53:03.893060Z'),
('9b9c2209-bfcf-4035-b9ca-748a28c57a76', 'cf12ba0a-8aaa-499a-bbc1-db3f96d66ee4', 'e26ba2ef-9b52-4c71-97df-9e4b6cf4174d', '2021-02-05T09:53:03.893083Z'),
('f560a3a7-c5bb-4418-8dd3-0610417d0eda', 'c339ff35-740a-482e-83e8-69dff2a1e50e', 'e26ba2ef-9b52-4c71-97df-9e4b6cf4174d', '2021-02-05T09:53:03.893106Z'),
('022e478b-79dd-456d-be4b-9b6c2214c2fe', '9d8a6654-a994-4d96-9d12-752e4b980ecb', 'e26ba2ef-9b52-4c71-97df-9e4b6cf4174d', '2021-02-05T09:53:03.893128Z'),
('a090c404-96b1-469e-85a4-2588755b4a74', 'c20e2c35-6a22-41ba-82eb-8963059d5d6b', 'e26ba2ef-9b52-4c71-97df-9e4b6cf4174d', '2021-02-05T09:53:03.893158Z'),
('46574b6b-9798-40b4-a6bd-862d05ba35c2', 'a18f0416-573c-450f-ad35-bd9f174fd1ca', 'e26ba2ef-9b52-4c71-97df-9e4b6cf4174d', '2021-02-05T09:53:03.893187Z'),
('402545ac-2cab-4012-89b0-d756e88e37e9', '7e798c02-a4bf-4ce4-a9a8-4057da756baa', 'e26ba2ef-9b52-4c71-97df-9e4b6cf4174d', '2021-02-05T09:53:03.893212Z'),
('0d444bbb-c2c2-48d3-ad80-6d619358fbdd', 'ecd58ae6-1048-4bd0-8fb1-6bd2ea74767d', 'e26ba2ef-9b52-4c71-97df-9e4b6cf4174d', '2021-02-05T09:53:03.893237Z'),
('4475dc7a-fdaf-4478-af7c-ef405f215dfa', 'b9f183b8-3662-4ce3-a09d-3ee22b209c6a', 'e26ba2ef-9b52-4c71-97df-9e4b6cf4174d', '2021-02-05T09:53:03.893261Z'),
('ebaf4c90-3729-4d66-a6bd-bbf0bbbdcccc', 'acb719c9-c519-43b4-9280-2a0b12ef41b9', 'e26ba2ef-9b52-4c71-97df-9e4b6cf4174d', '2021-02-05T09:53:03.893283Z'),
('78bf4b8c-4a51-4c2f-b166-8a37db637754', 'a558eba4-3279-45f8-a5d8-17a0db5168df', 'e26ba2ef-9b52-4c71-97df-9e4b6cf4174d', '2021-02-05T09:53:03.893311Z'),
('69802855-1f70-4133-aee5-2c5a01461646', '0971c9b6-3ad3-4702-b2df-b2eb0b862be6', 'e26ba2ef-9b52-4c71-97df-9e4b6cf4174d', '2021-02-05T09:53:03.893334Z'),
('0ca14bf7-eee6-4cd0-92de-89e660086f0c', '144191ac-e042-416b-910c-240d3b27bdaf', 'e26ba2ef-9b52-4c71-97df-9e4b6cf4174d', '2021-02-05T09:53:03.893360Z'),
('14c3fe52-26f3-408e-b562-84d5ae977f2d', '4e790775-62f8-4d6a-ae78-a22df7b66e17', 'e26ba2ef-9b52-4c71-97df-9e4b6cf4174d', '2021-02-05T09:53:03.893383Z'),
('5c0fa1ba-321c-4fd7-baa4-5ffa3b367091', '9e05097b-9654-46b1-ba43-68405553d9c8', 'e26ba2ef-9b52-4c71-97df-9e4b6cf4174d', '2021-02-05T09:53:03.893411Z'),
('f9908f59-137c-443a-ba42-110881233f7e', '77220894-f4e4-4629-9eb6-2b9a0d529d59', 'e26ba2ef-9b52-4c71-97df-9e4b6cf4174d', '2021-02-05T09:53:03.893434Z'),
('77fb7248-ad74-4532-8649-6969f189b1d3', 'a13df2e5-f4d0-4925-a4b7-45b0a51344be', 'e26ba2ef-9b52-4c71-97df-9e4b6cf4174d', '2021-02-05T09:53:03.893457Z'),
('6ac0ff32-a24e-4447-ae0b-69b47ca79114', '128d7a35-132e-43f5-8cf7-815493280417', 'e26ba2ef-9b52-4c71-97df-9e4b6cf4174d', '2021-02-05T09:53:03.893480Z'),
('17f553da-7996-4a9c-8bc9-409333f4c5d3', '4933a02b-7365-4c76-b478-c7af8d3a6962', 'e26ba2ef-9b52-4c71-97df-9e4b6cf4174d', '2021-02-05T09:53:03.893504Z'),
('206aa434-126a-4224-af78-bb5de1aee8d3', '1d099a0e-9bb9-4e3d-8c8c-840324fe3655', 'e26ba2ef-9b52-4c71-97df-9e4b6cf4174d', '2021-02-05T09:53:03.893527Z'),
('3d1519d8-57ab-4f07-9fe6-26a1b31334e5', 'e71e8173-d65b-4e7a-a6a4-2a1dd91fdb3a', 'e26ba2ef-9b52-4c71-97df-9e4b6cf4174d', '2021-02-05T09:53:03.893550Z'),
('39aa17e0-31c0-469f-b0a3-2358b9e77126', '924561b1-395e-4222-b4eb-85365e77f9fc', 'e26ba2ef-9b52-4c71-97df-9e4b6cf4174d', '2021-02-05T09:53:03.893574Z'),
('2c74990c-6d9f-449c-b6db-b1a4cd130609', 'cba2fce6-3760-47da-b3d8-7aeb3ee67ce0', 'e26ba2ef-9b52-4c71-97df-9e4b6cf4174d', '2021-02-05T09:53:03.893619Z'),
('927da271-6c0a-46b8-a20f-eee0a2940b15', '314ac348-1135-417b-8f5c-795cfd058857', 'e26ba2ef-9b52-4c71-97df-9e4b6cf4174d', '2021-02-05T09:53:03.893652Z'),
('057dbeaa-7104-45f3-8c84-603117f1bbca', 'f39b5c2f-6ef2-421c-bedf-3c071d490de8', 'e26ba2ef-9b52-4c71-97df-9e4b6cf4174d', '2021-02-05T09:53:03.893678Z'),
('2745133f-a841-4fa0-a632-3b73b3097c17', '2d1a4206-ca7b-4640-9777-d51caf194171', 'e26ba2ef-9b52-4c71-97df-9e4b6cf4174d', '2021-02-05T09:53:03.893705Z'),
('f22e1659-727f-4fc7-8e9c-9dc6d12fbf7e', '70b84da4-61b4-45f3-8e55-cdd370fe3c19', 'e26ba2ef-9b52-4c71-97df-9e4b6cf4174d', '2021-02-05T09:53:03.893731Z'),
('d51a766b-fdf2-4635-838c-74444bcca608', '6dc5dbb1-3ee1-47b3-a039-ec8d1d8ecd03', 'e26ba2ef-9b52-4c71-97df-9e4b6cf4174d', '2021-02-05T09:53:03.893756Z'),
('f3506e42-7dec-490b-9dc3-e594cbdde912', '0a6f8403-dba0-4d65-a694-4c984581f6d0', 'e26ba2ef-9b52-4c71-97df-9e4b6cf4174d', '2021-02-05T09:53:03.893783Z'),
('b836866f-dbe0-4b9d-99cc-17947a843e6a', '130c3437-3c43-4425-91c5-6b24a859edcd', 'e26ba2ef-9b52-4c71-97df-9e4b6cf4174d', '2021-02-05T09:53:03.893815Z'),
('1050e671-deed-4445-8e5c-99d0866c06c0', 'efd9a905-6a03-4c97-9a48-654c3a259bb6', 'e26ba2ef-9b52-4c71-97df-9e4b6cf4174d', '2021-02-05T09:53:03.893841Z'),
('b6496c58-d776-4a67-bac9-b42ec84e81ed', '0068a62b-04a1-4683-8aa6-0b455a78e889', 'e26ba2ef-9b52-4c71-97df-9e4b6cf4174d', '2021-02-05T09:53:03.893873Z'),
('94b27668-f037-4e0a-a9ac-bbfdce97bdb9', 'e5f3df28-c253-45f2-8bdf-e80912d7db51', 'e26ba2ef-9b52-4c71-97df-9e4b6cf4174d', '2021-02-05T09:53:03.893911Z'),
('2bf75350-1a5d-4b93-8ceb-4631b5ddcd28', 'c98d9f72-5c6f-4ccc-a51b-e6f28ad71f52', 'e26ba2ef-9b52-4c71-97df-9e4b6cf4174d', '2021-02-05T09:53:03.893939Z'),
('60d1fc35-8fd1-4566-a96a-4c61ad33ce44', 'f1f7259e-aa28-458d-a722-a5116e6bcf97', 'e26ba2ef-9b52-4c71-97df-9e4b6cf4174d', '2021-02-05T09:53:03.893964Z'),
('e6211532-12b5-4089-b622-b5b8abf15430', '2bc54c6c-b626-4d77-9e1d-c4afd2688529', 'e26ba2ef-9b52-4c71-97df-9e4b6cf4174d', '2021-02-05T09:53:03.893989Z'),
('b93c20b4-2bdc-4c80-9099-0f2bfb43fcad', '8fb7c9bf-f49e-4f06-8207-b37d25516eff', 'e26ba2ef-9b52-4c71-97df-9e4b6cf4174d', '2021-02-05T09:53:03.894015Z'),
('0c50f87a-8945-418d-9b98-f7ab8c67acac', 'dc2d5dbe-0eec-4f26-be9a-1bcb4d941306', 'e26ba2ef-9b52-4c71-97df-9e4b6cf4174d', '2021-02-05T09:53:03.894039Z'),
('f6cc9802-88e9-46a9-b22d-b980c06a40fd', 'd35922a1-b79d-4e33-a9ad-529d718e0070', 'e26ba2ef-9b52-4c71-97df-9e4b6cf4174d', '2021-02-05T09:53:03.894064Z'),
('893bd6ba-60df-4bd9-b8d9-326044b56a90', '5d469117-c7ab-4d53-a37f-2804e52524c5', 'e26ba2ef-9b52-4c71-97df-9e4b6cf4174d', '2021-02-05T09:53:03.894091Z'),
('ef3fd070-f66c-48d2-9cb7-ffd979b85da9', 'd6b71b90-1259-471e-b3e9-d6c8c997113e', 'e26ba2ef-9b52-4c71-97df-9e4b6cf4174d', '2021-02-05T09:53:03.894117Z'),
('d1c33b75-842c-4ab6-a19a-ae5dd971cb73', 'b674d698-0f0c-4019-a31d-8986c7359af7', 'e26ba2ef-9b52-4c71-97df-9e4b6cf4174d', '2021-02-05T09:53:03.894140Z'),
('d3e9fa2e-0429-45b1-81ad-7b0457440594', '99a4ff62-6354-4b59-ba20-e3e6f020be03', 'e26ba2ef-9b52-4c71-97df-9e4b6cf4174d', '2021-02-05T09:53:03.894190Z'),
('101d6aba-95e8-4a8f-bd60-78be5ed7ed40', 'e792d532-6695-4987-953f-70210cdbe785', 'e26ba2ef-9b52-4c71-97df-9e4b6cf4174d', '2021-02-05T09:53:03.894226Z'),
('1fff8e4b-1c88-4edf-9d26-823f1cc6566f', 'c35515ca-d720-432e-b95c-53b52600cccb', 'e26ba2ef-9b52-4c71-97df-9e4b6cf4174d', '2021-02-05T09:53:03.894251Z'),
('3c95f824-cee6-4e41-a580-1f396c7755cf', 'e12668c2-168d-4d5a-a830-f2adbeae6740', 'e26ba2ef-9b52-4c71-97df-9e4b6cf4174d', '2021-02-05T09:53:03.894275Z'),
('a26d7e85-040c-489a-8461-4fb45a9337a6', 'd317e9c1-df30-4c47-89e4-c6cfbfba81a9', 'e26ba2ef-9b52-4c71-97df-9e4b6cf4174d', '2021-02-05T09:53:03.894298Z'),
('a12f6a79-d234-4d79-a143-71571b940f0d', '537cb139-e03c-4196-9996-6b03e623ce43', 'e26ba2ef-9b52-4c71-97df-9e4b6cf4174d', '2021-02-05T09:53:03.894323Z'),
('546ff5e6-9944-45a8-88c7-c5f15bebba9f', 'd44e3814-6472-49d4-ab89-a14d62b4eb31', 'e26ba2ef-9b52-4c71-97df-9e4b6cf4174d', '2021-02-05T09:53:03.894347Z'),
('c701697c-7435-4538-a323-c487923e5867', 'f7a5d66b-6f2a-4b04-90ac-2c46ec3f9813', 'e26ba2ef-9b52-4c71-97df-9e4b6cf4174d', '2021-02-05T09:53:03.894370Z'),
('64d33d38-090b-41bd-ace7-c9779423e631', '0713fbcf-426c-4a6a-9661-3af7990b2ba7', 'e26ba2ef-9b52-4c71-97df-9e4b6cf4174d', '2021-02-05T09:53:03.894429Z'),
('0a9772d7-0e2d-4c25-b948-87e8fbf1a3cc', 'b067fb49-80ea-46e7-b7e8-8421ad267d26', 'e26ba2ef-9b52-4c71-97df-9e4b6cf4174d', '2021-02-05T09:53:03.894456Z'),
('5cee21db-71ab-459d-81d5-a40e8b4b7e77', 'c9560d3c-8774-4914-ad03-b445a0b7da9d', 'e26ba2ef-9b52-4c71-97df-9e4b6cf4174d', '2021-02-05T09:53:03.894481Z'),
('f940e5bc-ea69-43b3-8758-989841539eb5', 'f76b38fb-4ebd-4342-811f-d6d240f72b63', 'e26ba2ef-9b52-4c71-97df-9e4b6cf4174d', '2021-02-05T09:53:03.894505Z'),
('ed2c4e39-5ee4-4262-b501-3ed1eacf0cd2', '1df8f4a4-4fd7-4854-bd6a-9d8223674257', 'e26ba2ef-9b52-4c71-97df-9e4b6cf4174d', '2021-02-05T09:53:03.894529Z'),
('00b3ecb4-63ee-45af-a45c-3cc8f10aa532', '4a909b0e-babf-45a8-86b3-7380de576c8e', 'e26ba2ef-9b52-4c71-97df-9e4b6cf4174d', '2021-02-05T09:53:03.894564Z'),
('8a90a7a7-1f56-4334-a2a4-70adacb1141c', '52a2ea78-537d-4bac-84c2-b68c3e369fb8', 'e26ba2ef-9b52-4c71-97df-9e4b6cf4174d', '2021-02-05T09:53:03.894593Z'),
('d44d2e1e-0fa2-4f6a-aa69-5f1e2a3d2312', '8d62c70e-0c4f-4764-a89d-7460a489b264', 'e26ba2ef-9b52-4c71-97df-9e4b6cf4174d', '2021-02-05T09:53:03.894618Z'),
('73ec8121-5b75-488a-aa9c-ebaac353fb5e', 'bdf8606a-cd54-47f5-b300-3dd5f45b6e99', 'e26ba2ef-9b52-4c71-97df-9e4b6cf4174d', '2021-02-05T09:53:03.894641Z'),
('fdf33b5d-8334-4601-898c-708110b768ea', '62952458-39ee-4f4a-ada1-8911868d6d68', 'e26ba2ef-9b52-4c71-97df-9e4b6cf4174d', '2021-02-05T09:53:03.894664Z'),
('c9717c9f-f260-4c30-be59-3105bd637bc7', 'a21f8d4c-41fb-47f7-9a40-7c5f93f85343', 'e26ba2ef-9b52-4c71-97df-9e4b6cf4174d', '2021-02-05T09:53:03.894688Z'),
('b64694f9-16a9-4fcb-90f3-6ccbe370b149', 'bd1adf73-944d-4bb1-acf2-ec533f796039', 'e26ba2ef-9b52-4c71-97df-9e4b6cf4174d', '2021-02-05T09:53:03.894717Z'),
('909f072c-f284-4a22-9bbb-cf4bd6d4aeab', '661e34eb-2ace-4d33-9d28-bc62b9fe0f76', 'e26ba2ef-9b52-4c71-97df-9e4b6cf4174d', '2021-02-05T09:53:03.894741Z'),
('637e39fd-bda5-4e6a-83f8-8bc9d87e65da', '6203ad8e-1f17-4320-ba99-5dff4792748a', 'e26ba2ef-9b52-4c71-97df-9e4b6cf4174d', '2021-02-05T09:53:03.894764Z'),
('654fdb91-eda0-4d1a-861c-f06962c54bba', '98b2a65e-22e2-4f55-97b6-477e9f518d96', 'e26ba2ef-9b52-4c71-97df-9e4b6cf4174d', '2021-02-05T09:53:03.894789Z'),
('6f658dc7-2b08-4932-9fe0-68f8cce8cc24', '0b973d32-1f93-4aa2-a2c8-821552ab2ddd', 'e26ba2ef-9b52-4c71-97df-9e4b6cf4174d', '2021-02-05T09:53:03.894818Z'),
('80290c02-c6d2-4ef1-a538-c7d20347276b', '84f90597-a764-4be8-99e2-0ef09212672d', 'e26ba2ef-9b52-4c71-97df-9e4b6cf4174d', '2021-02-05T09:53:03.894844Z'),
('6a590d2d-83b9-4198-81fb-e527479ffb5a', 'fb44ae76-02c0-4b91-8756-edac44a51925', 'e26ba2ef-9b52-4c71-97df-9e4b6cf4174d', '2021-02-05T09:53:03.894887Z'),
('7f6405a9-70da-4851-939d-e41b9b459069', '12989fd5-fa1f-46a6-a784-2e784dc18a44', 'e26ba2ef-9b52-4c71-97df-9e4b6cf4174d', '2021-02-05T09:53:03.894912Z'),
('fc4c2bda-fe1c-4b87-a682-7add947c5182', '328969f6-67b3-4126-92ed-768edc93cefd', 'e26ba2ef-9b52-4c71-97df-9e4b6cf4174d', '2021-02-05T09:53:03.894935Z'),
('9d00842c-a839-45a8-ba7d-8382be321671', '8dcf5fed-620d-4dc4-be34-1dcf5c95eb0c', 'e26ba2ef-9b52-4c71-97df-9e4b6cf4174d', '2021-02-05T09:53:03.894958Z'),
('12efc9b3-f145-4b9b-a980-df5e8d8f3bc1', 'd1ff93f8-43b0-42ce-a160-eff33a428d47', 'e26ba2ef-9b52-4c71-97df-9e4b6cf4174d', '2021-02-05T09:53:03.894981Z'),
('8d3ee1c2-95ac-4ac1-9291-4c45e15742fa', '81998deb-96b1-404f-9aa0-311f5a383938', 'e26ba2ef-9b52-4c71-97df-9e4b6cf4174d', '2021-02-05T09:53:03.895017Z'),
('b388413a-89cb-4ae5-9f26-0f13c1bf89c9', 'bed0b812-d4c1-4b54-aab2-b3c58dab76b9', 'e26ba2ef-9b52-4c71-97df-9e4b6cf4174d', '2021-02-05T09:53:03.895064Z'),
('dff3aeb2-38c2-4815-8fa7-27d6b71262bf', '579ed4e7-4306-4f5b-99e9-4e469d59fab0', 'e26ba2ef-9b52-4c71-97df-9e4b6cf4174d', '2021-02-05T09:53:03.895090Z'),
('eebf9ae4-76cf-43c0-9792-223f26f4ba0f', '3778cd69-73cd-4df3-992b-a7fe204e4f3a', 'e26ba2ef-9b52-4c71-97df-9e4b6cf4174d', '2021-02-05T09:53:03.895118Z'),
('61b692ae-8af1-4842-8ec3-c8ae8ab822c2', '9e468f66-23aa-4397-9268-6d4632d9ee53', 'e26ba2ef-9b52-4c71-97df-9e4b6cf4174d', '2021-02-05T09:53:03.895151Z'),
('b1ff93ea-bb36-4417-a19b-e480268cc306', 'a39196f0-fa1e-4312-840b-41d246d92860', 'e26ba2ef-9b52-4c71-97df-9e4b6cf4174d', '2021-02-05T09:53:03.895179Z'),
('4aef085f-bee5-4b84-b260-d1abbbec2869', 'ca0c3c9f-03ae-40f6-bb41-5f9f5dff8a15', 'e26ba2ef-9b52-4c71-97df-9e4b6cf4174d', '2021-02-05T09:53:03.895203Z'),
('33557bdc-9498-4a81-8b64-39b404025e7d', 'bae5493c-330e-40dd-b248-efb766b0a1e4', 'e26ba2ef-9b52-4c71-97df-9e4b6cf4174d', '2021-02-05T09:53:03.895232Z'),
('a7d73e22-3f6a-454e-9697-da9d1bebaf24', '7a9fb19b-78bc-45c0-8026-df61c311ac0f', 'e26ba2ef-9b52-4c71-97df-9e4b6cf4174d', '2021-02-05T09:53:03.895258Z'),
('40f8a227-f64e-4191-bacf-32ea71b79c97', '8066a682-0c43-43bb-9095-34d8592e6adc', 'e26ba2ef-9b52-4c71-97df-9e4b6cf4174d', '2021-02-05T09:53:03.895283Z'),
('09cacc12-6a94-487b-87fb-514139572466', '10d31320-e970-4b16-b125-424e4c4c448e', 'e26ba2ef-9b52-4c71-97df-9e4b6cf4174d', '2021-02-05T09:53:03.895309Z'),
('16d5ac11-8535-4db0-8dd5-04e6b6ab0c4d', 'af90c532-3648-4b6e-bb86-90979db67729', 'e26ba2ef-9b52-4c71-97df-9e4b6cf4174d', '2021-02-05T09:53:03.895334Z'),
('ad49d5da-2fbd-48e0-805a-88f575e168e4', '4a61fd9f-216b-4db1-ae85-83e0574d7dfb', 'e26ba2ef-9b52-4c71-97df-9e4b6cf4174d', '2021-02-05T09:53:03.895360Z'),
('e22e4e05-391e-4e56-bbc3-b437720e6cdc', '72417936-0198-480f-88b1-bc75a2cb11d1', 'e26ba2ef-9b52-4c71-97df-9e4b6cf4174d', '2021-02-05T09:53:03.895384Z'),
('1f7b6e1d-628d-4be5-ac54-a2a11d823d17', 'd9980223-aefb-4dee-a9b8-1fcb6e998773', 'e26ba2ef-9b52-4c71-97df-9e4b6cf4174d', '2021-02-05T09:53:03.895410Z'),
('a91d7f76-0b3d-4de6-a3d4-ef82743a0650', 'c3f98550-023a-490e-b7a3-847e8353a061', 'e26ba2ef-9b52-4c71-97df-9e4b6cf4174d', '2021-02-05T09:53:03.895435Z'),
('b3c53d15-7ea1-459c-b90c-7d9c1313b63a', 'b090f475-dd3b-449d-9e8a-81ce6bafda39', 'e26ba2ef-9b52-4c71-97df-9e4b6cf4174d', '2021-02-05T09:53:03.895458Z'),
('7513070f-1d7e-40e8-a52b-d8a8f3622efb', '0b94b773-4e84-4cad-80ea-492047044870', 'e26ba2ef-9b52-4c71-97df-9e4b6cf4174d', '2021-02-05T09:53:03.895490Z'),
('b9b2b487-9eb3-4f30-86f4-90d83d938939', '3bced85a-304c-470a-9d89-3b0405bfcd63', 'e26ba2ef-9b52-4c71-97df-9e4b6cf4174d', '2021-02-05T09:53:03.895516Z'),
('c0941f74-0c69-4bdb-9297-0fcb949f2ad6', '2bce3be9-1aa2-44d9-b07b-988770bd519b', 'e26ba2ef-9b52-4c71-97df-9e4b6cf4174d', '2021-02-05T09:53:03.895541Z'),
('f8d9a24a-6adc-4d1c-9d83-2abfeb08f6a9', '0ff0e1e1-7116-43b2-9e67-ec1ec5bf0824', 'e26ba2ef-9b52-4c71-97df-9e4b6cf4174d', '2021-02-05T09:53:03.895658Z'),
('418ac849-0e8b-4c8c-8d59-3253430baeaa', 'bb1af020-f53e-4f4c-9745-138a857d9a96', 'e26ba2ef-9b52-4c71-97df-9e4b6cf4174d', '2021-02-05T09:53:03.895693Z'),
('78fd9ecf-4915-4009-89b7-cfab5f720050', '13f844b5-f11a-4844-adc4-64cd0c33b8f4', 'e26ba2ef-9b52-4c71-97df-9e4b6cf4174d', '2021-02-05T09:53:03.895718Z'),
('665bb1e6-8dcf-4a25-a1c9-8b87e219b990', '867a2c98-0553-4491-a6de-fb052c1eb9db', 'e26ba2ef-9b52-4c71-97df-9e4b6cf4174d', '2021-02-05T09:53:03.895741Z'),
('fd01d58f-18b9-4013-844e-3442c73429b8', '8970d053-bcb5-473f-8d01-269b743378b8', 'e26ba2ef-9b52-4c71-97df-9e4b6cf4174d', '2021-02-05T09:53:03.895765Z'),
('582bea1f-2b38-4f37-8206-4afe96bdb98b', '683092b7-8dc9-42fa-938a-9aa2d65ebdd8', 'e26ba2ef-9b52-4c71-97df-9e4b6cf4174d', '2021-02-05T09:53:03.895789Z'),
('dc6f104d-55c2-4f58-97fd-13975de3ce94', 'ead4b9d0-09c4-45bd-af43-dd123ae95973', 'e26ba2ef-9b52-4c71-97df-9e4b6cf4174d', '2021-02-05T09:53:03.895812Z'),
('c11f02d8-079d-4170-8d5b-cb450e692792', '29e8d3e5-1eb3-40dc-84bf-86c329ebbf57', 'e26ba2ef-9b52-4c71-97df-9e4b6cf4174d', '2021-02-05T09:53:03.895836Z'),
('0d563b63-607a-48d8-aa75-8ca29c54717d', '48cc73a8-16bb-4d04-8a6a-899a1980126b', 'e26ba2ef-9b52-4c71-97df-9e4b6cf4174d', '2021-02-05T09:53:03.895860Z'),
('1da1ac72-5ae5-4eb6-8bf9-c116e5032a0b', '50b60c57-8bb9-4886-a7af-45c931b6b59b', 'e26ba2ef-9b52-4c71-97df-9e4b6cf4174d', '2021-02-05T09:53:03.895891Z'),
('31ecdece-4279-4bb0-97da-6704cb49c3b8', '78ed1c56-2a8a-4f65-9681-7ad3a2c2b817', 'e26ba2ef-9b52-4c71-97df-9e4b6cf4174d', '2021-02-05T09:53:03.896175Z'),
('6832c225-b2b2-4abd-9f20-34dfa7d42f44', 'bc257152-d5b8-4cfa-b805-272e559a717e', 'e26ba2ef-9b52-4c71-97df-9e4b6cf4174d', '2021-02-05T09:53:03.896214Z'),
('44dce019-643e-422b-aa05-809c1a2437dc', '31de340d-4115-4adf-b43b-f3532935a1f4', 'e26ba2ef-9b52-4c71-97df-9e4b6cf4174d', '2021-02-05T09:53:03.896243Z'),
('146845b4-b880-43be-b3a3-e666727dac52', '93c1c2cc-c23e-4a32-b717-a2709103b6c0', 'e26ba2ef-9b52-4c71-97df-9e4b6cf4174d', '2021-02-05T09:53:03.896286Z'),
('341f9706-cbee-45a1-a8e6-eb7c8a3f2a4c', '089b25dd-813c-4209-9aa4-90317dfda7ae', 'e26ba2ef-9b52-4c71-97df-9e4b6cf4174d', '2021-02-05T09:53:03.896311Z'),
('4a616a82-ad2d-46e2-83ca-96047a80ece5', '8a456b58-67cb-4d55-8f5e-ff492ab7f27a', 'e26ba2ef-9b52-4c71-97df-9e4b6cf4174d', '2021-02-05T09:53:03.896338Z'),
('4d386ea7-8d5c-4b3b-8456-69883b521dd6', 'dbc17081-a9af-404c-a276-064c0f49f770', 'e26ba2ef-9b52-4c71-97df-9e4b6cf4174d', '2021-02-05T09:53:03.896365Z'),
('8d3141da-e44b-4cad-9f4f-c4df2b594650', '6487b608-0117-4395-855c-00357c83bc8c', 'e26ba2ef-9b52-4c71-97df-9e4b6cf4174d', '2021-02-05T09:53:03.896392Z'),
('d869c7ee-5bca-4a24-9e8f-8fb0ab7a4371', 'f4419db2-b033-475c-9b7c-77f875c235d8', 'e26ba2ef-9b52-4c71-97df-9e4b6cf4174d', '2021-02-05T09:53:03.896417Z'),
('cd62cc36-fd04-4c2d-8b9c-29d15fc8656d', '688396ac-99b4-4633-a982-377fbdff5e02', 'e26ba2ef-9b52-4c71-97df-9e4b6cf4174d', '2021-02-05T09:53:03.896443Z'),
('3bc3dd03-7a5d-4e7d-887f-d6c3bab1a421', '4e8a3037-d547-467b-870e-ee4d9232274a', 'e26ba2ef-9b52-4c71-97df-9e4b6cf4174d', '2021-02-05T09:53:03.896859Z'),
('60ea83e2-00aa-41df-b693-15c329664bec', '1fb3a89d-aefa-4b7d-ad05-f312cc938667', 'e26ba2ef-9b52-4c71-97df-9e4b6cf4174d', '2021-02-05T09:53:03.896902Z'),
('e3f5b94a-817b-4b7e-9d0f-9d9c3e5f127a', '9ccc71c2-55e5-456d-bd38-ecd928413ba7', 'e26ba2ef-9b52-4c71-97df-9e4b6cf4174d', '2021-02-05T09:53:03.896936Z'),
('01179015-212c-4e57-a8e1-b6d1a512e0cc', '6e888269-61fc-483f-8f8d-10e42e229bfe', 'e26ba2ef-9b52-4c71-97df-9e4b6cf4174d', '2021-02-05T09:53:03.896960Z'),
('f5453b78-0192-484e-a1cd-3dea43e743a0', 'f8e40159-6484-494c-8407-787fccb28b47', 'e26ba2ef-9b52-4c71-97df-9e4b6cf4174d', '2021-02-05T09:53:03.896978Z'),
('ee341bbb-004a-4035-82da-3483176e58e7', '2df711dd-2056-4cb2-934f-f80022d410eb', 'e26ba2ef-9b52-4c71-97df-9e4b6cf4174d', '2021-02-05T09:53:03.896995Z'),
('4449a017-d95e-4c93-b4fe-1ac32ad6334d', '253202a2-0a8b-4e5a-bddd-a13b2f80c3ff', 'e26ba2ef-9b52-4c71-97df-9e4b6cf4174d', '2021-02-05T09:53:03.897012Z'),
('2da647fb-4f6f-4cba-a3d4-b04d576af99a', 'a2d41306-ee43-4ef1-a3b2-84592b4121e7', 'e26ba2ef-9b52-4c71-97df-9e4b6cf4174d', '2021-02-05T09:53:03.897028Z'),
('4326b843-4bb2-4991-90fc-42674ecfb065', '72803fb7-9e3d-4366-86d0-d4e2b3528096', 'e26ba2ef-9b52-4c71-97df-9e4b6cf4174d', '2021-02-05T09:53:03.897045Z'),
('77517404-20de-46d1-a1ca-8ff4caeb9fa2', '904f3d4b-8e2e-4531-ac2b-de21793a9016', 'e26ba2ef-9b52-4c71-97df-9e4b6cf4174d', '2021-02-05T09:53:03.897062Z'),
('c15e8f38-e9ba-42b2-a49a-5dabf637ceab', '40a6124c-77ca-48de-a5c0-0e9f152b052b', 'e26ba2ef-9b52-4c71-97df-9e4b6cf4174d', '2021-02-05T09:53:03.897079Z'),
('e612c4b8-1f25-4c19-baca-3584a91aa4a4', 'fa1a6921-eefe-4c99-85c2-00fc597c38e3', 'e26ba2ef-9b52-4c71-97df-9e4b6cf4174d', '2021-02-05T09:53:03.897101Z'),
('e4c5430e-5569-460f-9780-2e4fb794562f', 'c1a5219e-a579-4771-92f4-1f097d3c2766', 'e26ba2ef-9b52-4c71-97df-9e4b6cf4174d', '2021-02-05T09:53:03.897117Z'),
('fb9e027d-75c4-4c63-b7ba-f59955f87276', '30542291-5420-4eb3-b5ed-eccc4641873b', 'e26ba2ef-9b52-4c71-97df-9e4b6cf4174d', '2021-02-05T09:53:03.897137Z'),
('acefb38c-baeb-4487-ba31-ef98d810a6b9', 'c418df64-1989-4b86-a8f3-ca50ef255c50', 'e26ba2ef-9b52-4c71-97df-9e4b6cf4174d', '2021-02-05T09:53:03.897153Z'),
('2457ff0e-8f4d-45a9-9878-f427527560ac', '89d1a9ed-3342-4ebc-9aed-b3e29464ada8', 'e26ba2ef-9b52-4c71-97df-9e4b6cf4174d', '2021-02-05T09:53:03.897235Z'),
('70d65ba3-07db-43b4-b342-18508a7fdb98', 'cb864d00-4ae7-446a-a975-7cf3d6ba1f02', 'e26ba2ef-9b52-4c71-97df-9e4b6cf4174d', '2021-02-05T09:53:03.897263Z'),
('01ee5c0c-ee89-45c0-b21d-4adab5b97269', '4aa66a38-b454-44e0-808a-884b1f7969dd', 'e26ba2ef-9b52-4c71-97df-9e4b6cf4174d', '2021-02-05T09:53:03.897280Z'),
('25570864-7901-4fb8-b496-4f6cbddbc4b5', '29c05639-1315-4958-808d-003e46c18769', 'e26ba2ef-9b52-4c71-97df-9e4b6cf4174d', '2021-02-05T09:53:03.897326Z'),
('ddc00300-32fe-43b6-bff4-2339cce9bdd0', 'e7569ec3-0387-47fa-818c-9a9bfad0578b', 'e26ba2ef-9b52-4c71-97df-9e4b6cf4174d', '2021-02-05T09:53:03.897381Z'),
('310a688a-273c-4684-9eea-ce6eb8fbf624', '36a97ba3-fbfc-4e2a-b32e-3843b221d2b9', 'e26ba2ef-9b52-4c71-97df-9e4b6cf4174d', '2021-02-05T09:53:03.897407Z'),
('bdcd2b46-dccf-4fc3-b7ac-d0d8b06171be', 'dea3b440-5650-43e0-b8ed-f4dd7a0f9952', 'e26ba2ef-9b52-4c71-97df-9e4b6cf4174d', '2021-02-05T09:53:03.897424Z'),
('92c8423d-c880-47d4-b4e2-c4e6cd4b841a', '684993ee-a0d0-4a45-8a36-62558a473559', 'e26ba2ef-9b52-4c71-97df-9e4b6cf4174d', '2021-02-05T09:53:03.897440Z'),
('16bb8b5c-e194-4d81-97f8-9d62b8859b44', '0d68dccf-8a26-40cf-ae46-a299074d0737', 'e26ba2ef-9b52-4c71-97df-9e4b6cf4174d', '2021-02-05T09:53:03.897457Z'),
('a97a7f4d-e0ba-4409-adb5-95ec3e7fa5f5', '0e81e807-81dc-4547-9d7d-9819bda849f9', 'e26ba2ef-9b52-4c71-97df-9e4b6cf4174d', '2021-02-05T09:53:03.897474Z'),
('1994af67-c27e-46cc-867f-68d48cb42947', 'ffbb13b3-71e1-4872-9bef-5ddd4d78634d', 'e26ba2ef-9b52-4c71-97df-9e4b6cf4174d', '2021-02-05T09:53:03.897491Z'),
('1e4439d5-8d77-43db-ab63-6c3ae9f216d6', '13b8b34a-3b2b-45ad-833e-c189ffbc3e51', 'e26ba2ef-9b52-4c71-97df-9e4b6cf4174d', '2021-02-05T09:53:03.897508Z'),
('115d7b64-5a5d-46d3-b4f5-3fc2b9a875e5', '05218a85-8dad-49ca-896a-8e1cc79c73da', 'e26ba2ef-9b52-4c71-97df-9e4b6cf4174d', '2021-02-05T09:53:03.897525Z'),
('95fdf59f-505a-4edf-b303-6a9570d2dad7', '4750d6ee-7b98-4645-8246-678de0373523', 'e26ba2ef-9b52-4c71-97df-9e4b6cf4174d', '2021-02-05T09:53:03.897546Z'),
('0ccc01b4-a569-4109-b977-86343dcc4dfd', '1b37b7d5-bb92-491f-b57f-32f5a12d3cc5', 'e26ba2ef-9b52-4c71-97df-9e4b6cf4174d', '2021-02-05T09:53:03.897564Z'),
('0c6aeb09-b7f1-4bd2-ba71-f69b70c2a686', 'f97af627-f44c-4f72-883c-7e2a2df10e44', 'e26ba2ef-9b52-4c71-97df-9e4b6cf4174d', '2021-02-05T09:53:03.897581Z'),
('c773adf8-a3b7-4688-9c72-cc5066caab42', 'bffef26a-787e-49c0-aa62-c62cfe473c85', 'e26ba2ef-9b52-4c71-97df-9e4b6cf4174d', '2021-02-05T09:53:03.897598Z'),
('af226b18-ac89-47c2-99e7-2a4c87a0c937', '59807d85-54a5-4db2-b776-f2c8788e9232', 'e26ba2ef-9b52-4c71-97df-9e4b6cf4174d', '2021-02-05T09:53:03.897616Z'),
('b6c7d6b8-2d98-4e62-b0bb-587e3c613932', '951580aa-0a5f-43f9-9011-74fb1a56281b', 'e26ba2ef-9b52-4c71-97df-9e4b6cf4174d', '2021-02-05T09:53:03.897633Z'),
('98beee5a-5f0e-4b8a-a043-9037b77a109c', 'cfe75d8d-30a1-45ce-ac43-adeb005a492b', 'e26ba2ef-9b52-4c71-97df-9e4b6cf4174d', '2021-02-05T09:53:03.897649Z'),
('305a643b-8956-4f0b-8bc7-44dac1e8a6f3', 'dcbe6e98-96ec-4e02-878d-e37f48d1c8b4', 'e26ba2ef-9b52-4c71-97df-9e4b6cf4174d', '2021-02-05T09:53:03.897666Z'),
('10ff6a69-b776-4961-92e3-3f2f2b5a3c90', '6e7219a2-1866-40aa-98fb-d013c477d9ce', 'e26ba2ef-9b52-4c71-97df-9e4b6cf4174d', '2021-02-05T09:53:03.897686Z'),
('73210667-1810-48c7-a2c0-d8a3d6f643d2', 'ace9c7b2-ddc5-4c2c-a645-78bc6ca1799e', 'e26ba2ef-9b52-4c71-97df-9e4b6cf4174d', '2021-02-05T09:53:03.897705Z'),
('df0efeb7-03c6-40ab-8e00-ce4ed279a8e5', '74c2acc0-ad4f-4b2c-bc87-8358fbce9293', 'e26ba2ef-9b52-4c71-97df-9e4b6cf4174d', '2021-02-05T09:53:03.897725Z'),
('5eb09a09-4965-4230-a6f0-cdefdfde0ced', 'aa10f365-1ac0-4c18-9586-30620560759a', 'e26ba2ef-9b52-4c71-97df-9e4b6cf4174d', '2021-02-05T09:53:03.897743Z'),
('2190c606-b5a1-4eae-8d34-7d16c42c4758', '1307cf24-fa17-4c05-bef0-dac4390fb051', 'e26ba2ef-9b52-4c71-97df-9e4b6cf4174d', '2021-02-05T09:53:03.897764Z'),
('9e2d1b90-c918-4b31-a31d-585347f964d1', 'a3986bff-1794-4f20-9580-e26f63bf03d1', 'e26ba2ef-9b52-4c71-97df-9e4b6cf4174d', '2021-02-05T09:53:03.897783Z'),
('ecdef9ef-9051-46c0-aead-36c2049c6f12', 'd849e0c6-0014-4125-8d57-dab8653314cc', 'e26ba2ef-9b52-4c71-97df-9e4b6cf4174d', '2021-02-05T09:53:03.897801Z'),
('a03c6901-89cb-4b7d-a7ee-3981eb9866c4', '8d001b01-30b4-4be2-a059-6cf919847121', 'e26ba2ef-9b52-4c71-97df-9e4b6cf4174d', '2021-02-05T09:53:03.897822Z'),
('c37ae435-fb33-43ff-a382-10bbefc55890', 'a772ddf2-c2f5-483c-b52b-7130a2e23a7c', 'e26ba2ef-9b52-4c71-97df-9e4b6cf4174d', '2021-02-05T09:53:03.897839Z'),
('f03c4c16-1df4-4f6b-8326-2a5a48fe4a5e', '290a6af1-222f-4154-907f-f8e7ed6b6712', 'e26ba2ef-9b52-4c71-97df-9e4b6cf4174d', '2021-02-05T09:53:03.897856Z'),
('172af951-926c-47ed-9457-b579631b6efd', '0dac7069-29da-4491-ba6c-dfb5ecddc54e', 'e26ba2ef-9b52-4c71-97df-9e4b6cf4174d', '2021-02-05T09:53:03.897884Z'),
('76d752a9-38b2-468b-b905-b9f64124e29f', '3cef1bec-9713-4f13-89eb-012d84aee9f6', 'e26ba2ef-9b52-4c71-97df-9e4b6cf4174d', '2021-02-05T09:53:03.897901Z'),
('d079bc3e-a706-4330-b43d-dbe876fa07e7', 'ba98f546-0e3f-4a99-acc6-84bf5e1feb63', 'e26ba2ef-9b52-4c71-97df-9e4b6cf4174d', '2021-02-05T09:53:03.897970Z'),
('631f17dd-15dc-45f9-841e-98025064f2b8', 'a1ecda79-af10-4bea-8962-746541f085c6', 'e26ba2ef-9b52-4c71-97df-9e4b6cf4174d', '2021-02-05T09:53:03.897992Z'),
('da8e4508-dff4-4acd-8507-590cfc446e5c', '2cf143e6-cb7c-4219-8624-f0d3e6e4b122', 'e26ba2ef-9b52-4c71-97df-9e4b6cf4174d', '2021-02-05T09:53:03.898006Z'),
('12172636-1d0d-438a-b19c-f3eea7b5a42f', '5772cf35-3df6-4043-b1eb-ff6d889b6627', 'e26ba2ef-9b52-4c71-97df-9e4b6cf4174d', '2021-02-05T09:53:03.898021Z'),
('75a1d34d-dcd8-4685-ab57-cc3d65309be9', 'cc88e930-24e5-43af-ae09-2824580b3667', 'e26ba2ef-9b52-4c71-97df-9e4b6cf4174d', '2021-02-05T09:53:03.898035Z'),
('e49bb68d-def8-4ca3-a180-15334c877fcd', 'dd0af1cc-ad57-4d24-9cd7-f64fff40531e', 'e26ba2ef-9b52-4c71-97df-9e4b6cf4174d', '2021-02-05T09:53:03.898054Z'),
('52beb833-99cd-4457-b237-42510307058c', '98ffc2ca-a196-43cf-bf3c-433553ac5082', 'e26ba2ef-9b52-4c71-97df-9e4b6cf4174d', '2021-02-05T09:53:03.898073Z'),
('5aa7bd07-f255-4de8-82a7-c27eb80f3d34', 'd8367707-78d8-4e98-a82b-762ebfe33761', 'e26ba2ef-9b52-4c71-97df-9e4b6cf4174d', '2021-02-05T09:53:03.898088Z'),
('6c7cca99-5704-417a-95b5-a24cbe2b1449', '25328875-4206-4766-a0c1-bdec8e7d039e', 'e26ba2ef-9b52-4c71-97df-9e4b6cf4174d', '2021-02-05T09:53:03.898104Z'),
('0c94e2ec-4ea6-4027-931b-100d53b5a232', '08a16d78-a9be-4f14-8e7a-7dde8e03d625', 'e26ba2ef-9b52-4c71-97df-9e4b6cf4174d', '2021-02-05T09:53:03.898122Z'),
('0da4fc30-8540-42b0-8fd2-d2aff7938216', '1dfa54b9-baff-4767-9ed2-d685e6b2ade8', 'e26ba2ef-9b52-4c71-97df-9e4b6cf4174d', '2021-02-05T09:53:03.898140Z'),
('8229a104-3a89-43a6-a50d-fc8ed571d594', '19f3ac23-24f3-4e7a-adea-81ccc78bc2a7', 'e26ba2ef-9b52-4c71-97df-9e4b6cf4174d', '2021-02-05T09:53:03.898194Z'),
('3f1be1c2-9957-49b3-add8-5c7cd70e9fb2', '8deed16a-4f78-4b4e-9a84-8ea7c0813bc3', 'e26ba2ef-9b52-4c71-97df-9e4b6cf4174d', '2021-02-05T09:53:03.898225Z'),
('04f5b4b7-882d-49b8-a6a5-5a2da5cee2dc', '806e0339-a84e-4e45-98ed-690abcde19d3', 'e26ba2ef-9b52-4c71-97df-9e4b6cf4174d', '2021-02-05T09:53:03.898249Z'),
('38548425-41f5-4c78-8110-9a0fc62c254f', '6673114a-d1bf-4b3c-b085-51bac92fccaf', 'e26ba2ef-9b52-4c71-97df-9e4b6cf4174d', '2021-02-05T09:53:03.898268Z'),
('d2a16190-2f87-4aac-8432-697832f037c5', 'd1d68ab1-98ac-472f-96a8-680220aaa7bd', 'e26ba2ef-9b52-4c71-97df-9e4b6cf4174d', '2021-02-05T09:53:03.898286Z'),
('86238cdd-a22a-4978-a504-e93971c46575', '4ef4247f-6829-43c2-9bc4-cb0f3996cbb6', 'e26ba2ef-9b52-4c71-97df-9e4b6cf4174d', '2021-02-05T09:53:03.898303Z'),
('85663b00-37b0-478a-91fe-1ef42221178f', '46749244-f2df-43c1-8f71-74438c87e47c', 'e26ba2ef-9b52-4c71-97df-9e4b6cf4174d', '2021-02-05T09:53:03.898320Z');

--INSERT TELEMETRY_GOES--COUNT:199
INSERT INTO public.telemetry_goes (id, nesdis_id) 
VALUES
('349cdcc5-9cdc-4f88-8e88-5b5c44db6f0b', '1769321E'),
('4cc490e6-5507-4f00-ad76-9040b86bb178', '02608762'),
('8b5c861b-3988-476f-8abb-04f8176c3d4d', 'C50003F6'),
('ff1f7f35-9652-4ebe-a0a7-86dc10121477', 'CE664DF6'),
('af025551-012c-4a2f-a1f7-b6ba98944bac', '1762F4A8'),
('184779b7-07f9-49ab-88dd-5d83d0ee6096', '24406168'),
('75e3b3ba-ddbc-4f01-aba1-85d739069717', 'D11ED764'),
('1078839e-77ba-475c-b355-e9daaa94bcaf', 'CE8597C8'),
('e4075245-c1b7-4448-98ec-45d958df88d8', 'CE66D646'),
('a7618192-c941-4df2-9b77-309e7dd2120f', 'CE24450C'),
('f5c993f1-8402-4a6f-ab06-1b3e85c7b932', 'CE564554'),
('383d9b11-5202-4641-81d3-31df628c0ad2', 'CE04928A'),
('5a72962b-baa2-4511-acc7-f14358666f07', 'CE562E60'),
('ca48a408-507f-4c76-9a44-a3ad5051b4c9', 'DDB04572'),
('dc965eca-6e23-4592-9e58-810e0f06119b', 'DD8557B4'),
('8d06d26b-0c3e-4b98-9824-47cedf7b5a93', 'CE56CD92'),
('0dc2381f-481d-4267-b528-dfcb472f4ca3', 'CE665052'),
('e9415632-2dfb-46e8-a67f-efe27f104a41', 'CE1801EA'),
('3ea3d91e-307b-4a70-8dc7-68c6a9a5b984', '244A734C'),
('c66f3d09-9fbb-439f-940f-3152b5d90fee', 'DD532210'),
('e614253b-80f3-48d4-ba61-402d3112686c', 'CE56E5AC'),
('43140bd1-902f-475a-8e00-81644058f879', '244A2330'),
('957283a6-9da4-4d09-8ac4-2acb4b7dc314', 'CE18640C'),
('d2294b04-186b-4bd1-a9c5-4426b1f6e91c', 'CE4BC7B8'),
('079d167c-be5a-4c07-a5cd-ba91674cb187', 'CE4C7602'),
('e6d67133-535e-49dc-9502-8a7baadacc07', 'CE56A874'),
('8b408cb2-f811-44ff-bb27-362db22c96d7', 'CE56DEE4'),
('01dc8fd5-ed03-47ec-aa3e-ac162411c41a', 'CE55F1D4'),
('7c5a4c26-2e43-4163-a436-e7fbdc7325d3', 'CE561BFA'),
('e04f1411-1b0b-466e-ab33-b52ed41ba2a8', 'CE56C340'),
('44c61268-e450-4f71-a59a-a41bb9af26fe', '2447F63E'),
('4cf07713-1531-48a8-8b59-dd872b932d0f', '2446D228'),
('0b1d26a5-de80-4a1a-b963-54077d191aa5', '2445A3B6'),
('dca2fb0a-eb78-43a9-b23c-47878607e1c9', 'CE66CBE2'),
('23384dc0-a1a2-48f7-9305-dcfb08ebce41', '2440A476'),
('440c65b9-b28e-40de-aeb8-fd95eabb25dd', 'CE66E3DC'),
('17a0939a-252d-4c48-b7a2-830131fcfbb7', '2448135E'),
('5f33e00f-39d4-4276-aee8-97ea9564688e', '244B575A'),
('0f242cfe-ba2f-4591-85af-79d6fbe17ddb', 'CE66954C'),
('59c359b7-f2af-427b-bfab-f229a6af6f0a', '2446C15E'),
('9e32daf3-6889-428f-9f91-07bae1d2469b', 'CE666B1A'),
('5ec27371-9fa6-4c0f-b2c9-acc43a82bedd', 'CE66786C'),
('27dcac1d-a570-4494-bc2b-9a15ef657574', '244FD474'),
('6403b168-4e3d-44aa-ab49-5bf7894f1870', '244CA5EA'),
('03f91830-39ca-4fd8-877a-3fb4c8f8fce9', 'CE66863A'),
('39c20f1a-23b8-41f0-b1a4-fc74d2739ad7', '244715CC'),
('0e292168-7e4d-40ef-9e7e-bec369838079', 'CE24339C'),
('ca7928c3-ef72-4acd-8669-225f0f0afed7', '2443C69E'),
('064eea17-bedd-4485-8b13-9d8c1677a1ef', 'CE66D894'),
('3619c2bb-a500-4a9d-aac6-1d88505c0346', '2442120C'),
('4a8ea25b-b99b-4627-9dbf-7e27538ce619', 'CE66AE04'),
('864a062b-9755-4973-b532-1eedf37e61cb', '2445E0BC'),
('ba627eb5-4ccc-4def-9214-29f47b661d88', '244C23FE'),
('5ef5f10f-d322-490e-95b6-96952b6ed30e', '17EB55B4'),
('fae3bfab-f197-403f-b721-546f4df1f7a9', '2450401A'),
('a1761ceb-48a1-45bb-b0dd-a76ba75296e7', '244D620E'),
('9e54a143-8082-4d54-99b0-7fa14c328a8d', '1762A4D4'),
('4847115c-5b20-44ef-a55e-ea6cdac227d5', 'DD85622E'),
('1d901c80-a118-42cf-922d-ba16803f556e', 'CE17F7FC'),
('d3c9300c-9604-4fce-8d3c-f3a7a703cdf1', 'CE8584BE'),
('259039aa-f937-4d80-94f3-b5e6e39f6659', 'CE563D16'),
('9b173758-a6e5-4685-b5fe-7db8d02f2924', 'CE56933C'),
('28e7ad00-12ca-4bb6-8f11-9d10848cdfdf', 'CE56B5D0'),
('770b7929-c900-4a02-9229-7b8edaf2870a', 'CE4BD4CE'),
('11b08d08-718e-4bea-9746-a80171c31dfd', 'CE55E2A2'),
('9da4730e-8168-448b-bee7-1539d49a5a00', 'CE55EC70'),
('77c09fc8-cdce-4f7d-a2a6-8d174c54b00d', 'CE56EB7E'),
('0afbb453-0d54-4a46-b11b-47633f3af7a1', '17C0D1E6'),
('d2b5052c-0da2-49b9-bd63-bcff4addaaaf', 'CE152460'),
('febfea2b-70a6-4696-8727-63deef8250ca', 'CE6B2B76'),
('c1f50ccb-8b50-4081-bfb8-2662be8e7a94', 'CE55FF06'),
('2ea45365-0d46-4d39-923d-72aaa1b4bc52', 'CE56F808'),
('66c09031-6deb-48c4-87a0-285d4913adad', 'CE56804A'),
('4f82e0d5-d080-4f5d-a7d7-5311334cb669', 'DD149076'),
('1ee04f60-e749-4f53-aee6-59832bed327f', 'CE55D9EA'),
('61b1a181-c379-4e28-a334-417e1378717d', 'CE56065E'),
('d727dbc3-4a4c-4831-97a5-05cefe91532b', 'CE77E86A'),
('4a0444f1-90d8-43b8-9218-b32d9bb45987', 'CE1D803E'),
('145a23cf-3959-4a86-9220-f1078cd2f4e9', 'CE56BB02'),
('41728503-3584-44e8-9530-659a8e0c7866', 'CE569DEE'),
('3b35f933-8fea-4fec-bc14-0fd2afddbcfe', 'CE1D9348'),
('a898cf7c-3e4c-42f4-b16f-f5c4c84bd85d', 'CE1DB5A4'),
('02d2463a-250d-47c9-bff4-028c8d0320cc', 'CE5663B8'),
('1b559168-a8d6-43fd-acc7-50a4ad2f92e2', '244FA2E4'),
('1054947e-e951-492b-b5e7-59013bfca62f', 'CE6B36D2'),
('ad06ca2c-c52e-464c-9250-9d02529c92d7', '2450536C'),
('9b6cb9e7-8946-419d-8da9-1e93c7376686', 'CE561528'),
('885d9642-0a80-4367-befa-a2ce781ede47', 'CE66ED0E'),
('39df7118-2440-433b-b197-26f0dfdba815', '2440048E'),
('07a53c6f-421a-47ea-b6fd-5ef09a70ebb1', 'CE564B86'),
('adf827a7-0c00-41e5-98a1-3f462a15a538', 'CE568E98'),
('e3547bcf-280c-4ed3-9eb4-23adfddf1d70', '244E00E6'),
('645ffc8f-bf42-4247-8504-fcdee2f7a092', '244EE314'),
('9074196b-2708-476b-a8de-962be11f58d0', 'CE66A0D6'),
('af999d27-0052-4c45-af52-f9368f92698f', '2447702A'),
('3e43e366-ed86-44f9-a2ed-fd12be2ae091', 'CE56F6DA'),
('831f3287-ee4d-4497-998e-6684e922150e', 'CE6676BE'),
('e36c6d0c-11c6-45d9-a504-83289a1a3839', '244A90BE'),
('452ed54b-9a69-4058-a00a-c191f9fd775d', 'CE665E80'),
('a1dcf2a7-1c40-4b4b-87c5-9222bff97041', 'CE66F0AA'),
('43c7aca5-ec45-452e-9c0e-2817b5483600', '24419316'),
('3a7abdf1-b9b4-4990-927a-b171455aa422', '244EF062'),
('3be713f3-8b75-4fc3-908b-ea1943670949', 'CE5620B2'),
('6b8242c1-523b-4383-b7b1-661c1a77e7f3', '2446B7CE'),
('3db3b0b9-5dee-4199-bbea-1124a9028507', 'CE66BD72'),
('0db58731-30a8-4989-9086-706d446524f2', 'CE5633C4'),
('19e6265b-1ad8-4667-b2e9-104fc9cbdc90', '2449F256'),
('9144f633-8a44-4ede-8f6a-95514cd25acf', 'CE66FE78'),
('a8f5666c-07a4-4269-b526-70c24599fe82', 'CE663B66'),
('f1793f2b-4814-4dc6-b8fb-d4e922a2ccf9', 'CE66C530'),
('b9b8997d-320e-4b0a-9b94-c78f0b4c0f78', 'DDB1A47A'),
('138d4a7f-354d-4db9-9ac4-bfe76883cf4f', 'DDB17212'),
('ac8f3a15-b7ed-4cd4-abde-4ed01b8d20d9', 'DD4654DE'),
('4334b62c-d8e6-4a6e-a552-65ab93944a59', 'CE30C1BC'),
('7156920c-c0d9-4b7a-b9b3-c15180a137e5', 'CE56088C'),
('bbfb9a19-779c-4381-a379-fe56b6febd4a', 'CE30A45A'),
('089d364e-77b5-42f7-8568-638742a59ebc', 'CE56A6A6'),
('3acf0fdd-f6ef-41a4-bc5d-b73c52c7d3eb', '17E7B7DA'),
('c2db23cd-8299-4979-a1cb-4778c909cb7f', 'CE6688E8'),
('28582682-707f-4c4a-b7b7-5a1a41138e50', 'CE566D6A'),
('2d6333bd-4c61-4df3-aaf5-91732ca0acf2', 'DDB1E770'),
('567513de-33bb-429d-a0e3-f381510d4cac', 'DD4C05F0'),
('16918e44-b42e-48ad-af6b-8949b15e5899', '244396E2'),
('db8daa15-4c67-4d8c-957f-406fcf0f2607', 'CE2025D0'),
('1dd729ae-8db0-4dc6-b560-d34cf042908f', 'CE30B72C'),
('7950a320-bd9d-46bf-8ac3-66673819d2f7', 'CE0AD5E8'),
('00a04e29-8f9e-48c3-a4df-3881fe3ca814', 'CE05F596'),
('1682c305-61cc-4a21-a581-f3eaeb8e6ed8', 'CE0954F2'),
('5603444c-9c81-4af6-949c-72e3d50a5b89', '17EB46C2'),
('353da606-da13-4c9a-8acc-6f5902196b0b', 'DD6C728E'),
('3a3513a8-9c5c-4018-b9af-f1c479891f07', 'DDB070E8'),
('56e7a24e-e89d-4724-b139-e46e31d99071', '166AF1AC'),
('7502939c-e232-498a-8d14-0c1cc52efc85', 'CE55D738'),
('77da3ebb-52a9-40e2-bb49-d4ae286a9563', 'CE77B816'),
('8e1f7ba0-8617-490f-bb86-9d4cada91d41', 'CE437E42'),
('561ab394-9338-471b-ac93-aec0cd323cba', 'CE7EBE4A'),
('a59e9424-2ef4-4690-87a2-ffd192774994', 'CE7EC608'),
('488b58e8-e8cf-41fd-977e-8f7cf8efca49', 'CE7EC8DA'),
('75cd92ed-874d-4703-a19d-d5b77d7a84e6', 'CE7EDBAC'),
('38d6b893-5a91-431c-a1ec-32b7107245ac', 'CE7EE0E4'),
('efafecfd-69e4-4fd0-9eca-133ac729da99', 'CE7EFD40'),
('6421e1b9-e2e8-42dc-9407-0734015c1456', 'CE7EF392'),
('6cd81918-b375-4f0e-868f-1e239daa6702', 'CE5D231A'),
('df72a496-98c2-43b2-baa0-c76c4ca12a09', 'CE59652A'),
('05144c9d-e788-47cb-895c-20fe8a06779f', 'CE5D2DC8'),
('91ca626c-a485-432d-9584-55dc8f04fee5', 'CE19401A'),
('85482f7f-dc6e-4635-894b-3bdf841ee633', 'CE6B8B8E'),
('6ce3c0f9-83d3-4160-8647-93cd7ad4fd70', '172024E8'),
('a03e5d2d-7198-46ab-9ad3-1cdbd3c51690', 'CE216420'),
('17a387d7-4ab2-4ad9-ab83-a3b5d2b44f1f', 'CE7EB098'),
('ead0d742-9ea9-4a3b-b4d0-3c0062fe7fe6', 'CE7ED57E'),
('3653c8e9-9fb4-41c7-a31a-1be7aa17c208', 'CE1FF35A'),
('3b7ed60e-e92b-41d4-90e3-32f26612d294', 'CE7EEE36'),
('21baea1b-888a-456d-8561-2f1e9f637deb', 'CE56D036'),
('50f70d2a-a4cf-48db-9e7f-2fe653d1f90b', 'DDA2D27A'),
('fe4cf998-0535-4a46-a734-7fb2540de5f5', '24461736'),
('d3ed4a7c-e836-4082-ac9c-f70db72b05e1', '244F748C'),
('ff064613-fd77-4ab9-9d91-3e2cbfda9f3c', '2440F40A'),
('4167bc2e-c92d-459f-b1e1-9ddbcf774f0c', 'CE183470'),
('3a135dc6-c0bf-4ea0-9405-277340bd7c5a', 'CE6CB2F2'),
('b1573ee3-f517-4986-a78c-a5a4663278e9', '244661A6'),
('b919c8e9-3363-4830-940f-41e60ddf693b', '1782343C'),
('2c5f51fb-5638-411c-aed5-015dda8c08cc', 'CE05D37A'),
('615bbee7-daae-4982-85b1-7361362474b9', '244EA01E'),
('2fb5580d-9449-46a8-9797-9da7f213afd8', '244E260A'),
('6bcdcf0f-ca07-4366-aeca-3746b559c630', '244234E0'),
('088b9551-d0a5-400c-b519-2469d0754339', '1676A7D2'),
('b530e965-43aa-4fc3-b65b-1eb258066081', '2442C464'),
('ec74a7d0-508a-47c3-bb30-181c7a5be24f', '2445D526'),
('00b88e43-d219-4771-afb3-563e8b983464', '244536D4'),
('0f602f1c-0ca7-4fd5-8bd5-abe184ba21cb', '244575DE'),
('7ab1e0f4-66e2-4943-ac99-c994fe26ae56', '244C1664'),
('0758f32f-9e06-4695-9693-938f28a0ce18', '2446F4C4'),
('c913098a-3a61-417c-bfc3-9a79d3d1aced', 'DF00316E'),
('07da22c2-1623-4160-8f1f-8fec1d9f3fc9', '17A8C404'),
('e1dedf78-2bde-4522-b5a5-842258cca2ae', '17A8B294'),
('c452100f-b5ad-4232-9ee4-268dacb13ce0', '244A3046'),
('73ccca1b-af05-459e-ac36-317c28784df5', 'CE77F5CE'),
('9ca905fe-e56d-4da4-b57d-c6e69f58fa5e', '176E235C'),
('c9b3855a-a065-4ebb-8473-47ebe4f0708e', '1676813E'),
('8660de2c-ce99-4dab-98bd-68cc0111b57f', 'CE17F7FC'),
('a8f546f9-c969-4479-a813-48c2e0edf3b7', '244D7178'),
('0e7c9e0e-efc8-4b1e-8814-9dc888aaaebc', '1676B4A4'),
('225ec601-ff43-41ab-aa82-56dde643fd7e', '17871510'),
('36485ada-b360-48af-b936-ae91d3a4601f', '16DE05DA'),
('43dee37b-f0a0-4490-b8e6-7537db04924a', 'CE56F6DA'),
('6299fe00-b652-42ca-912c-a4b55093313d', 'DDB05604'),
('3dcbb003-3b2c-4236-b036-93c5070d464d', '172590A6'),
('0fbee0ef-356b-4e1e-938d-e1fc2f6da90d', 'DE2793EE'),
('4516542f-b8f2-457d-a15e-2bb7cd9342f9', 'DDB1B70C'),
('6e758ce7-7ed6-4dde-8697-b442d50bda35', 'DE13305C'),
('5f0a24de-5634-44ec-95ab-6f6a5e443c82', 'CE2B350E'),
('739066cf-4344-413c-8caf-20d4d34644ee', 'CE567E1C'),
('260201ff-bd08-402b-87c8-82e5b2d865d4', 'CE5670CE'),
('b04fdf81-c649-4dfe-b1c1-435e91352f65', '1704E522'),
('187663ea-c9aa-40fc-b66c-ee3ec82e484d', 'CE77FB1C'),
('09af4d4d-014d-404a-a9d3-db316ac7bc53', '17F1369E'),
('8de1ff82-6382-47a0-bb8e-c2e26a77e26f', 'CE0D2758'),
('a1cc2911-1c5a-4db8-8c99-3493ea1bebab', '16769248');

--INSERT INSTRUMENT_TELEMETRY--COUNT:199
INSERT INTO public.instrument_telemetry (instrument_id, telemetry_type_id, telemetry_id) 
VALUES
('fbaae120-0c45-4dd0-8226-8476bfa8ce81', '10a32652-af43-4451-bd52-4980c5690cc9', '349cdcc5-9cdc-4f88-8e88-5b5c44db6f0b'),
('2c735458-03ba-4832-9a0e-6afaf399266a', '10a32652-af43-4451-bd52-4980c5690cc9', '4cc490e6-5507-4f00-ad76-9040b86bb178'),
('ce4097da-d1e0-432b-a8e7-76f7e9bff1b1', '10a32652-af43-4451-bd52-4980c5690cc9', '8b5c861b-3988-476f-8abb-04f8176c3d4d'),
('abe95109-b6b7-4191-a399-d15493e720f1', '10a32652-af43-4451-bd52-4980c5690cc9', 'ff1f7f35-9652-4ebe-a0a7-86dc10121477'),
('40705bc0-7a0b-4605-8330-d62a79ca7531', '10a32652-af43-4451-bd52-4980c5690cc9', 'af025551-012c-4a2f-a1f7-b6ba98944bac'),
('695834c0-de82-47a4-bc32-b764f9cd0538', '10a32652-af43-4451-bd52-4980c5690cc9', '184779b7-07f9-49ab-88dd-5d83d0ee6096'),
('e1f07a5f-8d6d-48b9-b953-4c57ec7511e9', '10a32652-af43-4451-bd52-4980c5690cc9', '75e3b3ba-ddbc-4f01-aba1-85d739069717'),
('3d60ea91-0b79-49a7-8045-a2e00c496386', '10a32652-af43-4451-bd52-4980c5690cc9', '1078839e-77ba-475c-b355-e9daaa94bcaf'),
('a82e204d-b775-4e37-ad5b-57d10461e1b2', '10a32652-af43-4451-bd52-4980c5690cc9', 'e4075245-c1b7-4448-98ec-45d958df88d8'),
('8bbd020d-c496-46c4-85de-ed8dc919a8ca', '10a32652-af43-4451-bd52-4980c5690cc9', 'a7618192-c941-4df2-9b77-309e7dd2120f'),
('e7035c37-bab9-40a2-b0ad-b43b8dd0ddb1', '10a32652-af43-4451-bd52-4980c5690cc9', 'f5c993f1-8402-4a6f-ab06-1b3e85c7b932'),
('4412c873-a8a5-417d-9b94-10c42895fa6c', '10a32652-af43-4451-bd52-4980c5690cc9', '383d9b11-5202-4641-81d3-31df628c0ad2'),
('08fdc172-6dfa-4b8a-8a28-ac996c5378cc', '10a32652-af43-4451-bd52-4980c5690cc9', '5a72962b-baa2-4511-acc7-f14358666f07'),
('88fdb36d-00fb-4f79-88f9-832f78e3d2b2', '10a32652-af43-4451-bd52-4980c5690cc9', 'ca48a408-507f-4c76-9a44-a3ad5051b4c9'),
('4a3cf67d-aa92-4b25-88b9-c3c376631eb0', '10a32652-af43-4451-bd52-4980c5690cc9', 'dc965eca-6e23-4592-9e58-810e0f06119b'),
('a9296751-9f0d-4a4b-bd1e-b845e470af26', '10a32652-af43-4451-bd52-4980c5690cc9', '8d06d26b-0c3e-4b98-9824-47cedf7b5a93'),
('d9af8917-e1da-45c3-9447-32f8fdb85214', '10a32652-af43-4451-bd52-4980c5690cc9', '0dc2381f-481d-4267-b528-dfcb472f4ca3'),
('b0a86a03-84f5-457c-b988-c4d7fcc730c0', '10a32652-af43-4451-bd52-4980c5690cc9', 'e9415632-2dfb-46e8-a67f-efe27f104a41'),
('904e0751-3f35-4a1b-a40b-0bee65f7afe4', '10a32652-af43-4451-bd52-4980c5690cc9', '3ea3d91e-307b-4a70-8dc7-68c6a9a5b984'),
('24824e81-2aab-4c6f-9640-652a82424db2', '10a32652-af43-4451-bd52-4980c5690cc9', 'c66f3d09-9fbb-439f-940f-3152b5d90fee'),
('2d7aac87-07e8-4105-8d09-61217ec4acfe', '10a32652-af43-4451-bd52-4980c5690cc9', 'e614253b-80f3-48d4-ba61-402d3112686c'),
('65db2945-fe9b-4f9b-96e6-c6aabe4c91b6', '10a32652-af43-4451-bd52-4980c5690cc9', '43140bd1-902f-475a-8e00-81644058f879'),
('ac4186ae-b6c7-41aa-ab29-db143e74f00f', '10a32652-af43-4451-bd52-4980c5690cc9', '957283a6-9da4-4d09-8ac4-2acb4b7dc314'),
('cf12ba0a-8aaa-499a-bbc1-db3f96d66ee4', '10a32652-af43-4451-bd52-4980c5690cc9', 'd2294b04-186b-4bd1-a9c5-4426b1f6e91c'),
('c339ff35-740a-482e-83e8-69dff2a1e50e', '10a32652-af43-4451-bd52-4980c5690cc9', '079d167c-be5a-4c07-a5cd-ba91674cb187'),
('9d8a6654-a994-4d96-9d12-752e4b980ecb', '10a32652-af43-4451-bd52-4980c5690cc9', 'e6d67133-535e-49dc-9502-8a7baadacc07'),
('c20e2c35-6a22-41ba-82eb-8963059d5d6b', '10a32652-af43-4451-bd52-4980c5690cc9', '8b408cb2-f811-44ff-bb27-362db22c96d7'),
('a18f0416-573c-450f-ad35-bd9f174fd1ca', '10a32652-af43-4451-bd52-4980c5690cc9', '01dc8fd5-ed03-47ec-aa3e-ac162411c41a'),
('7e798c02-a4bf-4ce4-a9a8-4057da756baa', '10a32652-af43-4451-bd52-4980c5690cc9', '7c5a4c26-2e43-4163-a436-e7fbdc7325d3'),
('ecd58ae6-1048-4bd0-8fb1-6bd2ea74767d', '10a32652-af43-4451-bd52-4980c5690cc9', 'e04f1411-1b0b-466e-ab33-b52ed41ba2a8'),
('b9f183b8-3662-4ce3-a09d-3ee22b209c6a', '10a32652-af43-4451-bd52-4980c5690cc9', '44c61268-e450-4f71-a59a-a41bb9af26fe'),
('acb719c9-c519-43b4-9280-2a0b12ef41b9', '10a32652-af43-4451-bd52-4980c5690cc9', '4cf07713-1531-48a8-8b59-dd872b932d0f'),
('a558eba4-3279-45f8-a5d8-17a0db5168df', '10a32652-af43-4451-bd52-4980c5690cc9', '0b1d26a5-de80-4a1a-b963-54077d191aa5'),
('0971c9b6-3ad3-4702-b2df-b2eb0b862be6', '10a32652-af43-4451-bd52-4980c5690cc9', 'dca2fb0a-eb78-43a9-b23c-47878607e1c9'),
('144191ac-e042-416b-910c-240d3b27bdaf', '10a32652-af43-4451-bd52-4980c5690cc9', '23384dc0-a1a2-48f7-9305-dcfb08ebce41'),
('4e790775-62f8-4d6a-ae78-a22df7b66e17', '10a32652-af43-4451-bd52-4980c5690cc9', '440c65b9-b28e-40de-aeb8-fd95eabb25dd'),
('9e05097b-9654-46b1-ba43-68405553d9c8', '10a32652-af43-4451-bd52-4980c5690cc9', '17a0939a-252d-4c48-b7a2-830131fcfbb7'),
('77220894-f4e4-4629-9eb6-2b9a0d529d59', '10a32652-af43-4451-bd52-4980c5690cc9', '5f33e00f-39d4-4276-aee8-97ea9564688e'),
('a13df2e5-f4d0-4925-a4b7-45b0a51344be', '10a32652-af43-4451-bd52-4980c5690cc9', '0f242cfe-ba2f-4591-85af-79d6fbe17ddb'),
('128d7a35-132e-43f5-8cf7-815493280417', '10a32652-af43-4451-bd52-4980c5690cc9', '59c359b7-f2af-427b-bfab-f229a6af6f0a'),
('4933a02b-7365-4c76-b478-c7af8d3a6962', '10a32652-af43-4451-bd52-4980c5690cc9', '9e32daf3-6889-428f-9f91-07bae1d2469b'),
('1d099a0e-9bb9-4e3d-8c8c-840324fe3655', '10a32652-af43-4451-bd52-4980c5690cc9', '5ec27371-9fa6-4c0f-b2c9-acc43a82bedd'),
('e71e8173-d65b-4e7a-a6a4-2a1dd91fdb3a', '10a32652-af43-4451-bd52-4980c5690cc9', '27dcac1d-a570-4494-bc2b-9a15ef657574'),
('924561b1-395e-4222-b4eb-85365e77f9fc', '10a32652-af43-4451-bd52-4980c5690cc9', '6403b168-4e3d-44aa-ab49-5bf7894f1870'),
('cba2fce6-3760-47da-b3d8-7aeb3ee67ce0', '10a32652-af43-4451-bd52-4980c5690cc9', '03f91830-39ca-4fd8-877a-3fb4c8f8fce9'),
('314ac348-1135-417b-8f5c-795cfd058857', '10a32652-af43-4451-bd52-4980c5690cc9', '39c20f1a-23b8-41f0-b1a4-fc74d2739ad7'),
('f39b5c2f-6ef2-421c-bedf-3c071d490de8', '10a32652-af43-4451-bd52-4980c5690cc9', '0e292168-7e4d-40ef-9e7e-bec369838079'),
('2d1a4206-ca7b-4640-9777-d51caf194171', '10a32652-af43-4451-bd52-4980c5690cc9', 'ca7928c3-ef72-4acd-8669-225f0f0afed7'),
('70b84da4-61b4-45f3-8e55-cdd370fe3c19', '10a32652-af43-4451-bd52-4980c5690cc9', '064eea17-bedd-4485-8b13-9d8c1677a1ef'),
('6dc5dbb1-3ee1-47b3-a039-ec8d1d8ecd03', '10a32652-af43-4451-bd52-4980c5690cc9', '3619c2bb-a500-4a9d-aac6-1d88505c0346'),
('0a6f8403-dba0-4d65-a694-4c984581f6d0', '10a32652-af43-4451-bd52-4980c5690cc9', '4a8ea25b-b99b-4627-9dbf-7e27538ce619'),
('130c3437-3c43-4425-91c5-6b24a859edcd', '10a32652-af43-4451-bd52-4980c5690cc9', '864a062b-9755-4973-b532-1eedf37e61cb'),
('efd9a905-6a03-4c97-9a48-654c3a259bb6', '10a32652-af43-4451-bd52-4980c5690cc9', 'ba627eb5-4ccc-4def-9214-29f47b661d88'),
('0068a62b-04a1-4683-8aa6-0b455a78e889', '10a32652-af43-4451-bd52-4980c5690cc9', '5ef5f10f-d322-490e-95b6-96952b6ed30e'),
('e5f3df28-c253-45f2-8bdf-e80912d7db51', '10a32652-af43-4451-bd52-4980c5690cc9', 'fae3bfab-f197-403f-b721-546f4df1f7a9'),
('c98d9f72-5c6f-4ccc-a51b-e6f28ad71f52', '10a32652-af43-4451-bd52-4980c5690cc9', 'a1761ceb-48a1-45bb-b0dd-a76ba75296e7'),
('f1f7259e-aa28-458d-a722-a5116e6bcf97', '10a32652-af43-4451-bd52-4980c5690cc9', '9e54a143-8082-4d54-99b0-7fa14c328a8d'),
('2bc54c6c-b626-4d77-9e1d-c4afd2688529', '10a32652-af43-4451-bd52-4980c5690cc9', '4847115c-5b20-44ef-a55e-ea6cdac227d5'),
('8fb7c9bf-f49e-4f06-8207-b37d25516eff', '10a32652-af43-4451-bd52-4980c5690cc9', '1d901c80-a118-42cf-922d-ba16803f556e'),
('dc2d5dbe-0eec-4f26-be9a-1bcb4d941306', '10a32652-af43-4451-bd52-4980c5690cc9', 'd3c9300c-9604-4fce-8d3c-f3a7a703cdf1'),
('d35922a1-b79d-4e33-a9ad-529d718e0070', '10a32652-af43-4451-bd52-4980c5690cc9', '259039aa-f937-4d80-94f3-b5e6e39f6659'),
('5d469117-c7ab-4d53-a37f-2804e52524c5', '10a32652-af43-4451-bd52-4980c5690cc9', '9b173758-a6e5-4685-b5fe-7db8d02f2924'),
('d6b71b90-1259-471e-b3e9-d6c8c997113e', '10a32652-af43-4451-bd52-4980c5690cc9', '28e7ad00-12ca-4bb6-8f11-9d10848cdfdf'),
('b674d698-0f0c-4019-a31d-8986c7359af7', '10a32652-af43-4451-bd52-4980c5690cc9', '770b7929-c900-4a02-9229-7b8edaf2870a'),
('99a4ff62-6354-4b59-ba20-e3e6f020be03', '10a32652-af43-4451-bd52-4980c5690cc9', '11b08d08-718e-4bea-9746-a80171c31dfd'),
('e792d532-6695-4987-953f-70210cdbe785', '10a32652-af43-4451-bd52-4980c5690cc9', '9da4730e-8168-448b-bee7-1539d49a5a00'),
('c35515ca-d720-432e-b95c-53b52600cccb', '10a32652-af43-4451-bd52-4980c5690cc9', '77c09fc8-cdce-4f7d-a2a6-8d174c54b00d'),
('e12668c2-168d-4d5a-a830-f2adbeae6740', '10a32652-af43-4451-bd52-4980c5690cc9', '0afbb453-0d54-4a46-b11b-47633f3af7a1'),
('d317e9c1-df30-4c47-89e4-c6cfbfba81a9', '10a32652-af43-4451-bd52-4980c5690cc9', 'd2b5052c-0da2-49b9-bd63-bcff4addaaaf'),
('537cb139-e03c-4196-9996-6b03e623ce43', '10a32652-af43-4451-bd52-4980c5690cc9', 'febfea2b-70a6-4696-8727-63deef8250ca'),
('d44e3814-6472-49d4-ab89-a14d62b4eb31', '10a32652-af43-4451-bd52-4980c5690cc9', 'c1f50ccb-8b50-4081-bfb8-2662be8e7a94'),
('f7a5d66b-6f2a-4b04-90ac-2c46ec3f9813', '10a32652-af43-4451-bd52-4980c5690cc9', '2ea45365-0d46-4d39-923d-72aaa1b4bc52'),
('0713fbcf-426c-4a6a-9661-3af7990b2ba7', '10a32652-af43-4451-bd52-4980c5690cc9', '66c09031-6deb-48c4-87a0-285d4913adad'),
('b067fb49-80ea-46e7-b7e8-8421ad267d26', '10a32652-af43-4451-bd52-4980c5690cc9', '4f82e0d5-d080-4f5d-a7d7-5311334cb669'),
('c9560d3c-8774-4914-ad03-b445a0b7da9d', '10a32652-af43-4451-bd52-4980c5690cc9', '1ee04f60-e749-4f53-aee6-59832bed327f'),
('f76b38fb-4ebd-4342-811f-d6d240f72b63', '10a32652-af43-4451-bd52-4980c5690cc9', '61b1a181-c379-4e28-a334-417e1378717d'),
('1df8f4a4-4fd7-4854-bd6a-9d8223674257', '10a32652-af43-4451-bd52-4980c5690cc9', 'd727dbc3-4a4c-4831-97a5-05cefe91532b'),
('4a909b0e-babf-45a8-86b3-7380de576c8e', '10a32652-af43-4451-bd52-4980c5690cc9', '4a0444f1-90d8-43b8-9218-b32d9bb45987'),
('52a2ea78-537d-4bac-84c2-b68c3e369fb8', '10a32652-af43-4451-bd52-4980c5690cc9', '145a23cf-3959-4a86-9220-f1078cd2f4e9'),
('8d62c70e-0c4f-4764-a89d-7460a489b264', '10a32652-af43-4451-bd52-4980c5690cc9', '41728503-3584-44e8-9530-659a8e0c7866'),
('bdf8606a-cd54-47f5-b300-3dd5f45b6e99', '10a32652-af43-4451-bd52-4980c5690cc9', '3b35f933-8fea-4fec-bc14-0fd2afddbcfe'),
('62952458-39ee-4f4a-ada1-8911868d6d68', '10a32652-af43-4451-bd52-4980c5690cc9', 'a898cf7c-3e4c-42f4-b16f-f5c4c84bd85d'),
('a21f8d4c-41fb-47f7-9a40-7c5f93f85343', '10a32652-af43-4451-bd52-4980c5690cc9', '02d2463a-250d-47c9-bff4-028c8d0320cc'),
('bd1adf73-944d-4bb1-acf2-ec533f796039', '10a32652-af43-4451-bd52-4980c5690cc9', '1b559168-a8d6-43fd-acc7-50a4ad2f92e2'),
('661e34eb-2ace-4d33-9d28-bc62b9fe0f76', '10a32652-af43-4451-bd52-4980c5690cc9', '1054947e-e951-492b-b5e7-59013bfca62f'),
('6203ad8e-1f17-4320-ba99-5dff4792748a', '10a32652-af43-4451-bd52-4980c5690cc9', 'ad06ca2c-c52e-464c-9250-9d02529c92d7'),
('98b2a65e-22e2-4f55-97b6-477e9f518d96', '10a32652-af43-4451-bd52-4980c5690cc9', '9b6cb9e7-8946-419d-8da9-1e93c7376686'),
('0b973d32-1f93-4aa2-a2c8-821552ab2ddd', '10a32652-af43-4451-bd52-4980c5690cc9', '885d9642-0a80-4367-befa-a2ce781ede47'),
('84f90597-a764-4be8-99e2-0ef09212672d', '10a32652-af43-4451-bd52-4980c5690cc9', '39df7118-2440-433b-b197-26f0dfdba815'),
('fb44ae76-02c0-4b91-8756-edac44a51925', '10a32652-af43-4451-bd52-4980c5690cc9', '07a53c6f-421a-47ea-b6fd-5ef09a70ebb1'),
('12989fd5-fa1f-46a6-a784-2e784dc18a44', '10a32652-af43-4451-bd52-4980c5690cc9', 'adf827a7-0c00-41e5-98a1-3f462a15a538'),
('328969f6-67b3-4126-92ed-768edc93cefd', '10a32652-af43-4451-bd52-4980c5690cc9', 'e3547bcf-280c-4ed3-9eb4-23adfddf1d70'),
('8dcf5fed-620d-4dc4-be34-1dcf5c95eb0c', '10a32652-af43-4451-bd52-4980c5690cc9', '645ffc8f-bf42-4247-8504-fcdee2f7a092'),
('d1ff93f8-43b0-42ce-a160-eff33a428d47', '10a32652-af43-4451-bd52-4980c5690cc9', '9074196b-2708-476b-a8de-962be11f58d0'),
('81998deb-96b1-404f-9aa0-311f5a383938', '10a32652-af43-4451-bd52-4980c5690cc9', 'af999d27-0052-4c45-af52-f9368f92698f'),
('bed0b812-d4c1-4b54-aab2-b3c58dab76b9', '10a32652-af43-4451-bd52-4980c5690cc9', '3e43e366-ed86-44f9-a2ed-fd12be2ae091'),
('579ed4e7-4306-4f5b-99e9-4e469d59fab0', '10a32652-af43-4451-bd52-4980c5690cc9', '831f3287-ee4d-4497-998e-6684e922150e'),
('3778cd69-73cd-4df3-992b-a7fe204e4f3a', '10a32652-af43-4451-bd52-4980c5690cc9', 'e36c6d0c-11c6-45d9-a504-83289a1a3839'),
('9e468f66-23aa-4397-9268-6d4632d9ee53', '10a32652-af43-4451-bd52-4980c5690cc9', '452ed54b-9a69-4058-a00a-c191f9fd775d'),
('a39196f0-fa1e-4312-840b-41d246d92860', '10a32652-af43-4451-bd52-4980c5690cc9', 'a1dcf2a7-1c40-4b4b-87c5-9222bff97041'),
('ca0c3c9f-03ae-40f6-bb41-5f9f5dff8a15', '10a32652-af43-4451-bd52-4980c5690cc9', '43c7aca5-ec45-452e-9c0e-2817b5483600'),
('bae5493c-330e-40dd-b248-efb766b0a1e4', '10a32652-af43-4451-bd52-4980c5690cc9', '3a7abdf1-b9b4-4990-927a-b171455aa422'),
('7a9fb19b-78bc-45c0-8026-df61c311ac0f', '10a32652-af43-4451-bd52-4980c5690cc9', '3be713f3-8b75-4fc3-908b-ea1943670949'),
('8066a682-0c43-43bb-9095-34d8592e6adc', '10a32652-af43-4451-bd52-4980c5690cc9', '6b8242c1-523b-4383-b7b1-661c1a77e7f3'),
('10d31320-e970-4b16-b125-424e4c4c448e', '10a32652-af43-4451-bd52-4980c5690cc9', '3db3b0b9-5dee-4199-bbea-1124a9028507'),
('af90c532-3648-4b6e-bb86-90979db67729', '10a32652-af43-4451-bd52-4980c5690cc9', '0db58731-30a8-4989-9086-706d446524f2'),
('4a61fd9f-216b-4db1-ae85-83e0574d7dfb', '10a32652-af43-4451-bd52-4980c5690cc9', '19e6265b-1ad8-4667-b2e9-104fc9cbdc90'),
('72417936-0198-480f-88b1-bc75a2cb11d1', '10a32652-af43-4451-bd52-4980c5690cc9', '9144f633-8a44-4ede-8f6a-95514cd25acf'),
('d9980223-aefb-4dee-a9b8-1fcb6e998773', '10a32652-af43-4451-bd52-4980c5690cc9', 'a8f5666c-07a4-4269-b526-70c24599fe82'),
('c3f98550-023a-490e-b7a3-847e8353a061', '10a32652-af43-4451-bd52-4980c5690cc9', 'f1793f2b-4814-4dc6-b8fb-d4e922a2ccf9'),
('b090f475-dd3b-449d-9e8a-81ce6bafda39', '10a32652-af43-4451-bd52-4980c5690cc9', 'b9b8997d-320e-4b0a-9b94-c78f0b4c0f78'),
('0b94b773-4e84-4cad-80ea-492047044870', '10a32652-af43-4451-bd52-4980c5690cc9', '138d4a7f-354d-4db9-9ac4-bfe76883cf4f'),
('3bced85a-304c-470a-9d89-3b0405bfcd63', '10a32652-af43-4451-bd52-4980c5690cc9', 'ac8f3a15-b7ed-4cd4-abde-4ed01b8d20d9'),
('2bce3be9-1aa2-44d9-b07b-988770bd519b', '10a32652-af43-4451-bd52-4980c5690cc9', '4334b62c-d8e6-4a6e-a552-65ab93944a59'),
('0ff0e1e1-7116-43b2-9e67-ec1ec5bf0824', '10a32652-af43-4451-bd52-4980c5690cc9', '7156920c-c0d9-4b7a-b9b3-c15180a137e5'),
('bb1af020-f53e-4f4c-9745-138a857d9a96', '10a32652-af43-4451-bd52-4980c5690cc9', 'bbfb9a19-779c-4381-a379-fe56b6febd4a'),
('13f844b5-f11a-4844-adc4-64cd0c33b8f4', '10a32652-af43-4451-bd52-4980c5690cc9', '089d364e-77b5-42f7-8568-638742a59ebc'),
('867a2c98-0553-4491-a6de-fb052c1eb9db', '10a32652-af43-4451-bd52-4980c5690cc9', '3acf0fdd-f6ef-41a4-bc5d-b73c52c7d3eb'),
('8970d053-bcb5-473f-8d01-269b743378b8', '10a32652-af43-4451-bd52-4980c5690cc9', 'c2db23cd-8299-4979-a1cb-4778c909cb7f'),
('683092b7-8dc9-42fa-938a-9aa2d65ebdd8', '10a32652-af43-4451-bd52-4980c5690cc9', '28582682-707f-4c4a-b7b7-5a1a41138e50'),
('ead4b9d0-09c4-45bd-af43-dd123ae95973', '10a32652-af43-4451-bd52-4980c5690cc9', '2d6333bd-4c61-4df3-aaf5-91732ca0acf2'),
('29e8d3e5-1eb3-40dc-84bf-86c329ebbf57', '10a32652-af43-4451-bd52-4980c5690cc9', '567513de-33bb-429d-a0e3-f381510d4cac'),
('48cc73a8-16bb-4d04-8a6a-899a1980126b', '10a32652-af43-4451-bd52-4980c5690cc9', '16918e44-b42e-48ad-af6b-8949b15e5899'),
('50b60c57-8bb9-4886-a7af-45c931b6b59b', '10a32652-af43-4451-bd52-4980c5690cc9', 'db8daa15-4c67-4d8c-957f-406fcf0f2607'),
('78ed1c56-2a8a-4f65-9681-7ad3a2c2b817', '10a32652-af43-4451-bd52-4980c5690cc9', '1dd729ae-8db0-4dc6-b560-d34cf042908f'),
('bc257152-d5b8-4cfa-b805-272e559a717e', '10a32652-af43-4451-bd52-4980c5690cc9', '7950a320-bd9d-46bf-8ac3-66673819d2f7'),
('31de340d-4115-4adf-b43b-f3532935a1f4', '10a32652-af43-4451-bd52-4980c5690cc9', '00a04e29-8f9e-48c3-a4df-3881fe3ca814'),
('93c1c2cc-c23e-4a32-b717-a2709103b6c0', '10a32652-af43-4451-bd52-4980c5690cc9', '1682c305-61cc-4a21-a581-f3eaeb8e6ed8'),
('089b25dd-813c-4209-9aa4-90317dfda7ae', '10a32652-af43-4451-bd52-4980c5690cc9', '5603444c-9c81-4af6-949c-72e3d50a5b89'),
('8a456b58-67cb-4d55-8f5e-ff492ab7f27a', '10a32652-af43-4451-bd52-4980c5690cc9', '353da606-da13-4c9a-8acc-6f5902196b0b'),
('dbc17081-a9af-404c-a276-064c0f49f770', '10a32652-af43-4451-bd52-4980c5690cc9', '3a3513a8-9c5c-4018-b9af-f1c479891f07'),
('6487b608-0117-4395-855c-00357c83bc8c', '10a32652-af43-4451-bd52-4980c5690cc9', '56e7a24e-e89d-4724-b139-e46e31d99071'),
('f4419db2-b033-475c-9b7c-77f875c235d8', '10a32652-af43-4451-bd52-4980c5690cc9', '7502939c-e232-498a-8d14-0c1cc52efc85'),
('688396ac-99b4-4633-a982-377fbdff5e02', '10a32652-af43-4451-bd52-4980c5690cc9', '77da3ebb-52a9-40e2-bb49-d4ae286a9563'),
('4e8a3037-d547-467b-870e-ee4d9232274a', '10a32652-af43-4451-bd52-4980c5690cc9', '8e1f7ba0-8617-490f-bb86-9d4cada91d41'),
('1fb3a89d-aefa-4b7d-ad05-f312cc938667', '10a32652-af43-4451-bd52-4980c5690cc9', '561ab394-9338-471b-ac93-aec0cd323cba'),
('9ccc71c2-55e5-456d-bd38-ecd928413ba7', '10a32652-af43-4451-bd52-4980c5690cc9', 'a59e9424-2ef4-4690-87a2-ffd192774994'),
('6e888269-61fc-483f-8f8d-10e42e229bfe', '10a32652-af43-4451-bd52-4980c5690cc9', '488b58e8-e8cf-41fd-977e-8f7cf8efca49'),
('f8e40159-6484-494c-8407-787fccb28b47', '10a32652-af43-4451-bd52-4980c5690cc9', '75cd92ed-874d-4703-a19d-d5b77d7a84e6'),
('2df711dd-2056-4cb2-934f-f80022d410eb', '10a32652-af43-4451-bd52-4980c5690cc9', '38d6b893-5a91-431c-a1ec-32b7107245ac'),
('253202a2-0a8b-4e5a-bddd-a13b2f80c3ff', '10a32652-af43-4451-bd52-4980c5690cc9', 'efafecfd-69e4-4fd0-9eca-133ac729da99'),
('a2d41306-ee43-4ef1-a3b2-84592b4121e7', '10a32652-af43-4451-bd52-4980c5690cc9', '6421e1b9-e2e8-42dc-9407-0734015c1456'),
('72803fb7-9e3d-4366-86d0-d4e2b3528096', '10a32652-af43-4451-bd52-4980c5690cc9', '6cd81918-b375-4f0e-868f-1e239daa6702'),
('904f3d4b-8e2e-4531-ac2b-de21793a9016', '10a32652-af43-4451-bd52-4980c5690cc9', 'df72a496-98c2-43b2-baa0-c76c4ca12a09'),
('40a6124c-77ca-48de-a5c0-0e9f152b052b', '10a32652-af43-4451-bd52-4980c5690cc9', '05144c9d-e788-47cb-895c-20fe8a06779f'),
('fa1a6921-eefe-4c99-85c2-00fc597c38e3', '10a32652-af43-4451-bd52-4980c5690cc9', '91ca626c-a485-432d-9584-55dc8f04fee5'),
('c1a5219e-a579-4771-92f4-1f097d3c2766', '10a32652-af43-4451-bd52-4980c5690cc9', '85482f7f-dc6e-4635-894b-3bdf841ee633'),
('30542291-5420-4eb3-b5ed-eccc4641873b', '10a32652-af43-4451-bd52-4980c5690cc9', '6ce3c0f9-83d3-4160-8647-93cd7ad4fd70'),
('c418df64-1989-4b86-a8f3-ca50ef255c50', '10a32652-af43-4451-bd52-4980c5690cc9', 'a03e5d2d-7198-46ab-9ad3-1cdbd3c51690'),
('89d1a9ed-3342-4ebc-9aed-b3e29464ada8', '10a32652-af43-4451-bd52-4980c5690cc9', '17a387d7-4ab2-4ad9-ab83-a3b5d2b44f1f'),
('cb864d00-4ae7-446a-a975-7cf3d6ba1f02', '10a32652-af43-4451-bd52-4980c5690cc9', 'ead0d742-9ea9-4a3b-b4d0-3c0062fe7fe6'),
('4aa66a38-b454-44e0-808a-884b1f7969dd', '10a32652-af43-4451-bd52-4980c5690cc9', '3653c8e9-9fb4-41c7-a31a-1be7aa17c208'),
('29c05639-1315-4958-808d-003e46c18769', '10a32652-af43-4451-bd52-4980c5690cc9', '3b7ed60e-e92b-41d4-90e3-32f26612d294'),
('e7569ec3-0387-47fa-818c-9a9bfad0578b', '10a32652-af43-4451-bd52-4980c5690cc9', '21baea1b-888a-456d-8561-2f1e9f637deb'),
('36a97ba3-fbfc-4e2a-b32e-3843b221d2b9', '10a32652-af43-4451-bd52-4980c5690cc9', '50f70d2a-a4cf-48db-9e7f-2fe653d1f90b'),
('dea3b440-5650-43e0-b8ed-f4dd7a0f9952', '10a32652-af43-4451-bd52-4980c5690cc9', 'fe4cf998-0535-4a46-a734-7fb2540de5f5'),
('684993ee-a0d0-4a45-8a36-62558a473559', '10a32652-af43-4451-bd52-4980c5690cc9', 'd3ed4a7c-e836-4082-ac9c-f70db72b05e1'),
('0d68dccf-8a26-40cf-ae46-a299074d0737', '10a32652-af43-4451-bd52-4980c5690cc9', 'ff064613-fd77-4ab9-9d91-3e2cbfda9f3c'),
('0e81e807-81dc-4547-9d7d-9819bda849f9', '10a32652-af43-4451-bd52-4980c5690cc9', '4167bc2e-c92d-459f-b1e1-9ddbcf774f0c'),
('ffbb13b3-71e1-4872-9bef-5ddd4d78634d', '10a32652-af43-4451-bd52-4980c5690cc9', '3a135dc6-c0bf-4ea0-9405-277340bd7c5a'),
('13b8b34a-3b2b-45ad-833e-c189ffbc3e51', '10a32652-af43-4451-bd52-4980c5690cc9', 'b1573ee3-f517-4986-a78c-a5a4663278e9'),
('05218a85-8dad-49ca-896a-8e1cc79c73da', '10a32652-af43-4451-bd52-4980c5690cc9', 'b919c8e9-3363-4830-940f-41e60ddf693b'),
('4750d6ee-7b98-4645-8246-678de0373523', '10a32652-af43-4451-bd52-4980c5690cc9', '2c5f51fb-5638-411c-aed5-015dda8c08cc'),
('1b37b7d5-bb92-491f-b57f-32f5a12d3cc5', '10a32652-af43-4451-bd52-4980c5690cc9', '615bbee7-daae-4982-85b1-7361362474b9'),
('f97af627-f44c-4f72-883c-7e2a2df10e44', '10a32652-af43-4451-bd52-4980c5690cc9', '2fb5580d-9449-46a8-9797-9da7f213afd8'),
('bffef26a-787e-49c0-aa62-c62cfe473c85', '10a32652-af43-4451-bd52-4980c5690cc9', '6bcdcf0f-ca07-4366-aeca-3746b559c630'),
('59807d85-54a5-4db2-b776-f2c8788e9232', '10a32652-af43-4451-bd52-4980c5690cc9', '088b9551-d0a5-400c-b519-2469d0754339'),
('951580aa-0a5f-43f9-9011-74fb1a56281b', '10a32652-af43-4451-bd52-4980c5690cc9', 'b530e965-43aa-4fc3-b65b-1eb258066081'),
('cfe75d8d-30a1-45ce-ac43-adeb005a492b', '10a32652-af43-4451-bd52-4980c5690cc9', 'ec74a7d0-508a-47c3-bb30-181c7a5be24f'),
('dcbe6e98-96ec-4e02-878d-e37f48d1c8b4', '10a32652-af43-4451-bd52-4980c5690cc9', '00b88e43-d219-4771-afb3-563e8b983464'),
('6e7219a2-1866-40aa-98fb-d013c477d9ce', '10a32652-af43-4451-bd52-4980c5690cc9', '0f602f1c-0ca7-4fd5-8bd5-abe184ba21cb'),
('ace9c7b2-ddc5-4c2c-a645-78bc6ca1799e', '10a32652-af43-4451-bd52-4980c5690cc9', '7ab1e0f4-66e2-4943-ac99-c994fe26ae56'),
('74c2acc0-ad4f-4b2c-bc87-8358fbce9293', '10a32652-af43-4451-bd52-4980c5690cc9', '0758f32f-9e06-4695-9693-938f28a0ce18'),
('aa10f365-1ac0-4c18-9586-30620560759a', '10a32652-af43-4451-bd52-4980c5690cc9', 'c913098a-3a61-417c-bfc3-9a79d3d1aced'),
('1307cf24-fa17-4c05-bef0-dac4390fb051', '10a32652-af43-4451-bd52-4980c5690cc9', '07da22c2-1623-4160-8f1f-8fec1d9f3fc9'),
('a3986bff-1794-4f20-9580-e26f63bf03d1', '10a32652-af43-4451-bd52-4980c5690cc9', 'e1dedf78-2bde-4522-b5a5-842258cca2ae'),
('d849e0c6-0014-4125-8d57-dab8653314cc', '10a32652-af43-4451-bd52-4980c5690cc9', 'c452100f-b5ad-4232-9ee4-268dacb13ce0'),
('8d001b01-30b4-4be2-a059-6cf919847121', '10a32652-af43-4451-bd52-4980c5690cc9', '73ccca1b-af05-459e-ac36-317c28784df5'),
('290a6af1-222f-4154-907f-f8e7ed6b6712', '10a32652-af43-4451-bd52-4980c5690cc9', '9ca905fe-e56d-4da4-b57d-c6e69f58fa5e'),
('0dac7069-29da-4491-ba6c-dfb5ecddc54e', '10a32652-af43-4451-bd52-4980c5690cc9', 'c9b3855a-a065-4ebb-8473-47ebe4f0708e'),
('3cef1bec-9713-4f13-89eb-012d84aee9f6', '10a32652-af43-4451-bd52-4980c5690cc9', '8660de2c-ce99-4dab-98bd-68cc0111b57f'),
('ba98f546-0e3f-4a99-acc6-84bf5e1feb63', '10a32652-af43-4451-bd52-4980c5690cc9', 'a8f546f9-c969-4479-a813-48c2e0edf3b7'),
('a1ecda79-af10-4bea-8962-746541f085c6', '10a32652-af43-4451-bd52-4980c5690cc9', '0e7c9e0e-efc8-4b1e-8814-9dc888aaaebc'),
('2cf143e6-cb7c-4219-8624-f0d3e6e4b122', '10a32652-af43-4451-bd52-4980c5690cc9', '225ec601-ff43-41ab-aa82-56dde643fd7e'),
('5772cf35-3df6-4043-b1eb-ff6d889b6627', '10a32652-af43-4451-bd52-4980c5690cc9', '36485ada-b360-48af-b936-ae91d3a4601f'),
('cc88e930-24e5-43af-ae09-2824580b3667', '10a32652-af43-4451-bd52-4980c5690cc9', '43dee37b-f0a0-4490-b8e6-7537db04924a'),
('dd0af1cc-ad57-4d24-9cd7-f64fff40531e', '10a32652-af43-4451-bd52-4980c5690cc9', '6299fe00-b652-42ca-912c-a4b55093313d'),
('98ffc2ca-a196-43cf-bf3c-433553ac5082', '10a32652-af43-4451-bd52-4980c5690cc9', '3dcbb003-3b2c-4236-b036-93c5070d464d'),
('d8367707-78d8-4e98-a82b-762ebfe33761', '10a32652-af43-4451-bd52-4980c5690cc9', '0fbee0ef-356b-4e1e-938d-e1fc2f6da90d'),
('25328875-4206-4766-a0c1-bdec8e7d039e', '10a32652-af43-4451-bd52-4980c5690cc9', '4516542f-b8f2-457d-a15e-2bb7cd9342f9'),
('08a16d78-a9be-4f14-8e7a-7dde8e03d625', '10a32652-af43-4451-bd52-4980c5690cc9', '6e758ce7-7ed6-4dde-8697-b442d50bda35'),
('1dfa54b9-baff-4767-9ed2-d685e6b2ade8', '10a32652-af43-4451-bd52-4980c5690cc9', '5f0a24de-5634-44ec-95ab-6f6a5e443c82'),
('19f3ac23-24f3-4e7a-adea-81ccc78bc2a7', '10a32652-af43-4451-bd52-4980c5690cc9', '739066cf-4344-413c-8caf-20d4d34644ee'),
('8deed16a-4f78-4b4e-9a84-8ea7c0813bc3', '10a32652-af43-4451-bd52-4980c5690cc9', '260201ff-bd08-402b-87c8-82e5b2d865d4'),
('806e0339-a84e-4e45-98ed-690abcde19d3', '10a32652-af43-4451-bd52-4980c5690cc9', 'b04fdf81-c649-4dfe-b1c1-435e91352f65'),
('6673114a-d1bf-4b3c-b085-51bac92fccaf', '10a32652-af43-4451-bd52-4980c5690cc9', '187663ea-c9aa-40fc-b66c-ee3ec82e484d'),
('d1d68ab1-98ac-472f-96a8-680220aaa7bd', '10a32652-af43-4451-bd52-4980c5690cc9', '09af4d4d-014d-404a-a9d3-db316ac7bc53'),
('4ef4247f-6829-43c2-9bc4-cb0f3996cbb6', '10a32652-af43-4451-bd52-4980c5690cc9', '8de1ff82-6382-47a0-bb8e-c2e26a77e26f'),
('46749244-f2df-43c1-8f71-74438c87e47c', '10a32652-af43-4451-bd52-4980c5690cc9', 'a1cc2911-1c5a-4db8-8c99-3493ea1bebab');
