
--Ignoring Barkley-Spillway-Gates site/instrument, already in instruments unique list
--Ignoring MFLK2-MARTINS_FORK site/instrument, already in instruments unique list

--INSERT INSTRUMENTS--COUNT:201
INSERT INTO public.instrument(id, deleted, slug, name, formula, geometry, station, station_offset, create_date, update_date,type_id, project_id, creator, updater)
 VALUES 
('2831ab23-c91a-4338-9cdf-fc96fb844aca', False, '0d112020', '0D112020', null, ST_GeomFromText('POINT(0 0)',4326), null, null, '2021-02-04T19:02:39.323464Z', null, '98a61f29-18a8-430a-9d02-0f53486e0984', 'a6e542eb-41bc-45b3-aab7-7f45004ad8d3', 'a26d1ef8-acaf-411d-90c1-695bf4c21bf7', null),
('fbaae120-0c45-4dd0-8226-8476bfa8ce81', False, 'amok2-clarksr-almoky', 'AMOK2-ClarksR-AlmoKY', null, ST_GeomFromText('POINT(-88.2736 36.6917)',4326), null, null, '2021-02-04T19:02:39.323548Z', null, '98a61f29-18a8-430a-9d02-0f53486e0984', 'a6e542eb-41bc-45b3-aab7-7f45004ad8d3', 'a26d1ef8-acaf-411d-90c1-695bf4c21bf7', null),
('2c735458-03ba-4832-9a0e-6afaf399266a', False, 'csst1-crossvilletn', 'CSST1-CrossvilleTN', null, ST_GeomFromText('POINT(-84.9972 35.9178)',4326), null, null, '2021-02-04T19:02:39.323576Z', null, '98a61f29-18a8-430a-9d02-0f53486e0984', 'a6e542eb-41bc-45b3-aab7-7f45004ad8d3', 'a26d1ef8-acaf-411d-90c1-695bf4c21bf7', null),
('ce4097da-d1e0-432b-a8e7-76f7e9bff1b1', False, 'fcrt1-fortcampbelltn', 'FCRT1-FortCampbellTN', null, ST_GeomFromText('POINT(-87.5369 36.6256)',4326), null, null, '2021-02-04T19:02:39.323595Z', null, '98a61f29-18a8-430a-9d02-0f53486e0984', 'a6e542eb-41bc-45b3-aab7-7f45004ad8d3', 'a26d1ef8-acaf-411d-90c1-695bf4c21bf7', null),
('abe95109-b6b7-4191-a399-d15493e720f1', False, 'albk2-albanyky', 'ALBK2-AlbanyKY', null, ST_GeomFromText('POINT(-85.1217 36.7453)',4326), null, null, '2021-02-04T19:02:39.323612Z', null, '98a61f29-18a8-430a-9d02-0f53486e0984', 'a6e542eb-41bc-45b3-aab7-7f45004ad8d3', 'a26d1ef8-acaf-411d-90c1-695bf4c21bf7', null),
('40705bc0-7a0b-4605-8330-d62a79ca7531', False, 'alpt1-wfkobeyr-alpinetn', 'ALPT1-WFkObeyR-AlpineTN', null, ST_GeomFromText('POINT(-85.1745 36.3973)',4326), null, null, '2021-02-04T19:02:39.323630Z', null, '98a61f29-18a8-430a-9d02-0f53486e0984', 'a6e542eb-41bc-45b3-aab7-7f45004ad8d3', 'a26d1ef8-acaf-411d-90c1-695bf4c21bf7', null),
('695834c0-de82-47a4-bc32-b764f9cd0538', False, 'aplv2-appalachiava', 'APLV2-AppalachiaVA', null, ST_GeomFromText('POINT(-82.7883 36.8983)',4326), null, null, '2021-02-04T19:02:39.323645Z', null, '98a61f29-18a8-430a-9d02-0f53486e0984', 'a6e542eb-41bc-45b3-aab7-7f45004ad8d3', 'a26d1ef8-acaf-411d-90c1-695bf4c21bf7', null),
('e1f07a5f-8d6d-48b9-b953-4c57ec7511e9', False, 'artt1-powellr-arthurtn', 'ARTT1-PowellR-ArthurTN', null, ST_GeomFromText('POINT(-83.6303 36.5419)',4326), null, null, '2021-02-04T19:02:39.323660Z', null, '98a61f29-18a8-430a-9d02-0f53486e0984', 'a6e542eb-41bc-45b3-aab7-7f45004ad8d3', 'a26d1ef8-acaf-411d-90c1-695bf4c21bf7', null),
('3d60ea91-0b79-49a7-8045-a2e00c496386', False, 'bahk2-barkley', 'BAHK2-BARKLEY', null, ST_GeomFromText('POINT(-88.2228 37.0244)',4326), null, null, '2021-02-04T19:02:39.323676Z', null, '98a61f29-18a8-430a-9d02-0f53486e0984', 'a6e542eb-41bc-45b3-aab7-7f45004ad8d3', 'a26d1ef8-acaf-411d-90c1-695bf4c21bf7', null),
('a82e204d-b775-4e37-ad5b-57d10461e1b2', False, 'asht1-cheatham', 'ASHT1-CHEATHAM', null, ST_GeomFromText('POINT(-87.2283 36.3228)',4326), null, null, '2021-02-04T19:02:39.323693Z', null, '98a61f29-18a8-430a-9d02-0f53486e0984', 'a6e542eb-41bc-45b3-aab7-7f45004ad8d3', 'a26d1ef8-acaf-411d-90c1-695bf4c21bf7', null),
('8bbd020d-c496-46c4-85de-ed8dc919a8ca', False, 'coht1-cordell-hull', 'COHT1-CORDELL_HULL', null, ST_GeomFromText('POINT(-85.9389 36.2917)',4326), null, null, '2021-02-04T19:02:39.323707Z', null, '98a61f29-18a8-430a-9d02-0f53486e0984', 'a6e542eb-41bc-45b3-aab7-7f45004ad8d3', 'a26d1ef8-acaf-411d-90c1-695bf4c21bf7', null),
('e7035c37-bab9-40a2-b0ad-b43b8dd0ddb1', False, 'cort1-cordell-hull', 'CORT1-CORDELL_HULL', null, ST_GeomFromText('POINT(-85.9397 36.2853)',4326), null, null, '2021-02-04T19:02:39.323721Z', null, '98a61f29-18a8-430a-9d02-0f53486e0984', 'a6e542eb-41bc-45b3-aab7-7f45004ad8d3', 'a26d1ef8-acaf-411d-90c1-695bf4c21bf7', null),
('4412c873-a8a5-417d-9b94-10c42895fa6c', False, 'dhtt1-dale-hollow', 'DHTT1-DALE_HOLLOW', null, ST_GeomFromText('POINT(-85.4611 63.5472)',4326), null, null, '2021-02-04T19:02:39.323736Z', null, '98a61f29-18a8-430a-9d02-0f53486e0984', 'a6e542eb-41bc-45b3-aab7-7f45004ad8d3', 'a26d1ef8-acaf-411d-90c1-695bf4c21bf7', null),
('08fdc172-6dfa-4b8a-8a28-ac996c5378cc', False, 'dlht1-dale-hollow', 'DLHT1-DALE_HOLLOW', null, ST_GeomFromText('POINT(-85.4564 36.5414)',4326), null, null, '2021-02-04T19:02:39.323755Z', null, '98a61f29-18a8-430a-9d02-0f53486e0984', 'a6e542eb-41bc-45b3-aab7-7f45004ad8d3', 'a26d1ef8-acaf-411d-90c1-695bf4c21bf7', null),
('88fdb36d-00fb-4f79-88f9-832f78e3d2b2', False, 'caft1-calfkillerr-blwspartatn', 'CAFT1-CalfkillerR-blwSpartaTN', null, ST_GeomFromText('POINT(-85.4763 35.9121)',4326), null, null, '2021-02-04T19:02:39.323774Z', null, '98a61f29-18a8-430a-9d02-0f53486e0984', 'a6e542eb-41bc-45b3-aab7-7f45004ad8d3', 'a26d1ef8-acaf-411d-90c1-695bf4c21bf7', null),
('4a3cf67d-aa92-4b25-88b9-c3c376631eb0', False, 'wbnt1-millcr-nrwoodbinetn', 'WBNT1-MillCr-nrWoodbineTN', null, ST_GeomFromText('POINT(-86.719 36.1167)',4326), null, null, '2021-02-04T19:02:39.323790Z', null, '98a61f29-18a8-430a-9d02-0f53486e0984', 'a6e542eb-41bc-45b3-aab7-7f45004ad8d3', 'a26d1ef8-acaf-411d-90c1-695bf4c21bf7', null),
('a9296751-9f0d-4a4b-bd1e-b845e470af26', False, 'wlck2-wolf-creek', 'WLCK2-WOLF_CREEK', null, ST_GeomFromText('POINT(-85.1469 36.8683)',4326), null, null, '2021-02-04T19:02:39.323805Z', null, '98a61f29-18a8-430a-9d02-0f53486e0984', 'a6e542eb-41bc-45b3-aab7-7f45004ad8d3', 'a26d1ef8-acaf-411d-90c1-695bf4c21bf7', null),
('d9af8917-e1da-45c3-9447-32f8fdb85214', False, 'burkesville', 'Burkesville', null, ST_GeomFromText('POINT(-85.3681 36.7953)',4326), null, null, '2021-02-04T19:02:39.323820Z', null, '98a61f29-18a8-430a-9d02-0f53486e0984', 'a6e542eb-41bc-45b3-aab7-7f45004ad8d3', 'a26d1ef8-acaf-411d-90c1-695bf4c21bf7', null),
('b0a86a03-84f5-457c-b988-c4d7fcc730c0', False, 'cfak2-cumberlandr-cumberlandfallsky', 'CFAK2-CumberlandR-CumberlandFallsKY', null, ST_GeomFromText('POINT(-84.3414 36.8358)',4326), null, null, '2021-02-04T19:02:39.323835Z', null, '98a61f29-18a8-430a-9d02-0f53486e0984', 'a6e542eb-41bc-45b3-aab7-7f45004ad8d3', 'a26d1ef8-acaf-411d-90c1-695bf4c21bf7', null),
('904e0751-3f35-4a1b-a40b-0bee65f7afe4', False, 'lbvt1-buffalor-blwlobelvilletn', 'LBVT1-BuffaloR-blwLobelvilleTN', null, ST_GeomFromText('POINT(-87.7803 35.8108)',4326), null, null, '2021-02-04T19:02:39.323851Z', null, '98a61f29-18a8-430a-9d02-0f53486e0984', 'a6e542eb-41bc-45b3-aab7-7f45004ad8d3', 'a26d1ef8-acaf-411d-90c1-695bf4c21bf7', null),
('24824e81-2aab-4c6f-9640-652a82424db2', False, 'ltwt1-sfkcumberlandr-leatherwoodfordtn', 'LTWT1-SFkCumberlandR-LeatherwoodFordTN', null, ST_GeomFromText('POINT(-84.6694 36.4773)',4326), null, null, '2021-02-04T19:02:39.323865Z', null, '98a61f29-18a8-430a-9d02-0f53486e0984', 'a6e542eb-41bc-45b3-aab7-7f45004ad8d3', 'a26d1ef8-acaf-411d-90c1-695bf4c21bf7', null),
('2d7aac87-07e8-4105-8d09-61217ec4acfe', False, 'nast1-cumberlandr-nashvilletn', 'NAST1-CumberlandR-NashvilleTN', null, ST_GeomFromText('POINT(-86.7731 36.1614)',4326), null, null, '2021-02-04T19:02:39.323879Z', null, '98a61f29-18a8-430a-9d02-0f53486e0984', 'a6e542eb-41bc-45b3-aab7-7f45004ad8d3', 'a26d1ef8-acaf-411d-90c1-695bf4c21bf7', null),
('65db2945-fe9b-4f9b-96e6-c6aabe4c91b6', False, 'shet1-duckr-shelbyvilletn', 'SHET1-DuckR-ShelbyvilleTN', null, ST_GeomFromText('POINT(-86.4625 35.4828)',4326), null, null, '2021-02-04T19:02:39.323893Z', null, '98a61f29-18a8-430a-9d02-0f53486e0984', 'a6e542eb-41bc-45b3-aab7-7f45004ad8d3', 'a26d1ef8-acaf-411d-90c1-695bf4c21bf7', null),
('ac4186ae-b6c7-41aa-ab29-db143e74f00f', False, 'smhk2-martinsfk-smithky', 'SMHK2-MartinsFk-SmithKY', null, ST_GeomFromText('POINT(-83.2869 36.7258)',4326), null, null, '2021-02-04T19:02:39.323909Z', null, '98a61f29-18a8-430a-9d02-0f53486e0984', 'a6e542eb-41bc-45b3-aab7-7f45004ad8d3', 'a26d1ef8-acaf-411d-90c1-695bf4c21bf7', null),
('cf12ba0a-8aaa-499a-bbc1-db3f96d66ee4', False, 'ncfk2-martinsfk-harlanky', 'NCFK2-MartinsFk-HarlanKY', null, ST_GeomFromText('POINT(-83.3253 36.8447)',4326), null, null, '2021-02-04T19:02:39.323926Z', null, '98a61f29-18a8-430a-9d02-0f53486e0984', 'a6e542eb-41bc-45b3-aab7-7f45004ad8d3', 'a26d1ef8-acaf-411d-90c1-695bf4c21bf7', null),
('c339ff35-740a-482e-83e8-69dff2a1e50e', False, 'mnlk2-martins-fork', 'MNLK2-MARTINS_FORK', null, ST_GeomFromText('POINT(-83.255 36.7503)',4326), null, null, '2021-02-04T19:02:39.323941Z', null, '98a61f29-18a8-430a-9d02-0f53486e0984', 'a6e542eb-41bc-45b3-aab7-7f45004ad8d3', 'a26d1ef8-acaf-411d-90c1-695bf4c21bf7', null),
('9d8a6654-a994-4d96-9d12-752e4b980ecb', False, 'clat1-cumberlandr-celinatn', 'CLAT1-CumberlandR-CelinaTN', null, ST_GeomFromText('POINT(-85.5156 36.5544)',4326), null, null, '2021-02-04T19:02:39.324157Z', null, '98a61f29-18a8-430a-9d02-0f53486e0984', 'a6e542eb-41bc-45b3-aab7-7f45004ad8d3', 'a26d1ef8-acaf-411d-90c1-695bf4c21bf7', null),
('c20e2c35-6a22-41ba-82eb-8963059d5d6b', False, 'dovt1-cumberlandr-dovertn', 'DOVT1-CumberlandR-DoverTN', null, ST_GeomFromText('POINT(-87.8389 36.4897)',4326), null, null, '2021-02-04T19:02:39.324184Z', null, '98a61f29-18a8-430a-9d02-0f53486e0984', 'a6e542eb-41bc-45b3-aab7-7f45004ad8d3', 'a26d1ef8-acaf-411d-90c1-695bf4c21bf7', null),
('a18f0416-573c-450f-ad35-bd9f174fd1ca', False, 'hntt1-cumberlandr-hunterspointtn', 'HNTT1-CumberlandR-HuntersPointTN', null, ST_GeomFromText('POINT(-86.2642 36.2992)',4326), null, null, '2021-02-04T19:02:39.324199Z', null, '98a61f29-18a8-430a-9d02-0f53486e0984', 'a6e542eb-41bc-45b3-aab7-7f45004ad8d3', 'a26d1ef8-acaf-411d-90c1-695bf4c21bf7', null),
('7e798c02-a4bf-4ce4-a9a8-4057da756baa', False, 'hpkk2-sfklittler-hopkinsvilleky', 'HPKK2-SFkLittleR-HopkinsvilleKY', null, ST_GeomFromText('POINT(-87.4814 36.8394)',4326), null, null, '2021-02-04T19:02:39.324214Z', null, '98a61f29-18a8-430a-9d02-0f53486e0984', 'a6e542eb-41bc-45b3-aab7-7f45004ad8d3', 'a26d1ef8-acaf-411d-90c1-695bf4c21bf7', null),
('ecd58ae6-1048-4bd0-8fb1-6bd2ea74767d', False, 'stwt1-caneyfk-stonewalltn', 'STWT1-CaneyFk-StonewallTN', null, ST_GeomFromText('POINT(-85.9047 36.19)',4326), null, null, '2021-02-04T19:02:39.324229Z', null, '98a61f29-18a8-430a-9d02-0f53486e0984', 'a6e542eb-41bc-45b3-aab7-7f45004ad8d3', 'a26d1ef8-acaf-411d-90c1-695bf4c21bf7', null),
('b9f183b8-3662-4ce3-a09d-3ee22b209c6a', False, 'ckdt1-chickamauga', 'CKDT1-CHICKAMAUGA', null, ST_GeomFromText('POINT(-85.2294 35.1)',4326), null, null, '2021-02-04T19:02:39.324244Z', null, '98a61f29-18a8-430a-9d02-0f53486e0984', 'a6e542eb-41bc-45b3-aab7-7f45004ad8d3', 'a26d1ef8-acaf-411d-90c1-695bf4c21bf7', null),
('acb719c9-c519-43b4-9280-2a0b12ef41b9', False, 'clbt1-columbiatn', 'CLBT1-ColumbiaTN', null, ST_GeomFromText('POINT(-87.0328 35.6636)',4326), null, null, '2021-02-04T19:02:39.324258Z', null, '98a61f29-18a8-430a-9d02-0f53486e0984', 'a6e542eb-41bc-45b3-aab7-7f45004ad8d3', 'a26d1ef8-acaf-411d-90c1-695bf4c21bf7', null),
('a558eba4-3279-45f8-a5d8-17a0db5168df', False, 'clmt1-coalmonttn', 'CLMT1-CoalmontTN', null, ST_GeomFromText('POINT(-85.6964 35.345)',4326), null, null, '2021-02-04T19:02:39.324276Z', null, '98a61f29-18a8-430a-9d02-0f53486e0984', 'a6e542eb-41bc-45b3-aab7-7f45004ad8d3', 'a26d1ef8-acaf-411d-90c1-695bf4c21bf7', null),
('0971c9b6-3ad3-4702-b2df-b2eb0b862be6', False, 'spst1-springfieldtn', 'SPST1-SpringfieldTN', null, ST_GeomFromText('POINT(-86.8417 36.4711)',4326), null, null, '2021-02-04T19:02:39.324291Z', null, '98a61f29-18a8-430a-9d02-0f53486e0984', 'a6e542eb-41bc-45b3-aab7-7f45004ad8d3', 'a26d1ef8-acaf-411d-90c1-695bf4c21bf7', null),
('144191ac-e042-416b-910c-240d3b27bdaf', False, 'dert1-derossettn', 'DERT1-DeRossetTN', null, ST_GeomFromText('POINT(-85.2817 35.9631)',4326), null, null, '2021-02-04T19:02:39.324305Z', null, '98a61f29-18a8-430a-9d02-0f53486e0984', 'a6e542eb-41bc-45b3-aab7-7f45004ad8d3', 'a26d1ef8-acaf-411d-90c1-695bf4c21bf7', null),
('4e790775-62f8-4d6a-ae78-a22df7b66e17', False, 'sstk2-somersetky', 'SSTK2-SomersetKY', null, ST_GeomFromText('POINT(-84.6158 37.1044)',4326), null, null, '2021-02-04T19:02:39.324320Z', null, '98a61f29-18a8-430a-9d02-0f53486e0984', 'a6e542eb-41bc-45b3-aab7-7f45004ad8d3', 'a26d1ef8-acaf-411d-90c1-695bf4c21bf7', null),
('9e05097b-9654-46b1-ba43-68405553d9c8', False, 'sbvt1', 'SBVT1', null, ST_GeomFromText('POINT(86.4622 35.4825)',4326), null, null, '2021-02-04T19:02:39.324338Z', null, '98a61f29-18a8-430a-9d02-0f53486e0984', 'a6e542eb-41bc-45b3-aab7-7f45004ad8d3', 'a26d1ef8-acaf-411d-90c1-695bf4c21bf7', null),
('77220894-f4e4-4629-9eb6-2b9a0d529d59', False, 'isot1-isolinetn', 'ISOT1-IsolineTN', null, ST_GeomFromText('POINT(-85.0611 36.0783)',4326), null, null, '2021-02-04T19:02:39.324353Z', null, '98a61f29-18a8-430a-9d02-0f53486e0984', 'a6e542eb-41bc-45b3-aab7-7f45004ad8d3', 'a26d1ef8-acaf-411d-90c1-695bf4c21bf7', null),
('a13df2e5-f4d0-4925-a4b7-45b0a51344be', False, 'onit1-oneidatn', 'ONIT1-OneidaTN', null, ST_GeomFromText('POINT(-84.5167 36.5)',4326), null, null, '2021-02-04T19:02:39.324368Z', null, '98a61f29-18a8-430a-9d02-0f53486e0984', 'a6e542eb-41bc-45b3-aab7-7f45004ad8d3', 'a26d1ef8-acaf-411d-90c1-695bf4c21bf7', null),
('128d7a35-132e-43f5-8cf7-815493280417', False, 'whla1-wheeler', 'WHLA1-WHEELER', null, ST_GeomFromText('POINT(-87.3836 34.7625)',4326), null, null, '2021-02-04T19:02:39.324382Z', null, '98a61f29-18a8-430a-9d02-0f53486e0984', 'a6e542eb-41bc-45b3-aab7-7f45004ad8d3', 'a26d1ef8-acaf-411d-90c1-695bf4c21bf7', null),
('4933a02b-7365-4c76-b478-c7af8d3a6962', False, 'lftt1-lafayettetn', 'LFTT1-LafayetteTN', null, ST_GeomFromText('POINT(-85.0311 36.5192)',4326), null, null, '2021-02-04T19:02:39.324396Z', null, '98a61f29-18a8-430a-9d02-0f53486e0984', 'a6e542eb-41bc-45b3-aab7-7f45004ad8d3', 'a26d1ef8-acaf-411d-90c1-695bf4c21bf7', null),
('1d099a0e-9bb9-4e3d-8c8c-840324fe3655', False, 'stlt1-statesvilletn', 'STLT1-StatesvilleTN', null, ST_GeomFromText('POINT(-86.1214 36.0183)',4326), null, null, '2021-02-04T19:02:39.324411Z', null, '98a61f29-18a8-430a-9d02-0f53486e0984', 'a6e542eb-41bc-45b3-aab7-7f45004ad8d3', 'a26d1ef8-acaf-411d-90c1-695bf4c21bf7', null),
('e71e8173-d65b-4e7a-a6a4-2a1dd91fdb3a', False, 'pict1-pickwick', 'PICT1-PICKWICK', null, ST_GeomFromText('POINT(-88.2511 3.0681)',4326), null, null, '2021-02-04T19:02:39.324425Z', null, '98a61f29-18a8-430a-9d02-0f53486e0984', 'a6e542eb-41bc-45b3-aab7-7f45004ad8d3', 'a26d1ef8-acaf-411d-90c1-695bf4c21bf7', null),
('924561b1-395e-4222-b4eb-85365e77f9fc', False, 'mant1-manchestertn', 'MANT1-ManchesterTN', null, ST_GeomFromText('POINT(-86.0831 35.4711)',4326), null, null, '2021-02-04T19:02:39.324441Z', null, '98a61f29-18a8-430a-9d02-0f53486e0984', 'a6e542eb-41bc-45b3-aab7-7f45004ad8d3', 'a26d1ef8-acaf-411d-90c1-695bf4c21bf7', null),
('cba2fce6-3760-47da-b3d8-7aeb3ee67ce0', False, 'mnyt1-montereytn', 'MNYT1-MontereyTN', null, ST_GeomFromText('POINT(-85.3 36.1333)',4326), null, null, '2021-02-04T19:02:39.324463Z', null, '98a61f29-18a8-430a-9d02-0f53486e0984', 'a6e542eb-41bc-45b3-aab7-7f45004ad8d3', 'a26d1ef8-acaf-411d-90c1-695bf4c21bf7', null),
('314ac348-1135-417b-8f5c-795cfd058857', False, 'lvlt1', 'LVLT1', null, ST_GeomFromText('POINT(87.7747 35.7828)',4326), null, null, '2021-02-04T19:02:39.324482Z', null, '98a61f29-18a8-430a-9d02-0f53486e0984', 'a6e542eb-41bc-45b3-aab7-7f45004ad8d3', 'a26d1ef8-acaf-411d-90c1-695bf4c21bf7', null),
('f39b5c2f-6ef2-421c-bedf-3c071d490de8', False, 'grtt1-great-falls', 'GRTT1-GREAT_FALLS', null, ST_GeomFromText('POINT(-85.6336 35.8081)',4326), null, null, '2021-02-04T19:02:39.324509Z', null, '98a61f29-18a8-430a-9d02-0f53486e0984', 'a6e542eb-41bc-45b3-aab7-7f45004ad8d3', 'a26d1ef8-acaf-411d-90c1-695bf4c21bf7', null),
('2d1a4206-ca7b-4640-9777-d51caf194171', False, 'ptst1-petrostn', 'PTST1-PetrosTN', null, ST_GeomFromText('POINT(-84.4461 36.0989)',4326), null, null, '2021-02-04T19:02:39.324529Z', null, '98a61f29-18a8-430a-9d02-0f53486e0984', 'a6e542eb-41bc-45b3-aab7-7f45004ad8d3', 'a26d1ef8-acaf-411d-90c1-695bf4c21bf7', null),
('70b84da4-61b4-45f3-8e55-cdd370fe3c19', False, 'newt1-newcombtn', 'NEWT1-NewcombTN', null, ST_GeomFromText('POINT(-84.1731 36.5444)',4326), null, null, '2021-02-04T19:02:39.324544Z', null, '98a61f29-18a8-430a-9d02-0f53486e0984', 'a6e542eb-41bc-45b3-aab7-7f45004ad8d3', 'a26d1ef8-acaf-411d-90c1-695bf4c21bf7', null),
('6dc5dbb1-3ee1-47b3-a039-ec8d1d8ecd03', False, 'gvda1-guntersville', 'GVDA1-GUNTERSVILLE', null, ST_GeomFromText('POINT(-86.3933 34.4211)',4326), null, null, '2021-02-04T19:02:39.324559Z', null, '98a61f29-18a8-430a-9d02-0f53486e0984', 'a6e542eb-41bc-45b3-aab7-7f45004ad8d3', 'a26d1ef8-acaf-411d-90c1-695bf4c21bf7', null),
('0a6f8403-dba0-4d65-a694-4c984581f6d0', False, 'grhk2-mckeeky', 'GRHK2-McKeeKY', null, ST_GeomFromText('POINT(-83.9261 37.3842)',4326), null, null, '2021-02-04T19:02:39.324573Z', null, '98a61f29-18a8-430a-9d02-0f53486e0984', 'a6e542eb-41bc-45b3-aab7-7f45004ad8d3', 'a26d1ef8-acaf-411d-90c1-695bf4c21bf7', null),
('130c3437-3c43-4425-91c5-6b24a859edcd', False, 'snnt1', 'SNNT1', null, ST_GeomFromText('POINT(88.2097 35.1797)',4326), null, null, '2021-02-04T19:02:39.324588Z', null, '98a61f29-18a8-430a-9d02-0f53486e0984', 'a6e542eb-41bc-45b3-aab7-7f45004ad8d3', 'a26d1ef8-acaf-411d-90c1-695bf4c21bf7', null),
('efd9a905-6a03-4c97-9a48-654c3a259bb6', False, 'wsda1-wilson', 'WSDA1-WILSON', null, ST_GeomFromText('POINT(-87.625 34.7925)',4326), null, null, '2021-02-04T19:02:39.324603Z', null, '98a61f29-18a8-430a-9d02-0f53486e0984', 'a6e542eb-41bc-45b3-aab7-7f45004ad8d3', 'a26d1ef8-acaf-411d-90c1-695bf4c21bf7', null),
('0068a62b-04a1-4683-8aa6-0b455a78e889', False, 'bcht1-beechr-nrlexingtontn', 'BCHT1-BeechR-nrLexingtonTN', null, ST_GeomFromText('POINT(-88.4147 35.6342)',4326), null, null, '2021-02-04T19:02:39.324623Z', null, '98a61f29-18a8-430a-9d02-0f53486e0984', 'a6e542eb-41bc-45b3-aab7-7f45004ad8d3', 'a26d1ef8-acaf-411d-90c1-695bf4c21bf7', null),
('e5f3df28-c253-45f2-8bdf-e80912d7db51', False, 'prvt1-tennesseer-perryvilletn', 'PRVT1-TennesseeR-PerryvilleTN', null, ST_GeomFromText('POINT(-88.0389 35.6247)',4326), null, null, '2021-02-04T19:02:39.324647Z', null, '98a61f29-18a8-430a-9d02-0f53486e0984', 'a6e542eb-41bc-45b3-aab7-7f45004ad8d3', 'a26d1ef8-acaf-411d-90c1-695bf4c21bf7', null),
('c98d9f72-5c6f-4ccc-a51b-e6f28ad71f52', False, 'hmlt1-duckr-abvhurricanemillstn', 'HMLT1-DuckR-abvHurricaneMillsTN', null, ST_GeomFromText('POINT(-87.7431 35.9297)',4326), null, null, '2021-02-04T19:02:39.324665Z', null, '98a61f29-18a8-430a-9d02-0f53486e0984', 'a6e542eb-41bc-45b3-aab7-7f45004ad8d3', 'a26d1ef8-acaf-411d-90c1-695bf4c21bf7', null),
('f1f7259e-aa28-458d-a722-a5116e6bcf97', False, 'vert1-pineyr-vernontn', 'VERT1-PineyR-VernonTN', null, ST_GeomFromText('POINT(-87.5014 35.8711)',4326), null, null, '2021-02-04T19:02:39.324681Z', null, '98a61f29-18a8-430a-9d02-0f53486e0984', 'a6e542eb-41bc-45b3-aab7-7f45004ad8d3', 'a26d1ef8-acaf-411d-90c1-695bf4c21bf7', null),
('2bc54c6c-b626-4d77-9e1d-c4afd2688529', False, 'fltt1-buffalor-nrflatwoodstn', 'FLTT1-BuffaloR-nrFlatWoodsTN', null, ST_GeomFromText('POINT(-87.8328 35.4958)',4326), null, null, '2021-02-04T19:02:39.324699Z', null, '98a61f29-18a8-430a-9d02-0f53486e0984', 'a6e542eb-41bc-45b3-aab7-7f45004ad8d3', 'a26d1ef8-acaf-411d-90c1-695bf4c21bf7', null),
('8fb7c9bf-f49e-4f06-8207-b37d25516eff', False, 'blct1-bledsoecr-gallatintn', 'BLCT1-BledsoeCr-GallatinTN', null, ST_GeomFromText('POINT(-86.3494 36.4228)',4326), null, null, '2021-02-04T19:02:39.324714Z', null, '98a61f29-18a8-430a-9d02-0f53486e0984', 'a6e542eb-41bc-45b3-aab7-7f45004ad8d3', 'a26d1ef8-acaf-411d-90c1-695bf4c21bf7', null),
('dc2d5dbe-0eec-4f26-be9a-1bcb4d941306', False, 'jpht1-j-percy-priest', 'JPHT1-J_PERCY_PRIEST', null, ST_GeomFromText('POINT(-86.6194 36.1489)',4326), null, null, '2021-02-04T19:02:39.324729Z', null, '98a61f29-18a8-430a-9d02-0f53486e0984', 'a6e542eb-41bc-45b3-aab7-7f45004ad8d3', 'a26d1ef8-acaf-411d-90c1-695bf4c21bf7', null),
('d35922a1-b79d-4e33-a9ad-529d718e0070', False, 'jppt1-j-percy-priest', 'JPPT1-J_PERCY_PRIEST', null, ST_GeomFromText('POINT(-86.6181 36.1567)',4326), null, null, '2021-02-04T19:02:39.324744Z', null, '98a61f29-18a8-430a-9d02-0f53486e0984', 'a6e542eb-41bc-45b3-aab7-7f45004ad8d3', 'a26d1ef8-acaf-411d-90c1-695bf4c21bf7', null),
('5d469117-c7ab-4d53-a37f-2804e52524c5', False, 'blwk2-rockcastler-billowsky', 'BLWK2-RockcastleR-BillowsKY', null, ST_GeomFromText('POINT(-84.2967 37.1711)',4326), null, null, '2021-02-04T19:02:39.324759Z', null, '98a61f29-18a8-430a-9d02-0f53486e0984', 'a6e542eb-41bc-45b3-aab7-7f45004ad8d3', 'a26d1ef8-acaf-411d-90c1-695bf4c21bf7', null),
('d6b71b90-1259-471e-b3e9-d6c8c997113e', False, 'bygt1-wolfr-byrdstowntn', 'BYGT1-WolfR-ByrdstownTN', null, ST_GeomFromText('POINT(-85.0728 36.8631)',4326), null, null, '2021-02-04T19:02:39.324773Z', null, '98a61f29-18a8-430a-9d02-0f53486e0984', 'a6e542eb-41bc-45b3-aab7-7f45004ad8d3', 'a26d1ef8-acaf-411d-90c1-695bf4c21bf7', null),
('b674d698-0f0c-4019-a31d-8986c7359af7', False, 'cclk2-cranks-creek', 'CCLK2-CRANKS_CREEK', null, ST_GeomFromText('POINT(-83.2383 36.7394)',4326), null, null, '2021-02-04T19:02:39.324788Z', null, '98a61f29-18a8-430a-9d02-0f53486e0984', 'a6e542eb-41bc-45b3-aab7-7f45004ad8d3', 'a26d1ef8-acaf-411d-90c1-695bf4c21bf7', null),
('99a4ff62-6354-4b59-ba20-e3e6f020be03', False, 'cdzk2-littler-cadizky', 'CDZK2-LittleR-CadizKY', null, ST_GeomFromText('POINT(-87.7217 36.7778)',4326), null, null, '2021-02-04T19:02:39.324803Z', null, '98a61f29-18a8-430a-9d02-0f53486e0984', 'a6e542eb-41bc-45b3-aab7-7f45004ad8d3', 'a26d1ef8-acaf-411d-90c1-695bf4c21bf7', null),
('e792d532-6695-4987-953f-70210cdbe785', False, 'last1-efkstonesr-lascassastn', 'LAST1-EFkStonesR-LascassasTN', null, ST_GeomFromText('POINT(-86.3336 35.9183)',4326), null, null, '2021-02-04T19:02:39.324818Z', null, '98a61f29-18a8-430a-9d02-0f53486e0984', 'a6e542eb-41bc-45b3-aab7-7f45004ad8d3', 'a26d1ef8-acaf-411d-90c1-695bf4c21bf7', null),
('c35515ca-d720-432e-b95c-53b52600cccb', False, 'jagt1-efkobeyr-jamestowntn', 'JAGT1-EFkObeyR-JamestownTN', null, ST_GeomFromText('POINT(-85.0261 36.4158)',4326), null, null, '2021-02-04T19:02:39.324832Z', null, '98a61f29-18a8-430a-9d02-0f53486e0984', 'a6e542eb-41bc-45b3-aab7-7f45004ad8d3', 'a26d1ef8-acaf-411d-90c1-695bf4c21bf7', null),
('e12668c2-168d-4d5a-a830-f2adbeae6740', False, 'cfkt1-clearfkr-nrrobinstn', 'CFKT1-ClearFkR-nrRobinsTN', null, ST_GeomFromText('POINT(-84.6302 36.3882)',4326), null, null, '2021-02-04T19:02:39.324849Z', null, '98a61f29-18a8-430a-9d02-0f53486e0984', 'a6e542eb-41bc-45b3-aab7-7f45004ad8d3', 'a26d1ef8-acaf-411d-90c1-695bf4c21bf7', null),
('d317e9c1-df30-4c47-89e4-c6cfbfba81a9', False, 'frat1-harpethr-franklintn', 'FRAT1-HarpethR-FranklinTN', null, ST_GeomFromText('POINT(-86.8656 35.9211)',4326), null, null, '2021-02-04T19:02:39.324864Z', null, '98a61f29-18a8-430a-9d02-0f53486e0984', 'a6e542eb-41bc-45b3-aab7-7f45004ad8d3', 'a26d1ef8-acaf-411d-90c1-695bf4c21bf7', null),
('537cb139-e03c-4196-9996-6b03e623ce43', False, 'lylk2-cumberlandr-loyallky', 'LYLK2-CumberlandR-LoyallKY', null, ST_GeomFromText('POINT(-83.3544 36.8478)',4326), null, null, '2021-02-04T19:02:39.324878Z', null, '98a61f29-18a8-430a-9d02-0f53486e0984', 'a6e542eb-41bc-45b3-aab7-7f45004ad8d3', 'a26d1ef8-acaf-411d-90c1-695bf4c21bf7', null),
('d44e3814-6472-49d4-ab89-a14d62b4eb31', False, 'mugt1-efkstonesr-murfreesborotn', 'MUGT1-EFkStonesR-MurfreesboroTN', null, ST_GeomFromText('POINT(-86.4286 35.9025)',4326), null, null, '2021-02-04T19:02:39.324893Z', null, '98a61f29-18a8-430a-9d02-0f53486e0984', 'a6e542eb-41bc-45b3-aab7-7f45004ad8d3', 'a26d1ef8-acaf-411d-90c1-695bf4c21bf7', null),
('f7a5d66b-6f2a-4b04-90ac-2c46ec3f9813', False, 'port1-redr-portroyaltn', 'PORT1-RedR-PortRoyalTN', null, ST_GeomFromText('POINT(-87.1422 36.5539)',4326), null, null, '2021-02-04T19:02:39.324908Z', null, '98a61f29-18a8-430a-9d02-0f53486e0984', 'a6e542eb-41bc-45b3-aab7-7f45004ad8d3', 'a26d1ef8-acaf-411d-90c1-695bf4c21bf7', null),
('0713fbcf-426c-4a6a-9661-3af7990b2ba7', False, 'strk2-sfkcumberlandr-stearnsky', 'STRK2-SFkCumberlandR-StearnsKY', null, ST_GeomFromText('POINT(-84.5325 36.6292)',4326), null, null, '2021-02-04T19:02:39.324922Z', null, '98a61f29-18a8-430a-9d02-0f53486e0984', 'a6e542eb-41bc-45b3-aab7-7f45004ad8d3', 'a26d1ef8-acaf-411d-90c1-695bf4c21bf7', null),
('b067fb49-80ea-46e7-b7e8-8421ad267d26', False, 'nrvt1-newr-nrrobinstn', 'NRVT1-NewR-nrRobinsTN', null, ST_GeomFromText('POINT(-84.5548 36.3854)',4326), null, null, '2021-02-04T19:02:39.324937Z', null, '98a61f29-18a8-430a-9d02-0f53486e0984', 'a6e542eb-41bc-45b3-aab7-7f45004ad8d3', 'a26d1ef8-acaf-411d-90c1-695bf4c21bf7', null),
('c9560d3c-8774-4914-ad03-b445a0b7da9d', False, 'smlk2-cumberlandr-smithlandky', 'SMLK2-CumberlandR-SmithlandKY', null, ST_GeomFromText('POINT(-88.3997 37.1467)',4326), null, null, '2021-02-04T19:02:39.324952Z', null, '98a61f29-18a8-430a-9d02-0f53486e0984', 'a6e542eb-41bc-45b3-aab7-7f45004ad8d3', 'a26d1ef8-acaf-411d-90c1-695bf4c21bf7', null),
('f76b38fb-4ebd-4342-811f-d6d240f72b63', False, 'mcgt1-collinsr-mcminnvilletn', 'MCGT1-CollinsR-McMinnvilleTN', null, ST_GeomFromText('POINT(-85.7319 35.7083)',4326), null, null, '2021-02-04T19:02:39.324967Z', null, '98a61f29-18a8-430a-9d02-0f53486e0984', 'a6e542eb-41bc-45b3-aab7-7f45004ad8d3', 'a26d1ef8-acaf-411d-90c1-695bf4c21bf7', null),
('1df8f4a4-4fd7-4854-bd6a-9d8223674257', False, 'pvlk2-cumberlandr-pinevilleky', 'PVLK2-CumberlandR-PinevilleKY', null, ST_GeomFromText('POINT(-83.6925 36.7644)',4326), null, null, '2021-02-04T19:02:39.324982Z', null, '98a61f29-18a8-430a-9d02-0f53486e0984', 'a6e542eb-41bc-45b3-aab7-7f45004ad8d3', 'a26d1ef8-acaf-411d-90c1-695bf4c21bf7', null),
('4a909b0e-babf-45a8-86b3-7380de576c8e', False, 'lbst1-springcr-lebanontn', 'LBST1-SpringCr-LebanonTN', null, ST_GeomFromText('POINT(-86.2369 36.2217)',4326), null, null, '2021-02-04T19:02:39.324998Z', null, '98a61f29-18a8-430a-9d02-0f53486e0984', 'a6e542eb-41bc-45b3-aab7-7f45004ad8d3', 'a26d1ef8-acaf-411d-90c1-695bf4c21bf7', null),
('52a2ea78-537d-4bac-84c2-b68c3e369fb8', False, 'pent1-cumberlandr-penitentiarybrtn', 'PENT1-CumberlandR-PenitentiaryBrTN', null, ST_GeomFromText('POINT(-85.5958 36.4394)',4326), null, null, '2021-02-04T19:02:39.325013Z', null, '98a61f29-18a8-430a-9d02-0f53486e0984', 'a6e542eb-41bc-45b3-aab7-7f45004ad8d3', 'a26d1ef8-acaf-411d-90c1-695bf4c21bf7', null),
('8d62c70e-0c4f-4764-a89d-7460a489b264', False, 'mdlk2-yellowcr-middlesboroky', 'MDLK2-YellowCr-MiddlesboroKY', null, ST_GeomFromText('POINT(-83.6881 36.6678)',4326), null, null, '2021-02-04T19:02:39.325030Z', null, '98a61f29-18a8-430a-9d02-0f53486e0984', 'a6e542eb-41bc-45b3-aab7-7f45004ad8d3', 'a26d1ef8-acaf-411d-90c1-695bf4c21bf7', null),
('bdf8606a-cd54-47f5-b300-3dd5f45b6e99', False, 'jnct1-jenningscr-whitleyvilletn', 'JNCT1-JenningsCr-WhitleyvilleTN', null, ST_GeomFromText('POINT(-85.6747 36.4403)',4326), null, null, '2021-02-04T19:02:39.325045Z', null, '98a61f29-18a8-430a-9d02-0f53486e0984', 'a6e542eb-41bc-45b3-aab7-7f45004ad8d3', 'a26d1ef8-acaf-411d-90c1-695bf4c21bf7', null),
('62952458-39ee-4f4a-ada1-8911868d6d68', False, 'gvst1-smithfkcr-temperancehalltn', 'GVST1-SmithFkCr-TemperanceHallTN', null, ST_GeomFromText('POINT(-85.9078 36.0875)',4326), null, null, '2021-02-04T19:02:39.325060Z', null, '98a61f29-18a8-430a-9d02-0f53486e0984', 'a6e542eb-41bc-45b3-aab7-7f45004ad8d3', 'a26d1ef8-acaf-411d-90c1-695bf4c21bf7', null),
('a21f8d4c-41fb-47f7-9a40-7c5f93f85343', False, 'sxtk2-clearfk-saxtonky', 'SXTK2-ClearFk-SaxtonKY', null, ST_GeomFromText('POINT(-84.1144 36.6339)',4326), null, null, '2021-02-04T19:02:39.325075Z', null, '98a61f29-18a8-430a-9d02-0f53486e0984', 'a6e542eb-41bc-45b3-aab7-7f45004ad8d3', 'a26d1ef8-acaf-411d-90c1-695bf4c21bf7', null),
('bd1adf73-944d-4bb1-acf2-ec533f796039', False, 'njnt1-tennesseer-nrnewjohnsonvilletn', 'NJNT1-TennesseeR-nrNewJohnsonvilleTN', null, ST_GeomFromText('POINT(-88.0003 35.0178)',4326), null, null, '2021-02-04T19:02:39.325090Z', null, '98a61f29-18a8-430a-9d02-0f53486e0984', 'a6e542eb-41bc-45b3-aab7-7f45004ad8d3', 'a26d1ef8-acaf-411d-90c1-695bf4c21bf7', null),
('661e34eb-2ace-4d33-9d28-bc62b9fe0f76', False, 'kint1-harpethr-kingstonsprngstn', 'KINT1-HarpethR-KingstonSprngsTN', null, ST_GeomFromText('POINT(-87.0989 36.1222)',4326), null, null, '2021-02-04T19:02:39.325105Z', null, '98a61f29-18a8-430a-9d02-0f53486e0984', 'a6e542eb-41bc-45b3-aab7-7f45004ad8d3', 'a26d1ef8-acaf-411d-90c1-695bf4c21bf7', null),
('6203ad8e-1f17-4320-ba99-5dff4792748a', False, 'hort1-horsecr-nrsavannahtn', 'HORT1-HorseCr-nrSavannahTN', null, ST_GeomFromText('POINT(-88.2094 35.1806)',4326), null, null, '2021-02-04T19:02:39.325120Z', null, '98a61f29-18a8-430a-9d02-0f53486e0984', 'a6e542eb-41bc-45b3-aab7-7f45004ad8d3', 'a26d1ef8-acaf-411d-90c1-695bf4c21bf7', null),
('98b2a65e-22e2-4f55-97b6-477e9f518d96', False, 'emgt1-yellowcr-ellismillstn', 'EMGT1-YellowCr-EllisMillsTN', null, ST_GeomFromText('POINT(-87.5536 36.3108)',4326), null, null, '2021-02-04T19:02:39.325137Z', null, '98a61f29-18a8-430a-9d02-0f53486e0984', 'a6e542eb-41bc-45b3-aab7-7f45004ad8d3', 'a26d1ef8-acaf-411d-90c1-695bf4c21bf7', null),
('0b973d32-1f93-4aa2-a2c8-821552ab2ddd', False, 'mtck2-beavercr-monticelloky', 'MTCK2-BeaverCr-MonticelloKY', null, ST_GeomFromText('POINT(-84.8961 36.7975)',4326), null, null, '2021-02-04T19:02:39.325152Z', null, '98a61f29-18a8-430a-9d02-0f53486e0984', 'a6e542eb-41bc-45b3-aab7-7f45004ad8d3', 'a26d1ef8-acaf-411d-90c1-695bf4c21bf7', null),
('84f90597-a764-4be8-99e2-0ef09212672d', False, 'colt1-duckr-columbiatn', 'COLT1-DuckR-ColumbiaTN', null, ST_GeomFromText('POINT(-87.0325 35.6181)',4326), null, null, '2021-02-04T19:02:39.325201Z', null, '98a61f29-18a8-430a-9d02-0f53486e0984', 'a6e542eb-41bc-45b3-aab7-7f45004ad8d3', 'a26d1ef8-acaf-411d-90c1-695bf4c21bf7', null),
('fb44ae76-02c0-4b91-8756-edac44a51925', False, 'ohit1-old-hickory', 'OHIT1-OLD_HICKORY', null, ST_GeomFromText('POINT(-86.6589 36.2972)',4326), null, null, '2021-02-04T19:02:39.325218Z', null, '98a61f29-18a8-430a-9d02-0f53486e0984', 'a6e542eb-41bc-45b3-aab7-7f45004ad8d3', 'a26d1ef8-acaf-411d-90c1-695bf4c21bf7', null),
('12989fd5-fa1f-46a6-a784-2e784dc18a44', False, 'wlbk2-cumberlandr-williamsburgky', 'WLBK2-CumberlandR-WilliamsburgKY', null, ST_GeomFromText('POINT(-84.1564 36.7436)',4326), null, null, '2021-02-04T19:02:39.325233Z', null, '98a61f29-18a8-430a-9d02-0f53486e0984', 'a6e542eb-41bc-45b3-aab7-7f45004ad8d3', 'a26d1ef8-acaf-411d-90c1-695bf4c21bf7', null),
('328969f6-67b3-4126-92ed-768edc93cefd', False, 'shvt1-duckr-nrshelbyvilletn', 'SHVT1-DuckR-nrShelbyvilleTN', null, ST_GeomFromText('POINT(-86.4992 35.4803)',4326), null, null, '2021-02-04T19:02:39.325253Z', null, '98a61f29-18a8-430a-9d02-0f53486e0984', 'a6e542eb-41bc-45b3-aab7-7f45004ad8d3', 'a26d1ef8-acaf-411d-90c1-695bf4c21bf7', null),
('8dcf5fed-620d-4dc4-be34-1dcf5c95eb0c', False, 'fldt1-fort-loudon', 'FLDT1-FORT_LOUDON', null, ST_GeomFromText('POINT(-84.2456 35.7922)',4326), null, null, '2021-02-04T19:02:39.325269Z', null, '98a61f29-18a8-430a-9d02-0f53486e0984', 'a6e542eb-41bc-45b3-aab7-7f45004ad8d3', 'a26d1ef8-acaf-411d-90c1-695bf4c21bf7', null),
('d1ff93f8-43b0-42ce-a160-eff33a428d47', False, 'lvgt1-livingstontn', 'LVGT1-LivingstonTN', null, ST_GeomFromText('POINT(-85.3167 36.3833)',4326), null, null, '2021-02-04T19:02:39.325284Z', null, '98a61f29-18a8-430a-9d02-0f53486e0984', 'a6e542eb-41bc-45b3-aab7-7f45004ad8d3', 'a26d1ef8-acaf-411d-90c1-695bf4c21bf7', null),
('81998deb-96b1-404f-9aa0-311f5a383938', False, 'jnvt1', 'JNVT1', null, ST_GeomFromText('POINT(87.9758 36.0308)',4326), null, null, '2021-02-04T19:02:39.325306Z', null, '98a61f29-18a8-430a-9d02-0f53486e0984', 'a6e542eb-41bc-45b3-aab7-7f45004ad8d3', 'a26d1ef8-acaf-411d-90c1-695bf4c21bf7', null),
('bed0b812-d4c1-4b54-aab2-b3c58dab76b9', False, 'gbot1-roaringr-gainesborotn', 'GBOT1-RoaringR-GainesboroTN', null, ST_GeomFromText('POINT(-85.5453 36.3514)',4326), null, null, '2021-02-04T19:02:39.325338Z', null, '98a61f29-18a8-430a-9d02-0f53486e0984', 'a6e542eb-41bc-45b3-aab7-7f45004ad8d3', 'a26d1ef8-acaf-411d-90c1-695bf4c21bf7', null),
('579ed4e7-4306-4f5b-99e9-4e469d59fab0', False, 'lebt1-lebanontn', 'LEBT1-LebanonTN', null, ST_GeomFromText('POINT(-86.3178 36.2286)',4326), null, null, '2021-02-04T19:02:39.325354Z', null, '98a61f29-18a8-430a-9d02-0f53486e0984', 'a6e542eb-41bc-45b3-aab7-7f45004ad8d3', 'a26d1ef8-acaf-411d-90c1-695bf4c21bf7', null),
('3778cd69-73cd-4df3-992b-a7fe204e4f3a', False, 'unvt1-unionvilletn', 'UNVT1-UnionvilleTN', null, ST_GeomFromText('POINT(-86.5864 35.6211)',4326), null, null, '2021-02-04T19:02:39.325369Z', null, '98a61f29-18a8-430a-9d02-0f53486e0984', 'a6e542eb-41bc-45b3-aab7-7f45004ad8d3', 'a26d1ef8-acaf-411d-90c1-695bf4c21bf7', null),
('9e468f66-23aa-4397-9268-6d4632d9ee53', False, 'wdbt1-woodburytn', 'WDBT1-WoodburyTN', null, ST_GeomFromText('POINT(-86.0733 35.8292)',4326), null, null, '2021-02-04T19:02:39.325385Z', null, '98a61f29-18a8-430a-9d02-0f53486e0984', 'a6e542eb-41bc-45b3-aab7-7f45004ad8d3', 'a26d1ef8-acaf-411d-90c1-695bf4c21bf7', null),
('a39196f0-fa1e-4312-840b-41d246d92860', False, 'lbyk2-libertyky', 'LBYK2-LibertyKY', null, ST_GeomFromText('POINT(-84.9333 37.3)',4326), null, null, '2021-02-04T19:02:39.325400Z', null, '98a61f29-18a8-430a-9d02-0f53486e0984', 'a6e542eb-41bc-45b3-aab7-7f45004ad8d3', 'a26d1ef8-acaf-411d-90c1-695bf4c21bf7', null),
('ca0c3c9f-03ae-40f6-bb41-5f9f5dff8a15', False, 'nkjt1-nickajack', 'NKJT1-NICKAJACK', null, ST_GeomFromText('POINT(-85.6222 35.0017)',4326), null, null, '2021-02-04T19:02:39.325417Z', null, '98a61f29-18a8-430a-9d02-0f53486e0984', 'a6e542eb-41bc-45b3-aab7-7f45004ad8d3', 'a26d1ef8-acaf-411d-90c1-695bf4c21bf7', null),
('bae5493c-330e-40dd-b248-efb766b0a1e4', False, 'wbot1-watts-bar', 'WBOT1-WATTS_BAR', null, ST_GeomFromText('POINT(-84.7886 35.6086)',4326), null, null, '2021-02-04T19:02:39.325436Z', null, '98a61f29-18a8-430a-9d02-0f53486e0984', 'a6e542eb-41bc-45b3-aab7-7f45004ad8d3', 'a26d1ef8-acaf-411d-90c1-695bf4c21bf7', null),
('7a9fb19b-78bc-45c0-8026-df61c311ac0f', False, 'orlt1-orlindatn', 'ORLT1-OrlindaTN', null, ST_GeomFromText('POINT(-86.7153 36.6025)',4326), null, null, '2021-02-04T19:02:39.325451Z', null, '98a61f29-18a8-430a-9d02-0f53486e0984', 'a6e542eb-41bc-45b3-aab7-7f45004ad8d3', 'a26d1ef8-acaf-411d-90c1-695bf4c21bf7', null),
('8066a682-0c43-43bb-9095-34d8592e6adc', False, 'cntt1', 'CNTT1', null, ST_GeomFromText('POINT(0 0)',4326), null, null, '2021-02-04T19:02:39.325466Z', null, '98a61f29-18a8-430a-9d02-0f53486e0984', 'a6e542eb-41bc-45b3-aab7-7f45004ad8d3', 'a26d1ef8-acaf-411d-90c1-695bf4c21bf7', null),
('10d31320-e970-4b16-b125-424e4c4c448e', False, 'ctnk2-cantonky', 'CTNK2-CantonKY', null, ST_GeomFromText('POINT(-87.9644 36.7942)',4326), null, null, '2021-02-04T19:02:39.325481Z', null, '98a61f29-18a8-430a-9d02-0f53486e0984', 'a6e542eb-41bc-45b3-aab7-7f45004ad8d3', 'a26d1ef8-acaf-411d-90c1-695bf4c21bf7', null),
('af90c532-3648-4b6e-bb86-90979db67729', False, 'coot1-cookevilletn', 'COOT1-CookevilleTN', null, ST_GeomFromText('POINT(-85.5 36.15)',4326), null, null, '2021-02-04T19:02:39.325497Z', null, '98a61f29-18a8-430a-9d02-0f53486e0984', 'a6e542eb-41bc-45b3-aab7-7f45004ad8d3', 'a26d1ef8-acaf-411d-90c1-695bf4c21bf7', null),
('4a61fd9f-216b-4db1-ae85-83e0574d7dfb', False, 'kwtt1-knoxvilletn-wtp', 'KWTT1-KnoxvilleTN-WTP', null, ST_GeomFromText('POINT(-83.9289 5.9456)',4326), null, null, '2021-02-04T19:02:39.325512Z', null, '98a61f29-18a8-430a-9d02-0f53486e0984', 'a6e542eb-41bc-45b3-aab7-7f45004ad8d3', 'a26d1ef8-acaf-411d-90c1-695bf4c21bf7', null),
('72417936-0198-480f-88b1-bc75a2cb11d1', False, 'brak2-bereaky', 'BRAK2-BereaKY', null, ST_GeomFromText('POINT(-84.2525 37.5744)',4326), null, null, '2021-02-04T19:02:39.325527Z', null, '98a61f29-18a8-430a-9d02-0f53486e0984', 'a6e542eb-41bc-45b3-aab7-7f45004ad8d3', 'a26d1ef8-acaf-411d-90c1-695bf4c21bf7', null),
('d9980223-aefb-4dee-a9b8-1fcb6e998773', False, 'cbbk2-cobbky', 'CBBK2-CobbKY', null, ST_GeomFromText('POINT(-87.7781 36.9933)',4326), null, null, '2021-02-04T19:02:39.325544Z', null, '98a61f29-18a8-430a-9d02-0f53486e0984', 'a6e542eb-41bc-45b3-aab7-7f45004ad8d3', 'a26d1ef8-acaf-411d-90c1-695bf4c21bf7', null),
('c3f98550-023a-490e-b7a3-847e8353a061', False, 'ektk2-elktonky', 'EKTK2-ElktonKY', null, ST_GeomFromText('POINT(-87.1022 36.8022)',4326), null, null, '2021-02-04T19:02:39.325569Z', null, '98a61f29-18a8-430a-9d02-0f53486e0984', 'a6e542eb-41bc-45b3-aab7-7f45004ad8d3', 'a26d1ef8-acaf-411d-90c1-695bf4c21bf7', null),
('b090f475-dd3b-449d-9e8a-81ce6bafda39', False, 'hbft1-harpethr-blwfranklin', 'HBFT1-HarpethR-blwFranklin', null, ST_GeomFromText('POINT(-86.8817 35.9481)',4326), null, null, '2021-02-04T19:02:39.325589Z', null, '98a61f29-18a8-430a-9d02-0f53486e0984', 'a6e542eb-41bc-45b3-aab7-7f45004ad8d3', 'a26d1ef8-acaf-411d-90c1-695bf4c21bf7', null),
('0b94b773-4e84-4cad-80ea-492047044870', False, 'bigt1-bigsandyr-brucetontn', 'BIGT1-BigSandyR-BrucetonTN', null, ST_GeomFromText('POINT(-88.2289 36.0369)',4326), null, null, '2021-02-04T19:02:39.325604Z', null, '98a61f29-18a8-430a-9d02-0f53486e0984', 'a6e542eb-41bc-45b3-aab7-7f45004ad8d3', 'a26d1ef8-acaf-411d-90c1-695bf4c21bf7', null),
('3bced85a-304c-470a-9d89-3b0405bfcd63', False, 'mltt1-duckr-avbmilltowntn', 'MLTT1-DuckR-avbMilltownTN', null, ST_GeomFromText('POINT(-86.7789 35.5764)',4326), null, null, '2021-02-04T19:02:39.325619Z', null, '98a61f29-18a8-430a-9d02-0f53486e0984', 'a6e542eb-41bc-45b3-aab7-7f45004ad8d3', 'a26d1ef8-acaf-411d-90c1-695bf4c21bf7', null),
('2bce3be9-1aa2-44d9-b07b-988770bd519b', False, 'chpt1-cheatham', 'CHPT1-CHEATHAM', null, ST_GeomFromText('POINT(-87.2275 36.3144)',4326), null, null, '2021-02-04T19:02:39.325638Z', null, '98a61f29-18a8-430a-9d02-0f53486e0984', 'a6e542eb-41bc-45b3-aab7-7f45004ad8d3', 'a26d1ef8-acaf-411d-90c1-695bf4c21bf7', null),
('0ff0e1e1-7116-43b2-9e67-ec1ec5bf0824', False, 'ceht1-center-hill', 'CEHT1-CENTER_HILL', null, ST_GeomFromText('POINT(-85.8272 36.0939)',4326), null, null, '2021-02-04T19:02:39.325713Z', null, '98a61f29-18a8-430a-9d02-0f53486e0984', 'a6e542eb-41bc-45b3-aab7-7f45004ad8d3', 'a26d1ef8-acaf-411d-90c1-695bf4c21bf7', null),
('bb1af020-f53e-4f4c-9745-138a857d9a96', False, 'lapk2-laurel', 'LAPK2-LAUREL', null, ST_GeomFromText('POINT(-84.2678 36.9625)',4326), null, null, '2021-02-04T19:02:39.325736Z', null, '98a61f29-18a8-430a-9d02-0f53486e0984', 'a6e542eb-41bc-45b3-aab7-7f45004ad8d3', 'a26d1ef8-acaf-411d-90c1-695bf4c21bf7', null),
('13f844b5-f11a-4844-adc4-64cd0c33b8f4', False, 'cmbk2-poorfk-cumberlandky', 'CMBK2-PoorFk-CumberlandKY', null, ST_GeomFromText('POINT(-82.9939 36.9733)',4326), null, null, '2021-02-04T19:02:39.325752Z', null, '98a61f29-18a8-430a-9d02-0f53486e0984', 'a6e542eb-41bc-45b3-aab7-7f45004ad8d3', 'a26d1ef8-acaf-411d-90c1-695bf4c21bf7', null),
('867a2c98-0553-4491-a6de-fb052c1eb9db', False, 'fnht1-fountaincr-nrfountainheightstn', 'FNHT1-FountainCr-nrFountainHeightsTN', null, ST_GeomFromText('POINT(-86.9419 35.5181)',4326), null, null, '2021-02-04T19:02:39.325768Z', null, '98a61f29-18a8-430a-9d02-0f53486e0984', 'a6e542eb-41bc-45b3-aab7-7f45004ad8d3', 'a26d1ef8-acaf-411d-90c1-695bf4c21bf7', null),
('8970d053-bcb5-473f-8d01-269b743378b8', False, 'bpgt1-bethpagetn', 'BPGT1-BethpageTN', null, ST_GeomFromText('POINT(-86.3106 36.4872)',4326), null, null, '2021-02-04T19:02:39.325784Z', null, '98a61f29-18a8-430a-9d02-0f53486e0984', 'a6e542eb-41bc-45b3-aab7-7f45004ad8d3', 'a26d1ef8-acaf-411d-90c1-695bf4c21bf7', null),
('683092b7-8dc9-42fa-938a-9aa2d65ebdd8', False, 'bbvk2-cumberlandr-barbourvilleky', 'BBVK2-CumberlandR-BarbourvilleKY', null, ST_GeomFromText('POINT(-83.8875 36.8631)',4326), null, null, '2021-02-04T19:02:39.325801Z', null, '98a61f29-18a8-430a-9d02-0f53486e0984', 'a6e542eb-41bc-45b3-aab7-7f45004ad8d3', 'a26d1ef8-acaf-411d-90c1-695bf4c21bf7', null),
('ead4b9d0-09c4-45bd-af43-dd123ae95973', False, 'cnvt1-duckr-centervilletn', 'CNVT1-DuckR-CentervilleTN', null, ST_GeomFromText('POINT(-87.46 35.7842)',4326), null, null, '2021-02-04T19:02:39.325824Z', null, '98a61f29-18a8-430a-9d02-0f53486e0984', 'a6e542eb-41bc-45b3-aab7-7f45004ad8d3', 'a26d1ef8-acaf-411d-90c1-695bf4c21bf7', null),
('29e8d3e5-1eb3-40dc-84bf-86c329ebbf57', False, 'dblt1-bigrockcr-nrdoublebridgestn', 'DBLT1-BigRockCr-nrDoubleBridgesTN', null, ST_GeomFromText('POINT(-86.7686 35.5044)',4326), null, null, '2021-02-04T19:02:39.325839Z', null, '98a61f29-18a8-430a-9d02-0f53486e0984', 'a6e542eb-41bc-45b3-aab7-7f45004ad8d3', 'a26d1ef8-acaf-411d-90c1-695bf4c21bf7', null),
('48cc73a8-16bb-4d04-8a6a-899a1980126b', False, 'mcet1-mcewentn', 'MCET1-McEwenTN', null, ST_GeomFromText('POINT(-87.6369 36.1069)',4326), null, null, '2021-02-04T19:02:39.325855Z', null, '98a61f29-18a8-430a-9d02-0f53486e0984', 'a6e542eb-41bc-45b3-aab7-7f45004ad8d3', 'a26d1ef8-acaf-411d-90c1-695bf4c21bf7', null),
('50b60c57-8bb9-4886-a7af-45c931b6b59b', False, 'ohht1-old-hickory', 'OHHT1-OLD_HICKORY', null, ST_GeomFromText('POINT(-86.6589 36.2972)',4326), null, null, '2021-02-04T19:02:39.325871Z', null, '98a61f29-18a8-430a-9d02-0f53486e0984', 'a6e542eb-41bc-45b3-aab7-7f45004ad8d3', 'a26d1ef8-acaf-411d-90c1-695bf4c21bf7', null),
('78ed1c56-2a8a-4f65-9681-7ad3a2c2b817', False, 'ohgt1-old-hickory', 'OHGT1-OLD_HICKORY', null, ST_GeomFromText('POINT(-86.6586 36.2969)',4326), null, null, '2021-02-04T19:02:39.325946Z', null, '98a61f29-18a8-430a-9d02-0f53486e0984', 'a6e542eb-41bc-45b3-aab7-7f45004ad8d3', 'a26d1ef8-acaf-411d-90c1-695bf4c21bf7', null),
('bc257152-d5b8-4cfa-b805-272e559a717e', False, 'barkley-spillway-gates', 'Barkley-Spillway-Gates', null, ST_GeomFromText('POINT(-88.2235 37.0207)',4326), null, null, '2021-02-04T19:02:39.325977Z', null, '98a61f29-18a8-430a-9d02-0f53486e0984', 'a6e542eb-41bc-45b3-aab7-7f45004ad8d3', 'a26d1ef8-acaf-411d-90c1-695bf4c21bf7', null),
('31de340d-4115-4adf-b43b-f3532935a1f4', False, 'cordell-hull-spillway-gates', 'Cordell-Hull-Spillway-Gates', null, ST_GeomFromText('POINT(-85.9432 36.2901)',4326), null, null, '2021-02-04T19:02:39.325994Z', null, '98a61f29-18a8-430a-9d02-0f53486e0984', 'a6e542eb-41bc-45b3-aab7-7f45004ad8d3', 'a26d1ef8-acaf-411d-90c1-695bf4c21bf7', null),
('93c1c2cc-c23e-4a32-b717-a2709103b6c0', False, 'cheatham-spillway-gates', 'Cheatham-Spillway-Gates', null, ST_GeomFromText('POINT(-87.2226 36.3196)',4326), null, null, '2021-02-04T19:02:39.326019Z', null, '98a61f29-18a8-430a-9d02-0f53486e0984', 'a6e542eb-41bc-45b3-aab7-7f45004ad8d3', 'a26d1ef8-acaf-411d-90c1-695bf4c21bf7', null),
('089b25dd-813c-4209-9aa4-90317dfda7ae', False, 'bort1', 'BORT1', null, ST_GeomFromText('POINT(-86.8203 36.2175)',4326), null, null, '2021-02-04T19:02:39.326035Z', null, '98a61f29-18a8-430a-9d02-0f53486e0984', 'a6e542eb-41bc-45b3-aab7-7f45004ad8d3', 'a26d1ef8-acaf-411d-90c1-695bf4c21bf7', null),
('8a456b58-67cb-4d55-8f5e-ff492ab7f27a', False, 'nrct1', 'NRCT1', null, ST_GeomFromText('POINT(-86.8542 36.1511)',4326), null, null, '2021-02-04T19:02:39.326050Z', null, '98a61f29-18a8-430a-9d02-0f53486e0984', 'a6e542eb-41bc-45b3-aab7-7f45004ad8d3', 'a26d1ef8-acaf-411d-90c1-695bf4c21bf7', null),
('dbc17081-a9af-404c-a276-064c0f49f770', False, 'nbct1', 'NBCT1', null, ST_GeomFromText('POINT(-86.7611 36.13)',4326), null, null, '2021-02-04T19:02:39.326066Z', null, '98a61f29-18a8-430a-9d02-0f53486e0984', 'a6e542eb-41bc-45b3-aab7-7f45004ad8d3', 'a26d1ef8-acaf-411d-90c1-695bf4c21bf7', null),
('6487b608-0117-4395-855c-00357c83bc8c', False, 'cumberlandnashville', 'CumberlandNashville', null, ST_GeomFromText('POINT(-86.7764 36.1672)',4326), null, null, '2021-02-04T19:02:39.326081Z', null, '98a61f29-18a8-430a-9d02-0f53486e0984', 'a6e542eb-41bc-45b3-aab7-7f45004ad8d3', 'a26d1ef8-acaf-411d-90c1-695bf4c21bf7', null),
('f4419db2-b033-475c-9b7c-77f875c235d8', False, 'paducah', 'Paducah', null, ST_GeomFromText('POINT(-88.5944 37.0894)',4326), null, null, '2021-02-04T19:02:39.326097Z', null, '98a61f29-18a8-430a-9d02-0f53486e0984', 'a6e542eb-41bc-45b3-aab7-7f45004ad8d3', 'a26d1ef8-acaf-411d-90c1-695bf4c21bf7', null),
('688396ac-99b4-4633-a982-377fbdff5e02', False, 'mflk2-martins-fork', 'MFLK2-MARTINS_FORK', null, ST_GeomFromText('POINT(-83.2597 36.7506)',4326), null, null, '2021-02-04T19:02:39.326112Z', null, '98a61f29-18a8-430a-9d02-0f53486e0984', 'a6e542eb-41bc-45b3-aab7-7f45004ad8d3', 'a26d1ef8-acaf-411d-90c1-695bf4c21bf7', null),
('4e8a3037-d547-467b-870e-ee4d9232274a', False, 'akln6', 'AKLN6', null, ST_GeomFromText('POINT(-77.7167 42.3958)',4326), null, null, '2021-02-04T19:02:39.326259Z', null, '98a61f29-18a8-430a-9d02-0f53486e0984', 'a6e542eb-41bc-45b3-aab7-7f45004ad8d3', 'a26d1ef8-acaf-411d-90c1-695bf4c21bf7', null),
('1fb3a89d-aefa-4b7d-ad05-f312cc938667', False, 'rochesterny-blbn6', 'RochesterNY-BLBN6', null, ST_GeomFromText('POINT(-77.6806 43.0922)',4326), null, null, '2021-02-04T19:02:39.326290Z', null, '98a61f29-18a8-430a-9d02-0f53486e0984', 'a6e542eb-41bc-45b3-aab7-7f45004ad8d3', 'a26d1ef8-acaf-411d-90c1-695bf4c21bf7', null),
('9ccc71c2-55e5-456d-bd38-ecd928413ba7', False, 'churchvilleny-chcn6', 'ChurchvilleNY-CHCN6', null, ST_GeomFromText('POINT(-77.8825 43.1006)',4326), null, null, '2021-02-04T19:02:39.326308Z', null, '98a61f29-18a8-430a-9d02-0f53486e0984', 'a6e542eb-41bc-45b3-aab7-7f45004ad8d3', 'a26d1ef8-acaf-411d-90c1-695bf4c21bf7', null),
('6e888269-61fc-483f-8f8d-10e42e229bfe', False, 'dansvilleny-dsvn6', 'DansvilleNY-DSVN6', null, ST_GeomFromText('POINT(-77.7044 42.5356)',4326), null, null, '2021-02-04T19:02:39.326325Z', null, '98a61f29-18a8-430a-9d02-0f53486e0984', 'a6e542eb-41bc-45b3-aab7-7f45004ad8d3', 'a26d1ef8-acaf-411d-90c1-695bf4c21bf7', null),
('f8e40159-6484-494c-8407-787fccb28b47', False, 'honeoyecreekny-hnyn6', 'HoneoyeCreekNY-HNYN6', null, ST_GeomFromText('POINT(-77.5889 42.9569)',4326), null, null, '2021-02-04T19:02:39.326345Z', null, '98a61f29-18a8-430a-9d02-0f53486e0984', 'a6e542eb-41bc-45b3-aab7-7f45004ad8d3', 'a26d1ef8-acaf-411d-90c1-695bf4c21bf7', null),
('2df711dd-2056-4cb2-934f-f80022d410eb', False, 'jonesbridgeny-jonn6', 'JonesBridgeNY-JONN6', null, ST_GeomFromText('POINT(-77.8392 42.7667)',4326), null, null, '2021-02-04T19:02:39.326362Z', null, '98a61f29-18a8-430a-9d02-0f53486e0984', 'a6e542eb-41bc-45b3-aab7-7f45004ad8d3', 'a26d1ef8-acaf-411d-90c1-695bf4c21bf7', null),
('253202a2-0a8b-4e5a-bddd-a13b2f80c3ff', False, 'wellsvilleny-weln6', 'WellsvilleNY-WELN6', null, ST_GeomFromText('POINT(-77.9575 42.1222)',4326), null, null, '2021-02-04T19:02:39.326378Z', null, '98a61f29-18a8-430a-9d02-0f53486e0984', 'a6e542eb-41bc-45b3-aab7-7f45004ad8d3', 'a26d1ef8-acaf-411d-90c1-695bf4c21bf7', null),
('a2d41306-ee43-4ef1-a3b2-84592b4121e7', False, 'warsawny-wrsn6', 'WarsawNY-WRSN6', null, ST_GeomFromText('POINT(-78.1378 42.7442)',4326), null, null, '2021-02-04T19:02:39.326394Z', null, '98a61f29-18a8-430a-9d02-0f53486e0984', 'a6e542eb-41bc-45b3-aab7-7f45004ad8d3', 'a26d1ef8-acaf-411d-90c1-695bf4c21bf7', null),
('72803fb7-9e3d-4366-86d0-d4e2b3528096', False, 'elkp1', 'ELKP1', null, ST_GeomFromText('POINT(-77.3025 41.9875)',4326), null, null, '2021-02-04T19:02:39.326410Z', null, '98a61f29-18a8-430a-9d02-0f53486e0984', 'a6e542eb-41bc-45b3-aab7-7f45004ad8d3', 'a26d1ef8-acaf-411d-90c1-695bf4c21bf7', null),
('904f3d4b-8e2e-4531-ac2b-de21793a9016', False, 'hrln6', 'HRLN6', null, ST_GeomFromText('POINT(-77.7044 42.3489)',4326), null, null, '2021-02-04T19:02:39.326425Z', null, '98a61f29-18a8-430a-9d02-0f53486e0984', 'a6e542eb-41bc-45b3-aab7-7f45004ad8d3', 'a26d1ef8-acaf-411d-90c1-695bf4c21bf7', null),
('40a6124c-77ca-48de-a5c0-0e9f152b052b', False, 'mbyp1', 'MBYP1', null, ST_GeomFromText('POINT(-77.2767 41.8425)',4326), null, null, '2021-02-04T19:02:39.326441Z', null, '98a61f29-18a8-430a-9d02-0f53486e0984', 'a6e542eb-41bc-45b3-aab7-7f45004ad8d3', 'a26d1ef8-acaf-411d-90c1-695bf4c21bf7', null),
('fa1a6921-eefe-4c99-85c2-00fc597c38e3', False, 'frkn6', 'FRKN6', null, ST_GeomFromText('POINT(-78.4636 42.3294)',4326), null, null, '2021-02-04T19:02:39.326457Z', null, '98a61f29-18a8-430a-9d02-0f53486e0984', 'a6e542eb-41bc-45b3-aab7-7f45004ad8d3', 'a26d1ef8-acaf-411d-90c1-695bf4c21bf7', null),
('c1a5219e-a579-4771-92f4-1f097d3c2766', False, 'olnn6', 'OLNN6', null, ST_GeomFromText('POINT(-78.4511 42.0731)',4326), null, null, '2021-02-04T19:02:39.326473Z', null, '98a61f29-18a8-430a-9d02-0f53486e0984', 'a6e542eb-41bc-45b3-aab7-7f45004ad8d3', 'a26d1ef8-acaf-411d-90c1-695bf4c21bf7', null),
('30542291-5420-4eb3-b5ed-eccc4641873b', False, 'knvn6', 'KNVN6', null, ST_GeomFromText('POINT(-78.3103 43.3011)',4326), null, null, '2021-02-04T19:02:39.326492Z', null, '98a61f29-18a8-430a-9d02-0f53486e0984', 'a6e542eb-41bc-45b3-aab7-7f45004ad8d3', 'a26d1ef8-acaf-411d-90c1-695bf4c21bf7', null),
('c418df64-1989-4b86-a8f3-ca50ef255c50', False, 'shnp1', 'SHNP1', null, ST_GeomFromText('POINT(-78.1983 41.9617)',4326), null, null, '2021-02-04T19:02:39.326508Z', null, '98a61f29-18a8-430a-9d02-0f53486e0984', 'a6e542eb-41bc-45b3-aab7-7f45004ad8d3', 'a26d1ef8-acaf-411d-90c1-695bf4c21bf7', null),
('89d1a9ed-3342-4ebc-9aed-b3e29464ada8', False, 'avon', 'Avon', null, ST_GeomFromText('POINT(-77.7575 42.9178)',4326), null, null, '2021-02-04T19:02:39.326524Z', null, '98a61f29-18a8-430a-9d02-0f53486e0984', 'a6e542eb-41bc-45b3-aab7-7f45004ad8d3', 'a26d1ef8-acaf-411d-90c1-695bf4c21bf7', null),
('cb864d00-4ae7-446a-a975-7cf3d6ba1f02', False, 'oatkacreekgarbutt', 'OatkaCreekGarbutt', null, ST_GeomFromText('POINT(-77.7917 43.01)',4326), null, null, '2021-02-04T19:02:39.326541Z', null, '98a61f29-18a8-430a-9d02-0f53486e0984', 'a6e542eb-41bc-45b3-aab7-7f45004ad8d3', 'a26d1ef8-acaf-411d-90c1-695bf4c21bf7', null),
('4aa66a38-b454-44e0-808a-884b1f7969dd', False, 'mtmorris-lake', 'MtMorris-Lake', null, ST_GeomFromText('POINT(-77.9075 42.7331)',4326), null, null, '2021-02-04T19:02:39.326561Z', null, '98a61f29-18a8-430a-9d02-0f53486e0984', 'a6e542eb-41bc-45b3-aab7-7f45004ad8d3', 'a26d1ef8-acaf-411d-90c1-695bf4c21bf7', null),
('29c05639-1315-4958-808d-003e46c18769', False, 'portageville', 'Portageville', null, ST_GeomFromText('POINT(-78.0425 42.5703)',4326), null, null, '2021-02-04T19:02:39.326578Z', null, '98a61f29-18a8-430a-9d02-0f53486e0984', 'a6e542eb-41bc-45b3-aab7-7f45004ad8d3', 'a26d1ef8-acaf-411d-90c1-695bf4c21bf7', null),
('e7569ec3-0387-47fa-818c-9a9bfad0578b', False, 'ckvt1-cumberlandr-clarksvilletn', 'CKVT1-CumberlandR-ClarksvilleTN', null, ST_GeomFromText('POINT(-87.3678 36.5414)',4326), null, null, '2021-02-04T19:02:39.326623Z', null, '98a61f29-18a8-430a-9d02-0f53486e0984', 'a6e542eb-41bc-45b3-aab7-7f45004ad8d3', 'a26d1ef8-acaf-411d-90c1-695bf4c21bf7', null),
('36a97ba3-fbfc-4e2a-b32e-3843b221d2b9', False, 'ford-street-at-rochester', 'Ford_Street_at_Rochester', null, ST_GeomFromText('POINT(-77.6164 43.1417)',4326), null, null, '2021-02-04T19:02:39.326655Z', null, '98a61f29-18a8-430a-9d02-0f53486e0984', 'a6e542eb-41bc-45b3-aab7-7f45004ad8d3', 'a26d1ef8-acaf-411d-90c1-695bf4c21bf7', null),
('dea3b440-5650-43e0-b8ed-f4dd7a0f9952', False, 'normandy-rain-near-normandy', 'Normandy_Rain_Near_Normandy', null, ST_GeomFromText('POINT(-86.2453 35.4575)',4326), null, null, '2021-02-04T19:02:39.326673Z', null, '98a61f29-18a8-430a-9d02-0f53486e0984', 'a6e542eb-41bc-45b3-aab7-7f45004ad8d3', 'a26d1ef8-acaf-411d-90c1-695bf4c21bf7', null),
('684993ee-a0d0-4a45-8a36-62558a473559', False, 'normandy-tailwater', 'NORMANDY_TAILWATER', null, ST_GeomFromText('POINT(-86.2467 35.4628)',4326), null, null, '2021-02-04T19:02:39.326689Z', null, '98a61f29-18a8-430a-9d02-0f53486e0984', 'a6e542eb-41bc-45b3-aab7-7f45004ad8d3', 'a26d1ef8-acaf-411d-90c1-695bf4c21bf7', null),
('0d68dccf-8a26-40cf-ae46-a299074d0737', False, 'normandy-headwater', 'Normandy_Headwater', null, ST_GeomFromText('POINT(-86.2472 35.4653)',4326), null, null, '2021-02-04T19:02:39.326705Z', null, '98a61f29-18a8-430a-9d02-0f53486e0984', 'a6e542eb-41bc-45b3-aab7-7f45004ad8d3', 'a26d1ef8-acaf-411d-90c1-695bf4c21bf7', null),
('0e81e807-81dc-4547-9d7d-9819bda849f9', False, 'rwnk2-wolf-creek', 'RWNK2-WOLF_CREEK', null, ST_GeomFromText('POINT(-85.1394 36.8836)',4326), null, null, '2021-02-04T19:02:39.326721Z', null, '98a61f29-18a8-430a-9d02-0f53486e0984', 'a6e542eb-41bc-45b3-aab7-7f45004ad8d3', 'a26d1ef8-acaf-411d-90c1-695bf4c21bf7', null),
('ffbb13b3-71e1-4872-9bef-5ddd4d78634d', False, 'smithland-ld', 'Smithland LD', null, ST_GeomFromText('POINT(-88.4261 37.1583)',4326), null, null, '2021-02-04T19:02:39.326737Z', null, '98a61f29-18a8-430a-9d02-0f53486e0984', 'a6e542eb-41bc-45b3-aab7-7f45004ad8d3', 'a26d1ef8-acaf-411d-90c1-695bf4c21bf7', null),
('13b8b34a-3b2b-45ad-833e-c189ffbc3e51', False, 'falt1-fallsstateparktn', 'FALT1-FallsStateParkTN', null, ST_GeomFromText('POINT(-85.3086 35.6825)',4326), null, null, '2021-02-04T19:02:39.326753Z', null, '98a61f29-18a8-430a-9d02-0f53486e0984', 'a6e542eb-41bc-45b3-aab7-7f45004ad8d3', 'a26d1ef8-acaf-411d-90c1-695bf4c21bf7', null),
('05218a85-8dad-49ca-896a-8e1cc79c73da', False, 'fallingwaterr', 'FallingWaterR', null, ST_GeomFromText('POINT(-85.5214 36.0772)',4326), null, null, '2021-02-04T19:02:39.326769Z', null, '98a61f29-18a8-430a-9d02-0f53486e0984', 'a6e542eb-41bc-45b3-aab7-7f45004ad8d3', 'a26d1ef8-acaf-411d-90c1-695bf4c21bf7', null),
('4750d6ee-7b98-4645-8246-678de0373523', False, 'cett1-center-hill', 'CETT1-CENTER_HILL', null, ST_GeomFromText('POINT(-85.8333 36.0917)',4326), null, null, '2021-02-04T19:02:39.326785Z', null, '98a61f29-18a8-430a-9d02-0f53486e0984', 'a6e542eb-41bc-45b3-aab7-7f45004ad8d3', 'a26d1ef8-acaf-411d-90c1-695bf4c21bf7', null),
('1b37b7d5-bb92-491f-b57f-32f5a12d3cc5', False, 'south-chick-cr-near-chattanooga', 'South_Chick_Cr_near_Chattanooga', null, ST_GeomFromText('POINT(-85.2106 35.0136)',4326), null, null, '2021-02-04T19:02:39.326802Z', null, '98a61f29-18a8-430a-9d02-0f53486e0984', 'a6e542eb-41bc-45b3-aab7-7f45004ad8d3', 'a26d1ef8-acaf-411d-90c1-695bf4c21bf7', null),
('f97af627-f44c-4f72-883c-7e2a2df10e44', False, 'tenn-river-at-s-pittsburg', 'Tenn_River_at_S_Pittsburg', null, ST_GeomFromText('POINT(-85.6975 35.0114)',4326), null, null, '2021-02-04T19:02:39.326822Z', null, '98a61f29-18a8-430a-9d02-0f53486e0984', 'a6e542eb-41bc-45b3-aab7-7f45004ad8d3', 'a26d1ef8-acaf-411d-90c1-695bf4c21bf7', null),
('bffef26a-787e-49c0-aa62-c62cfe473c85', False, 'anderson-rain', 'Anderson_Rain', null, ST_GeomFromText('POINT(-85.8972 35.0028)',4326), null, null, '2021-02-04T19:02:39.326839Z', null, '98a61f29-18a8-430a-9d02-0f53486e0984', 'a6e542eb-41bc-45b3-aab7-7f45004ad8d3', 'a26d1ef8-acaf-411d-90c1-695bf4c21bf7', null),
('59807d85-54a5-4db2-b776-f2c8788e9232', False, 'n-chick-cr-at-mile-straight', 'N_Chick_Cr_at_Mile_Straight', null, ST_GeomFromText('POINT(-85.2153 35.2111)',4326), null, null, '2021-02-04T19:02:39.326855Z', null, '98a61f29-18a8-430a-9d02-0f53486e0984', 'a6e542eb-41bc-45b3-aab7-7f45004ad8d3', 'a26d1ef8-acaf-411d-90c1-695bf4c21bf7', null),
('951580aa-0a5f-43f9-9011-74fb1a56281b', False, 'mcdonald', 'McDonald', null, ST_GeomFromText('POINT(-84.9897 35.0967)',4326), null, null, '2021-02-04T19:02:39.326871Z', null, '98a61f29-18a8-430a-9d02-0f53486e0984', 'a6e542eb-41bc-45b3-aab7-7f45004ad8d3', 'a26d1ef8-acaf-411d-90c1-695bf4c21bf7', null),
('cfe75d8d-30a1-45ce-ac43-adeb005a492b', False, 'cleveland', 'Cleveland', null, ST_GeomFromText('POINT(-84.8214 35.1836)',4326), null, null, '2021-02-04T19:02:39.326886Z', null, '98a61f29-18a8-430a-9d02-0f53486e0984', 'a6e542eb-41bc-45b3-aab7-7f45004ad8d3', 'a26d1ef8-acaf-411d-90c1-695bf4c21bf7', null),
('dcbe6e98-96ec-4e02-878d-e37f48d1c8b4', False, 'georgetown', 'Georgetown', null, ST_GeomFromText('POINT(-84.9656 35.3217)',4326), null, null, '2021-02-04T19:02:39.326902Z', null, '98a61f29-18a8-430a-9d02-0f53486e0984', 'a6e542eb-41bc-45b3-aab7-7f45004ad8d3', 'a26d1ef8-acaf-411d-90c1-695bf4c21bf7', null),
('6e7219a2-1866-40aa-98fb-d013c477d9ce', False, 'sequatchie-river-near-whitwell', 'Sequatchie_River_near_Whitwell', null, ST_GeomFromText('POINT(-85.4972 35.2064)',4326), null, null, '2021-02-04T19:02:39.326921Z', null, '98a61f29-18a8-430a-9d02-0f53486e0984', 'a6e542eb-41bc-45b3-aab7-7f45004ad8d3', 'a26d1ef8-acaf-411d-90c1-695bf4c21bf7', null),
('ace9c7b2-ddc5-4c2c-a645-78bc6ca1799e', False, 'whitwell', 'Whitwell', null, ST_GeomFromText('POINT(-85.5194 35.2097)',4326), null, null, '2021-02-04T19:02:39.326939Z', null, '98a61f29-18a8-430a-9d02-0f53486e0984', 'a6e542eb-41bc-45b3-aab7-7f45004ad8d3', 'a26d1ef8-acaf-411d-90c1-695bf4c21bf7', null),
('74c2acc0-ad4f-4b2c-bc87-8358fbce9293', False, 'raccoon-mountain-near-whitwell', 'Raccoon_Mountain_near_Whitwell', null, ST_GeomFromText('POINT(-85.3875 35.0567)',4326), null, null, '2021-02-04T19:02:39.326956Z', null, '98a61f29-18a8-430a-9d02-0f53486e0984', 'a6e542eb-41bc-45b3-aab7-7f45004ad8d3', 'a26d1ef8-acaf-411d-90c1-695bf4c21bf7', null),
('aa10f365-1ac0-4c18-9586-30620560759a', False, 'wckg1-westchickamaugacr-lakeviewga', 'WCKG1-WestChickamaugaCr-LakeviewGA', null, ST_GeomFromText('POINT(-85.2056 34.9572)',4326), null, null, '2021-02-04T19:02:39.326973Z', null, '98a61f29-18a8-430a-9d02-0f53486e0984', 'a6e542eb-41bc-45b3-aab7-7f45004ad8d3', 'a26d1ef8-acaf-411d-90c1-695bf4c21bf7', null),
('1307cf24-fa17-4c05-bef0-dac4390fb051', False, 'ccfg1-chattanoogacr-flintstonega', 'CCFG1-ChattanoogaCr-FlintstoneGA', null, ST_GeomFromText('POINT(-85.3344 34.9572)',4326), null, null, '2021-02-04T19:02:39.326989Z', null, '98a61f29-18a8-430a-9d02-0f53486e0984', 'a6e542eb-41bc-45b3-aab7-7f45004ad8d3', 'a26d1ef8-acaf-411d-90c1-695bf4c21bf7', null),
('a3986bff-1794-4f20-9580-e26f63bf03d1', False, 'sckg1-southchickamaugacr-ringoldga', 'SCKG1-SouthChickamaugaCr-RingoldGA', null, ST_GeomFromText('POINT(-85.1256 34.9189)',4326), null, null, '2021-02-04T19:02:39.327007Z', null, '98a61f29-18a8-430a-9d02-0f53486e0984', 'a6e542eb-41bc-45b3-aab7-7f45004ad8d3', 'a26d1ef8-acaf-411d-90c1-695bf4c21bf7', null),
('d849e0c6-0014-4125-8d57-dab8653314cc', False, 'kydk2-kentucky', 'KYDK2-KENTUCKY', null, ST_GeomFromText('POINT(-88.2678 37.0144)',4326), null, null, '2021-02-04T19:02:39.327026Z', null, '98a61f29-18a8-430a-9d02-0f53486e0984', 'a6e542eb-41bc-45b3-aab7-7f45004ad8d3', 'a26d1ef8-acaf-411d-90c1-695bf4c21bf7', null),
('8d001b01-30b4-4be2-a059-6cf919847121', False, 'ctht1-cumberlandr-carthagetn', 'CTHT1-CumberlandR-CarthageTN', null, ST_GeomFromText('POINT(-85.9564 36.2475)',4326), null, null, '2021-02-04T19:02:39.327043Z', null, '98a61f29-18a8-430a-9d02-0f53486e0984', 'a6e542eb-41bc-45b3-aab7-7f45004ad8d3', 'a26d1ef8-acaf-411d-90c1-695bf4c21bf7', null),
('a772ddf2-c2f5-483c-b52b-7130a2e23a7c', False, 'antt1-millcr-antiochtn', 'ANTT1-MillCr-AntiochTN', null, ST_GeomFromText('POINT(-86.6808 36.0817)',4326), null, null, '2021-02-04T19:02:39.327059Z', null, '98a61f29-18a8-430a-9d02-0f53486e0984', 'a6e542eb-41bc-45b3-aab7-7f45004ad8d3', 'a26d1ef8-acaf-411d-90c1-695bf4c21bf7', null),
('290a6af1-222f-4154-907f-f8e7ed6b6712', False, 'yamacraw', 'Yamacraw', null, ST_GeomFromText('POINT(-84.5631 36.7028)',4326), null, null, '2021-02-04T19:02:39.327075Z', null, '98a61f29-18a8-430a-9d02-0f53486e0984', 'a6e542eb-41bc-45b3-aab7-7f45004ad8d3', 'a26d1ef8-acaf-411d-90c1-695bf4c21bf7', null),
('0dac7069-29da-4491-ba6c-dfb5ecddc54e', False, 'cumbr-ashlandcity', 'CumbR_AshlandCity', null, ST_GeomFromText('POINT(-87.0761 36.2706)',4326), null, null, '2021-02-04T19:02:39.327101Z', null, '98a61f29-18a8-430a-9d02-0f53486e0984', 'a6e542eb-41bc-45b3-aab7-7f45004ad8d3', 'a26d1ef8-acaf-411d-90c1-695bf4c21bf7', null),
('3cef1bec-9713-4f13-89eb-012d84aee9f6', False, 'bledsoe-cr-nr-bethpage', 'Bledsoe_Cr_nr_Bethpage', null, ST_GeomFromText('POINT(0 0)',4326), null, null, '2021-02-04T19:02:39.327116Z', null, '98a61f29-18a8-430a-9d02-0f53486e0984', 'a6e542eb-41bc-45b3-aab7-7f45004ad8d3', 'a26d1ef8-acaf-411d-90c1-695bf4c21bf7', null),
('ba98f546-0e3f-4a99-acc6-84bf5e1feb63', False, 'duckr-blw-manchester', 'DuckR_blw_Manchester', null, ST_GeomFromText('POINT(0 0)',4326), null, null, '2021-02-04T19:02:39.327131Z', null, '98a61f29-18a8-430a-9d02-0f53486e0984', 'a6e542eb-41bc-45b3-aab7-7f45004ad8d3', 'a26d1ef8-acaf-411d-90c1-695bf4c21bf7', null),
('a1ecda79-af10-4bea-8962-746541f085c6', False, 'duckr-nr-pottsville', 'DuckR_nr_Pottsville', null, ST_GeomFromText('POINT(0 0)',4326), null, null, '2021-02-04T19:02:39.327159Z', null, '98a61f29-18a8-430a-9d02-0f53486e0984', 'a6e542eb-41bc-45b3-aab7-7f45004ad8d3', 'a26d1ef8-acaf-411d-90c1-695bf4c21bf7', null),
('2cf143e6-cb7c-4219-8624-f0d3e6e4b122', False, 'duckr-nr-shadygrove', 'DuckR_nr_ShadyGrove', null, ST_GeomFromText('POINT(0 0)',4326), null, null, '2021-02-04T19:02:39.327176Z', null, '98a61f29-18a8-430a-9d02-0f53486e0984', 'a6e542eb-41bc-45b3-aab7-7f45004ad8d3', 'a26d1ef8-acaf-411d-90c1-695bf4c21bf7', null),
('5772cf35-3df6-4043-b1eb-ff6d889b6627', False, 'redr-at-dot', 'RedR_at_Dot', null, ST_GeomFromText('POINT(0 0)',4326), null, null, '2021-02-04T19:02:39.327189Z', null, '98a61f29-18a8-430a-9d02-0f53486e0984', 'a6e542eb-41bc-45b3-aab7-7f45004ad8d3', 'a26d1ef8-acaf-411d-90c1-695bf4c21bf7', null),
('cc88e930-24e5-43af-ae09-2824580b3667', False, 'roaringr-nr-hilham', 'RoaringR_nr_Hilham', null, ST_GeomFromText('POINT(0 0)',4326), null, null, '2021-02-04T19:02:39.327203Z', null, '98a61f29-18a8-430a-9d02-0f53486e0984', 'a6e542eb-41bc-45b3-aab7-7f45004ad8d3', 'a26d1ef8-acaf-411d-90c1-695bf4c21bf7', null),
('dd0af1cc-ad57-4d24-9cd7-f64fff40531e', False, 'wartracecr-at-wartrace', 'WartraceCr_at_Wartrace', null, ST_GeomFromText('POINT(0 0)',4326), null, null, '2021-02-04T19:02:39.327216Z', null, '98a61f29-18a8-430a-9d02-0f53486e0984', 'a6e542eb-41bc-45b3-aab7-7f45004ad8d3', 'a26d1ef8-acaf-411d-90c1-695bf4c21bf7', null),
('98ffc2ca-a196-43cf-bf3c-433553ac5082', False, 'buckcr-shopville', 'BuckCr_Shopville', null, ST_GeomFromText('POINT(-84.4644 37.2106)',4326), null, null, '2021-02-04T19:02:39.327232Z', null, '98a61f29-18a8-430a-9d02-0f53486e0984', 'a6e542eb-41bc-45b3-aab7-7f45004ad8d3', 'a26d1ef8-acaf-411d-90c1-695bf4c21bf7', null),
('d8367707-78d8-4e98-a82b-762ebfe33761', False, 'millcr-nolensvll', 'MillCr_Nolensvll', null, ST_GeomFromText('POINT(0 0)',4326), null, null, '2021-02-04T19:02:39.327248Z', null, '98a61f29-18a8-430a-9d02-0f53486e0984', 'a6e542eb-41bc-45b3-aab7-7f45004ad8d3', 'a26d1ef8-acaf-411d-90c1-695bf4c21bf7', null),
('25328875-4206-4766-a0c1-bdec8e7d039e', False, 'drycr-edenwold', 'DryCr_Edenwold', null, ST_GeomFromText('POINT(-86.7063 36.2845)',4326), null, null, '2021-02-04T19:02:39.327265Z', null, '98a61f29-18a8-430a-9d02-0f53486e0984', 'a6e542eb-41bc-45b3-aab7-7f45004ad8d3', 'a26d1ef8-acaf-411d-90c1-695bf4c21bf7', null),
('08a16d78-a9be-4f14-8e7a-7dde8e03d625', False, 'sflittler-hopkin', 'SFLittleR Hopkin', null, ST_GeomFromText('POINT(-87.4289 36.8494)',4326), null, null, '2021-02-04T19:02:39.327281Z', null, '98a61f29-18a8-430a-9d02-0f53486e0984', 'a6e542eb-41bc-45b3-aab7-7f45004ad8d3', 'a26d1ef8-acaf-411d-90c1-695bf4c21bf7', null),
('1dfa54b9-baff-4767-9ed2-d685e6b2ade8', False, 'acst1-sycamorecr-ashlandcitytn', 'ACST1-SycamoreCr-AshlandCityTN', null, ST_GeomFromText('POINT(-87.0539 36.3231)',4326), null, null, '2021-02-04T19:02:39.327297Z', null, '98a61f29-18a8-430a-9d02-0f53486e0984', 'a6e542eb-41bc-45b3-aab7-7f45004ad8d3', 'a26d1ef8-acaf-411d-90c1-695bf4c21bf7', null),
('19f3ac23-24f3-4e7a-adea-81ccc78bc2a7', False, 'cork2-lynncampcr-corbinky', 'CORK2-LynnCampCr-CorbinKY', null, ST_GeomFromText('POINT(-84.0875 36.945)',4326), null, null, '2021-02-04T19:02:39.327314Z', null, '98a61f29-18a8-430a-9d02-0f53486e0984', 'a6e542eb-41bc-45b3-aab7-7f45004ad8d3', 'a26d1ef8-acaf-411d-90c1-695bf4c21bf7', null),
('8deed16a-4f78-4b4e-9a84-8ea7c0813bc3', False, 'cbnk2-laurelr-corbinky', 'CBNK2-LaurelR-CorbinKY', null, ST_GeomFromText('POINT(-84.1194 36.9706)',4326), null, null, '2021-02-04T19:02:39.327332Z', null, '98a61f29-18a8-430a-9d02-0f53486e0984', 'a6e542eb-41bc-45b3-aab7-7f45004ad8d3', 'a26d1ef8-acaf-411d-90c1-695bf4c21bf7', null),
('806e0339-a84e-4e45-98ed-690abcde19d3', False, 'duckr-abv-williamsport', 'DuckR_abv_Williamsport', null, ST_GeomFromText('POINT(0 0)',4326), null, null, '2021-02-04T19:02:39.327347Z', null, '98a61f29-18a8-430a-9d02-0f53486e0984', 'a6e542eb-41bc-45b3-aab7-7f45004ad8d3', 'a26d1ef8-acaf-411d-90c1-695bf4c21bf7', null),
('6673114a-d1bf-4b3c-b085-51bac92fccaf', False, 'belt1-harpethr-bellevuetn', 'BELT1-HarpethR-BellevueTN', null, ST_GeomFromText('POINT(-86.9286 35.0547)',4326), null, null, '2021-02-04T19:02:39.327363Z', null, '98a61f29-18a8-430a-9d02-0f53486e0984', 'a6e542eb-41bc-45b3-aab7-7f45004ad8d3', 'a26d1ef8-acaf-411d-90c1-695bf4c21bf7', null),
('d1d68ab1-98ac-472f-96a8-680220aaa7bd', False, 'cmtt1-cypresscr-camdentn', 'CMTT1-CypressCr-CamdenTN', null, ST_GeomFromText('POINT(-88.0758 36.0469)',4326), null, null, '2021-02-04T19:02:39.327378Z', null, '98a61f29-18a8-430a-9d02-0f53486e0984', 'a6e542eb-41bc-45b3-aab7-7f45004ad8d3', 'a26d1ef8-acaf-411d-90c1-695bf4c21bf7', null),
('4ef4247f-6829-43c2-9bc4-cb0f3996cbb6', False, 'crocus-cr', 'Crocus Cr', null, ST_GeomFromText('POINT(-85.3107 36.8967)',4326), null, null, '2021-02-04T19:02:39.327394Z', null, '98a61f29-18a8-430a-9d02-0f53486e0984', 'a6e542eb-41bc-45b3-aab7-7f45004ad8d3', 'a26d1ef8-acaf-411d-90c1-695bf4c21bf7', null),
('46749244-f2df-43c1-8f71-74438c87e47c', False, 'stonesr-donelson', 'StonesR_Donelson', null, ST_GeomFromText('POINT(-86.6334 36.1862)',4326), null, null, '2021-02-04T19:02:39.327410Z', null, '98a61f29-18a8-430a-9d02-0f53486e0984', 'a6e542eb-41bc-45b3-aab7-7f45004ad8d3', 'a26d1ef8-acaf-411d-90c1-695bf4c21bf7', null);

--INSERT INSTRUMENT STATUS--
INSERT INTO public.instrument_status(id, instrument_id, status_id, "time")
VALUES 
('38005911-9d67-43f2-aab2-4a75ca7434c7', '2831ab23-c91a-4338-9cdf-fc96fb844aca', 'e26ba2ef-9b52-4c71-97df-9e4b6cf4174d', '2021-02-04T19:02:39.323464Z'),
('46d33e00-d803-4fa0-8fef-1ddf46f3c7b7', 'fbaae120-0c45-4dd0-8226-8476bfa8ce81', 'e26ba2ef-9b52-4c71-97df-9e4b6cf4174d', '2021-02-04T19:02:39.323548Z'),
('6dc9468f-7b66-4b7b-a279-ed8a7fa2ad49', '2c735458-03ba-4832-9a0e-6afaf399266a', 'e26ba2ef-9b52-4c71-97df-9e4b6cf4174d', '2021-02-04T19:02:39.323576Z'),
('646c7813-e6c5-4734-819c-38bbd484a9ab', 'ce4097da-d1e0-432b-a8e7-76f7e9bff1b1', 'e26ba2ef-9b52-4c71-97df-9e4b6cf4174d', '2021-02-04T19:02:39.323595Z'),
('bcc421f5-c6d8-42a1-a44e-fefa3f48a1f0', 'abe95109-b6b7-4191-a399-d15493e720f1', 'e26ba2ef-9b52-4c71-97df-9e4b6cf4174d', '2021-02-04T19:02:39.323612Z'),
('ccf8eec5-2229-4f22-94dd-60777f0c9f05', '40705bc0-7a0b-4605-8330-d62a79ca7531', 'e26ba2ef-9b52-4c71-97df-9e4b6cf4174d', '2021-02-04T19:02:39.323630Z'),
('32a5d448-22dc-4072-acfc-08730d6db0d6', '695834c0-de82-47a4-bc32-b764f9cd0538', 'e26ba2ef-9b52-4c71-97df-9e4b6cf4174d', '2021-02-04T19:02:39.323645Z'),
('a780b5b9-b910-40d2-8a85-2e49c2e8ffb8', 'e1f07a5f-8d6d-48b9-b953-4c57ec7511e9', 'e26ba2ef-9b52-4c71-97df-9e4b6cf4174d', '2021-02-04T19:02:39.323660Z'),
('c86e6f3a-b898-42b1-8ff7-6453cd430292', '3d60ea91-0b79-49a7-8045-a2e00c496386', 'e26ba2ef-9b52-4c71-97df-9e4b6cf4174d', '2021-02-04T19:02:39.323676Z'),
('9cf3ef67-1c28-48ea-b903-1fa2600a5fdc', 'a82e204d-b775-4e37-ad5b-57d10461e1b2', 'e26ba2ef-9b52-4c71-97df-9e4b6cf4174d', '2021-02-04T19:02:39.323693Z'),
('e1249909-5a39-4f08-bca2-da0ebe27c920', '8bbd020d-c496-46c4-85de-ed8dc919a8ca', 'e26ba2ef-9b52-4c71-97df-9e4b6cf4174d', '2021-02-04T19:02:39.323707Z'),
('95a3f73e-e09f-453e-b46c-5e97a3ffe18c', 'e7035c37-bab9-40a2-b0ad-b43b8dd0ddb1', 'e26ba2ef-9b52-4c71-97df-9e4b6cf4174d', '2021-02-04T19:02:39.323721Z'),
('6a0c45f2-8119-4dd6-8769-caea1ee38770', '4412c873-a8a5-417d-9b94-10c42895fa6c', 'e26ba2ef-9b52-4c71-97df-9e4b6cf4174d', '2021-02-04T19:02:39.323736Z'),
('8bcaf6df-ac06-460a-9f42-7b71e98ff347', '08fdc172-6dfa-4b8a-8a28-ac996c5378cc', 'e26ba2ef-9b52-4c71-97df-9e4b6cf4174d', '2021-02-04T19:02:39.323755Z'),
('660c21b0-5248-4cf2-ad57-c4d4c0f951b7', '88fdb36d-00fb-4f79-88f9-832f78e3d2b2', 'e26ba2ef-9b52-4c71-97df-9e4b6cf4174d', '2021-02-04T19:02:39.323774Z'),
('208d07b4-32d2-48cf-8d57-9badfc0252e6', '4a3cf67d-aa92-4b25-88b9-c3c376631eb0', 'e26ba2ef-9b52-4c71-97df-9e4b6cf4174d', '2021-02-04T19:02:39.323790Z'),
('4ecda136-1477-44f0-8807-c8f54116b42c', 'a9296751-9f0d-4a4b-bd1e-b845e470af26', 'e26ba2ef-9b52-4c71-97df-9e4b6cf4174d', '2021-02-04T19:02:39.323805Z'),
('c719567c-0d69-4c57-b4bf-334b2aba3763', 'd9af8917-e1da-45c3-9447-32f8fdb85214', 'e26ba2ef-9b52-4c71-97df-9e4b6cf4174d', '2021-02-04T19:02:39.323820Z'),
('04acfafd-90bc-43b4-809b-12f5083a7308', 'b0a86a03-84f5-457c-b988-c4d7fcc730c0', 'e26ba2ef-9b52-4c71-97df-9e4b6cf4174d', '2021-02-04T19:02:39.323835Z'),
('d1773c18-cc8d-41cb-ac78-a5c391891efd', '904e0751-3f35-4a1b-a40b-0bee65f7afe4', 'e26ba2ef-9b52-4c71-97df-9e4b6cf4174d', '2021-02-04T19:02:39.323851Z'),
('acdff93c-cbbc-4f5e-bba7-4e6a73aec553', '24824e81-2aab-4c6f-9640-652a82424db2', 'e26ba2ef-9b52-4c71-97df-9e4b6cf4174d', '2021-02-04T19:02:39.323865Z'),
('42751d50-5d3d-4825-9bc0-cbf9efbfe6ab', '2d7aac87-07e8-4105-8d09-61217ec4acfe', 'e26ba2ef-9b52-4c71-97df-9e4b6cf4174d', '2021-02-04T19:02:39.323879Z'),
('0956fdff-da51-4255-9f91-e7f4a79880cc', '65db2945-fe9b-4f9b-96e6-c6aabe4c91b6', 'e26ba2ef-9b52-4c71-97df-9e4b6cf4174d', '2021-02-04T19:02:39.323893Z'),
('c1cab6c2-566f-4488-99f8-fcd5e3e61400', 'ac4186ae-b6c7-41aa-ab29-db143e74f00f', 'e26ba2ef-9b52-4c71-97df-9e4b6cf4174d', '2021-02-04T19:02:39.323909Z'),
('e9d673fd-e4b2-4b03-8087-99f2b71da8b5', 'cf12ba0a-8aaa-499a-bbc1-db3f96d66ee4', 'e26ba2ef-9b52-4c71-97df-9e4b6cf4174d', '2021-02-04T19:02:39.323926Z'),
('7af09dff-2666-4e37-87b2-e8636d58b027', 'c339ff35-740a-482e-83e8-69dff2a1e50e', 'e26ba2ef-9b52-4c71-97df-9e4b6cf4174d', '2021-02-04T19:02:39.323941Z'),
('dcb694f9-4c07-42af-a764-7a7d213e5cea', '9d8a6654-a994-4d96-9d12-752e4b980ecb', 'e26ba2ef-9b52-4c71-97df-9e4b6cf4174d', '2021-02-04T19:02:39.324157Z'),
('203a0e5d-3394-4949-8804-12e352958d2a', 'c20e2c35-6a22-41ba-82eb-8963059d5d6b', 'e26ba2ef-9b52-4c71-97df-9e4b6cf4174d', '2021-02-04T19:02:39.324184Z'),
('39677d33-41a4-4fb2-bb0a-1dd19d377df4', 'a18f0416-573c-450f-ad35-bd9f174fd1ca', 'e26ba2ef-9b52-4c71-97df-9e4b6cf4174d', '2021-02-04T19:02:39.324199Z'),
('0f0b0d07-cff5-4621-af4d-698db31c11ef', '7e798c02-a4bf-4ce4-a9a8-4057da756baa', 'e26ba2ef-9b52-4c71-97df-9e4b6cf4174d', '2021-02-04T19:02:39.324214Z'),
('561eb5a1-ea53-400a-9a4f-8e543dadbc28', 'ecd58ae6-1048-4bd0-8fb1-6bd2ea74767d', 'e26ba2ef-9b52-4c71-97df-9e4b6cf4174d', '2021-02-04T19:02:39.324229Z'),
('1b1a1413-7f51-4c71-b6e7-9b1444dbab3e', 'b9f183b8-3662-4ce3-a09d-3ee22b209c6a', 'e26ba2ef-9b52-4c71-97df-9e4b6cf4174d', '2021-02-04T19:02:39.324244Z'),
('bd521dc6-3dab-4abe-b9d2-7b07d7583b15', 'acb719c9-c519-43b4-9280-2a0b12ef41b9', 'e26ba2ef-9b52-4c71-97df-9e4b6cf4174d', '2021-02-04T19:02:39.324258Z'),
('57d56311-b8cc-44b8-8192-dbe17fc724a1', 'a558eba4-3279-45f8-a5d8-17a0db5168df', 'e26ba2ef-9b52-4c71-97df-9e4b6cf4174d', '2021-02-04T19:02:39.324276Z'),
('f1535fed-d827-4ee5-95fe-02b64a4ef4e6', '0971c9b6-3ad3-4702-b2df-b2eb0b862be6', 'e26ba2ef-9b52-4c71-97df-9e4b6cf4174d', '2021-02-04T19:02:39.324291Z'),
('de57166f-bd45-4194-9205-70839e93efec', '144191ac-e042-416b-910c-240d3b27bdaf', 'e26ba2ef-9b52-4c71-97df-9e4b6cf4174d', '2021-02-04T19:02:39.324305Z'),
('2ac862fb-ff8c-40c1-b7b7-9db1e54e9df5', '4e790775-62f8-4d6a-ae78-a22df7b66e17', 'e26ba2ef-9b52-4c71-97df-9e4b6cf4174d', '2021-02-04T19:02:39.324320Z'),
('7bd9353c-49bf-4374-aa4b-68875597d29f', '9e05097b-9654-46b1-ba43-68405553d9c8', 'e26ba2ef-9b52-4c71-97df-9e4b6cf4174d', '2021-02-04T19:02:39.324338Z'),
('7a0d59cb-4c5c-4d4f-b97a-e10fc65d4f73', '77220894-f4e4-4629-9eb6-2b9a0d529d59', 'e26ba2ef-9b52-4c71-97df-9e4b6cf4174d', '2021-02-04T19:02:39.324353Z'),
('4b9d156d-a696-4880-aa65-19497a9c7321', 'a13df2e5-f4d0-4925-a4b7-45b0a51344be', 'e26ba2ef-9b52-4c71-97df-9e4b6cf4174d', '2021-02-04T19:02:39.324368Z'),
('c547f783-c7ec-4059-a079-8d544a6ae841', '128d7a35-132e-43f5-8cf7-815493280417', 'e26ba2ef-9b52-4c71-97df-9e4b6cf4174d', '2021-02-04T19:02:39.324382Z'),
('41e53d5c-358e-4d1d-911f-e893a1f93ea3', '4933a02b-7365-4c76-b478-c7af8d3a6962', 'e26ba2ef-9b52-4c71-97df-9e4b6cf4174d', '2021-02-04T19:02:39.324396Z'),
('122d0253-83d8-4535-aefe-7d39ca7e0a7d', '1d099a0e-9bb9-4e3d-8c8c-840324fe3655', 'e26ba2ef-9b52-4c71-97df-9e4b6cf4174d', '2021-02-04T19:02:39.324411Z'),
('7e3eac09-0485-4aef-bdb3-4d3e9f24cf70', 'e71e8173-d65b-4e7a-a6a4-2a1dd91fdb3a', 'e26ba2ef-9b52-4c71-97df-9e4b6cf4174d', '2021-02-04T19:02:39.324425Z'),
('afc6a176-2c4f-4069-b300-9880ea903274', '924561b1-395e-4222-b4eb-85365e77f9fc', 'e26ba2ef-9b52-4c71-97df-9e4b6cf4174d', '2021-02-04T19:02:39.324441Z'),
('26bfed0c-30f8-41e0-b7a4-7bf882ed9295', 'cba2fce6-3760-47da-b3d8-7aeb3ee67ce0', 'e26ba2ef-9b52-4c71-97df-9e4b6cf4174d', '2021-02-04T19:02:39.324463Z'),
('bc48f33c-a9de-4849-8da6-c2ef71f89d38', '314ac348-1135-417b-8f5c-795cfd058857', 'e26ba2ef-9b52-4c71-97df-9e4b6cf4174d', '2021-02-04T19:02:39.324482Z'),
('a9f80490-f1bd-44f4-8ba5-f983380de537', 'f39b5c2f-6ef2-421c-bedf-3c071d490de8', 'e26ba2ef-9b52-4c71-97df-9e4b6cf4174d', '2021-02-04T19:02:39.324509Z'),
('8b97ec97-e562-4944-8861-c97db83c1f99', '2d1a4206-ca7b-4640-9777-d51caf194171', 'e26ba2ef-9b52-4c71-97df-9e4b6cf4174d', '2021-02-04T19:02:39.324529Z'),
('a9a3af35-512a-4101-9510-d963c4002a92', '70b84da4-61b4-45f3-8e55-cdd370fe3c19', 'e26ba2ef-9b52-4c71-97df-9e4b6cf4174d', '2021-02-04T19:02:39.324544Z'),
('efc9bfd6-82a3-4d28-8889-4571b1f2637b', '6dc5dbb1-3ee1-47b3-a039-ec8d1d8ecd03', 'e26ba2ef-9b52-4c71-97df-9e4b6cf4174d', '2021-02-04T19:02:39.324559Z'),
('7cfe8ecc-4b84-4ac3-bfac-6b0a330b7331', '0a6f8403-dba0-4d65-a694-4c984581f6d0', 'e26ba2ef-9b52-4c71-97df-9e4b6cf4174d', '2021-02-04T19:02:39.324573Z'),
('b5f09f38-438c-4a90-be03-1140fb0ea63c', '130c3437-3c43-4425-91c5-6b24a859edcd', 'e26ba2ef-9b52-4c71-97df-9e4b6cf4174d', '2021-02-04T19:02:39.324588Z'),
('7926e35e-be2c-4f23-b448-ab2657d133ef', 'efd9a905-6a03-4c97-9a48-654c3a259bb6', 'e26ba2ef-9b52-4c71-97df-9e4b6cf4174d', '2021-02-04T19:02:39.324603Z'),
('e885f70e-3694-4d69-b0f4-dabf513c09cf', '0068a62b-04a1-4683-8aa6-0b455a78e889', 'e26ba2ef-9b52-4c71-97df-9e4b6cf4174d', '2021-02-04T19:02:39.324623Z'),
('c3e75ef7-535f-40db-bb10-7d8e1ab5be34', 'e5f3df28-c253-45f2-8bdf-e80912d7db51', 'e26ba2ef-9b52-4c71-97df-9e4b6cf4174d', '2021-02-04T19:02:39.324647Z'),
('01c6461b-2cff-465a-8ee2-92e755c50c96', 'c98d9f72-5c6f-4ccc-a51b-e6f28ad71f52', 'e26ba2ef-9b52-4c71-97df-9e4b6cf4174d', '2021-02-04T19:02:39.324665Z'),
('2d0c957e-e9de-41a0-9610-da02c32f95f9', 'f1f7259e-aa28-458d-a722-a5116e6bcf97', 'e26ba2ef-9b52-4c71-97df-9e4b6cf4174d', '2021-02-04T19:02:39.324681Z'),
('8af039e5-6fdd-401a-8fac-92351e0ecaba', '2bc54c6c-b626-4d77-9e1d-c4afd2688529', 'e26ba2ef-9b52-4c71-97df-9e4b6cf4174d', '2021-02-04T19:02:39.324699Z'),
('0a348d64-cd92-4db7-ad01-a07cf39188b1', '8fb7c9bf-f49e-4f06-8207-b37d25516eff', 'e26ba2ef-9b52-4c71-97df-9e4b6cf4174d', '2021-02-04T19:02:39.324714Z'),
('aa951ecd-fff9-42f0-bb91-8997085f0487', 'dc2d5dbe-0eec-4f26-be9a-1bcb4d941306', 'e26ba2ef-9b52-4c71-97df-9e4b6cf4174d', '2021-02-04T19:02:39.324729Z'),
('ae1998cf-ceb4-4e39-aee0-02be744b240c', 'd35922a1-b79d-4e33-a9ad-529d718e0070', 'e26ba2ef-9b52-4c71-97df-9e4b6cf4174d', '2021-02-04T19:02:39.324744Z'),
('2c79c8bd-b6a8-4e6a-8fea-89345b16e6b5', '5d469117-c7ab-4d53-a37f-2804e52524c5', 'e26ba2ef-9b52-4c71-97df-9e4b6cf4174d', '2021-02-04T19:02:39.324759Z'),
('6d2b2973-a9df-462b-9a10-13139257c23c', 'd6b71b90-1259-471e-b3e9-d6c8c997113e', 'e26ba2ef-9b52-4c71-97df-9e4b6cf4174d', '2021-02-04T19:02:39.324773Z'),
('6b676868-d687-411a-b71e-5c73fb710077', 'b674d698-0f0c-4019-a31d-8986c7359af7', 'e26ba2ef-9b52-4c71-97df-9e4b6cf4174d', '2021-02-04T19:02:39.324788Z'),
('285d383d-53c7-4fbc-88ed-fbe8fc77ab99', '99a4ff62-6354-4b59-ba20-e3e6f020be03', 'e26ba2ef-9b52-4c71-97df-9e4b6cf4174d', '2021-02-04T19:02:39.324803Z'),
('0d3b0dd7-0ba9-4116-82bd-02d311386be2', 'e792d532-6695-4987-953f-70210cdbe785', 'e26ba2ef-9b52-4c71-97df-9e4b6cf4174d', '2021-02-04T19:02:39.324818Z'),
('4ec633ba-0897-45e5-a116-b82d81c1dc57', 'c35515ca-d720-432e-b95c-53b52600cccb', 'e26ba2ef-9b52-4c71-97df-9e4b6cf4174d', '2021-02-04T19:02:39.324832Z'),
('a65e58d4-bcb0-403d-a4a5-fdaa3774cb5f', 'e12668c2-168d-4d5a-a830-f2adbeae6740', 'e26ba2ef-9b52-4c71-97df-9e4b6cf4174d', '2021-02-04T19:02:39.324849Z'),
('c326507c-7737-4d27-a500-fc13e6a6769e', 'd317e9c1-df30-4c47-89e4-c6cfbfba81a9', 'e26ba2ef-9b52-4c71-97df-9e4b6cf4174d', '2021-02-04T19:02:39.324864Z'),
('537cf155-f33b-46e2-9bb4-4cf4e1f79783', '537cb139-e03c-4196-9996-6b03e623ce43', 'e26ba2ef-9b52-4c71-97df-9e4b6cf4174d', '2021-02-04T19:02:39.324878Z'),
('55593983-bd70-4378-8d39-7d993193ebbc', 'd44e3814-6472-49d4-ab89-a14d62b4eb31', 'e26ba2ef-9b52-4c71-97df-9e4b6cf4174d', '2021-02-04T19:02:39.324893Z'),
('d2cf5dde-eec1-479c-a70d-7d731c3bd2c1', 'f7a5d66b-6f2a-4b04-90ac-2c46ec3f9813', 'e26ba2ef-9b52-4c71-97df-9e4b6cf4174d', '2021-02-04T19:02:39.324908Z'),
('72ad8cd9-ac01-4866-8719-081ecc0347ec', '0713fbcf-426c-4a6a-9661-3af7990b2ba7', 'e26ba2ef-9b52-4c71-97df-9e4b6cf4174d', '2021-02-04T19:02:39.324922Z'),
('9f307ae3-1e0b-4d97-a8b5-ecf2a6fe04a7', 'b067fb49-80ea-46e7-b7e8-8421ad267d26', 'e26ba2ef-9b52-4c71-97df-9e4b6cf4174d', '2021-02-04T19:02:39.324937Z'),
('b4e0511b-03b2-4dc7-8bfb-2f9329d81953', 'c9560d3c-8774-4914-ad03-b445a0b7da9d', 'e26ba2ef-9b52-4c71-97df-9e4b6cf4174d', '2021-02-04T19:02:39.324952Z'),
('1b6f8696-b217-47f5-9236-ed8be559e78c', 'f76b38fb-4ebd-4342-811f-d6d240f72b63', 'e26ba2ef-9b52-4c71-97df-9e4b6cf4174d', '2021-02-04T19:02:39.324967Z'),
('d7768799-ed1f-4d93-89a4-c39dc8175783', '1df8f4a4-4fd7-4854-bd6a-9d8223674257', 'e26ba2ef-9b52-4c71-97df-9e4b6cf4174d', '2021-02-04T19:02:39.324982Z'),
('a2661961-2306-405d-a4dc-030ad6304708', '4a909b0e-babf-45a8-86b3-7380de576c8e', 'e26ba2ef-9b52-4c71-97df-9e4b6cf4174d', '2021-02-04T19:02:39.324998Z'),
('c0fab744-4417-48d7-b98d-9e73eed89519', '52a2ea78-537d-4bac-84c2-b68c3e369fb8', 'e26ba2ef-9b52-4c71-97df-9e4b6cf4174d', '2021-02-04T19:02:39.325013Z'),
('768fb250-1e29-4420-9e79-917f673ff476', '8d62c70e-0c4f-4764-a89d-7460a489b264', 'e26ba2ef-9b52-4c71-97df-9e4b6cf4174d', '2021-02-04T19:02:39.325030Z'),
('b55c0ebb-ee98-4536-b07b-cb114a622805', 'bdf8606a-cd54-47f5-b300-3dd5f45b6e99', 'e26ba2ef-9b52-4c71-97df-9e4b6cf4174d', '2021-02-04T19:02:39.325045Z'),
('bbc1dd9e-6af9-4d06-a5f2-f1af98a6b538', '62952458-39ee-4f4a-ada1-8911868d6d68', 'e26ba2ef-9b52-4c71-97df-9e4b6cf4174d', '2021-02-04T19:02:39.325060Z'),
('c6b1ac88-ad7e-4196-b9e9-1a15d4ad8121', 'a21f8d4c-41fb-47f7-9a40-7c5f93f85343', 'e26ba2ef-9b52-4c71-97df-9e4b6cf4174d', '2021-02-04T19:02:39.325075Z'),
('66ab66cf-d580-48dc-b2cd-2c6a5e8ec3de', 'bd1adf73-944d-4bb1-acf2-ec533f796039', 'e26ba2ef-9b52-4c71-97df-9e4b6cf4174d', '2021-02-04T19:02:39.325090Z'),
('c51bca68-adeb-43ee-9761-2d874189230e', '661e34eb-2ace-4d33-9d28-bc62b9fe0f76', 'e26ba2ef-9b52-4c71-97df-9e4b6cf4174d', '2021-02-04T19:02:39.325105Z'),
('4e77e9b5-4c8b-4b8c-bd94-cbf34d0e2a91', '6203ad8e-1f17-4320-ba99-5dff4792748a', 'e26ba2ef-9b52-4c71-97df-9e4b6cf4174d', '2021-02-04T19:02:39.325120Z'),
('621539e8-7665-42e3-80fc-1fe3b9960f73', '98b2a65e-22e2-4f55-97b6-477e9f518d96', 'e26ba2ef-9b52-4c71-97df-9e4b6cf4174d', '2021-02-04T19:02:39.325137Z'),
('6df6e0f8-41ef-4da2-b601-a664e23effad', '0b973d32-1f93-4aa2-a2c8-821552ab2ddd', 'e26ba2ef-9b52-4c71-97df-9e4b6cf4174d', '2021-02-04T19:02:39.325152Z'),
('d3d9a55c-e92c-4ff7-ac15-125c42ce21cf', '84f90597-a764-4be8-99e2-0ef09212672d', 'e26ba2ef-9b52-4c71-97df-9e4b6cf4174d', '2021-02-04T19:02:39.325201Z'),
('c17e651b-2d53-4a03-9a93-751ba7817667', 'fb44ae76-02c0-4b91-8756-edac44a51925', 'e26ba2ef-9b52-4c71-97df-9e4b6cf4174d', '2021-02-04T19:02:39.325218Z'),
('c4d8a7c2-7441-43ab-9c59-b3e9e6369091', '12989fd5-fa1f-46a6-a784-2e784dc18a44', 'e26ba2ef-9b52-4c71-97df-9e4b6cf4174d', '2021-02-04T19:02:39.325233Z'),
('901f653c-2a4f-43a4-a95e-7c739f3a003d', '328969f6-67b3-4126-92ed-768edc93cefd', 'e26ba2ef-9b52-4c71-97df-9e4b6cf4174d', '2021-02-04T19:02:39.325253Z'),
('3f6d2d65-bd60-457b-be44-3544e09b0b51', '8dcf5fed-620d-4dc4-be34-1dcf5c95eb0c', 'e26ba2ef-9b52-4c71-97df-9e4b6cf4174d', '2021-02-04T19:02:39.325269Z'),
('631e9563-49e3-41a7-b6c5-293f01b5644f', 'd1ff93f8-43b0-42ce-a160-eff33a428d47', 'e26ba2ef-9b52-4c71-97df-9e4b6cf4174d', '2021-02-04T19:02:39.325284Z'),
('5aca88ec-c721-4e8b-af16-bdb101c165f4', '81998deb-96b1-404f-9aa0-311f5a383938', 'e26ba2ef-9b52-4c71-97df-9e4b6cf4174d', '2021-02-04T19:02:39.325306Z'),
('9fc1f720-6a13-45d0-9f28-e1d8730ac162', 'bed0b812-d4c1-4b54-aab2-b3c58dab76b9', 'e26ba2ef-9b52-4c71-97df-9e4b6cf4174d', '2021-02-04T19:02:39.325338Z'),
('79486248-492e-47ae-a275-bf0a8ec60d96', '579ed4e7-4306-4f5b-99e9-4e469d59fab0', 'e26ba2ef-9b52-4c71-97df-9e4b6cf4174d', '2021-02-04T19:02:39.325354Z'),
('4ac6f192-06a8-4a1a-a0df-aed202cae032', '3778cd69-73cd-4df3-992b-a7fe204e4f3a', 'e26ba2ef-9b52-4c71-97df-9e4b6cf4174d', '2021-02-04T19:02:39.325369Z'),
('b9ba7e0b-8b9e-47fb-9392-543cb6db9045', '9e468f66-23aa-4397-9268-6d4632d9ee53', 'e26ba2ef-9b52-4c71-97df-9e4b6cf4174d', '2021-02-04T19:02:39.325385Z'),
('e3a675d2-cf76-4aaa-ba46-b44c00a0ae45', 'a39196f0-fa1e-4312-840b-41d246d92860', 'e26ba2ef-9b52-4c71-97df-9e4b6cf4174d', '2021-02-04T19:02:39.325400Z'),
('2d7e21b2-add8-4d28-acc6-1a913694977e', 'ca0c3c9f-03ae-40f6-bb41-5f9f5dff8a15', 'e26ba2ef-9b52-4c71-97df-9e4b6cf4174d', '2021-02-04T19:02:39.325417Z'),
('ccaec233-f232-451f-b3fa-5ac83d90edd4', 'bae5493c-330e-40dd-b248-efb766b0a1e4', 'e26ba2ef-9b52-4c71-97df-9e4b6cf4174d', '2021-02-04T19:02:39.325436Z'),
('5b8e8e1c-12bb-4621-9bf1-19d84732b4f1', '7a9fb19b-78bc-45c0-8026-df61c311ac0f', 'e26ba2ef-9b52-4c71-97df-9e4b6cf4174d', '2021-02-04T19:02:39.325451Z'),
('6e238522-24e5-4239-9805-3661c14a3d84', '8066a682-0c43-43bb-9095-34d8592e6adc', 'e26ba2ef-9b52-4c71-97df-9e4b6cf4174d', '2021-02-04T19:02:39.325466Z'),
('2c13c301-674f-44cd-9d35-23d3bd90b658', '10d31320-e970-4b16-b125-424e4c4c448e', 'e26ba2ef-9b52-4c71-97df-9e4b6cf4174d', '2021-02-04T19:02:39.325481Z'),
('b1f750ac-8ee0-4acd-ba81-732fa6f64564', 'af90c532-3648-4b6e-bb86-90979db67729', 'e26ba2ef-9b52-4c71-97df-9e4b6cf4174d', '2021-02-04T19:02:39.325497Z'),
('93b8261b-cdde-4171-b1a3-66bc236cd22b', '4a61fd9f-216b-4db1-ae85-83e0574d7dfb', 'e26ba2ef-9b52-4c71-97df-9e4b6cf4174d', '2021-02-04T19:02:39.325512Z'),
('2c59394f-0e3f-48c4-a2e5-0b8cb4cfbc67', '72417936-0198-480f-88b1-bc75a2cb11d1', 'e26ba2ef-9b52-4c71-97df-9e4b6cf4174d', '2021-02-04T19:02:39.325527Z'),
('80b7e626-90cc-4eef-baff-b5db39c6eb8c', 'd9980223-aefb-4dee-a9b8-1fcb6e998773', 'e26ba2ef-9b52-4c71-97df-9e4b6cf4174d', '2021-02-04T19:02:39.325544Z'),
('e48bbd56-2a24-43e5-bd52-6efbf82fd0ce', 'c3f98550-023a-490e-b7a3-847e8353a061', 'e26ba2ef-9b52-4c71-97df-9e4b6cf4174d', '2021-02-04T19:02:39.325569Z'),
('4ff9a18d-06d5-411c-abd7-9decb47de46e', 'b090f475-dd3b-449d-9e8a-81ce6bafda39', 'e26ba2ef-9b52-4c71-97df-9e4b6cf4174d', '2021-02-04T19:02:39.325589Z'),
('b26ed932-512b-4b3e-be53-6a561e8d0976', '0b94b773-4e84-4cad-80ea-492047044870', 'e26ba2ef-9b52-4c71-97df-9e4b6cf4174d', '2021-02-04T19:02:39.325604Z'),
('24df67cb-32c1-4d60-8191-b08a9f1c5d68', '3bced85a-304c-470a-9d89-3b0405bfcd63', 'e26ba2ef-9b52-4c71-97df-9e4b6cf4174d', '2021-02-04T19:02:39.325619Z'),
('76cf0caa-3937-4cda-aae9-0fb81fe4dead', '2bce3be9-1aa2-44d9-b07b-988770bd519b', 'e26ba2ef-9b52-4c71-97df-9e4b6cf4174d', '2021-02-04T19:02:39.325638Z'),
('23eb4115-535e-45c7-8348-4d35773838bd', '0ff0e1e1-7116-43b2-9e67-ec1ec5bf0824', 'e26ba2ef-9b52-4c71-97df-9e4b6cf4174d', '2021-02-04T19:02:39.325713Z'),
('c987664e-d44c-4248-86dd-821eb3e49364', 'bb1af020-f53e-4f4c-9745-138a857d9a96', 'e26ba2ef-9b52-4c71-97df-9e4b6cf4174d', '2021-02-04T19:02:39.325736Z'),
('aa8775a1-07e1-4e6a-9fb4-d2b9c2009bee', '13f844b5-f11a-4844-adc4-64cd0c33b8f4', 'e26ba2ef-9b52-4c71-97df-9e4b6cf4174d', '2021-02-04T19:02:39.325752Z'),
('626f7b6c-ba52-42dc-b2cb-876c063f0e3b', '867a2c98-0553-4491-a6de-fb052c1eb9db', 'e26ba2ef-9b52-4c71-97df-9e4b6cf4174d', '2021-02-04T19:02:39.325768Z'),
('8ca00815-709d-4f97-a4df-9d935c10d995', '8970d053-bcb5-473f-8d01-269b743378b8', 'e26ba2ef-9b52-4c71-97df-9e4b6cf4174d', '2021-02-04T19:02:39.325784Z'),
('97a5f337-9589-40be-80fd-da9a88a1093f', '683092b7-8dc9-42fa-938a-9aa2d65ebdd8', 'e26ba2ef-9b52-4c71-97df-9e4b6cf4174d', '2021-02-04T19:02:39.325801Z'),
('e3aa4fa6-fc93-4b17-9a58-cd4b78a6097a', 'ead4b9d0-09c4-45bd-af43-dd123ae95973', 'e26ba2ef-9b52-4c71-97df-9e4b6cf4174d', '2021-02-04T19:02:39.325824Z'),
('2652c4d1-cf5e-443b-b2c9-c8eb24197dc2', '29e8d3e5-1eb3-40dc-84bf-86c329ebbf57', 'e26ba2ef-9b52-4c71-97df-9e4b6cf4174d', '2021-02-04T19:02:39.325839Z'),
('52b0a5fe-b719-44db-a65d-658db5a0d7c8', '48cc73a8-16bb-4d04-8a6a-899a1980126b', 'e26ba2ef-9b52-4c71-97df-9e4b6cf4174d', '2021-02-04T19:02:39.325855Z'),
('e8d3597d-931a-4a74-b7fc-5436af7cdf6c', '50b60c57-8bb9-4886-a7af-45c931b6b59b', 'e26ba2ef-9b52-4c71-97df-9e4b6cf4174d', '2021-02-04T19:02:39.325871Z'),
('c39ca350-4a6a-4810-8e25-2aaabd4db364', '78ed1c56-2a8a-4f65-9681-7ad3a2c2b817', 'e26ba2ef-9b52-4c71-97df-9e4b6cf4174d', '2021-02-04T19:02:39.325946Z'),
('e2c2c4c9-d534-43b2-a878-5ec51d3da482', 'bc257152-d5b8-4cfa-b805-272e559a717e', 'e26ba2ef-9b52-4c71-97df-9e4b6cf4174d', '2021-02-04T19:02:39.325977Z'),
('86550480-ffd1-4590-ba2e-f0b263994392', '31de340d-4115-4adf-b43b-f3532935a1f4', 'e26ba2ef-9b52-4c71-97df-9e4b6cf4174d', '2021-02-04T19:02:39.325994Z'),
('ab0a7c29-a103-4b3a-81d0-9a32826f77cf', '93c1c2cc-c23e-4a32-b717-a2709103b6c0', 'e26ba2ef-9b52-4c71-97df-9e4b6cf4174d', '2021-02-04T19:02:39.326019Z'),
('7baeb20f-dc8b-47e1-b257-8f1b24d6bfbf', '089b25dd-813c-4209-9aa4-90317dfda7ae', 'e26ba2ef-9b52-4c71-97df-9e4b6cf4174d', '2021-02-04T19:02:39.326035Z'),
('5379c253-7d4d-44c7-8f16-e0be50cb1543', '8a456b58-67cb-4d55-8f5e-ff492ab7f27a', 'e26ba2ef-9b52-4c71-97df-9e4b6cf4174d', '2021-02-04T19:02:39.326050Z'),
('d01055fe-4659-4de2-b97a-3982dad6d086', 'dbc17081-a9af-404c-a276-064c0f49f770', 'e26ba2ef-9b52-4c71-97df-9e4b6cf4174d', '2021-02-04T19:02:39.326066Z'),
('295db326-8ad5-4562-9ac4-11220226802d', '6487b608-0117-4395-855c-00357c83bc8c', 'e26ba2ef-9b52-4c71-97df-9e4b6cf4174d', '2021-02-04T19:02:39.326081Z'),
('33ac3b31-ca09-4ea2-8e50-e059f1c355a4', 'f4419db2-b033-475c-9b7c-77f875c235d8', 'e26ba2ef-9b52-4c71-97df-9e4b6cf4174d', '2021-02-04T19:02:39.326097Z'),
('47eff49b-ad59-46eb-80c7-a2c09fe8396d', '688396ac-99b4-4633-a982-377fbdff5e02', 'e26ba2ef-9b52-4c71-97df-9e4b6cf4174d', '2021-02-04T19:02:39.326112Z'),
('2d7d13f7-0e16-40ed-b2c2-c96080caa9c6', '4e8a3037-d547-467b-870e-ee4d9232274a', 'e26ba2ef-9b52-4c71-97df-9e4b6cf4174d', '2021-02-04T19:02:39.326259Z'),
('2cc4d3a6-a3d0-42e0-bc9b-45d15a0adc1c', '1fb3a89d-aefa-4b7d-ad05-f312cc938667', 'e26ba2ef-9b52-4c71-97df-9e4b6cf4174d', '2021-02-04T19:02:39.326290Z'),
('e52f4122-b8fd-4281-aa43-c65f3847d162', '9ccc71c2-55e5-456d-bd38-ecd928413ba7', 'e26ba2ef-9b52-4c71-97df-9e4b6cf4174d', '2021-02-04T19:02:39.326308Z'),
('5244bf72-9cd2-43a7-8b92-8cc273e3b17a', '6e888269-61fc-483f-8f8d-10e42e229bfe', 'e26ba2ef-9b52-4c71-97df-9e4b6cf4174d', '2021-02-04T19:02:39.326325Z'),
('cdc23d02-571b-4d33-8b61-c4d469e0ff90', 'f8e40159-6484-494c-8407-787fccb28b47', 'e26ba2ef-9b52-4c71-97df-9e4b6cf4174d', '2021-02-04T19:02:39.326345Z'),
('f9f7fc21-2c7f-42a5-9ae5-db15324f73fa', '2df711dd-2056-4cb2-934f-f80022d410eb', 'e26ba2ef-9b52-4c71-97df-9e4b6cf4174d', '2021-02-04T19:02:39.326362Z'),
('b5bacc3d-9b9f-4535-8bbd-2b951782e6e1', '253202a2-0a8b-4e5a-bddd-a13b2f80c3ff', 'e26ba2ef-9b52-4c71-97df-9e4b6cf4174d', '2021-02-04T19:02:39.326378Z'),
('d91fac84-f290-4540-bfd2-72679057523f', 'a2d41306-ee43-4ef1-a3b2-84592b4121e7', 'e26ba2ef-9b52-4c71-97df-9e4b6cf4174d', '2021-02-04T19:02:39.326394Z'),
('87e57bae-9617-4653-bb3e-f4fa8245cba9', '72803fb7-9e3d-4366-86d0-d4e2b3528096', 'e26ba2ef-9b52-4c71-97df-9e4b6cf4174d', '2021-02-04T19:02:39.326410Z'),
('c4d923c4-4c0d-4949-9309-0267710a02b4', '904f3d4b-8e2e-4531-ac2b-de21793a9016', 'e26ba2ef-9b52-4c71-97df-9e4b6cf4174d', '2021-02-04T19:02:39.326425Z'),
('3df36a2f-8d80-4b86-95c2-5f2f7c056ffc', '40a6124c-77ca-48de-a5c0-0e9f152b052b', 'e26ba2ef-9b52-4c71-97df-9e4b6cf4174d', '2021-02-04T19:02:39.326441Z'),
('b4b224b6-66e0-4909-83b4-80bcff341733', 'fa1a6921-eefe-4c99-85c2-00fc597c38e3', 'e26ba2ef-9b52-4c71-97df-9e4b6cf4174d', '2021-02-04T19:02:39.326457Z'),
('a92cf5c8-6257-4885-ad79-50dabe3764b4', 'c1a5219e-a579-4771-92f4-1f097d3c2766', 'e26ba2ef-9b52-4c71-97df-9e4b6cf4174d', '2021-02-04T19:02:39.326473Z'),
('ae083e59-0fca-4a2a-b609-05472e69d3d4', '30542291-5420-4eb3-b5ed-eccc4641873b', 'e26ba2ef-9b52-4c71-97df-9e4b6cf4174d', '2021-02-04T19:02:39.326492Z'),
('c1797d36-102d-41b4-a591-0e3c6ab716bc', 'c418df64-1989-4b86-a8f3-ca50ef255c50', 'e26ba2ef-9b52-4c71-97df-9e4b6cf4174d', '2021-02-04T19:02:39.326508Z'),
('c3f7dc85-e812-4f75-8c22-b9c55927f5b1', '89d1a9ed-3342-4ebc-9aed-b3e29464ada8', 'e26ba2ef-9b52-4c71-97df-9e4b6cf4174d', '2021-02-04T19:02:39.326524Z'),
('115464aa-9b8c-49d0-850c-67d001bd12fc', 'cb864d00-4ae7-446a-a975-7cf3d6ba1f02', 'e26ba2ef-9b52-4c71-97df-9e4b6cf4174d', '2021-02-04T19:02:39.326541Z'),
('2287f73e-5960-4ce1-ba93-337bf4425ff8', '4aa66a38-b454-44e0-808a-884b1f7969dd', 'e26ba2ef-9b52-4c71-97df-9e4b6cf4174d', '2021-02-04T19:02:39.326561Z'),
('8dd6eeda-6037-4328-9ef1-b3e007719437', '29c05639-1315-4958-808d-003e46c18769', 'e26ba2ef-9b52-4c71-97df-9e4b6cf4174d', '2021-02-04T19:02:39.326578Z'),
('a2810e02-8d00-42c3-aca3-fdaef4c29db0', 'e7569ec3-0387-47fa-818c-9a9bfad0578b', 'e26ba2ef-9b52-4c71-97df-9e4b6cf4174d', '2021-02-04T19:02:39.326623Z'),
('c0a559e5-5b5f-48f5-8507-6238c87b626c', '36a97ba3-fbfc-4e2a-b32e-3843b221d2b9', 'e26ba2ef-9b52-4c71-97df-9e4b6cf4174d', '2021-02-04T19:02:39.326655Z'),
('f30f76d8-9b7d-4f81-80a0-6dada0ac3194', 'dea3b440-5650-43e0-b8ed-f4dd7a0f9952', 'e26ba2ef-9b52-4c71-97df-9e4b6cf4174d', '2021-02-04T19:02:39.326673Z'),
('7a4622c6-0b39-4ed1-b620-0b7f26e29668', '684993ee-a0d0-4a45-8a36-62558a473559', 'e26ba2ef-9b52-4c71-97df-9e4b6cf4174d', '2021-02-04T19:02:39.326689Z'),
('1f129ac2-8423-474c-add3-e28d9ab4bc63', '0d68dccf-8a26-40cf-ae46-a299074d0737', 'e26ba2ef-9b52-4c71-97df-9e4b6cf4174d', '2021-02-04T19:02:39.326705Z'),
('8505cdf1-a858-4da2-b389-8034ad60964d', '0e81e807-81dc-4547-9d7d-9819bda849f9', 'e26ba2ef-9b52-4c71-97df-9e4b6cf4174d', '2021-02-04T19:02:39.326721Z'),
('1041b66b-0c1d-4ec2-b8dd-3577049a2f51', 'ffbb13b3-71e1-4872-9bef-5ddd4d78634d', 'e26ba2ef-9b52-4c71-97df-9e4b6cf4174d', '2021-02-04T19:02:39.326737Z'),
('9cec289b-cd4f-466a-999b-4189dc103f80', '13b8b34a-3b2b-45ad-833e-c189ffbc3e51', 'e26ba2ef-9b52-4c71-97df-9e4b6cf4174d', '2021-02-04T19:02:39.326753Z'),
('36640647-5c37-487e-91ee-1b0626620508', '05218a85-8dad-49ca-896a-8e1cc79c73da', 'e26ba2ef-9b52-4c71-97df-9e4b6cf4174d', '2021-02-04T19:02:39.326769Z'),
('6b0b47b6-a254-4bc0-8f36-c67e797cfc87', '4750d6ee-7b98-4645-8246-678de0373523', 'e26ba2ef-9b52-4c71-97df-9e4b6cf4174d', '2021-02-04T19:02:39.326785Z'),
('99387fc4-043c-4866-aca4-7341b3446e50', '1b37b7d5-bb92-491f-b57f-32f5a12d3cc5', 'e26ba2ef-9b52-4c71-97df-9e4b6cf4174d', '2021-02-04T19:02:39.326802Z'),
('4a6d186f-c4f9-4283-a544-2897a87b4603', 'f97af627-f44c-4f72-883c-7e2a2df10e44', 'e26ba2ef-9b52-4c71-97df-9e4b6cf4174d', '2021-02-04T19:02:39.326822Z'),
('1a8a0075-1f68-4633-846c-16aef3d30e97', 'bffef26a-787e-49c0-aa62-c62cfe473c85', 'e26ba2ef-9b52-4c71-97df-9e4b6cf4174d', '2021-02-04T19:02:39.326839Z'),
('4da279f2-646c-4527-ace4-921ffcb2935c', '59807d85-54a5-4db2-b776-f2c8788e9232', 'e26ba2ef-9b52-4c71-97df-9e4b6cf4174d', '2021-02-04T19:02:39.326855Z'),
('4d523f56-4e6a-4706-b90f-9fadc9c6fe9a', '951580aa-0a5f-43f9-9011-74fb1a56281b', 'e26ba2ef-9b52-4c71-97df-9e4b6cf4174d', '2021-02-04T19:02:39.326871Z'),
('2f90981f-15b4-4aa7-8b53-88b9db0df59e', 'cfe75d8d-30a1-45ce-ac43-adeb005a492b', 'e26ba2ef-9b52-4c71-97df-9e4b6cf4174d', '2021-02-04T19:02:39.326886Z'),
('bfd252bc-2b17-4264-bce1-2bf87f888930', 'dcbe6e98-96ec-4e02-878d-e37f48d1c8b4', 'e26ba2ef-9b52-4c71-97df-9e4b6cf4174d', '2021-02-04T19:02:39.326902Z'),
('f6d3a8cd-edf6-4481-81c1-88a35512b408', '6e7219a2-1866-40aa-98fb-d013c477d9ce', 'e26ba2ef-9b52-4c71-97df-9e4b6cf4174d', '2021-02-04T19:02:39.326921Z'),
('c9605d2f-93c9-411d-92e5-83568e9d3462', 'ace9c7b2-ddc5-4c2c-a645-78bc6ca1799e', 'e26ba2ef-9b52-4c71-97df-9e4b6cf4174d', '2021-02-04T19:02:39.326939Z'),
('fbf9c2de-e94b-4f5f-9d24-4a45188bea6b', '74c2acc0-ad4f-4b2c-bc87-8358fbce9293', 'e26ba2ef-9b52-4c71-97df-9e4b6cf4174d', '2021-02-04T19:02:39.326956Z'),
('ce828663-2f01-48cc-b5ba-a0670844f048', 'aa10f365-1ac0-4c18-9586-30620560759a', 'e26ba2ef-9b52-4c71-97df-9e4b6cf4174d', '2021-02-04T19:02:39.326973Z'),
('19fe4e08-175e-449c-94cd-af1582ae8a7e', '1307cf24-fa17-4c05-bef0-dac4390fb051', 'e26ba2ef-9b52-4c71-97df-9e4b6cf4174d', '2021-02-04T19:02:39.326989Z'),
('0942dc94-6a31-4614-9685-ea279b428181', 'a3986bff-1794-4f20-9580-e26f63bf03d1', 'e26ba2ef-9b52-4c71-97df-9e4b6cf4174d', '2021-02-04T19:02:39.327007Z'),
('36c718e5-90f1-45d0-aafb-87c7792968ce', 'd849e0c6-0014-4125-8d57-dab8653314cc', 'e26ba2ef-9b52-4c71-97df-9e4b6cf4174d', '2021-02-04T19:02:39.327026Z'),
('8c401ff7-d5c7-4af8-99b7-b613762c81c9', '8d001b01-30b4-4be2-a059-6cf919847121', 'e26ba2ef-9b52-4c71-97df-9e4b6cf4174d', '2021-02-04T19:02:39.327043Z'),
('971978c9-4d4f-426c-8070-fe0335ee1e7d', 'a772ddf2-c2f5-483c-b52b-7130a2e23a7c', 'e26ba2ef-9b52-4c71-97df-9e4b6cf4174d', '2021-02-04T19:02:39.327059Z'),
('0dfda6f9-4e34-4c6c-a84c-de0e7aec1401', '290a6af1-222f-4154-907f-f8e7ed6b6712', 'e26ba2ef-9b52-4c71-97df-9e4b6cf4174d', '2021-02-04T19:02:39.327075Z'),
('25a850f3-d4b5-46e8-b2eb-d1dd1e42329a', '0dac7069-29da-4491-ba6c-dfb5ecddc54e', 'e26ba2ef-9b52-4c71-97df-9e4b6cf4174d', '2021-02-04T19:02:39.327101Z'),
('aabbd7bb-2dca-4de2-97e4-d3de4ec48bb6', '3cef1bec-9713-4f13-89eb-012d84aee9f6', 'e26ba2ef-9b52-4c71-97df-9e4b6cf4174d', '2021-02-04T19:02:39.327116Z'),
('f7c482c8-e897-4bac-8885-cc9dc2c5bd49', 'ba98f546-0e3f-4a99-acc6-84bf5e1feb63', 'e26ba2ef-9b52-4c71-97df-9e4b6cf4174d', '2021-02-04T19:02:39.327131Z'),
('60b4d80a-0255-4cce-a788-fbdb9ab12a2c', 'a1ecda79-af10-4bea-8962-746541f085c6', 'e26ba2ef-9b52-4c71-97df-9e4b6cf4174d', '2021-02-04T19:02:39.327159Z'),
('45242f4f-78ca-424d-b4b7-401b61f3344e', '2cf143e6-cb7c-4219-8624-f0d3e6e4b122', 'e26ba2ef-9b52-4c71-97df-9e4b6cf4174d', '2021-02-04T19:02:39.327176Z'),
('d78c10d3-cfcb-4c04-a0c4-c16f018d6c67', '5772cf35-3df6-4043-b1eb-ff6d889b6627', 'e26ba2ef-9b52-4c71-97df-9e4b6cf4174d', '2021-02-04T19:02:39.327189Z'),
('90c788c4-cdd3-43bf-b4c2-4364fe411214', 'cc88e930-24e5-43af-ae09-2824580b3667', 'e26ba2ef-9b52-4c71-97df-9e4b6cf4174d', '2021-02-04T19:02:39.327203Z'),
('d6b47cee-1923-484f-85d1-890ad52e1754', 'dd0af1cc-ad57-4d24-9cd7-f64fff40531e', 'e26ba2ef-9b52-4c71-97df-9e4b6cf4174d', '2021-02-04T19:02:39.327216Z'),
('2acf6491-7b6f-4d5a-b4bb-3f1e411b7aa2', '98ffc2ca-a196-43cf-bf3c-433553ac5082', 'e26ba2ef-9b52-4c71-97df-9e4b6cf4174d', '2021-02-04T19:02:39.327232Z'),
('ae0effeb-c90d-4174-abd5-076359f854fb', 'd8367707-78d8-4e98-a82b-762ebfe33761', 'e26ba2ef-9b52-4c71-97df-9e4b6cf4174d', '2021-02-04T19:02:39.327248Z'),
('6eb2494f-db56-4be8-99f3-3884d23de857', '25328875-4206-4766-a0c1-bdec8e7d039e', 'e26ba2ef-9b52-4c71-97df-9e4b6cf4174d', '2021-02-04T19:02:39.327265Z'),
('229c5a00-1c49-49dc-9223-b46a1c96b6e9', '08a16d78-a9be-4f14-8e7a-7dde8e03d625', 'e26ba2ef-9b52-4c71-97df-9e4b6cf4174d', '2021-02-04T19:02:39.327281Z'),
('a20bfa42-2bba-4a54-b1ac-b0eb75e68e71', '1dfa54b9-baff-4767-9ed2-d685e6b2ade8', 'e26ba2ef-9b52-4c71-97df-9e4b6cf4174d', '2021-02-04T19:02:39.327297Z'),
('1e546fb8-e8bb-4305-882e-5f28f78a8e30', '19f3ac23-24f3-4e7a-adea-81ccc78bc2a7', 'e26ba2ef-9b52-4c71-97df-9e4b6cf4174d', '2021-02-04T19:02:39.327314Z'),
('d39aa67c-2b9c-4dcb-86f7-0a1d96a02b27', '8deed16a-4f78-4b4e-9a84-8ea7c0813bc3', 'e26ba2ef-9b52-4c71-97df-9e4b6cf4174d', '2021-02-04T19:02:39.327332Z'),
('17784705-7bdf-4653-8a66-7d799fa4b166', '806e0339-a84e-4e45-98ed-690abcde19d3', 'e26ba2ef-9b52-4c71-97df-9e4b6cf4174d', '2021-02-04T19:02:39.327347Z'),
('d31f2827-3313-4979-9515-4e3c098ed840', '6673114a-d1bf-4b3c-b085-51bac92fccaf', 'e26ba2ef-9b52-4c71-97df-9e4b6cf4174d', '2021-02-04T19:02:39.327363Z'),
('d8d99104-ec0e-45eb-ac7e-b4bd46eed81c', 'd1d68ab1-98ac-472f-96a8-680220aaa7bd', 'e26ba2ef-9b52-4c71-97df-9e4b6cf4174d', '2021-02-04T19:02:39.327378Z'),
('4c4568f8-348a-4472-b4a6-24d947bfcd42', '4ef4247f-6829-43c2-9bc4-cb0f3996cbb6', 'e26ba2ef-9b52-4c71-97df-9e4b6cf4174d', '2021-02-04T19:02:39.327394Z'),
('9d97decd-fd64-4350-b9c8-b81b482c5d79', '46749244-f2df-43c1-8f71-74438c87e47c', 'e26ba2ef-9b52-4c71-97df-9e4b6cf4174d', '2021-02-04T19:02:39.327410Z');

--INSERT TELEMETRY_GOES--COUNT:199
INSERT INTO public.telemetry_goes (id, nesdis_id) 
VALUES
('85e2da7f-d7ed-405f-8ab6-f39ddb612a28', '1769321E'),
('9aa4ee69-104a-4cac-a532-90561add559e', '02608762'),
('7068038e-780d-4ca6-9743-031b3954fd60', 'C50003F6'),
('360f09ad-58a5-4f2b-9343-f8911ddb02a3', 'CE664DF6'),
('7786de11-7285-4fa2-a7ff-4078b12ad6ca', '1762F4A8'),
('bfd2d49d-154e-47ec-94fa-186db167d4c0', '24406168'),
('cf128f07-e6d1-422e-b471-754552b8b1bb', 'D11ED764'),
('5beb251f-9bad-489b-a415-7b81de235780', 'CE8597C8'),
('7b754701-2030-464f-a017-802b31dc3832', 'CE66D646'),
('15a3f4e5-4309-4508-97e7-3723e303c433', 'CE24450C'),
('bf203a2f-39e1-4308-bcef-47d78df37b6d', 'CE564554'),
('93a3c836-4190-485d-be4f-dab60d622a01', 'CE04928A'),
('9ec8d64c-2483-4b75-b44b-1482507fd0a4', 'CE562E60'),
('3046d57e-838e-4d26-a21b-85a24c719e62', 'DDB04572'),
('a78cb565-b65c-4dd8-92f5-b8c7f3e79d5e', 'DD8557B4'),
('b745bf03-02ac-4d59-87a3-71ed5033e91a', 'CE56CD92'),
('f1a254a6-d3a8-4fab-b441-3855bd7c2aad', 'CE665052'),
('de2f9ceb-d210-4966-8b3e-494357ecc156', 'CE1801EA'),
('1ed55946-3e5a-4ead-a035-803d639db4b2', '244A734C'),
('ae880c35-86f9-4881-8e55-0095995898eb', 'DD532210'),
('d65959f7-5564-4f1c-a99e-c4efaf17bb74', 'CE56E5AC'),
('211d6147-ac69-417a-87fa-368cf790e201', '244A2330'),
('8fe92112-0272-45e7-afd8-522a5b72f07e', 'CE18640C'),
('e4d69074-8172-462b-9cc7-2d3c0edc8e9e', 'CE4BC7B8'),
('32c4f12e-7564-4430-87ee-492d07dac3e3', 'CE4C7602'),
('76454cef-65ee-4342-b3ad-f6137eba12e2', 'CE56A874'),
('9f1daf23-9de0-4853-a107-cb13c041a07d', 'CE56DEE4'),
('dc05f6fa-c5b4-4e39-b1ba-9d581b055301', 'CE55F1D4'),
('c251b706-803e-4ef1-b7a8-75dda6d0889d', 'CE561BFA'),
('47d1e4e7-fb14-4f17-adc7-570ad27e011f', 'CE56C340'),
('a12cac3b-396a-4fe2-987b-5880925f63c9', '2447F63E'),
('badd9806-9d67-4c97-b4d3-0426d9753692', '2446D228'),
('5bd709fa-1901-4904-a9a2-e52e8c104fae', '2445A3B6'),
('0f40cc04-bc0b-488d-b71b-72fdfb128ace', 'CE66CBE2'),
('4472fdb5-1252-4577-ad0b-19975d282158', '2440A476'),
('712c133e-4092-4db5-8c79-ed1e694d55db', 'CE66E3DC'),
('0083c37a-ae6c-4425-aeb3-6eb4f3f42029', '2448135E'),
('13e1050c-5790-4776-98da-780d78a6543a', '244B575A'),
('7c5e7efd-3724-4720-926e-62fd2696a68a', 'CE66954C'),
('21e8dcc8-d3e3-4809-ac86-e4d0730d1f26', '2446C15E'),
('3c5b42d8-552e-46e7-91a7-e5f538ef0ca5', 'CE666B1A'),
('793185d3-f846-4c58-bf1f-98008d4c1f42', 'CE66786C'),
('ea398374-4167-4517-a2d2-7aed27439db9', '244FD474'),
('55870657-c586-4a4e-b1da-46148eeafdf7', '244CA5EA'),
('ed12416f-54c1-492f-8f9a-4de97438ba77', 'CE66863A'),
('2b397608-f67c-4e2a-91f4-7d03196bd24f', '244715CC'),
('36220d67-0940-4cf5-89a8-3e54cd1cd53f', 'CE24339C'),
('fc11b84e-d2ea-4ea8-b580-7061608a5cf5', '2443C69E'),
('44963b52-abe5-4231-9f4b-7afd2f00918f', 'CE66D894'),
('058c9aaa-e3f1-4a79-becf-55b2e759dc5c', '2442120C'),
('2c520c94-967a-46d6-81a5-dbdaf4e1f955', 'CE66AE04'),
('72d312f1-ed85-4cd6-9aa1-c2e9a4a8aa69', '2445E0BC'),
('2d0f0d8b-398f-4a56-b76e-26e3440a304e', '244C23FE'),
('d0eb4a04-e933-471b-9fb2-48528e0f5d74', '17EB55B4'),
('74e43750-ea70-442c-aad9-e6651c4f78a6', '2450401A'),
('5f66402d-6cc6-44a7-a5f6-5f2e6b3f8883', '244D620E'),
('9065bae8-7aa1-4ea2-950f-16a98040fd9b', '1762A4D4'),
('056cb12f-3b0a-4977-b029-2a4587ea90b3', 'DD85622E'),
('88055189-ea93-4d56-a0a7-8b6c90e8faae', 'CE17F7FC'),
('292bfac2-19ea-4705-8e2b-45969990812e', 'CE8584BE'),
('89165018-7665-402a-a7c7-51b6cabb27e5', 'CE563D16'),
('ffcfbdb5-1901-4944-9de0-9e07fd8a86f2', 'CE56933C'),
('fd68e7e8-8554-4815-8b25-09651e8c86d2', 'CE56B5D0'),
('fae4c4ac-263c-4f90-a994-698ea8500f9f', 'CE4BD4CE'),
('f6f61938-32a4-42f9-8af7-131b4f0abf7b', 'CE55E2A2'),
('233e4d07-2fad-4911-ade6-1c15cc39b8dd', 'CE55EC70'),
('6d13a0ff-8880-47e9-a9b4-8c4f2ab165bf', 'CE56EB7E'),
('897f984e-3ef1-4e8c-bbf0-3eca58134cac', '17C0D1E6'),
('3bebd1f1-8dad-4402-a2cf-d458fb587432', 'CE152460'),
('c296c21c-8b9d-4d86-b15e-63dd4baa14bb', 'CE6B2B76'),
('2b793212-0514-4e66-8ee6-4ce2ca924c53', 'CE55FF06'),
('ee50604d-6f1f-4d13-ba45-35ec1338eb27', 'CE56F808'),
('d3ac6001-d548-46b4-8751-80e9ffba949d', 'CE56804A'),
('8b67e7a6-16ea-4ffd-9017-61e293ac6357', 'DD149076'),
('48362d7d-ced4-4a6c-b7f3-c5f1e4740936', 'CE55D9EA'),
('67c1cfc8-e099-47d1-85ad-c19e2a9a60de', 'CE56065E'),
('6bef365c-2f6d-41be-88b6-2dfdb14ff113', 'CE77E86A'),
('579464a9-56b1-48c1-8280-bdcc69b5a4ca', 'CE1D803E'),
('d7ee8776-b2cb-4790-9f5b-039e0a545303', 'CE56BB02'),
('5f3c1c1f-a09e-481b-b263-e65fb3a53d1b', 'CE569DEE'),
('2ba43fa8-fdd4-43b2-8d89-df0dbf79ff3f', 'CE1D9348'),
('27cc3514-2994-4fcd-8cd5-102dff49e04b', 'CE1DB5A4'),
('aa5aed32-9766-402d-b506-8c3c35ba8531', 'CE5663B8'),
('4af8509f-e11a-4b71-8400-75ae1ba8834c', '244FA2E4'),
('ad51ea0e-5eaf-4f77-a7a7-6d6fd9f9dfc0', 'CE6B36D2'),
('0092748f-8d07-43bd-819c-80473d748c25', '2450536C'),
('c763ef02-176c-4391-b02b-53957b441deb', 'CE561528'),
('6caa4d5c-07d0-42d0-ad9e-d744368aaca3', 'CE66ED0E'),
('ac889f4a-882e-4090-a0e8-45355c496d71', '2440048E'),
('ddd159f1-f107-4480-b0f2-6099b30c365c', 'CE564B86'),
('331d113c-d51a-4cde-a529-f8b3f26860fe', 'CE568E98'),
('4789fdb5-0a75-409a-81a4-192f634370b0', '244E00E6'),
('8a1144af-4eee-478f-b143-97b5d34350d5', '244EE314'),
('2e93f647-cdd8-4200-88cf-6cdff24f721b', 'CE66A0D6'),
('60790622-26f3-42e6-a8b4-289eaec5d1eb', '2447702A'),
('e374065e-c588-421f-a961-8605c577f0c8', 'CE56F6DA'),
('4e1b3d9b-f27f-4984-860c-606ecab6c23b', 'CE6676BE'),
('bef5625f-53e8-4ba2-af41-a95dc5f0baa0', '244A90BE'),
('7d2c985f-ede2-417d-a5f2-84ca4e258f88', 'CE665E80'),
('79237891-aea0-4a86-8f19-ff15c0e04dec', 'CE66F0AA'),
('14aaca19-7cdc-452d-9420-4787a170756e', '24419316'),
('4e1c1042-1030-43bd-ad0f-6c3a3df47a22', '244EF062'),
('d44750cc-e810-4bdc-835b-dd4cc3f3588c', 'CE5620B2'),
('180adca0-a1b2-476b-b4be-ed351bc9ad37', '2446B7CE'),
('57d37c61-f629-4bb3-85da-84a0c7a0323d', 'CE66BD72'),
('074af11f-4c81-4d8e-9aac-2d4a72216190', 'CE5633C4'),
('1b45c3ff-2b59-46ef-a2f8-cdd92b6d49e3', '2449F256'),
('456ac91d-d492-4ec2-a842-860c1eaed91e', 'CE66FE78'),
('9f369024-b8b3-4ff1-b964-c7cfbee989e3', 'CE663B66'),
('560f354b-1fa3-4d97-8ef9-3a24d65e7d37', 'CE66C530'),
('2c51bb20-d56a-46c0-ab9e-7e932eca400f', 'DDB1A47A'),
('5bcb5d56-82a2-46f7-85d3-93889f41d54a', 'DDB17212'),
('bfea9b7e-d0d2-4525-a73b-0d32f6ae1fc1', 'DD4654DE'),
('1f566b17-46f0-4077-a498-6d4d3a133f2e', 'CE30C1BC'),
('1814ebf3-4563-4e40-a6b9-b267bee1b66f', 'CE56088C'),
('2d55eeda-7b19-437f-9a01-dee518db93a7', 'CE30A45A'),
('317cb66d-2e6d-4622-b34b-823d87195a71', 'CE56A6A6'),
('6d2dd768-86f7-4680-927c-62266bd9aceb', '17E7B7DA'),
('a026c786-7eb6-4239-96d6-cdb704d7fb43', 'CE6688E8'),
('6e65b21e-9af8-484b-bf82-544141a5b95c', 'CE566D6A'),
('8774963b-b555-441b-a57b-3acb48474e60', 'DDB1E770'),
('98cf27ed-15aa-40de-b194-31028f054864', 'DD4C05F0'),
('facc25db-4ab7-4890-8db9-860a1e1c70b5', '244396E2'),
('c9580d88-1e19-471e-99ee-dcf491002207', 'CE2025D0'),
('b1dc8632-801f-4ff9-bbcd-78f8f67ecd4c', 'CE30B72C'),
('a4728563-4e20-4f26-a8da-76aa889506c3', 'CE0AD5E8'),
('2e9a8892-993b-454c-9a93-82be9c10def6', 'CE05F596'),
('02a673a4-5c9c-45c7-b94d-0d03fcc3ef7d', 'CE0954F2'),
('07e4e268-b64b-451a-b9a5-dea824b3f82b', '17EB46C2'),
('2b837ad8-49a4-4dd5-812f-c6f827a9b76f', 'DD6C728E'),
('9b96f123-1cee-405b-8fba-b0f3c54a7d2d', 'DDB070E8'),
('a814e5f0-9bfd-4e9e-a30e-e0ceb319e414', '166AF1AC'),
('1d64f02b-f0e4-4563-8f2f-9448eedfc56c', 'CE55D738'),
('39edbb41-be1f-43da-a249-7b9c579a479c', 'CE77B816'),
('75cc520b-7853-4d3b-8bfc-0e416273d1cc', 'CE437E42'),
('fdc65b4a-d0e6-454a-bdb5-5dfc5f60010b', 'CE7EBE4A'),
('8e51f569-3a7c-43c7-8b98-2ac75c133139', 'CE7EC608'),
('efad2019-2d5e-4d06-92b7-65a7a99acc59', 'CE7EC8DA'),
('c2a5cf0c-43bf-4e29-9f47-90704e5448b4', 'CE7EDBAC'),
('24e20a6f-67e1-4160-8d41-5bbff1900d82', 'CE7EE0E4'),
('5f344407-16da-4b1c-afd7-ec17b7c589b2', 'CE7EFD40'),
('9f35af0d-ff94-4e24-b62c-b027e10089dc', 'CE7EF392'),
('83de6245-ce64-4f41-9c3c-89b7b9062790', 'CE5D231A'),
('18ad19fe-31e3-4a60-8e7f-6576d1dba4fb', 'CE59652A'),
('dceeb258-23fd-4064-a344-1bc56465daf5', 'CE5D2DC8'),
('74531b26-01a6-4e16-a2e9-3b09f491628a', 'CE19401A'),
('f6005cb7-c234-4576-9b46-314d8b3e4075', 'CE6B8B8E'),
('01e9e0f5-282f-4f67-a136-670b65b7303e', '172024E8'),
('32336486-d4dc-488f-8043-dcb170633564', 'CE216420'),
('0b0f0144-1a43-4a14-a372-9b989a8f8e79', 'CE7EB098'),
('0258a87f-3678-45c3-81fb-b049648ddad5', 'CE7ED57E'),
('784d7a62-3e51-4a12-a775-29f9a4462352', 'CE1FF35A'),
('2fb9c972-6342-4bb4-9df3-14d244555f2e', 'CE7EEE36'),
('fa8982bc-4a60-4f12-b291-8f0bf812e0ae', 'CE56D036'),
('4c8f40c9-c809-473f-ada2-17d7cc8bfdcf', 'DDA2D27A'),
('76c28cf1-b591-4b32-84d3-71defc3007e6', '24461736'),
('dbcfa298-1e1c-409a-b835-5de57fd0ad17', '244F748C'),
('f2c9fa9b-ff32-4485-828c-fb9fb6bd2ce6', '2440F40A'),
('1b57ec89-0acf-488f-b372-57a4e563077b', 'CE183470'),
('093d6dc8-d198-4036-85e5-eae17879f695', 'CE6CB2F2'),
('087ea598-0780-4ed4-a51d-39744fb6b1cb', '244661A6'),
('77aa517e-845b-4283-bce8-07b5e39d88ae', '1782343C'),
('4084deb1-bae4-41b7-8cdf-e0ee0300f610', 'CE05D37A'),
('81184030-f3ff-42b5-8100-31fa3f90eae5', '244EA01E'),
('fa699754-e281-4264-9331-b0745aa8aaea', '244E260A'),
('b4aaa30a-5da8-4239-bb25-358c8921690c', '244234E0'),
('c46105db-a3aa-476c-bc24-890fe03cfa68', '1676A7D2'),
('a9770234-54fb-4e50-bed0-a9d87deea7d0', '2442C464'),
('5022c964-992b-499f-a2cd-b64643f19a0f', '2445D526'),
('cc5e68e0-4c0e-44e8-a6b9-5dea120e45a6', '244536D4'),
('c7af475f-c5fa-484d-917a-dcdcf975ade3', '244575DE'),
('e6aa32ab-07ab-4219-a983-762ea7c0e512', '244C1664'),
('e9147416-2536-4ed0-8aed-7c5483e23d10', '2446F4C4'),
('209ed7af-3305-40a1-8ab6-e0f8ca2cb965', 'DF00316E'),
('4388a504-e145-4c04-9f81-d01a8d500b02', '17A8C404'),
('234b669d-17ea-4b22-b3d1-9f3c00e79883', '17A8B294'),
('88ffcc4e-bb16-42ce-8e44-30397ac36aec', '244A3046'),
('e98344e5-cdf7-4d2f-97ca-103468975a8f', 'CE77F5CE'),
('a7e726e8-72df-48b9-b718-4b60e9a14f8f', '176E235C'),
('7b75194f-b7c1-42fb-8c8a-41228b98c05f', '1676813E'),
('9fd06ed6-870e-4ba6-a451-336219ca3ba5', 'CE17F7FC'),
('94958e69-5b3d-46ef-8769-56afbd5a4bf9', '244D7178'),
('fa956aa4-8d3e-4a02-b8e5-5d2d3e2739d4', '1676B4A4'),
('34921440-0e56-40fd-b1c8-de28c38beb49', '17871510'),
('31d78451-ed48-4024-91a1-804525fa7370', '16DE05DA'),
('3a74a1d2-d89b-469c-ac44-5b0e63673e38', 'CE56F6DA'),
('2f552bb1-79e6-4487-be31-bfae9f65ae09', 'DDB05604'),
('d5e8a530-1065-4460-b913-9e5f6d1d4df2', '172590A6'),
('647a6688-bc0b-4ebb-bf1f-7b04ec4b9960', 'DE2793EE'),
('1da07e98-e8e3-43ef-9fc2-e180b08688fb', 'DDB1B70C'),
('beaca84d-98e9-473f-b1dd-080a0940e6b7', 'DE13305C'),
('0587a4c8-922f-4105-b8fa-10964299dd93', 'CE2B350E'),
('f1ea778c-b210-4982-8840-0d9f1ba62ba6', 'CE567E1C'),
('799ace90-ff89-4ead-be4d-028761894998', 'CE5670CE'),
('cbb8f269-031a-4ac1-b754-128dd9afe30b', '1704E522'),
('f3235dc0-1003-4565-9411-e9c2d2b33bd6', 'CE77FB1C'),
('6c020ecd-2d43-461d-9239-1df5891d70c0', '17F1369E'),
('958f9cd1-7583-4cc8-9b40-65454d15130b', 'CE0D2758'),
('a6f28686-aef0-46f8-87a2-fba0e8f0c0c3', '16769248');

--INSERT INSTRUMENT_TELEMETRY--COUNT:199
INSERT INTO public.instrument_telemetry (instrument_id, telemetry_type_id, telemetry_id) 
VALUES
('fbaae120-0c45-4dd0-8226-8476bfa8ce81', '10a32652-af43-4451-bd52-4980c5690cc9', '85e2da7f-d7ed-405f-8ab6-f39ddb612a28'),
('2c735458-03ba-4832-9a0e-6afaf399266a', '10a32652-af43-4451-bd52-4980c5690cc9', '9aa4ee69-104a-4cac-a532-90561add559e'),
('ce4097da-d1e0-432b-a8e7-76f7e9bff1b1', '10a32652-af43-4451-bd52-4980c5690cc9', '7068038e-780d-4ca6-9743-031b3954fd60'),
('abe95109-b6b7-4191-a399-d15493e720f1', '10a32652-af43-4451-bd52-4980c5690cc9', '360f09ad-58a5-4f2b-9343-f8911ddb02a3'),
('40705bc0-7a0b-4605-8330-d62a79ca7531', '10a32652-af43-4451-bd52-4980c5690cc9', '7786de11-7285-4fa2-a7ff-4078b12ad6ca'),
('695834c0-de82-47a4-bc32-b764f9cd0538', '10a32652-af43-4451-bd52-4980c5690cc9', 'bfd2d49d-154e-47ec-94fa-186db167d4c0'),
('e1f07a5f-8d6d-48b9-b953-4c57ec7511e9', '10a32652-af43-4451-bd52-4980c5690cc9', 'cf128f07-e6d1-422e-b471-754552b8b1bb'),
('3d60ea91-0b79-49a7-8045-a2e00c496386', '10a32652-af43-4451-bd52-4980c5690cc9', '5beb251f-9bad-489b-a415-7b81de235780'),
('a82e204d-b775-4e37-ad5b-57d10461e1b2', '10a32652-af43-4451-bd52-4980c5690cc9', '7b754701-2030-464f-a017-802b31dc3832'),
('8bbd020d-c496-46c4-85de-ed8dc919a8ca', '10a32652-af43-4451-bd52-4980c5690cc9', '15a3f4e5-4309-4508-97e7-3723e303c433'),
('e7035c37-bab9-40a2-b0ad-b43b8dd0ddb1', '10a32652-af43-4451-bd52-4980c5690cc9', 'bf203a2f-39e1-4308-bcef-47d78df37b6d'),
('4412c873-a8a5-417d-9b94-10c42895fa6c', '10a32652-af43-4451-bd52-4980c5690cc9', '93a3c836-4190-485d-be4f-dab60d622a01'),
('08fdc172-6dfa-4b8a-8a28-ac996c5378cc', '10a32652-af43-4451-bd52-4980c5690cc9', '9ec8d64c-2483-4b75-b44b-1482507fd0a4'),
('88fdb36d-00fb-4f79-88f9-832f78e3d2b2', '10a32652-af43-4451-bd52-4980c5690cc9', '3046d57e-838e-4d26-a21b-85a24c719e62'),
('4a3cf67d-aa92-4b25-88b9-c3c376631eb0', '10a32652-af43-4451-bd52-4980c5690cc9', 'a78cb565-b65c-4dd8-92f5-b8c7f3e79d5e'),
('a9296751-9f0d-4a4b-bd1e-b845e470af26', '10a32652-af43-4451-bd52-4980c5690cc9', 'b745bf03-02ac-4d59-87a3-71ed5033e91a'),
('d9af8917-e1da-45c3-9447-32f8fdb85214', '10a32652-af43-4451-bd52-4980c5690cc9', 'f1a254a6-d3a8-4fab-b441-3855bd7c2aad'),
('b0a86a03-84f5-457c-b988-c4d7fcc730c0', '10a32652-af43-4451-bd52-4980c5690cc9', 'de2f9ceb-d210-4966-8b3e-494357ecc156'),
('904e0751-3f35-4a1b-a40b-0bee65f7afe4', '10a32652-af43-4451-bd52-4980c5690cc9', '1ed55946-3e5a-4ead-a035-803d639db4b2'),
('24824e81-2aab-4c6f-9640-652a82424db2', '10a32652-af43-4451-bd52-4980c5690cc9', 'ae880c35-86f9-4881-8e55-0095995898eb'),
('2d7aac87-07e8-4105-8d09-61217ec4acfe', '10a32652-af43-4451-bd52-4980c5690cc9', 'd65959f7-5564-4f1c-a99e-c4efaf17bb74'),
('65db2945-fe9b-4f9b-96e6-c6aabe4c91b6', '10a32652-af43-4451-bd52-4980c5690cc9', '211d6147-ac69-417a-87fa-368cf790e201'),
('ac4186ae-b6c7-41aa-ab29-db143e74f00f', '10a32652-af43-4451-bd52-4980c5690cc9', '8fe92112-0272-45e7-afd8-522a5b72f07e'),
('cf12ba0a-8aaa-499a-bbc1-db3f96d66ee4', '10a32652-af43-4451-bd52-4980c5690cc9', 'e4d69074-8172-462b-9cc7-2d3c0edc8e9e'),
('c339ff35-740a-482e-83e8-69dff2a1e50e', '10a32652-af43-4451-bd52-4980c5690cc9', '32c4f12e-7564-4430-87ee-492d07dac3e3'),
('9d8a6654-a994-4d96-9d12-752e4b980ecb', '10a32652-af43-4451-bd52-4980c5690cc9', '76454cef-65ee-4342-b3ad-f6137eba12e2'),
('c20e2c35-6a22-41ba-82eb-8963059d5d6b', '10a32652-af43-4451-bd52-4980c5690cc9', '9f1daf23-9de0-4853-a107-cb13c041a07d'),
('a18f0416-573c-450f-ad35-bd9f174fd1ca', '10a32652-af43-4451-bd52-4980c5690cc9', 'dc05f6fa-c5b4-4e39-b1ba-9d581b055301'),
('7e798c02-a4bf-4ce4-a9a8-4057da756baa', '10a32652-af43-4451-bd52-4980c5690cc9', 'c251b706-803e-4ef1-b7a8-75dda6d0889d'),
('ecd58ae6-1048-4bd0-8fb1-6bd2ea74767d', '10a32652-af43-4451-bd52-4980c5690cc9', '47d1e4e7-fb14-4f17-adc7-570ad27e011f'),
('b9f183b8-3662-4ce3-a09d-3ee22b209c6a', '10a32652-af43-4451-bd52-4980c5690cc9', 'a12cac3b-396a-4fe2-987b-5880925f63c9'),
('acb719c9-c519-43b4-9280-2a0b12ef41b9', '10a32652-af43-4451-bd52-4980c5690cc9', 'badd9806-9d67-4c97-b4d3-0426d9753692'),
('a558eba4-3279-45f8-a5d8-17a0db5168df', '10a32652-af43-4451-bd52-4980c5690cc9', '5bd709fa-1901-4904-a9a2-e52e8c104fae'),
('0971c9b6-3ad3-4702-b2df-b2eb0b862be6', '10a32652-af43-4451-bd52-4980c5690cc9', '0f40cc04-bc0b-488d-b71b-72fdfb128ace'),
('144191ac-e042-416b-910c-240d3b27bdaf', '10a32652-af43-4451-bd52-4980c5690cc9', '4472fdb5-1252-4577-ad0b-19975d282158'),
('4e790775-62f8-4d6a-ae78-a22df7b66e17', '10a32652-af43-4451-bd52-4980c5690cc9', '712c133e-4092-4db5-8c79-ed1e694d55db'),
('9e05097b-9654-46b1-ba43-68405553d9c8', '10a32652-af43-4451-bd52-4980c5690cc9', '0083c37a-ae6c-4425-aeb3-6eb4f3f42029'),
('77220894-f4e4-4629-9eb6-2b9a0d529d59', '10a32652-af43-4451-bd52-4980c5690cc9', '13e1050c-5790-4776-98da-780d78a6543a'),
('a13df2e5-f4d0-4925-a4b7-45b0a51344be', '10a32652-af43-4451-bd52-4980c5690cc9', '7c5e7efd-3724-4720-926e-62fd2696a68a'),
('128d7a35-132e-43f5-8cf7-815493280417', '10a32652-af43-4451-bd52-4980c5690cc9', '21e8dcc8-d3e3-4809-ac86-e4d0730d1f26'),
('4933a02b-7365-4c76-b478-c7af8d3a6962', '10a32652-af43-4451-bd52-4980c5690cc9', '3c5b42d8-552e-46e7-91a7-e5f538ef0ca5'),
('1d099a0e-9bb9-4e3d-8c8c-840324fe3655', '10a32652-af43-4451-bd52-4980c5690cc9', '793185d3-f846-4c58-bf1f-98008d4c1f42'),
('e71e8173-d65b-4e7a-a6a4-2a1dd91fdb3a', '10a32652-af43-4451-bd52-4980c5690cc9', 'ea398374-4167-4517-a2d2-7aed27439db9'),
('924561b1-395e-4222-b4eb-85365e77f9fc', '10a32652-af43-4451-bd52-4980c5690cc9', '55870657-c586-4a4e-b1da-46148eeafdf7'),
('cba2fce6-3760-47da-b3d8-7aeb3ee67ce0', '10a32652-af43-4451-bd52-4980c5690cc9', 'ed12416f-54c1-492f-8f9a-4de97438ba77'),
('314ac348-1135-417b-8f5c-795cfd058857', '10a32652-af43-4451-bd52-4980c5690cc9', '2b397608-f67c-4e2a-91f4-7d03196bd24f'),
('f39b5c2f-6ef2-421c-bedf-3c071d490de8', '10a32652-af43-4451-bd52-4980c5690cc9', '36220d67-0940-4cf5-89a8-3e54cd1cd53f'),
('2d1a4206-ca7b-4640-9777-d51caf194171', '10a32652-af43-4451-bd52-4980c5690cc9', 'fc11b84e-d2ea-4ea8-b580-7061608a5cf5'),
('70b84da4-61b4-45f3-8e55-cdd370fe3c19', '10a32652-af43-4451-bd52-4980c5690cc9', '44963b52-abe5-4231-9f4b-7afd2f00918f'),
('6dc5dbb1-3ee1-47b3-a039-ec8d1d8ecd03', '10a32652-af43-4451-bd52-4980c5690cc9', '058c9aaa-e3f1-4a79-becf-55b2e759dc5c'),
('0a6f8403-dba0-4d65-a694-4c984581f6d0', '10a32652-af43-4451-bd52-4980c5690cc9', '2c520c94-967a-46d6-81a5-dbdaf4e1f955'),
('130c3437-3c43-4425-91c5-6b24a859edcd', '10a32652-af43-4451-bd52-4980c5690cc9', '72d312f1-ed85-4cd6-9aa1-c2e9a4a8aa69'),
('efd9a905-6a03-4c97-9a48-654c3a259bb6', '10a32652-af43-4451-bd52-4980c5690cc9', '2d0f0d8b-398f-4a56-b76e-26e3440a304e'),
('0068a62b-04a1-4683-8aa6-0b455a78e889', '10a32652-af43-4451-bd52-4980c5690cc9', 'd0eb4a04-e933-471b-9fb2-48528e0f5d74'),
('e5f3df28-c253-45f2-8bdf-e80912d7db51', '10a32652-af43-4451-bd52-4980c5690cc9', '74e43750-ea70-442c-aad9-e6651c4f78a6'),
('c98d9f72-5c6f-4ccc-a51b-e6f28ad71f52', '10a32652-af43-4451-bd52-4980c5690cc9', '5f66402d-6cc6-44a7-a5f6-5f2e6b3f8883'),
('f1f7259e-aa28-458d-a722-a5116e6bcf97', '10a32652-af43-4451-bd52-4980c5690cc9', '9065bae8-7aa1-4ea2-950f-16a98040fd9b'),
('2bc54c6c-b626-4d77-9e1d-c4afd2688529', '10a32652-af43-4451-bd52-4980c5690cc9', '056cb12f-3b0a-4977-b029-2a4587ea90b3'),
('8fb7c9bf-f49e-4f06-8207-b37d25516eff', '10a32652-af43-4451-bd52-4980c5690cc9', '88055189-ea93-4d56-a0a7-8b6c90e8faae'),
('dc2d5dbe-0eec-4f26-be9a-1bcb4d941306', '10a32652-af43-4451-bd52-4980c5690cc9', '292bfac2-19ea-4705-8e2b-45969990812e'),
('d35922a1-b79d-4e33-a9ad-529d718e0070', '10a32652-af43-4451-bd52-4980c5690cc9', '89165018-7665-402a-a7c7-51b6cabb27e5'),
('5d469117-c7ab-4d53-a37f-2804e52524c5', '10a32652-af43-4451-bd52-4980c5690cc9', 'ffcfbdb5-1901-4944-9de0-9e07fd8a86f2'),
('d6b71b90-1259-471e-b3e9-d6c8c997113e', '10a32652-af43-4451-bd52-4980c5690cc9', 'fd68e7e8-8554-4815-8b25-09651e8c86d2'),
('b674d698-0f0c-4019-a31d-8986c7359af7', '10a32652-af43-4451-bd52-4980c5690cc9', 'fae4c4ac-263c-4f90-a994-698ea8500f9f'),
('99a4ff62-6354-4b59-ba20-e3e6f020be03', '10a32652-af43-4451-bd52-4980c5690cc9', 'f6f61938-32a4-42f9-8af7-131b4f0abf7b'),
('e792d532-6695-4987-953f-70210cdbe785', '10a32652-af43-4451-bd52-4980c5690cc9', '233e4d07-2fad-4911-ade6-1c15cc39b8dd'),
('c35515ca-d720-432e-b95c-53b52600cccb', '10a32652-af43-4451-bd52-4980c5690cc9', '6d13a0ff-8880-47e9-a9b4-8c4f2ab165bf'),
('e12668c2-168d-4d5a-a830-f2adbeae6740', '10a32652-af43-4451-bd52-4980c5690cc9', '897f984e-3ef1-4e8c-bbf0-3eca58134cac'),
('d317e9c1-df30-4c47-89e4-c6cfbfba81a9', '10a32652-af43-4451-bd52-4980c5690cc9', '3bebd1f1-8dad-4402-a2cf-d458fb587432'),
('537cb139-e03c-4196-9996-6b03e623ce43', '10a32652-af43-4451-bd52-4980c5690cc9', 'c296c21c-8b9d-4d86-b15e-63dd4baa14bb'),
('d44e3814-6472-49d4-ab89-a14d62b4eb31', '10a32652-af43-4451-bd52-4980c5690cc9', '2b793212-0514-4e66-8ee6-4ce2ca924c53'),
('f7a5d66b-6f2a-4b04-90ac-2c46ec3f9813', '10a32652-af43-4451-bd52-4980c5690cc9', 'ee50604d-6f1f-4d13-ba45-35ec1338eb27'),
('0713fbcf-426c-4a6a-9661-3af7990b2ba7', '10a32652-af43-4451-bd52-4980c5690cc9', 'd3ac6001-d548-46b4-8751-80e9ffba949d'),
('b067fb49-80ea-46e7-b7e8-8421ad267d26', '10a32652-af43-4451-bd52-4980c5690cc9', '8b67e7a6-16ea-4ffd-9017-61e293ac6357'),
('c9560d3c-8774-4914-ad03-b445a0b7da9d', '10a32652-af43-4451-bd52-4980c5690cc9', '48362d7d-ced4-4a6c-b7f3-c5f1e4740936'),
('f76b38fb-4ebd-4342-811f-d6d240f72b63', '10a32652-af43-4451-bd52-4980c5690cc9', '67c1cfc8-e099-47d1-85ad-c19e2a9a60de'),
('1df8f4a4-4fd7-4854-bd6a-9d8223674257', '10a32652-af43-4451-bd52-4980c5690cc9', '6bef365c-2f6d-41be-88b6-2dfdb14ff113'),
('4a909b0e-babf-45a8-86b3-7380de576c8e', '10a32652-af43-4451-bd52-4980c5690cc9', '579464a9-56b1-48c1-8280-bdcc69b5a4ca'),
('52a2ea78-537d-4bac-84c2-b68c3e369fb8', '10a32652-af43-4451-bd52-4980c5690cc9', 'd7ee8776-b2cb-4790-9f5b-039e0a545303'),
('8d62c70e-0c4f-4764-a89d-7460a489b264', '10a32652-af43-4451-bd52-4980c5690cc9', '5f3c1c1f-a09e-481b-b263-e65fb3a53d1b'),
('bdf8606a-cd54-47f5-b300-3dd5f45b6e99', '10a32652-af43-4451-bd52-4980c5690cc9', '2ba43fa8-fdd4-43b2-8d89-df0dbf79ff3f'),
('62952458-39ee-4f4a-ada1-8911868d6d68', '10a32652-af43-4451-bd52-4980c5690cc9', '27cc3514-2994-4fcd-8cd5-102dff49e04b'),
('a21f8d4c-41fb-47f7-9a40-7c5f93f85343', '10a32652-af43-4451-bd52-4980c5690cc9', 'aa5aed32-9766-402d-b506-8c3c35ba8531'),
('bd1adf73-944d-4bb1-acf2-ec533f796039', '10a32652-af43-4451-bd52-4980c5690cc9', '4af8509f-e11a-4b71-8400-75ae1ba8834c'),
('661e34eb-2ace-4d33-9d28-bc62b9fe0f76', '10a32652-af43-4451-bd52-4980c5690cc9', 'ad51ea0e-5eaf-4f77-a7a7-6d6fd9f9dfc0'),
('6203ad8e-1f17-4320-ba99-5dff4792748a', '10a32652-af43-4451-bd52-4980c5690cc9', '0092748f-8d07-43bd-819c-80473d748c25'),
('98b2a65e-22e2-4f55-97b6-477e9f518d96', '10a32652-af43-4451-bd52-4980c5690cc9', 'c763ef02-176c-4391-b02b-53957b441deb'),
('0b973d32-1f93-4aa2-a2c8-821552ab2ddd', '10a32652-af43-4451-bd52-4980c5690cc9', '6caa4d5c-07d0-42d0-ad9e-d744368aaca3'),
('84f90597-a764-4be8-99e2-0ef09212672d', '10a32652-af43-4451-bd52-4980c5690cc9', 'ac889f4a-882e-4090-a0e8-45355c496d71'),
('fb44ae76-02c0-4b91-8756-edac44a51925', '10a32652-af43-4451-bd52-4980c5690cc9', 'ddd159f1-f107-4480-b0f2-6099b30c365c'),
('12989fd5-fa1f-46a6-a784-2e784dc18a44', '10a32652-af43-4451-bd52-4980c5690cc9', '331d113c-d51a-4cde-a529-f8b3f26860fe'),
('328969f6-67b3-4126-92ed-768edc93cefd', '10a32652-af43-4451-bd52-4980c5690cc9', '4789fdb5-0a75-409a-81a4-192f634370b0'),
('8dcf5fed-620d-4dc4-be34-1dcf5c95eb0c', '10a32652-af43-4451-bd52-4980c5690cc9', '8a1144af-4eee-478f-b143-97b5d34350d5'),
('d1ff93f8-43b0-42ce-a160-eff33a428d47', '10a32652-af43-4451-bd52-4980c5690cc9', '2e93f647-cdd8-4200-88cf-6cdff24f721b'),
('81998deb-96b1-404f-9aa0-311f5a383938', '10a32652-af43-4451-bd52-4980c5690cc9', '60790622-26f3-42e6-a8b4-289eaec5d1eb'),
('bed0b812-d4c1-4b54-aab2-b3c58dab76b9', '10a32652-af43-4451-bd52-4980c5690cc9', 'e374065e-c588-421f-a961-8605c577f0c8'),
('579ed4e7-4306-4f5b-99e9-4e469d59fab0', '10a32652-af43-4451-bd52-4980c5690cc9', '4e1b3d9b-f27f-4984-860c-606ecab6c23b'),
('3778cd69-73cd-4df3-992b-a7fe204e4f3a', '10a32652-af43-4451-bd52-4980c5690cc9', 'bef5625f-53e8-4ba2-af41-a95dc5f0baa0'),
('9e468f66-23aa-4397-9268-6d4632d9ee53', '10a32652-af43-4451-bd52-4980c5690cc9', '7d2c985f-ede2-417d-a5f2-84ca4e258f88'),
('a39196f0-fa1e-4312-840b-41d246d92860', '10a32652-af43-4451-bd52-4980c5690cc9', '79237891-aea0-4a86-8f19-ff15c0e04dec'),
('ca0c3c9f-03ae-40f6-bb41-5f9f5dff8a15', '10a32652-af43-4451-bd52-4980c5690cc9', '14aaca19-7cdc-452d-9420-4787a170756e'),
('bae5493c-330e-40dd-b248-efb766b0a1e4', '10a32652-af43-4451-bd52-4980c5690cc9', '4e1c1042-1030-43bd-ad0f-6c3a3df47a22'),
('7a9fb19b-78bc-45c0-8026-df61c311ac0f', '10a32652-af43-4451-bd52-4980c5690cc9', 'd44750cc-e810-4bdc-835b-dd4cc3f3588c'),
('8066a682-0c43-43bb-9095-34d8592e6adc', '10a32652-af43-4451-bd52-4980c5690cc9', '180adca0-a1b2-476b-b4be-ed351bc9ad37'),
('10d31320-e970-4b16-b125-424e4c4c448e', '10a32652-af43-4451-bd52-4980c5690cc9', '57d37c61-f629-4bb3-85da-84a0c7a0323d'),
('af90c532-3648-4b6e-bb86-90979db67729', '10a32652-af43-4451-bd52-4980c5690cc9', '074af11f-4c81-4d8e-9aac-2d4a72216190'),
('4a61fd9f-216b-4db1-ae85-83e0574d7dfb', '10a32652-af43-4451-bd52-4980c5690cc9', '1b45c3ff-2b59-46ef-a2f8-cdd92b6d49e3'),
('72417936-0198-480f-88b1-bc75a2cb11d1', '10a32652-af43-4451-bd52-4980c5690cc9', '456ac91d-d492-4ec2-a842-860c1eaed91e'),
('d9980223-aefb-4dee-a9b8-1fcb6e998773', '10a32652-af43-4451-bd52-4980c5690cc9', '9f369024-b8b3-4ff1-b964-c7cfbee989e3'),
('c3f98550-023a-490e-b7a3-847e8353a061', '10a32652-af43-4451-bd52-4980c5690cc9', '560f354b-1fa3-4d97-8ef9-3a24d65e7d37'),
('b090f475-dd3b-449d-9e8a-81ce6bafda39', '10a32652-af43-4451-bd52-4980c5690cc9', '2c51bb20-d56a-46c0-ab9e-7e932eca400f'),
('0b94b773-4e84-4cad-80ea-492047044870', '10a32652-af43-4451-bd52-4980c5690cc9', '5bcb5d56-82a2-46f7-85d3-93889f41d54a'),
('3bced85a-304c-470a-9d89-3b0405bfcd63', '10a32652-af43-4451-bd52-4980c5690cc9', 'bfea9b7e-d0d2-4525-a73b-0d32f6ae1fc1'),
('2bce3be9-1aa2-44d9-b07b-988770bd519b', '10a32652-af43-4451-bd52-4980c5690cc9', '1f566b17-46f0-4077-a498-6d4d3a133f2e'),
('0ff0e1e1-7116-43b2-9e67-ec1ec5bf0824', '10a32652-af43-4451-bd52-4980c5690cc9', '1814ebf3-4563-4e40-a6b9-b267bee1b66f'),
('bb1af020-f53e-4f4c-9745-138a857d9a96', '10a32652-af43-4451-bd52-4980c5690cc9', '2d55eeda-7b19-437f-9a01-dee518db93a7'),
('13f844b5-f11a-4844-adc4-64cd0c33b8f4', '10a32652-af43-4451-bd52-4980c5690cc9', '317cb66d-2e6d-4622-b34b-823d87195a71'),
('867a2c98-0553-4491-a6de-fb052c1eb9db', '10a32652-af43-4451-bd52-4980c5690cc9', '6d2dd768-86f7-4680-927c-62266bd9aceb'),
('8970d053-bcb5-473f-8d01-269b743378b8', '10a32652-af43-4451-bd52-4980c5690cc9', 'a026c786-7eb6-4239-96d6-cdb704d7fb43'),
('683092b7-8dc9-42fa-938a-9aa2d65ebdd8', '10a32652-af43-4451-bd52-4980c5690cc9', '6e65b21e-9af8-484b-bf82-544141a5b95c'),
('ead4b9d0-09c4-45bd-af43-dd123ae95973', '10a32652-af43-4451-bd52-4980c5690cc9', '8774963b-b555-441b-a57b-3acb48474e60'),
('29e8d3e5-1eb3-40dc-84bf-86c329ebbf57', '10a32652-af43-4451-bd52-4980c5690cc9', '98cf27ed-15aa-40de-b194-31028f054864'),
('48cc73a8-16bb-4d04-8a6a-899a1980126b', '10a32652-af43-4451-bd52-4980c5690cc9', 'facc25db-4ab7-4890-8db9-860a1e1c70b5'),
('50b60c57-8bb9-4886-a7af-45c931b6b59b', '10a32652-af43-4451-bd52-4980c5690cc9', 'c9580d88-1e19-471e-99ee-dcf491002207'),
('78ed1c56-2a8a-4f65-9681-7ad3a2c2b817', '10a32652-af43-4451-bd52-4980c5690cc9', 'b1dc8632-801f-4ff9-bbcd-78f8f67ecd4c'),
('bc257152-d5b8-4cfa-b805-272e559a717e', '10a32652-af43-4451-bd52-4980c5690cc9', 'a4728563-4e20-4f26-a8da-76aa889506c3'),
('31de340d-4115-4adf-b43b-f3532935a1f4', '10a32652-af43-4451-bd52-4980c5690cc9', '2e9a8892-993b-454c-9a93-82be9c10def6'),
('93c1c2cc-c23e-4a32-b717-a2709103b6c0', '10a32652-af43-4451-bd52-4980c5690cc9', '02a673a4-5c9c-45c7-b94d-0d03fcc3ef7d'),
('089b25dd-813c-4209-9aa4-90317dfda7ae', '10a32652-af43-4451-bd52-4980c5690cc9', '07e4e268-b64b-451a-b9a5-dea824b3f82b'),
('8a456b58-67cb-4d55-8f5e-ff492ab7f27a', '10a32652-af43-4451-bd52-4980c5690cc9', '2b837ad8-49a4-4dd5-812f-c6f827a9b76f'),
('dbc17081-a9af-404c-a276-064c0f49f770', '10a32652-af43-4451-bd52-4980c5690cc9', '9b96f123-1cee-405b-8fba-b0f3c54a7d2d'),
('6487b608-0117-4395-855c-00357c83bc8c', '10a32652-af43-4451-bd52-4980c5690cc9', 'a814e5f0-9bfd-4e9e-a30e-e0ceb319e414'),
('f4419db2-b033-475c-9b7c-77f875c235d8', '10a32652-af43-4451-bd52-4980c5690cc9', '1d64f02b-f0e4-4563-8f2f-9448eedfc56c'),
('688396ac-99b4-4633-a982-377fbdff5e02', '10a32652-af43-4451-bd52-4980c5690cc9', '39edbb41-be1f-43da-a249-7b9c579a479c'),
('4e8a3037-d547-467b-870e-ee4d9232274a', '10a32652-af43-4451-bd52-4980c5690cc9', '75cc520b-7853-4d3b-8bfc-0e416273d1cc'),
('1fb3a89d-aefa-4b7d-ad05-f312cc938667', '10a32652-af43-4451-bd52-4980c5690cc9', 'fdc65b4a-d0e6-454a-bdb5-5dfc5f60010b'),
('9ccc71c2-55e5-456d-bd38-ecd928413ba7', '10a32652-af43-4451-bd52-4980c5690cc9', '8e51f569-3a7c-43c7-8b98-2ac75c133139'),
('6e888269-61fc-483f-8f8d-10e42e229bfe', '10a32652-af43-4451-bd52-4980c5690cc9', 'efad2019-2d5e-4d06-92b7-65a7a99acc59'),
('f8e40159-6484-494c-8407-787fccb28b47', '10a32652-af43-4451-bd52-4980c5690cc9', 'c2a5cf0c-43bf-4e29-9f47-90704e5448b4'),
('2df711dd-2056-4cb2-934f-f80022d410eb', '10a32652-af43-4451-bd52-4980c5690cc9', '24e20a6f-67e1-4160-8d41-5bbff1900d82'),
('253202a2-0a8b-4e5a-bddd-a13b2f80c3ff', '10a32652-af43-4451-bd52-4980c5690cc9', '5f344407-16da-4b1c-afd7-ec17b7c589b2'),
('a2d41306-ee43-4ef1-a3b2-84592b4121e7', '10a32652-af43-4451-bd52-4980c5690cc9', '9f35af0d-ff94-4e24-b62c-b027e10089dc'),
('72803fb7-9e3d-4366-86d0-d4e2b3528096', '10a32652-af43-4451-bd52-4980c5690cc9', '83de6245-ce64-4f41-9c3c-89b7b9062790'),
('904f3d4b-8e2e-4531-ac2b-de21793a9016', '10a32652-af43-4451-bd52-4980c5690cc9', '18ad19fe-31e3-4a60-8e7f-6576d1dba4fb'),
('40a6124c-77ca-48de-a5c0-0e9f152b052b', '10a32652-af43-4451-bd52-4980c5690cc9', 'dceeb258-23fd-4064-a344-1bc56465daf5'),
('fa1a6921-eefe-4c99-85c2-00fc597c38e3', '10a32652-af43-4451-bd52-4980c5690cc9', '74531b26-01a6-4e16-a2e9-3b09f491628a'),
('c1a5219e-a579-4771-92f4-1f097d3c2766', '10a32652-af43-4451-bd52-4980c5690cc9', 'f6005cb7-c234-4576-9b46-314d8b3e4075'),
('30542291-5420-4eb3-b5ed-eccc4641873b', '10a32652-af43-4451-bd52-4980c5690cc9', '01e9e0f5-282f-4f67-a136-670b65b7303e'),
('c418df64-1989-4b86-a8f3-ca50ef255c50', '10a32652-af43-4451-bd52-4980c5690cc9', '32336486-d4dc-488f-8043-dcb170633564'),
('89d1a9ed-3342-4ebc-9aed-b3e29464ada8', '10a32652-af43-4451-bd52-4980c5690cc9', '0b0f0144-1a43-4a14-a372-9b989a8f8e79'),
('cb864d00-4ae7-446a-a975-7cf3d6ba1f02', '10a32652-af43-4451-bd52-4980c5690cc9', '0258a87f-3678-45c3-81fb-b049648ddad5'),
('4aa66a38-b454-44e0-808a-884b1f7969dd', '10a32652-af43-4451-bd52-4980c5690cc9', '784d7a62-3e51-4a12-a775-29f9a4462352'),
('29c05639-1315-4958-808d-003e46c18769', '10a32652-af43-4451-bd52-4980c5690cc9', '2fb9c972-6342-4bb4-9df3-14d244555f2e'),
('e7569ec3-0387-47fa-818c-9a9bfad0578b', '10a32652-af43-4451-bd52-4980c5690cc9', 'fa8982bc-4a60-4f12-b291-8f0bf812e0ae'),
('36a97ba3-fbfc-4e2a-b32e-3843b221d2b9', '10a32652-af43-4451-bd52-4980c5690cc9', '4c8f40c9-c809-473f-ada2-17d7cc8bfdcf'),
('dea3b440-5650-43e0-b8ed-f4dd7a0f9952', '10a32652-af43-4451-bd52-4980c5690cc9', '76c28cf1-b591-4b32-84d3-71defc3007e6'),
('684993ee-a0d0-4a45-8a36-62558a473559', '10a32652-af43-4451-bd52-4980c5690cc9', 'dbcfa298-1e1c-409a-b835-5de57fd0ad17'),
('0d68dccf-8a26-40cf-ae46-a299074d0737', '10a32652-af43-4451-bd52-4980c5690cc9', 'f2c9fa9b-ff32-4485-828c-fb9fb6bd2ce6'),
('0e81e807-81dc-4547-9d7d-9819bda849f9', '10a32652-af43-4451-bd52-4980c5690cc9', '1b57ec89-0acf-488f-b372-57a4e563077b'),
('ffbb13b3-71e1-4872-9bef-5ddd4d78634d', '10a32652-af43-4451-bd52-4980c5690cc9', '093d6dc8-d198-4036-85e5-eae17879f695'),
('13b8b34a-3b2b-45ad-833e-c189ffbc3e51', '10a32652-af43-4451-bd52-4980c5690cc9', '087ea598-0780-4ed4-a51d-39744fb6b1cb'),
('05218a85-8dad-49ca-896a-8e1cc79c73da', '10a32652-af43-4451-bd52-4980c5690cc9', '77aa517e-845b-4283-bce8-07b5e39d88ae'),
('4750d6ee-7b98-4645-8246-678de0373523', '10a32652-af43-4451-bd52-4980c5690cc9', '4084deb1-bae4-41b7-8cdf-e0ee0300f610'),
('1b37b7d5-bb92-491f-b57f-32f5a12d3cc5', '10a32652-af43-4451-bd52-4980c5690cc9', '81184030-f3ff-42b5-8100-31fa3f90eae5'),
('f97af627-f44c-4f72-883c-7e2a2df10e44', '10a32652-af43-4451-bd52-4980c5690cc9', 'fa699754-e281-4264-9331-b0745aa8aaea'),
('bffef26a-787e-49c0-aa62-c62cfe473c85', '10a32652-af43-4451-bd52-4980c5690cc9', 'b4aaa30a-5da8-4239-bb25-358c8921690c'),
('59807d85-54a5-4db2-b776-f2c8788e9232', '10a32652-af43-4451-bd52-4980c5690cc9', 'c46105db-a3aa-476c-bc24-890fe03cfa68'),
('951580aa-0a5f-43f9-9011-74fb1a56281b', '10a32652-af43-4451-bd52-4980c5690cc9', 'a9770234-54fb-4e50-bed0-a9d87deea7d0'),
('cfe75d8d-30a1-45ce-ac43-adeb005a492b', '10a32652-af43-4451-bd52-4980c5690cc9', '5022c964-992b-499f-a2cd-b64643f19a0f'),
('dcbe6e98-96ec-4e02-878d-e37f48d1c8b4', '10a32652-af43-4451-bd52-4980c5690cc9', 'cc5e68e0-4c0e-44e8-a6b9-5dea120e45a6'),
('6e7219a2-1866-40aa-98fb-d013c477d9ce', '10a32652-af43-4451-bd52-4980c5690cc9', 'c7af475f-c5fa-484d-917a-dcdcf975ade3'),
('ace9c7b2-ddc5-4c2c-a645-78bc6ca1799e', '10a32652-af43-4451-bd52-4980c5690cc9', 'e6aa32ab-07ab-4219-a983-762ea7c0e512'),
('74c2acc0-ad4f-4b2c-bc87-8358fbce9293', '10a32652-af43-4451-bd52-4980c5690cc9', 'e9147416-2536-4ed0-8aed-7c5483e23d10'),
('aa10f365-1ac0-4c18-9586-30620560759a', '10a32652-af43-4451-bd52-4980c5690cc9', '209ed7af-3305-40a1-8ab6-e0f8ca2cb965'),
('1307cf24-fa17-4c05-bef0-dac4390fb051', '10a32652-af43-4451-bd52-4980c5690cc9', '4388a504-e145-4c04-9f81-d01a8d500b02'),
('a3986bff-1794-4f20-9580-e26f63bf03d1', '10a32652-af43-4451-bd52-4980c5690cc9', '234b669d-17ea-4b22-b3d1-9f3c00e79883'),
('d849e0c6-0014-4125-8d57-dab8653314cc', '10a32652-af43-4451-bd52-4980c5690cc9', '88ffcc4e-bb16-42ce-8e44-30397ac36aec'),
('8d001b01-30b4-4be2-a059-6cf919847121', '10a32652-af43-4451-bd52-4980c5690cc9', 'e98344e5-cdf7-4d2f-97ca-103468975a8f'),
('290a6af1-222f-4154-907f-f8e7ed6b6712', '10a32652-af43-4451-bd52-4980c5690cc9', 'a7e726e8-72df-48b9-b718-4b60e9a14f8f'),
('0dac7069-29da-4491-ba6c-dfb5ecddc54e', '10a32652-af43-4451-bd52-4980c5690cc9', '7b75194f-b7c1-42fb-8c8a-41228b98c05f'),
('3cef1bec-9713-4f13-89eb-012d84aee9f6', '10a32652-af43-4451-bd52-4980c5690cc9', '9fd06ed6-870e-4ba6-a451-336219ca3ba5'),
('ba98f546-0e3f-4a99-acc6-84bf5e1feb63', '10a32652-af43-4451-bd52-4980c5690cc9', '94958e69-5b3d-46ef-8769-56afbd5a4bf9'),
('a1ecda79-af10-4bea-8962-746541f085c6', '10a32652-af43-4451-bd52-4980c5690cc9', 'fa956aa4-8d3e-4a02-b8e5-5d2d3e2739d4'),
('2cf143e6-cb7c-4219-8624-f0d3e6e4b122', '10a32652-af43-4451-bd52-4980c5690cc9', '34921440-0e56-40fd-b1c8-de28c38beb49'),
('5772cf35-3df6-4043-b1eb-ff6d889b6627', '10a32652-af43-4451-bd52-4980c5690cc9', '31d78451-ed48-4024-91a1-804525fa7370'),
('cc88e930-24e5-43af-ae09-2824580b3667', '10a32652-af43-4451-bd52-4980c5690cc9', '3a74a1d2-d89b-469c-ac44-5b0e63673e38'),
('dd0af1cc-ad57-4d24-9cd7-f64fff40531e', '10a32652-af43-4451-bd52-4980c5690cc9', '2f552bb1-79e6-4487-be31-bfae9f65ae09'),
('98ffc2ca-a196-43cf-bf3c-433553ac5082', '10a32652-af43-4451-bd52-4980c5690cc9', 'd5e8a530-1065-4460-b913-9e5f6d1d4df2'),
('d8367707-78d8-4e98-a82b-762ebfe33761', '10a32652-af43-4451-bd52-4980c5690cc9', '647a6688-bc0b-4ebb-bf1f-7b04ec4b9960'),
('25328875-4206-4766-a0c1-bdec8e7d039e', '10a32652-af43-4451-bd52-4980c5690cc9', '1da07e98-e8e3-43ef-9fc2-e180b08688fb'),
('08a16d78-a9be-4f14-8e7a-7dde8e03d625', '10a32652-af43-4451-bd52-4980c5690cc9', 'beaca84d-98e9-473f-b1dd-080a0940e6b7'),
('1dfa54b9-baff-4767-9ed2-d685e6b2ade8', '10a32652-af43-4451-bd52-4980c5690cc9', '0587a4c8-922f-4105-b8fa-10964299dd93'),
('19f3ac23-24f3-4e7a-adea-81ccc78bc2a7', '10a32652-af43-4451-bd52-4980c5690cc9', 'f1ea778c-b210-4982-8840-0d9f1ba62ba6'),
('8deed16a-4f78-4b4e-9a84-8ea7c0813bc3', '10a32652-af43-4451-bd52-4980c5690cc9', '799ace90-ff89-4ead-be4d-028761894998'),
('806e0339-a84e-4e45-98ed-690abcde19d3', '10a32652-af43-4451-bd52-4980c5690cc9', 'cbb8f269-031a-4ac1-b754-128dd9afe30b'),
('6673114a-d1bf-4b3c-b085-51bac92fccaf', '10a32652-af43-4451-bd52-4980c5690cc9', 'f3235dc0-1003-4565-9411-e9c2d2b33bd6'),
('d1d68ab1-98ac-472f-96a8-680220aaa7bd', '10a32652-af43-4451-bd52-4980c5690cc9', '6c020ecd-2d43-461d-9239-1df5891d70c0'),
('4ef4247f-6829-43c2-9bc4-cb0f3996cbb6', '10a32652-af43-4451-bd52-4980c5690cc9', '958f9cd1-7583-4cc8-9b40-65454d15130b'),
('46749244-f2df-43c1-8f71-74438c87e47c', '10a32652-af43-4451-bd52-4980c5690cc9', 'a6f28686-aef0-46f8-87a2-fba0e8f0c0c3');
